ID,time,distance,start_x,start_y,end_x,end_y,state
0,232.505,139.906,202.264,305.852,247.95,184.575,0
1,198.003,115.896,508.427,632.754,613.27,613.08,0
2,151,166.364,308.744,680.888,311.948,818.281,0
3,58.6997,46.167,146.764,660.143,150.38,706.105,0
4,4.7,3.11262,603.198,811.794,605.983,812.63,0
5,249.706,210.823,485.858,439.588,615.579,540.322,0
6,48.9998,52.4877,177.228,672.555,150.244,706.166,0
7,62.0996,66.3163,562.248,782.831,611.073,755.241,0
8,7.89999,7.73474,360.535,180.118,355.766,174.09,0
9,18.3,21.3605,260.058,203.659,252.163,184.108,0
10,101.199,95.1533,365.973,200.914,349.598,174.634,0
11,136.499,151.937,527.329,177.611,648.336,190.861,0
12,39.2,44.1818,599.321,320.547,630.264,334.29,0
13,131.599,119.713,175.361,624.853,150.689,706.195,0
14,61.4996,49.1046,115.22,399.661,67.7465,404.899,0
15,380.214,198.245,503.955,200.292,355.949,173.635,0
16,39.1,28.9865,253.562,213.464,249.696,185.245,0
17,0,0,621.536,612.772,621.536,612.772,0
18,16.3,18.6179,404.915,96.4033,405.744,78.1479,0
19,230.205,194.766,168.288,534.019,149.601,706.263,0
20,112.299,87.42,557.847,352.917,630.272,333.964,0
21,113.699,138.534,531.258,188.603,647.718,191.764,0
22,180.402,155.764,320.564,305.96,250.797,184.731,0
23,422.517,238.25,423.164,613.997,613.334,612.445,0
24,125.199,107.473,558.957,376.819,630.25,334.192,0
25,158.8,186.846,482.236,698.3,611.82,753.377,0
26,389.715,200.256,257.389,632.895,150.265,706.184,0
27,264.407,227.695,496.358,505.548,615.622,539.649,0
28,6.1,5.92696,605.919,752.248,611.605,753.91,0
29,29.7001,30.6065,572.31,832.479,602.464,833.349,0
30,212.904,131.474,510.94,653.921,613.42,612.339,0
31,51.1998,61.4675,596.22,229.778,648.342,198.112,0
32,305.109,219.906,393.289,338.21,349.676,174.656,0
33,162.201,135.289,531.456,147.664,653.486,130.244,0
34,198.403,192.078,277.441,644.519,151.576,706.578,0
35,167.101,132.921,298.569,295.744,251.104,184.637,0
36,151.2,124.298,276.222,297.235,249.855,185.09,0
37,118.299,86.1006,439.351,179,356.166,173.397,0
38,356.113,202.598,476.17,399.089,630.305,334.141,0
39,267.507,206.923,204.268,562.487,150.786,706.304,0
40,126.999,106.629,546.922,123.811,653.616,129.753,0
41,64.4996,68.9644,193.333,679.733,151.707,706.694,0
42,350.912,196.674,498.021,539.339,613.345,613.228,0
43,383.714,219.058,478.994,414.088,630.266,334.089,0
44,409.716,187.317,213.373,438.762,67.809,405.214,0
45,30.2001,31.7458,151.972,674.273,150.257,706.1,0
46,116.599,87.5935,541.832,635.338,613.354,612.507,0
47,466.519,273.39,448.727,480.204,615.647,539.674,0
48,313.91,227.804,352.225,360.52,349.293,174.511,0
49,158.9,129.205,536.159,152.806,653.516,130.143,0
50,283.208,210.41,248.069,416.615,67.4255,404.266,0
51,182.302,162.224,265.274,657.145,152.452,706.971,0
52,430.617,221.383,243.776,426.354,67.3725,406.439,0
53,87.4992,83.8011,583.226,187.694,648.457,190.78,0
54,416.816,290.832,425.143,434.932,615.599,539.57,0
55,45.8999,57.6503,554.379,758.105,611.168,754.856,0
56,422.217,295.379,409.814,442.512,615.577,539.891,0
57,189.402,143.204,293.245,300.333,250.924,184.746,0
58,145.4,123.878,534.918,131.305,653.487,129.828,0
59,90.1992,65.117,589.296,661.625,613.22,612.922,0
60,326.111,192.13,254.412,354.048,249.465,185.199,0
61,143.6,183.657,534.368,303.723,648.186,197.998,0
62,288.408,218.334,394.19,329.316,349.792,174.733,0
63,124.199,148.044,316.218,694.286,312.107,818.213,0
64,6.5,7.13396,623.427,333.286,630.391,334.045,0
65,130.499,167.029,533.965,288.049,648.144,197.964,0
66,429.517,266.718,253.598,501.43,67.7804,405.22,0
67,121.599,116.858,362.946,234.946,349.69,174.702,0
68,94.4991,115.821,320.509,712.769,312.333,818.077,0
69,104.199,123.158,351.188,703.579,312.98,818.055,0
70,318.41,243.785,313.453,375.917,250.938,184.617,0
71,440.418,323.54,389.963,442.229,349.674,174.59,0
72,97.4991,119.491,583.294,278.677,648.207,197.983,0
73,373.314,228.712,469.974,370.553,630.342,334.141,0
74,266.807,209.382,278.878,372.073,251.696,184.338,0
75,540.615,329.344,419.109,506.4,615.6,539.714,0
76,113.099,98.2712,264.427,280.216,249.637,185.204,0
77,460.119,280.993,444.894,487.243,615.547,540.136,0
78,292.009,154.19,241.075,626.022,150.693,706.158,0
79,20.5,19.2217,595.573,614.719,613.425,613.275,0
80,999.903,763.197,580.665,537.511,575.355,545.668,1
81,118.699,135.827,313.409,283.318,250.996,184.588,0
82,289.608,295.454,357.058,556.778,312.199,818.151,0
83,276.908,212.403,500.875,576.73,613.198,612.565,0
84,211.504,130.529,211.434,306.944,249.444,185.013,0
85,131.599,112.537,306.952,248.128,349.986,174.783,0
86,86.3993,79.5525,357.256,195.594,349.352,174.482,0
87,113.499,90.1435,572.956,674.689,613.356,613.12,0
88,55.9997,58.7703,569.849,780.52,611.175,754.864,0
89,120.099,115.339,573.006,442.172,615.581,539.742,0
90,102.299,110.93,87.8419,472.994,67.7338,405.491,0
91,252.806,153.793,205.337,317.948,248.954,185.011,0
92,107.799,92.9263,304.247,230.096,349.873,174.81,0
93,302.009,223.665,378.924,342.867,349.351,174.464,0
94,0,0,405.617,73.7946,405.617,73.7946,0
95,64.4996,73.6356,591.442,192.463,647.897,197.576,0
96,247.606,195.371,476.31,550.698,613.309,612.53,0
97,108.399,109.519,575.623,446.331,615.631,539.68,0
98,216.404,112.538,225.091,294.28,249.174,185.092,0
99,173.301,206.885,513.567,259.651,648.328,198.074,0
100,578.106,383.356,388.698,517.112,615.497,539.935,0
101,153.3,110.968,423.227,233.179,355.833,174.346,0
102,89.1992,102.501,541.376,495.618,615.478,539.982,0
103,465.519,275.986,422.903,403.148,630.357,334.119,0
104,116.899,113.703,167.696,623.023,150.644,706.206,0
105,425.017,167.667,489.801,638.685,613.335,612.54,0
106,409.416,189.887,450.996,638.712,613.3,613.234,0
107,24.4001,19.9794,87.0148,409.776,67.7446,405.482,0
108,54.3997,48.0231,605.797,133.528,653.453,129.808,0
109,493.121,273.966,449.268,487.402,615.562,539.76,0
110,190.802,161.893,190.423,591.315,150.804,706.287,0
111,37.4,29.0997,232.799,205.022,248.688,184.876,0
112,287.708,155.003,244.592,631.142,150.893,706.275,0
113,38.9,45.6661,612.423,192.95,647.887,197.59,0
114,251.606,217.49,385.039,645.766,313.202,818.229,0
115,85.5993,74.8682,268.716,258.645,249.882,185.138,0
116,510.022,306.518,442.832,497.419,615.631,540.429,0
117,207.203,185.541,277.107,648.449,152.506,706.98,0
118,166.801,141.52,233.61,775.701,152.255,706.892,0
119,149.6,184.531,534.131,305.375,648.15,198.025,0
120,144.5,130.893,525.75,706.958,612.003,753.046,0
121,85.4993,78.8738,188.981,211.898,248.316,184.844,0
122,83.6993,100.268,330.408,721.932,312.253,818.172,0
123,0,0,619.765,613.058,619.765,613.058,0
124,139.799,121.438,159.186,600.817,149.916,706.248,0
125,189.902,163.427,126.777,515.013,67.759,405.437,0
126,107.199,112.825,574.102,444.642,615.592,540.272,0
127,308.81,140.949,162.426,440.662,67.6456,405.706,0
128,311.41,142.106,203.959,403.934,67.7768,405.252,0
129,183.602,129.247,514.607,337.044,630.312,334.112,0
130,275.308,176.954,244.062,343.776,249.452,185.197,0
131,304.509,176.831,244.764,350.141,249.809,185.102,0
132,398.215,287.771,405.087,395.816,349.298,174.472,0
133,84.3993,70.6459,145.54,642.325,150.69,706.199,0
134,55.2997,64.8699,550.927,752.932,611.169,754.857,0
135,124.699,98.6085,138.044,608.386,150.689,706.231,0
136,54.7997,64.947,593.826,199.696,647.765,197.579,0
137,49.1998,50.2488,613.206,146.39,653.465,130.212,0
138,81.7993,76.7655,230.742,258.287,248.958,185.043,0
139,399.515,271.214,443.355,437.553,615.478,540.218,0
140,0,0,248.686,175.68,248.686,175.68,0
141,94.3991,81.5679,423.08,157.795,356.083,173.618,0
142,54.0997,64.8827,550.767,753.698,611.175,754.828,0
143,223.404,176.872,173.864,561.139,150.93,706.261,0
144,66.0996,74.2678,347.593,201.123,349.415,174.533,0
145,181.202,148.315,517.411,136.785,653.536,129.987,0
146,290.709,292.33,377.964,572.706,313.428,818.209,0
147,300.209,169.211,173.634,301.568,248.028,184.579,0
148,555.112,341.552,399.08,508.217,615.452,539.948,0
149,68.4995,54.9426,119.133,398.95,67.7071,404.916,0
150,167.501,109.57,428.823,228.007,355.67,174.337,0
151,346.712,266.626,295.221,411.203,249.834,185.085,0
152,26.8001,23.7848,262.539,204.213,252.559,184.02,0
153,88.7992,81.5922,358.652,195.365,349.518,174.561,0
154,236.505,192.724,386.157,301.796,349.766,174.663,0
155,191.903,164.675,492.259,114.817,653.6,130.305,0
156,348.712,215.775,256.427,421.573,67.7271,404.916,0
157,226.905,117.523,197.96,258.543,248.45,184.83,0
158,509.422,338.788,397.501,589.543,613.313,612.534,0
159,454.919,252.823,407.248,615,613.341,613.172,0
160,385.214,281.269,358.31,419.067,349.392,174.496,0
161,211.004,107.272,233.032,288.859,248.924,185.001,0
162,376.214,178.45,549.703,563.813,613.261,612.413,0
163,386.414,223.078,259.151,422.771,67.5816,404.728,0
164,257.106,199.751,176.337,535.626,149.587,706.257,0
165,320.71,281.374,315.448,401.024,250.915,184.743,0
166,0,0,250.926,181.607,250.894,181.412,0
167,178.502,158.147,144.236,554.657,149.893,706.222,0
168,92.6992,71.0036,114.093,436.587,67.7342,405.458,0
169,256.206,171.258,199.119,340.374,67.5371,404.39,0
170,118.499,113.834,266.791,294.55,250.297,184.94,0
171,76.0994,65.05,200.995,210.913,248.296,184.822,0
172,161.201,122.702,535.423,669.973,613.277,613.177,0
173,2.1,1.33319,254.568,183.412,253.315,182.956,0
174,214.704,113.454,181.278,401.143,67.7918,405.237,0
175,999.903,761.735,574.648,544.966,573.59,545.437,1
176,45.2999,43.7995,409.143,121.685,405.978,78.205,0
177,96.7991,105.878,565.568,471.838,615.548,540.227,0
178,144.1,111.165,461.725,180.675,356.23,173.223,0
179,73.3995,83.8359,579.209,477.489,615.484,540.07,0
180,47.9998,45.0995,407.507,123.641,406.087,78.1777,0
181,415.616,165.815,194.062,445.127,67.7476,405.456,0
182,130.799,99.4729,140.579,606.497,149.957,706.211,0
183,0,0,610.112,836.521,610.112,836.521,0
184,82.5993,79.5301,331.678,233.735,349.875,174.745,0
185,93.6991,87.095,272.63,269.922,249.696,185.247,0
186,167.201,127.586,153.489,590.739,150.349,706.084,0
187,273.307,285.515,183.511,522.716,149.799,706.344,0
188,0,0,408.11,70.7896,408.11,70.7896,0
189,404.015,284.877,471.752,331.586,356.142,173.454,0
190,338.811,251.676,397.156,364.552,349.527,174.575,0
191,9.6,9.97404,599.103,805.156,606.925,810.678,0
192,534.317,325.049,428.7,535.116,613.194,612.883,0
193,295.609,181.407,206.356,328.118,248.27,184.769,0
194,231.305,133.504,503.532,625.206,613.292,613.139,0
195,137.599,112.353,560.422,377.087,630.408,334.439,0
196,304.109,215.041,479.093,530.565,613.317,612.366,0
197,391.015,213.405,228.534,567.329,150.341,706.129,0
198,21.4,19.0614,86.483,401.839,67.7732,405.245,0
199,132.599,99.8524,566.717,683.74,612.178,752.575,0
200,286.408,264.732,348.603,574.398,313.02,818.079,0
201,228.605,152.396,424.781,278.926,355.592,174.378,0
202,187.502,224.708,500.914,248.427,647.89,197.692,0
203,245.906,177.3,474.629,564.342,613.315,613.223,0
204,10.1,9.4505,252.493,194.184,249.418,185.168,0
205,484.02,301.759,422.458,473.161,615.49,540.097,0
206,77.6994,69.9636,592.385,178.903,647.773,191.688,0
207,340.312,156.449,487.673,623.998,613.303,613.209,0
208,153.5,172.077,413.165,711.987,313.831,818.353,0
209,262.707,188.029,151.17,523.322,67.6834,405.643,0
210,496.321,285.579,476.067,490.122,615.56,539.558,0
211,150.1,108.452,423.411,232.7,355.946,173.916,0
212,444.318,296.743,312.509,460.214,67.3415,403.833,0
213,23.1001,18.8367,611.215,333.862,630.443,334.373,0
214,83.3993,85.3994,578.581,148.11,653.575,130.357,0
215,318.71,176.334,166.422,302.322,248.079,184.69,0
216,281.008,250.525,348.021,589.841,312.897,817.952,0
217,36.7,37.7627,600.176,327.111,630.348,334.313,0
218,211.004,211.707,413.169,668.708,313.464,818.308,0
219,114.099,94.4099,139.184,612.907,149.869,706.234,0
220,234.905,153.314,496.894,347.67,630.277,334.066,0
221,61.7996,71.1884,592.336,194.057,647.988,197.923,0
222,438.718,267.733,443.999,468.736,615.47,539.891,0
223,76.2994,73.1553,591.361,186.828,647.741,191.874,0
224,88.8992,80.6813,427.455,147.841,356.276,173.19,0
225,133.499,113.979,349.894,251.262,349.884,174.773,0
226,333.711,159.055,504.057,188.404,355.726,174.304,0
227,271.207,156.275,444.475,264.316,355.346,174.507,0
228,408.016,264.033,442.563,365.407,355.481,174.405,0
229,121.799,140.355,510.986,713.83,611.843,753.493,0
230,16.9,16.0629,598.168,745.331,612.072,752.591,0
231,34.3,45.7219,322.899,773.725,312.735,818.017,0
232,520.82,333.633,388.063,458.511,615.558,539.685,0
233,999.903,793.193,88.9377,453.902,89.9123,459.74,1
234,293.109,222.917,202.634,538.102,149.934,706.206,0
235,28.8001,37.4741,597.953,514.782,615.662,540.672,0
236,177.602,178.997,296.895,683.163,311.556,818.418,0
237,600.8,374.394,375.036,494.425,615.522,539.958,0
238,110.699,78.0763,398.837,203.609,355.739,174.331,0
239,149.6,130.355,298.152,292.633,250.678,184.781,0
240,75.0994,86.4373,566.047,492.12,615.519,540.015,0
241,564.409,326.768,286.188,502.035,150.312,706.166,0
242,292.409,143.099,223.571,312.428,248.577,184.866,0
243,298.009,141.591,192.354,413.63,67.818,405.168,0
244,46.9999,47.8116,402.957,170.33,356.036,173.697,0
245,20.8,18.3529,604.441,553.708,616.24,541.613,0
246,215.004,135.909,533.755,563.472,613.263,612.441,0
247,317.51,171.318,224.554,605.685,150.604,706.16,0
248,53.9997,39.6172,291.273,192.127,253.339,183.002,0
249,316.01,295.281,357.423,553.763,312.671,818.015,0
250,182.702,124.738,548.701,566.644,613.281,612.533,0
251,477.92,245.137,411.953,609.827,613.218,612.745,0
252,31.3001,36.7239,616.301,199.461,647.83,197.572,0
253,182.002,130.947,352.085,272,349.416,174.55,0
254,85.1993,108.352,338.884,713.025,312.926,817.983,0
255,195.903,171.725,149.726,540.349,149.714,706.256,0
256,62.1996,80.9009,331.243,740.542,312.426,818.12,0
257,160.201,97.4198,218.563,274.728,248.217,184.701,0
258,288.308,223.745,476.128,426.76,615.688,539.532,0
259,135.799,118.491,343.953,269.287,349.648,174.555,0
260,23.6001,20.9772,85.8276,412.023,67.5679,405.66,0
261,86.5993,68.4634,575.772,706.299,612.112,752.753,0
262,249.306,193.868,205.748,570.222,150.819,706.306,0
263,82.6993,66.8911,588.777,690.291,612.329,752.059,0
264,228.405,211.575,512.957,505.764,615.662,540.276,0
265,292.209,207.296,477.43,399.617,630.265,334.073,0
266,497.121,313.916,441.496,567.745,613.338,613.124,0
267,5.7,5.55143,602.338,818.011,607.624,816.355,0
268,346.612,189.52,260.624,627.139,150.258,706.169,0
269,333.911,343.089,379.881,532.384,312.733,817.96,0
270,474.22,264.084,467.232,476.284,615.636,539.589,0
271,478.12,323.546,274.124,497.77,67.6997,405.638,0
272,59.3997,56.9346,183.266,673.638,150.264,706.123,0
273,160.301,149.84,282.816,705.74,311.112,818.617,0
274,51.3998,48.6758,604.034,294.637,635.859,282.389,0
275,157,156.511,264.512,674.676,151.625,706.598,0
276,29.8001,31.4559,599.752,335.143,630.279,334.171,0
277,79.5994,52.4402,121.361,401.661,67.7826,405.254,0
278,64.8996,87.6136,336.629,733.845,313.085,818.094,0
279,301.909,299.162,344.745,538.936,312.768,818.026,0
280,444.618,238.397,250.053,573.752,150.34,706.091,0
281,40.1,26.5059,94.7879,402.829,67.8132,405.008,0
282,424.017,231.72,411.643,643.564,613.232,613.033,0
283,333.911,151.852,481.492,646.893,613.269,613.237,0
284,121.599,156.092,544.893,286.562,647.926,197.714,0
285,250.606,167.956,197.674,349.599,67.4895,404.409,0
286,426.417,308.796,357.157,444.588,349.645,174.56,0
287,116.099,92.1669,159.348,395.326,67.7179,404.879,0
288,373.914,275.548,455.091,500.494,613.3,612.446,0
289,235.605,122.542,187.318,400.799,67.8163,405.295,0
290,11.2,10.5087,77.8098,407.22,67.8273,405.102,0
291,239.305,149.113,495.913,338.419,630.369,334.112,0
292,176.402,117.616,557.496,304.931,630.279,334.137,0
293,55.9997,32.9807,234.667,214.801,248.665,184.935,0
294,220.104,215.601,435.461,679.163,313.173,818.182,0
295,591.603,402.202,430.348,531.17,613.245,612.796,0
296,29.1001,30.0867,599.194,726.043,612.091,752.747,0
297,402.815,291.813,431.587,379.313,356.073,173.529,0
298,268.007,179.444,169.595,494.231,67.5796,405.912,0
299,41.1999,45.9192,605.563,301.706,630.359,333.945,0
300,347.012,242.138,216.087,502.223,67.4966,406.11,0
301,43.7999,33.5765,285.866,186.705,253.489,182.705,0
302,8.8,9.34935,347.666,183.841,350.612,174.982,0
303,80.8993,89.1706,537.544,748.061,611.195,754.829,0
304,545.214,321.665,403.206,580.958,613.175,612.578,0
305,456.119,331.108,323.407,481.861,67.5368,404.462,0
306,192.703,166.793,146.853,546.699,149.728,706.316,0
307,525.919,301.425,409.077,568.309,613.34,613.061,0
308,566.009,350.642,306.859,515.93,150.292,706.174,0
309,103.799,106.292,540.539,713.787,611.798,753.278,0
310,412.416,310.364,374.386,440.594,349.462,174.486,0
311,484.12,367.307,359.239,491.83,349.521,174.606,0
312,119.399,137.99,511.305,717.414,611.808,753.575,0
313,48.3998,46.1242,602.34,291.196,635.999,282.558,0
314,51.8998,52.5032,609.103,164.738,647.568,192.026,0
315,119.899,104.737,348.781,243.126,349.885,174.702,0
316,237.805,237.048,492.741,504.297,615.554,540.362,0
317,56.9997,52.3098,262.72,234.053,250.246,184.918,0
318,18.8,25.2933,623.559,184.41,647.822,191.37,0
319,161.601,164.931,518.749,208.533,647.708,191.809,0
320,440.718,240.87,433.337,607.451,613.175,612.742,0
321,58.0997,57.0451,593.422,699.443,612.393,751.944,0
322,151.8,130.547,160.052,597.299,150.666,706.232,0
323,152.8,119.436,188.154,263.028,248.332,184.79,0
324,425.717,223.622,229.909,555.173,150.334,706.084,0
325,365.713,230.095,451.41,338.661,356.331,173.073,0
326,97.7991,119.26,355.631,707.973,313.361,818.181,0
327,433.017,223.984,229.138,557.151,150.343,706.053,0
328,337.711,176.733,518.439,179.405,356.334,173.056,0
329,158.2,133.33,143.135,578.025,149.794,706.287,0
330,454.719,271.559,395.27,618.648,613.302,612.41,0
331,329.311,188.699,255.064,352.446,249.877,185.109,0
332,225.005,169.905,200.596,587.827,149.901,706.199,0
333,256.706,126.563,223.553,304.616,248.045,184.627,0
334,143.8,98.1459,164.262,403.62,67.8181,405.25,0
335,223.304,134.69,211.525,310.008,248.542,184.782,0
336,157.6,149.923,318.876,297.282,251.61,184.428,0
337,422.117,198.537,439.616,640.756,613.318,613.113,0
338,76.3994,65.0921,579.004,706.734,612.089,752.632,0
339,224.204,166.644,198.129,592.425,149.957,706.214,0
340,93.0992,74.7946,268.559,777.326,310.72,818.78,0
341,328.511,231.751,462.2,430.081,615.636,539.59,0
342,312.31,296.506,356.577,549.456,313.056,818.084,0
343,146.2,126.526,237.921,760.909,152.776,707.117,0
344,59.3997,64.0422,565.255,782.757,611.06,755.366,0
345,17,22.8019,172.468,709.162,151.315,706.501,0
346,176.902,148.655,598.427,451.07,615.519,539.883,0
347,222.104,142.463,288.162,308.575,250.237,185.04,0
348,357.013,202.807,285.385,641.273,150.296,706.081,0
349,92.7992,78.2403,268.56,259.383,249.356,185.246,0
350,244.506,218.123,370.61,633.271,313.066,818.131,0
351,532.917,288.382,448.013,571.931,613.23,612.881,0
352,84.8993,76.5528,585.444,315.689,630.357,334.05,0
353,285.708,176.602,496.055,366.659,630.354,334.085,0
354,0,0,621.247,539.627,621.247,539.627,0
355,184.502,163.075,275.404,678.055,152.43,706.912,0
356,370.813,238.388,228.187,492.015,67.5858,405.67,0
357,413.616,280.838,261.561,504.714,67.5484,406.104,0
358,190.402,144.267,231.929,777.199,152.382,706.914,0
359,145.9,133.108,532.339,151.063,653.493,130.191,0
360,69.2995,95.2722,343.139,728.771,313.166,818.2,0
361,6.1,6.01604,344.84,177.209,350.127,174.796,0
362,345.212,209.592,213.169,476.451,67.5976,405.825,0
363,77.1994,69.2362,593.887,182.03,648.45,190.854,0
364,357.313,241.559,460.672,336.286,355.397,174.541,0
365,450.918,278.861,419.903,389.425,630.345,334.037,0
366,103.999,90.9591,576.489,370.875,630.255,334.259,0
367,242.506,174.729,421.123,293.414,355.512,174.418,0
368,83.4993,71.9432,196.486,210.795,248.121,184.688,0
369,276.808,164.842,503.086,182.666,356.042,173.593,0
370,199.303,104.227,195.225,641.496,150.128,706.122,0
371,367.813,186.321,505.666,679.533,613.274,612.533,0
372,262.507,217.248,395.742,319.758,349.82,174.719,0
373,337.811,249.715,313.205,380.906,248.55,184.9,0
374,433.817,293.466,426.907,413.847,630.31,334.111,0
375,46.0999,37.3201,270.347,213.781,252.055,184.227,0
376,171.701,131.194,395.144,244.824,355.572,174.432,0
377,212.704,142.052,291.544,305.322,249.605,185.211,0
378,343.312,233.259,290.835,391.057,250.065,185.016,0
379,18.2,21.3306,257.076,205.006,249.924,185.134,0
380,106.299,132.589,345.208,694.134,312.288,818.058,0
381,889.93,413.364,333.48,505.386,150.33,706.152,0
382,116.399,132.572,347.163,695.26,312.733,817.951,0
383,174.501,179.968,522.406,229.307,647.661,191.843,0
384,238.605,148.772,472.295,602.965,613.287,612.461,0
385,271.707,249.081,374.459,606.43,312.643,817.998,0
386,45.3999,38.0919,225.574,209.263,248.508,184.826,0
387,131.599,151.371,345.878,677.122,313.085,818.066,0
388,31.9001,32.4355,283.46,191.851,253.478,182.711,0
389,308.41,306.868,341.456,537.546,312.442,818.112,0
390,0,0,609.187,816.574,609.187,816.574,0
391,496.521,333.386,426.861,541.729,613.191,612.657,0
392,175.101,128.374,454.505,151.05,356.223,173.311,0
393,254.106,192.894,210.7,572.901,150.316,706.067,0
394,121.899,90.6226,546.808,334.296,630.349,333.871,0
395,23.6001,22.8755,405.308,101.405,405.552,78.0974,0
396,213.804,145.064,472.498,157.543,356.249,173.304,0
397,383.014,234.327,458.292,338.615,356.026,173.798,0
398,179.602,188.695,406.48,689.701,313.446,818.276,0
399,344.712,252.145,452.699,416.729,615.55,539.63,0
400,239.405,156.298,279.426,326.514,250.5,184.847,0
401,83.4993,75.4499,200.592,673.589,150.648,706.154,0
402,82.4993,67.0273,587.502,133.425,653.629,130.375,0
403,38.7,38.6369,143.924,668.868,150.253,706.162,0
404,76.8994,53.8736,589.116,649.251,613.248,612.95,0
405,433.817,291.8,271.338,454.572,67.4372,404.203,0
406,330.711,240.166,455.51,435.42,615.512,539.932,0
407,8.3,8.9017,607.299,745.489,612.126,752.653,0
408,264.207,171.355,227.317,332.953,249.706,185.229,0
409,298.009,213.06,197.954,488.244,67.4476,406.21,0
410,369.313,155.025,162.542,454.074,67.5917,405.709,0
411,53.9997,52.4009,599.377,703.274,612.417,751.909,0
412,201.203,121.802,220.014,300.951,248.25,184.815,0
413,109.099,85.7287,152.201,398.423,67.7084,404.921,0
414,76.2994,66.4351,411.668,150.975,356.219,173.347,0
415,31.3001,39.2482,261.372,222.162,250.728,184.771,0
416,246.206,144.643,483.533,188.468,356.097,173.527,0
417,51.3998,40.4056,576.999,597.419,613.364,612.226,0
418,50.2998,67.3505,214.437,725.404,151.646,706.623,0
419,12.6,14.189,601.319,607.58,613.151,612.968,0
420,117.699,100.495,196.66,640.212,150.545,706.192,0
421,331.811,210.809,479.329,318.445,630.34,334.141,0
422,0,0,648.551,192.986,648.551,192.986,0
423,219.704,142.908,559.229,555.866,613.301,612.52,0
424,168.201,124.4,133.964,587.209,150.435,706.08,0
425,112.999,104.955,114.616,465.093,67.8306,405.357,0
426,301.309,163.464,444.26,149.739,355.811,174.155,0
427,215.804,149.555,467.816,212.702,356.222,173.288,0
428,342.912,219.405,498.908,518.337,613.245,612.591,0
429,333.011,228.08,479.888,469.772,615.499,539.906,0
430,121.299,90.6553,418.052,217.441,355.749,174.29,0
431,512.722,306.129,277.787,526.931,150.344,706.062,0
432,241.606,154.452,472.592,611.035,613.272,613.163,0
433,119.899,107.828,558.597,153.093,653.603,130.257,0
434,57.0997,60.2201,615.712,240.413,635.855,282.379,0
435,346.212,216.659,502.939,409.006,630.266,334.053,0
436,411.516,295.138,349.001,417.998,349.872,174.819,0
437,16.2,19.552,630.246,205.669,647.902,197.657,0
438,44.4999,25.4276,273.656,197.846,252.979,183.836,0
439,292.209,224.711,480.582,427.071,615.658,539.597,0
440,169.701,118.315,456.152,161.676,356.186,173.263,0
441,143,141.857,249.369,667.055,152.237,706.874,0
442,367.113,210.799,491.145,250.971,356.271,173.127,0
443,24.0001,32.0725,261.286,215.023,250.657,184.829,0
444,461.719,316.781,357.754,459.68,349.612,174.633,0
445,172.801,172.885,290.385,686.04,311.524,818.365,0
446,80.0993,62.4359,589.044,656.768,613.339,613.206,0
447,306.91,219.593,349.723,353.366,349.341,174.544,0
448,109.299,139.205,560.241,279.288,648.219,197.985,0
449,668.784,296.069,277.967,597.794,150.35,706.159,0
450,212.804,221.942,408.393,661.019,313.378,818.23,0
451,200.703,105.17,547.454,641.402,613.415,613.259,0
452,192.903,149.488,585.121,395.145,630.259,334.092,0
453,461.719,287.981,427.749,413.052,630.35,334.076,0
454,12.4,13.9778,616.883,331.178,630.356,334.39,0
455,999.903,305.306,420.868,392.842,527.96,376.453,1
456,136.499,99.9697,222.136,280.996,248.896,185.036,0
457,58.1997,65.7022,566.608,342.127,630.352,334.103,0
458,154.7,130.513,175.105,261.284,248.051,184.663,0
459,26.2001,36.533,613.021,186.261,647.898,191.465,0
460,287.208,171.411,445.016,277.166,356.147,173.453,0
461,178.202,133.087,550.448,555.57,613.288,612.421,0
462,159.401,130.057,250.792,307.417,249.543,185.229,0
463,132.099,112.039,543.191,120.668,653.568,129.736,0
464,223.704,141.27,291.002,306.156,250.232,184.995,0
465,126.099,149.957,313.523,696.763,312.262,818.179,0
466,312.81,256.977,458.213,421.303,615.576,540.25,0
467,381.314,270.187,466.448,234.679,356.156,173.244,0
468,181.002,122.685,469.197,174.311,356.043,173.644,0
469,372.914,147.214,177.654,440.563,67.6424,405.713,0
470,252.806,170.697,242.791,342.628,250.984,184.649,0
471,90.1992,71.9201,593.46,361.082,630.351,334.285,0
472,286.608,236.054,305.335,383.051,251.434,184.428,0
473,311.01,199.249,200.75,477.336,67.355,406.194,0
474,199.603,145.476,143.27,561.632,150.716,706.158,0
475,216.804,125.552,187.723,624.219,150.591,706.181,0
476,65.1996,42.0727,111.313,403.851,67.687,405.579,0
477,287.508,166.482,171.942,303.412,248.336,184.765,0
478,438.318,203.339,234.27,429.556,67.7081,405.545,0
479,80.5993,65.0009,589.279,130.305,653.632,130.363,0
480,358.213,251.218,455.062,422.398,615.518,540.113,0
481,63.8996,69.0947,549.476,747.838,611.891,753.253,0
482,97.5991,112.832,258.49,734.341,151.858,706.676,0
483,410.016,228.22,245.318,572.605,150.337,706.057,0
484,63.0996,58.9438,303.805,768.487,311.223,818.59,0
485,51.0998,54.4448,589.92,704.26,611.953,753.089,0
486,269.807,259.759,203.881,518.713,149.586,706.299,0
487,313.41,184.504,246.73,350.71,250.308,184.908,0
488,48.5998,57.5461,596.037,307.184,630.267,334.118,0
489,143,113.813,260.007,296.012,250.168,184.963,0
490,122.699,100.63,263.804,282.303,249.886,185.113,0
491,100.499,74.8079,601.53,684.029,612.422,751.973,0
492,275.008,175.294,526.042,534.705,613.254,612.493,0
493,217.704,148.964,578.811,395.743,630.351,334.141,0
494,134.299,117.199,308.525,252.747,349.718,174.742,0
495,173.501,192.872,453.897,714.904,611.902,753.051,0
496,10.1,10.3627,642.156,206.381,648.159,198.01,0
497,22.1,19.6116,601.748,601.968,613.257,612.78,0
498,437.317,310.388,271.624,519.698,67.4787,406.048,0
499,133.799,102.336,161.857,386.559,67.67,404.908,0
500,0,0,610.01,833.573,610.01,833.573,0
501,146.4,153.803,307.927,698.904,312.653,817.959,0
502,3.7,2.9488,611.088,615.339,613.906,614.472,0
503,239.405,213.004,613.436,386.092,615.661,539.735,0
504,226.605,135.238,199.771,386.721,67.8191,405.077,0
505,24.7001,21.4384,600.524,599.676,613.371,612.224,0
506,315.51,233.91,463.662,430.727,615.582,539.558,0
507,313.71,168.587,495.674,663.953,613.288,613.052,0
508,102.599,114.246,260.529,734.687,151.932,706.755,0
509,188.802,161.832,185.024,594.935,151.041,706.313,0
510,58.8997,77.5261,325.903,745.464,312.592,818.021,0
511,123.099,127.247,240.513,671.017,152.222,706.917,0
512,182.502,145.012,151.285,572.025,149.462,706.401,0
513,399.115,205.561,214.92,462.483,67.5358,404.427,0
514,137.199,111.415,281.296,736.974,311.473,818.39,0
515,157.8,116.549,163.904,375.227,67.7519,404.993,0
516,173.201,136.661,311.872,292.319,250.517,184.85,0
517,76.4994,73.1005,542.09,615.253,613.327,612.545,0
518,487.721,311.385,440.957,511.454,615.565,539.577,0
519,177.002,131.267,527.154,572.717,613.443,612.354,0
520,104.399,91.4311,301.239,226.944,349.398,174.532,0
521,203.403,160.503,132.589,557.68,149.571,706.296,0
522,213.304,160.082,532.073,445.737,615.628,539.65,0
523,215.304,156.39,521.916,391.272,630.313,334.066,0
524,22.7001,23.0829,611.948,324.078,630.431,333.75,0
525,159.601,128.517,311.686,266.793,349.943,174.765,0
526,445.918,244.928,258.682,572.345,150.256,706.126,0
527,0.6,0.141372,403.782,77.5739,403.824,77.439,0
528,252.206,234.564,491.417,505.248,615.515,540.212,0
529,113.299,80.6097,591.737,355.882,630.371,334.434,0
530,29.6001,36.2335,616.577,200.111,647.725,197.105,0
531,47.6998,38.2988,105.359,404.435,67.7385,404.896,0
532,469.419,259.635,233.709,481.28,67.7805,405.204,0
533,39.9,37.5396,580.859,769.462,611.167,754.888,0
534,258.607,293.423,334.11,423.588,251.236,184.506,0
535,189.102,169.975,530.073,434.599,615.662,540.232,0
536,77.4994,64.1152,140.296,644.145,150.721,706.214,0
537,171.901,124.044,133.278,586.858,149.991,706.188,0
538,42.4999,38.1255,604.885,584.565,613.605,611.73,0
539,532.817,263.995,291.617,605.778,150.263,706.077,0
540,137.999,125.638,555.524,170.161,653.614,130.342,0
541,115.199,89.8408,155.669,400.078,67.6833,404.836,0
542,204.703,133.433,466.787,156.307,356.341,173.101,0
543,355.612,243.795,350.213,382.082,349.865,174.679,0
544,163.401,161.98,550.089,211.154,647.672,191.71,0
545,320.11,231.021,386.17,342.216,349.429,174.481,0
546,166.001,144.229,141.011,568.847,149.913,706.166,0
547,109.699,86.3278,588.394,355.774,630.376,334.475,0
548,114.599,95.3216,134.853,613.031,150.363,706.11,0
549,275.908,159.992,445.344,268.942,355.803,174.258,0
550,80.3993,61.223,302.856,767.237,311.079,818.734,0
551,196.803,132.442,452.161,222.285,355.84,174.206,0
552,26.9001,23.9614,83.2701,417.208,67.8335,405.369,0
553,51.5998,45.5156,140.269,662.573,150.254,706.125,0
554,96.4991,87.4296,301.282,225.95,349.715,174.664,0
555,94.0991,78.6296,316.781,752.752,311.786,818.291,0
556,130.399,116.226,194.442,254.959,248.571,184.909,0
557,140.699,100.891,436.103,202.555,355.784,174.211,0
558,55.8997,43.9641,97.8037,425.412,67.7613,404.967,0
559,110.699,90.4292,246.981,774.764,310.668,818.782,0
560,315.01,199.943,477.719,397.245,630.29,334.065,0
561,336.011,238.346,480.463,464.056,615.574,539.553,0
562,70.5995,63.4399,594.8,175.014,647.592,192.028,0
563,269.407,184.885,148.61,524.996,67.8085,405.239,0
564,255.406,283.828,326.013,556.034,312.365,818.118,0
565,0,0,406.306,71.699,406.306,71.699,0
566,49.6998,48.9231,80.8287,441.422,67.7338,405.593,0
567,155.3,171.634,309.427,717.778,312.039,818.153,0
568,192.103,131.903,505.403,338.246,630.288,334.084,0
569,99.5991,72.654,416.495,196.475,355.692,174.324,0
570,168.201,162.127,284.553,690.893,311.089,818.562,0
571,375.014,268.339,359.874,393.344,349.791,174.706,0
572,338.911,323.63,366.688,524.03,312.753,818.003,0
573,30.7001,37.3774,607.287,310.656,630.297,334.032,0
574,177.202,138.609,244.273,313.705,250.281,184.914,0
575,130.799,100.024,246.18,791.002,310.444,818.922,0
576,153.7,185.447,534.891,305.99,648.116,197.98,0
577,283.208,198.341,204.457,562.767,150.259,706.094,0
578,100.299,91.9785,563.644,122.807,653.625,129.671,0
579,78.9994,97.598,332.882,723.386,312.338,818.078,0
580,158.3,164.486,522.557,214.838,647.696,191.752,0
581,315.21,179.945,166.802,301.212,248.199,184.682,0
582,102.399,118.347,550.674,196.064,647.563,191.877,0
583,320.81,221.926,395.108,337.588,349.671,174.645,0
584,177.802,215.42,511.795,249.691,648.128,197.951,0
585,442.618,209.792,203.381,455.359,67.8172,405.044,0
586,421.216,255.793,252.534,460.214,67.6169,404.604,0
587,211.404,211.968,333.061,361.839,251.168,184.534,0
588,254.006,210.204,402.437,302.243,355.77,174.299,0
589,73.0995,60.2598,583.429,705.542,612.265,752.142,0
590,320.91,189.307,250.667,397.838,67.683,404.797,0
591,139.099,107.748,158.281,612.369,150.33,706.056,0
592,139.499,134.431,311.762,289.771,251.17,184.473,0
593,124.099,112.769,558.371,156.487,653.652,130.306,0
594,203.603,130.802,490.096,607.947,613.328,613.161,0
595,355.812,258.813,439.924,444.482,615.525,540.204,0
596,33.8001,31.3491,83.124,423.65,67.7969,405.442,0
597,385.814,276.016,286.938,457.127,67.3746,404.07,0
598,222.704,258.082,332.71,389.749,251.176,184.49,0
599,69.9995,41.4663,224.776,214.521,248.35,184.787,0
600,99.799,90.6116,564.625,123.302,653.638,130.305,0
601,278.408,216.366,277.334,381.898,251.476,184.402,0
602,153.5,108.762,171.256,401.789,67.6875,404.897,0
603,280.708,202.175,404.09,307.462,355.351,174.494,0
604,151.1,132.65,580.605,382.07,630.387,334.357,0
605,266.207,187.099,205.824,573.069,149.967,706.18,0
606,322.31,191.774,251.42,395.777,67.2267,403.709,0
607,180.702,192.951,302.508,668.157,312,818.215,0
608,0,0,619.283,540.434,619.283,540.434,0
609,10.7,10.1585,639.384,203.015,648.019,198.023,0
610,282.608,188.816,298.447,346.277,250.794,184.664,0
611,306.71,227.699,488.425,462.731,615.636,539.671,0
612,5.9,4.98539,641.751,195.11,646.712,194.865,0
613,236.905,154.245,163.09,480.331,67.7,405.473,0
614,37.4,37.5306,616.493,132.702,653.56,129.775,0
615,158.6,139.378,310.071,297.069,251.467,184.367,0
616,282.208,215.873,392.829,329.853,349.613,174.623,0
617,160.701,100.181,169.227,403.215,67.6698,405.457,0
618,374.114,162.912,203.116,427.269,67.745,404.832,0
619,77.9994,52.3,590.617,648.431,613.317,613.114,0
620,31.9001,33.4834,569.044,832.339,602.445,833.326,0
621,22.7001,25.9031,578.372,827.674,602.38,833.315,0
622,220.604,164.352,528.558,436.778,615.629,539.655,0
623,142.7,180.451,532.565,266.685,647.907,197.642,0
624,71.2995,76.1211,204.399,703.01,152.498,706.966,0
625,315.81,194.7,484.721,301.694,630.26,334.151,0
626,154.4,126.232,527.914,123.811,653.517,130.24,0
627,101.799,120.82,576.905,273.411,647.863,197.779,0
628,96.0991,84.6096,571.114,132.99,653.646,129.632,0
629,260.207,195.379,495.639,442.608,615.612,539.561,0
630,149.4,121.827,343.053,272.389,349.637,174.647,0
631,33.0001,35.1834,145.029,672.248,150.329,706.094,0
632,492.721,299.189,421.248,563.48,613.244,612.828,0
633,418.016,323.044,267.761,519.033,67.3779,406.176,0
634,49.3998,48.3585,324.015,204.499,349.785,174.688,0
635,202.303,146.37,143.604,564.151,150.281,706.113,0
636,203.903,206.617,282.739,666.063,151.769,706.653,0
637,483.42,267.049,424.656,592.129,613.298,612.391,0
638,268.007,170.755,510.232,324.304,630.323,334.069,0
639,182.302,104.218,163.797,412.096,67.7403,404.882,0
640,235.905,261.543,333.464,391.318,251.492,184.352,0
641,485.42,279.795,444.996,478.608,615.585,539.709,0
642,26.0001,30.1033,580.106,823.349,602.465,833.349,0
643,98.9991,83.4359,148.729,399.775,67.6131,404.732,0
644,103.899,91.5988,569.92,142.119,653.629,129.722,0
645,42.4999,39.9584,563.234,832.866,602.442,833.35,0
646,20.9,19.6523,599.136,602.427,613.224,612.596,0
647,86.2993,90.1113,532.499,754.11,611.104,755.23,0
648,31.5001,33.223,621.09,136.008,653.493,130.033,0
649,172.601,134.117,393.75,236.65,355.714,174.339,0
650,45.1999,35.9667,239.891,219.094,249.101,185.11,0
651,279.108,181.278,255.643,342.403,250.216,185.006,0
652,259.907,212.33,394.074,312.673,349.732,174.705,0
653,271.307,245.879,347.205,594.492,313.421,818.193,0
654,97.2991,114.217,560.351,208.179,648.434,190.842,0
655,64.6996,41.8946,289.062,206.272,252.646,183.988,0
656,433.117,254.172,483.939,488.94,615.741,539.51,0
657,352.112,255.171,442.724,444.735,615.546,540.095,0
658,108.199,87.1489,563.57,360.393,630.364,334.523,0
659,306.309,158.463,246.166,631.691,150.564,706.178,0
660,324.111,229.2,388.529,349.824,349.534,174.649,0
661,465.619,276.556,450.053,485.06,615.674,539.613,0
662,13.9,13.6874,251.208,199.173,249.655,185.208,0
663,317.01,302.132,359.623,548.847,313.062,818.117,0
664,82.3993,98.6011,522.472,776.909,611.135,755.413,0
665,368.413,263.751,236.033,508.215,67.432,406.253,0
666,178.602,133.697,524.81,667.945,613.341,613.162,0
667,326.611,195.441,526.339,521.642,613.262,613.093,0
668,384.214,318.697,311.316,478.435,67.249,403.834,0
669,197.003,191.155,432.526,713.584,313.226,818.206,0
670,207.303,168.706,486.139,116.572,653.477,129.952,0
671,193.103,203.507,418.937,685.458,313.448,818.317,0
672,224.204,196.095,611.816,395.362,615.617,539.733,0
673,82.2993,89.3181,211.728,681.278,151.561,706.63,0
674,28.7001,23.9029,246.935,208.061,249.942,185.023,0
675,80.7993,64.8733,589.175,131.55,653.597,129.631,0
676,78.7994,72.3945,316.64,755.064,311.491,818.408,0
677,151.5,115.298,160.621,375.386,67.7182,404.796,0
678,431.717,223.465,290.165,635.724,150.268,706.132,0
679,479.92,317.595,438.107,549.287,613.219,612.798,0
680,598.601,355.462,417.722,497.635,615.519,539.975,0
681,156.3,136.895,531.206,681.717,613.264,613.177,0
682,43.8999,41.35,147.688,664.256,150.249,706.093,0
683,493.421,235.807,282.248,580.896,150.264,706.108,0
684,28.9001,29.3268,600.323,776.983,611.139,755.181,0
685,259.707,297.986,333.043,428.149,251.089,184.6,0
686,174.701,160.706,507.462,145.312,653.587,130.293,0
687,392.415,284.49,363.593,417.285,350.12,174.773,0
688,46.2999,41.0161,292.237,194.754,253.227,183.261,0
689,107.099,117.469,261.967,737.712,152.191,706.827,0
690,18.3,21.4686,317.942,797.598,312.753,818.036,0
691,261.907,166.588,517.565,544.143,613.288,612.38,0
692,284.008,177.411,156.388,506.855,67.5912,405.93,0
693,170.301,121.252,142.354,585.232,149.992,706.221,0
694,285.708,271.876,349.623,565.621,312.305,818.054,0
695,133.999,111.97,541.245,667.303,613.331,613.132,0
696,62.2996,66.3423,315.299,760.685,311.863,818.291,0
697,454.619,290.176,422.421,400.438,630.362,334.149,0
698,216.204,160.407,425.296,281.842,355.601,174.421,0
699,139.499,128.155,518.848,717.841,611.966,752.882,0
700,167.701,107.828,168.915,384.263,67.6047,404.727,0
701,110.299,93.1768,559.481,362.851,630.432,333.711,0
702,51.7998,52.7038,573.873,788.407,607.189,809.696,0
703,59.2997,44.1445,296.258,187.156,253.239,183.231,0
704,261.307,170.309,273.724,338.767,250.202,185.021,0
705,40.8999,51.1884,189.845,697.303,151.743,706.578,0
706,365.513,260.138,479.343,505.897,613.23,612.598,0
707,257.607,161.288,470.906,619.465,613.333,613.205,0
708,65.3996,68.1583,341.368,204.016,349.946,174.809,0
709,62.1996,58.8961,612.252,153.615,653.587,130.291,0
710,237.405,130.791,196.81,389.811,67.8316,405.133,0
711,65.7996,50.0427,298.327,202.085,253.242,183.416,0
712,116.999,126.185,107.804,484.178,67.8012,405.324,0
713,460.019,259.572,295.485,435.767,67.6866,405.607,0
714,277.308,121.387,195.597,263.76,249.124,185.09,0
715,15.1,14.3627,337.516,181.796,349.792,174.671,0
716,427.317,176.689,205.481,437.214,67.8343,405.288,0
717,246.106,152.793,174.049,338.983,67.8266,405.004,0
718,66.2996,61.3574,606.407,156.865,647.708,191.764,0
719,218.204,228.15,284.321,674.401,151.536,706.605,0
720,344.412,263.356,450.401,409.114,615.509,540.166,0
721,7.79999,8.03647,608.481,745.71,612.122,752.749,0
722,999.903,389.541,478.253,634.344,475.53,635.169,1
723,173.901,166.888,284.998,688.268,311.055,818.709,0
724,333.411,206.844,445.199,325.076,355.406,174.532,0
725,211.604,195.024,361.207,646.626,312.38,818.129,0
726,350.712,168.397,511.884,178.982,356.138,173.584,0
727,164.401,114.802,142.321,591.799,150.744,706.286,0
728,135.199,103.03,433.402,201.933,356.124,173.439,0
729,66.5996,65.9732,281.426,777.756,310.57,818.831,0
730,276.208,207.772,344.394,334.567,349.784,174.708,0
731,135.199,171.1,529.888,289.824,647.94,197.688,0
732,169.901,106.21,224.088,285.374,248.532,184.772,0
733,160.501,166.818,516.217,206.106,647.823,191.362,0
734,45.0999,51.5766,617.036,249.37,635.911,282.479,0
735,228.005,127.051,496.634,630.475,613.334,613.063,0
736,225.805,218.971,508.642,505.395,615.557,540.202,0
737,546.414,312.236,421.5,497.564,615.484,539.905,0
738,160.001,160.593,301.868,695.202,312.652,817.977,0
739,102.599,126.851,304.154,284.474,250.878,184.679,0
740,285.308,197.041,526.433,458.883,615.561,539.708,0
741,173.701,179.951,463.714,715.856,612.383,751.956,0
742,211.104,162.704,127.754,519.628,67.791,405.404,0
743,222.504,151.761,215.267,391.188,67.5533,404.456,0
744,234.105,158.236,517.687,390.228,630.252,334.147,0
745,170.801,160.013,507.922,147.049,653.542,130.083,0
746,252.806,182.886,519.661,434.248,615.539,539.824,0
747,60.0997,65.8367,327.661,220.091,350.16,174.805,0
748,39.7,31.753,244.866,215.306,250.247,185.035,0
749,51.4998,32.2667,250.108,217.384,249.249,185.079,0
750,340.812,240.503,483.772,514.597,613.327,612.472,0
751,1.7,0.817524,642.177,287.302,641.95,286.516,0
752,238.005,147.452,295.818,314.625,250.4,184.923,0
753,176.002,165.402,370.164,674.8,313.097,818.122,0
754,140.799,177.263,534.292,297.201,647.928,197.668,0
755,177.902,115.069,557.958,299.952,630.343,334.055,0
756,27.1001,29.5194,154.571,677.103,150.251,706.115,0
757,145.8,107.541,167.56,388.274,67.6821,404.854,0
758,73.8994,72.4824,418.498,149.211,356.115,173.427,0
759,314.81,209.088,478.697,537.107,613.255,613.054,0
760,186.002,182.999,529.686,491.603,615.451,540.191,0
761,75.1994,71.1986,594.058,363.952,630.425,334.476,0
762,16.7,17.1821,243.37,200.636,249.334,185.166,0
763,219.404,214.449,333.106,362.007,251.641,184.356,0
764,80.7993,90.886,573.017,480.349,615.517,540.063,0
765,135.399,121.541,589.809,442.59,615.562,540.162,0
766,32.8001,41.3018,596.856,510.876,615.573,540.354,0
767,200.603,109.789,212.105,253.092,248.535,184.809,0
768,85.4993,72.6761,582.332,124.648,653.535,129.76,0
769,341.212,185.457,222.844,592.463,150.342,706.143,0
770,42.8999,58.0614,206.001,719.959,151.448,706.53,0
771,82.2993,80.1669,585.096,185.231,647.997,191.098,0
772,112.599,86.8125,153.006,399.814,67.7411,404.924,0
773,341.612,260.631,438.872,446.386,615.635,540.326,0
774,394.315,284.054,269.241,512.798,67.2698,406.439,0
775,166.801,200.387,522.405,310.418,648.27,198.083,0
776,261.107,130.268,162.109,434.287,67.666,405.445,0
777,566.809,371.732,378.31,481.34,615.471,540.085,0
778,78.7994,85.7114,209.99,676.503,150.427,706.109,0
779,214.804,166.366,154,496.031,67.5751,405.91,0
780,462.319,310.502,276.651,488.083,67.4652,404.36,0
781,72.1995,61.7983,599.9,175.797,647.79,191.575,0
782,203.203,173.891,481.373,111.054,653.624,129.582,0
783,538.616,373.047,405.107,527.065,613.24,612.768,0
784,385.514,172.575,199.53,436.075,67.8401,405.271,0
785,177.002,169.264,372.03,673.469,313.099,818.054,0
786,170.401,129.105,280.917,294.179,250,185.047,0
787,173.701,164.745,251.563,655.073,151.426,706.526,0
788,130.399,122.016,364.03,237.57,350.052,174.83,0
789,10,9.48388,610.258,547.901,616.481,542.107,0
790,59.7997,80.4417,333.299,741.246,312.787,818.042,0
791,60.3997,59.5703,601.651,176.194,648.371,190.77,0
792,214.604,149.016,519.732,382.98,630.371,334.109,0
793,171.501,136.273,355.301,271.565,349.655,174.633,0
794,299.509,208.377,205.283,475.166,67.3681,406.183,0
795,196.003,154.75,335.4,290.119,349.524,174.624,0
796,318.91,234.549,389.582,333.832,349.74,174.673,0
797,269.707,250.704,349.511,590.28,313.149,818.229,0
798,240.805,123.42,166.002,430.594,67.8303,405.245,0
799,306.209,197.557,471.968,542.603,613.34,613.154,0
800,194.603,149.735,581.093,396.13,630.317,334.095,0
801,45.3999,44.5418,558.261,835.314,602.44,833.441,0
802,214.204,213.226,432.381,679.187,313.309,818.209,0
803,313.91,183.302,247.277,396.7,67.6973,404.779,0
804,460.919,252.127,241.214,460.824,67.8025,405.423,0
805,174.001,131.44,480.463,178.877,356.179,173.424,0
806,280.408,217.209,197.689,533.111,149.817,706.317,0
807,344.112,243.53,310.603,384.013,248.899,184.998,0
808,123.199,104.046,560.509,371.014,630.403,333.791,0
809,144.3,127.158,536.528,153.256,653.543,129.776,0
810,272.907,167.105,198.705,355.625,67.5204,404.464,0
811,153.6,162.954,519.162,207.012,647.792,191.605,0
812,186.502,157.657,500.436,119.722,653.452,129.973,0
813,346.712,235.409,265.018,431.772,67.5487,404.416,0
814,39.2,48.4927,196.992,718.083,151.708,706.682,0
815,409.516,237.916,462.615,391.969,630.315,334.089,0
816,293.909,184.206,224.619,348.45,250.254,184.919,0
817,189.702,174.342,359.122,661.742,313.232,818.209,0
818,148.1,158.841,525.848,173.412,648.064,191.04,0
819,262.007,224.647,368.629,620.762,312.665,817.965,0
820,370.313,248.939,452.492,442.508,615.588,539.697,0
821,143,100.417,200.007,639.808,150.694,706.209,0
822,88.3992,82.3845,555.312,720.296,611.788,753.532,0
823,367.613,179.628,248.346,619.254,150.346,706.098,0
824,33.9001,40.5269,314.209,190.228,350.329,174.903,0
825,273.307,201.321,297.232,352.533,251.547,184.435,0
826,477.12,312.197,406.307,568.332,613.3,612.489,0
827,124.399,104.902,252.941,763.343,310.66,818.782,0
828,369.413,271.465,434.046,457.164,615.638,540.343,0
829,67.4995,80.2879,221.38,731.261,152.294,706.89,0
830,46.1999,43.269,559.676,833.941,602.427,833.25,0
831,118.199,113.25,192.477,256.034,248.423,184.77,0
832,340.112,232.612,503.528,478.488,615.611,540.354,0
833,32.7001,24.3194,263.988,204.562,252.029,184.216,0
834,371.113,264.839,439.564,441.492,615.478,540.01,0
835,44.1999,53.0199,580.249,334.239,630.444,333.975,0
836,122.399,160.286,553.26,257.178,648.217,198.048,0
837,69.0995,53.9591,141.24,652.468,150.689,706.213,0
838,443.418,337.907,318.865,478.24,67.4061,406.206,0
839,327.011,156.902,214.509,412.533,67.7927,405.276,0
840,75.1994,91.6755,526.891,780.91,611.278,755.739,0
841,430.717,263.718,424.142,392.59,630.329,334.065,0
842,152.2,96.7434,608.7,680.736,612.472,751.839,0
843,551.112,256.059,310.756,624.444,150.26,706.129,0
844,15.1,15.3363,599.362,606.948,613.209,612.893,0
845,23.9001,17.9299,85.693,405.86,67.7111,404.942,0
846,173.301,153.111,504.669,116.672,653.598,129.7,0
847,5.3,4.95265,642.645,191.125,647.155,193.169,0
848,205.903,181.215,481.142,124.09,653.55,130.025,0
849,292.909,236.121,464.87,435.312,615.636,540.315,0
850,75.4994,83.4551,230.031,725.721,152.386,706.875,0
851,328.611,327.322,367.348,523.908,312.409,818.075,0
852,230.105,165.513,166.841,480.663,67.6441,405.713,0
853,22.8001,23.488,603.039,731.303,612.42,751.99,0
854,50.9998,72.6718,329.471,747.885,312.845,818.018,0
855,84.3993,77.1129,137.406,632.17,150.093,706.053,0
856,152.9,159.04,344.797,668.333,313.069,818.249,0
857,178.202,103.841,228.262,284.393,249.296,185.148,0
858,23.7001,15.704,263.601,195.553,253.036,183.74,0
859,266.507,126.63,208.97,617.523,150.65,706.219,0
860,277.808,178.685,507.534,325.137,630.35,334.087,0
861,160.701,132.595,271.946,736.61,310.361,818.866,0
862,478.52,266.169,472.122,475.273,615.671,539.657,0
863,417.516,223.281,303.035,627.231,150.265,706.087,0
864,65.5996,40.2394,110.122,404.924,67.597,404.727,0
865,329.311,195.462,241.155,365.601,67.5822,404.511,0
866,136.899,152.427,493.891,715.747,611.826,753.3,0
867,386.514,272.646,364.76,411.848,349.811,174.697,0
868,158.3,138.333,518.167,119.391,653.512,129.766,0
869,69.5995,63.9946,231.681,245.518,249.085,185.088,0
870,323.511,226.821,368.253,370.841,349.707,174.747,0
871,283.408,297.896,348.856,544.602,312.179,818.186,0
872,10.9,10.565,591.879,832.869,602.537,833.543,0
873,226.105,150.537,202.128,368.665,67.5962,404.509,0
874,30.6001,36.5094,617.906,217.231,647.792,197.641,0
875,291.209,180.492,276.147,351.811,250.466,184.805,0
876,307.91,222.981,484.937,469.892,615.481,539.84,0
877,310.41,199.925,497.723,548.444,613.316,612.39,0
878,259.907,162.197,471.502,606.588,613.315,613.18,0
879,168.601,169.285,513.427,682.769,612.264,752.107,0
880,305.209,232.199,498.554,478.502,615.558,540.207,0
881,317.81,211.335,479.232,532.893,613.274,612.493,0
882,161.501,76.9635,186.093,659.54,150.565,706.224,0
883,278.708,156.289,502.779,180.866,356.108,173.43,0
884,125.099,164.683,537.093,288.253,647.918,197.637,0
885,6.2,5.10625,72.8551,404.804,67.7917,405.179,0
886,93.3991,82.0545,579.563,141.79,653.593,130.34,0
887,49.4998,62.5562,612.643,236.489,648.417,198.078,0
888,106.999,128.333,522.402,735.843,611.184,755.173,0
889,85.7993,113.166,352.944,714.644,313.396,818.228,0
890,302.409,175.813,517.761,180.977,356.151,173.421,0
891,347.812,259.978,399.703,363.582,349.64,174.61,0
892,174.801,174.273,297.772,701.302,311.458,818.389,0
893,223.804,241.588,327.876,593.118,312.266,818.1,0
894,147.3,126.124,309.61,259.05,349.73,174.689,0
895,36.8,47.7446,595.419,504.653,615.619,540.365,0
896,375.914,178.531,464.992,650.99,613.288,613.207,0
897,0,0,652.253,197.689,652.253,197.689,0
898,124.099,121.522,523.92,716.022,612.022,752.828,0
899,229.205,120.144,198.221,265.785,248.284,184.822,0
900,112.299,110.939,288.672,282.972,250.305,184.699,0
901,86.3993,70.3555,596.911,686.897,612.353,751.96,0
902,92.1992,99.7849,541.234,722.745,611.817,753.53,0
903,150.9,128.522,597.449,440.653,615.577,539.564,0
904,42.3999,55.7208,586.157,505.6,615.508,540.236,0
905,126.899,118.466,249.745,710.126,152.348,706.855,0
906,46.0999,64.1803,330.639,756.604,312.776,817.98,0
907,149.8,104.678,564.716,319.619,630.341,334.146,0
908,433.617,303.435,358.343,437.37,349.767,174.657,0
909,85.5993,65.2017,309.794,761.276,311.722,818.402,0
910,30.3001,34.8833,317.268,186.452,349.672,174.596,0
911,999.903,363.242,427.986,140.674,424.146,122.279,1
912,526.518,296.108,477.031,490.84,615.523,539.849,0
913,308.11,169.336,230.359,394.929,67.6912,404.934,0
914,35.3,34.1989,596.598,335.852,630.399,334.364,0
915,307.71,258.377,282.468,431.583,67.4421,404.14,0
916,66.0996,55.296,575.07,636.149,613.288,612.52,0
917,59.7997,41.3103,108.799,404.702,67.707,405.508,0
918,265.307,123.392,163.599,429.71,67.8361,405.048,0
919,100.899,86.8555,319.214,744.506,311.817,818.281,0
920,353.512,260.335,471.373,514.401,613.257,612.603,0
921,10.7,9.36411,359.199,182.638,355.637,174.396,0
922,115.799,87.225,439.285,179.196,356.167,173.236,0
923,33.4001,33.9154,593.174,724.863,612.492,751.669,0
924,171.501,141.8,605.581,434.281,615.593,539.558,0
925,232.905,176.803,177.427,561.486,150.729,706.333,0
926,481.02,265.264,234.272,518.486,150.346,706.124,0
927,140.399,119.144,195.77,255.956,248.077,184.749,0
928,151.5,130.352,355.048,266.395,349.794,174.646,0
929,117.499,108.383,367.582,211.781,349.673,174.635,0
930,152.3,136.068,314.911,283.659,250.986,184.602,0
931,243.006,153.544,497.308,347.764,630.348,334.134,0
932,123.199,116.059,342.917,268.295,349.661,174.693,0
933,137.299,100.975,546.149,588.803,613.335,612.544,0
934,225.205,148.964,472.224,606.21,613.308,613.227,0
935,298.909,153.284,221.435,648.926,150.431,706.13,0
936,140.399,99.9427,221.377,278.818,249.202,185.096,0
937,100.099,84.9656,180.844,210.167,248.351,184.823,0
938,166.101,134.364,246.493,309.852,250.157,185.005,0
939,321.31,188.564,222.128,599.014,150.438,706.101,0
940,35.2,41.3835,600.438,577.61,616.755,543.136,0
941,9.2,8.62682,594.276,834.339,602.388,833.276,0
942,146,155.066,306.991,699.718,311.883,818.291,0
943,126.599,91.4291,433.833,192.934,356.007,173.947,0
944,118.199,150.748,554.837,266.295,647.894,197.707,0
945,123.799,108.77,547.719,125.881,653.637,129.619,0
946,287.408,179.399,508.869,324.738,630.26,334.073,0
947,70.4995,54.9145,260.567,237.512,249.485,185.247,0
948,199.503,184.792,312.288,325.484,250.724,184.79,0
949,175.301,132.526,281.938,304.588,249.968,184.986,0
950,62.6996,56.8557,597.364,698.114,612.367,752.005,0
951,395.015,317.637,326.129,451.105,67.2444,403.689,0
952,13,15.8606,633.329,185.569,648.231,190.924,0
953,451.418,204.499,235.246,429.459,67.796,405.145,0
954,173.501,143.535,535.591,390.077,630.294,334.129,0
955,148,164.577,403.845,709.852,313.61,818.337,0
956,188.302,227.037,496.008,259.194,648.177,197.999,0
957,184.602,112.955,511.182,639.096,613.307,612.412,0
958,278.708,181.72,226.224,360.019,67.4896,404.385,0
959,205.103,132.178,413.986,249.464,355.444,174.425,0
960,26.3001,19.5581,87.4283,405.965,67.7682,405.028,0
961,413.216,206.064,452.727,679.359,613.337,612.549,0
962,5.5,5.42608,151.593,700.97,150.095,706.164,0
963,36.6,33.3819,99.4088,399.068,67.6914,404.782,0
964,547.913,361.887,397.005,514.012,615.612,539.711,0
965,544.114,288.162,405.218,602.833,613.282,613.07,0
966,62.7996,65.4227,327.007,220.741,349.298,174.545,0
967,129.199,91.5426,557.001,328.575,630.429,333.728,0
968,8.8,9.25416,312.782,808.838,312.76,818.076,0
969,208.404,156.729,471.991,587.087,613.299,612.363,0
970,326.511,232.174,351.243,358.5,349.627,174.561,0
971,79.7994,79.2756,355.016,200.405,349.434,174.494,0
972,332.111,322.807,377.895,538.408,312.345,818.097,0
973,375.614,212.091,473.544,383.351,630.311,334.074,0
974,17.2,16.1592,369.624,182.132,355.874,174.127,0
975,19.4,13.2096,264.347,191.563,253.024,183.787,0
976,119.299,82.2459,305.482,748.002,311.698,818.388,0
977,328.311,136.218,165.334,439.349,67.712,404.902,0
978,187.702,158.898,583.576,411.945,615.47,539.832,0
979,189.602,104.044,230.087,284.468,249.173,185.11,0
980,69.7995,63.5914,598.38,179.607,647.979,190.998,0
981,52.7998,57.7713,266.701,239.063,250.195,184.977,0
982,184.502,106.862,166.424,413.05,67.7491,405.534,0
983,130.499,87.419,156.346,402.893,67.6967,404.856,0
984,315.61,177.588,204.276,350.148,67.469,404.409,0
985,472.42,263.941,400.144,614.498,613.18,613.046,0
986,159.501,144.956,511.48,116.524,653.546,129.815,0
987,184.002,156.732,371.771,280.311,349.693,174.625,0
988,235.505,178.911,337.358,316.895,349.521,174.606,0
989,337.911,163.415,502.758,187.977,355.776,174.118,0
990,169.701,72.808,174.065,661.711,150.746,706.304,0
991,263.707,191.614,521.649,455.993,615.633,539.66,0
992,54.7997,56.1326,89.9347,439.064,67.5651,405.849,0
993,391.115,258.888,238.138,498.929,67.3825,406.368,0
994,165.201,99.8304,163.027,409.729,67.7497,405.648,0
995,340.012,226.636,423.859,324.573,355.448,174.487,0
996,255.206,191.271,136.745,529.499,150.812,706.294,0
997,0,0,310.679,823.597,310.679,823.597,0
998,395.915,269.049,423.256,353.927,355.358,174.504,0
999,306.409,267.966,296.784,423.579,67.3741,404.133,0
1000,166.501,158.926,505.423,693.288,611.952,752.847,0
1001,37.8,33.0032,582.816,603.229,613.181,612.89,0
1002,377.714,311.684,310.113,470.46,67.234,403.741,0
1003,237.505,269.303,328.333,567.135,312.349,818.108,0
1004,121.099,93.4662,248.816,772.689,310.752,818.724,0
1005,284.808,130.224,196.02,403.267,67.8039,405.4,0
1006,246.606,228.492,498.537,501.666,615.622,540.249,0
1007,402.515,278.753,416.784,372.834,355.452,174.445,0
1008,38.4,27.3591,94.4549,403.131,67.7063,404.89,0
1009,240.906,238.275,327.128,593.289,312.67,817.964,0
1010,9,8.16248,346.789,182.004,349.89,174.762,0
1011,78.5994,58.2636,588.566,652.075,613.314,612.4,0
1012,39.4,41.125,570.744,805.673,606.562,811.16,0
1013,0.2,0.0186256,405.641,78.1233,405.432,78.0482,0
1014,31.9001,35.7098,304.52,789.647,311.672,818.375,0
1015,147.1,153.613,507.105,700.221,611.838,753.274,0
1016,62.4996,87.5367,337.756,734.239,312.945,818.139,0
1017,167.601,134.46,520.27,122.615,653.582,129.75,0
1018,207.603,134.391,543.237,565.576,613.498,611.974,0
1019,593.702,386.764,395.147,523.112,615.64,539.639,0
1020,45.8999,30.075,587.974,620.749,613.166,612.846,0
1021,240.105,182.647,371.039,305.181,349.885,174.726,0
1022,192.303,162.558,275.038,673.383,152.145,706.773,0
1023,100.899,106.385,227.212,679.666,152.212,706.804,0
1024,333.311,194.581,244.874,375.521,67.3027,403.757,0
1025,141.599,176.948,534.544,298.001,648.115,198.049,0
1026,111.899,94.8325,581.739,291.621,630.517,333.639,0
1027,307.41,175.282,169.238,303.826,248.036,184.572,0
1028,18.1,16.0988,606.437,553.283,616.755,542.814,0
1029,394.715,144.209,149.504,440.046,67.5997,405.701,0
1030,262.007,161.402,208.164,361.693,67.7184,405.074,0
1031,165.001,135.273,518.919,125.476,653.518,129.819,0
1032,95.4991,101.63,561.458,480.335,615.613,539.68,0
1033,316.31,163.472,508.859,179.344,356.232,173.211,0
1034,68.2995,62.8437,396.338,185.279,355.81,174.3,0
1035,466.119,336.623,370.646,465.316,349.325,174.512,0
1036,207.703,195.516,343.42,638.561,312.289,818.097,0
1037,540.415,300.032,425.228,565.531,613.187,612.817,0
1038,167.001,175.399,302.627,683.118,311.937,818.27,0
1039,63.5996,47.2413,300.709,183.576,253.327,182.927,0
1040,19.8,21.6639,404.106,99.5947,405.856,78.2266,0
1041,380.614,194.478,241.025,373.638,67.739,404.92,0
1042,114.299,96.4726,349.206,227.246,349.745,174.66,0
1043,223.204,214.072,432.309,679.013,313.176,818.163,0
1044,49.7998,31.7321,594.413,626.15,613.465,613.631,0
1045,484.52,186.356,489.822,619.634,613.252,613.111,0
1046,151.3,125.544,252.329,302.071,249.106,185.115,0
1047,46.5999,39.29,604.678,583.624,613.474,611.868,0
1048,20.6,22.6247,411.949,100.201,405.689,78.2405,0
1049,22,24.3752,578.12,833.262,602.475,833.341,0
1050,254.506,213.117,382.037,327.177,349.737,174.715,0
1051,221.904,206.752,327.975,624.206,313.252,818.203,0
1052,181.702,150.377,129.629,498.679,67.6687,405.588,0
1053,207.603,150.721,519.421,386.84,630.336,334.116,0
1054,201.803,151.509,334.4,290.179,349.716,174.679,0
1055,69.8995,55.4129,597.936,135.504,653.594,129.696,0
1056,323.01,212.67,214.288,475.96,67.3383,406.432,0
1057,148.1,118.433,342.107,265.515,349.292,174.49,0
1058,337.311,271.739,289.997,450.398,67.4352,404.087,0
1059,49.5998,39.4743,239.736,223.077,249.175,185.077,0
1060,468.519,277.609,443.369,478.672,615.521,540.06,0
1061,152.6,120.033,237.239,757.49,152.7,706.985,0
1062,11.2,13.372,636.163,186.017,648.509,190.799,0
1063,999.903,361.014,471.657,329.575,471.655,329.11,1
1064,88.6992,64.286,133.157,401.263,67.6637,405.497,0
1065,247.806,226.363,350.222,614.588,313.026,818.103,0
1066,332.311,205.893,305.369,350.636,250.198,185.014,0
1067,149.9,91.0293,527.775,621.342,613.351,612.455,0
1068,418.116,298.002,370.152,431.724,350.091,174.822,0
1069,155.4,177.805,417.56,711.021,313.807,818.357,0
1070,109.299,91.6788,230.533,272.248,248.879,185.042,0
1071,160.701,116.203,417.878,237.922,355.838,174.234,0
1072,307.81,297.867,383.206,567.253,312.252,818.192,0
1073,96.3991,101.076,222.815,680.288,151.941,706.836,0
1074,143.4,155.837,342.131,670.711,313.092,818.114,0
1075,271.407,221.024,386.937,328.939,349.734,174.71,0
1076,2,0.993395,352.61,176.666,352.71,175.644,0
1077,43.0999,31.5983,234.071,211.02,248.764,184.98,0
1078,391.015,238.856,465.415,324.223,355.628,174.312,0
1079,234.705,148.571,201.382,368.587,67.5274,404.397,0
1080,439.318,216.494,215.036,462.211,67.6955,404.809,0
1081,352.912,209.222,471.117,402.963,630.295,334.147,0
1082,34.3,27.9507,235.63,205.847,248.707,184.935,0
1083,999.903,105.542,486.699,156.587,486.235,155.363,1
1084,468.019,302.982,322.645,453.113,67.5041,405.96,0
1085,397.615,292.365,429.214,368.025,355.381,174.476,0
1086,167.301,162.825,263.04,655.899,151.649,706.616,0
1087,144.6,163.235,403.736,708.277,313.839,818.39,0
1088,77.2994,60.8841,203.94,214.445,248.752,184.991,0
1089,146.7,123.884,347.784,275.157,350.135,174.799,0
1090,95.4991,85.7082,569.373,126.202,653.63,130.353,0
1091,169.401,110.587,565.774,322.286,630.3,334.152,0
1092,381.114,266.889,443.321,441.379,615.511,540.167,0
1093,113.499,90.4788,258.627,792.398,310.778,818.807,0
1094,112.099,109.61,165.172,621.834,150.62,706.238,0
1095,164.901,127.77,395.232,242.894,355.373,174.421,0
1096,309.21,188.795,195.797,316.656,248.012,184.556,0
1097,20.8,23.9169,317.112,795.087,312.455,818.079,0
1098,340.212,210.703,199.216,463.324,67.706,405.598,0
1099,47.5998,32.7517,244.413,218.84,249.79,185.086,0
1100,535.516,309.535,427.329,565.898,613.255,613.179,0
1101,95.4991,78.1152,145.127,401.115,67.6724,404.779,0
1102,378.914,272.993,292.945,449.581,67.171,403.628,0
1103,48.5998,64.6999,211.611,725.693,152.016,706.755,0
1104,515.321,342.18,393.101,461.378,615.54,540.157,0
1105,458.519,316.997,381.022,433.02,349.812,174.531,0
1106,272.607,171.771,234.901,343.194,249.547,185.211,0
1107,45.7999,36.0756,256.459,219.801,249.635,185.211,0
1108,214.504,180.104,395.031,284.064,355.544,174.444,0
1109,202.703,137.908,456.589,220.505,356.042,173.882,0
1110,203.803,178.114,481.188,123.509,653.473,129.862,0
1111,195.003,128.284,240.666,738.424,152.799,707.085,0
1112,101.099,118.293,552.586,194.838,647.767,191.743,0
1113,89.6992,71.3937,193.852,214.377,248.932,184.998,0
1114,25.5001,20.8819,592.764,612.354,613.264,613.234,0
1115,165.601,198.747,504.457,295.377,647.906,197.702,0
1116,276.408,252.42,215.747,517.615,149.766,706.296,0
1117,380.214,260.387,443.079,444.614,615.483,540.06,0
1118,108.499,138.661,561.85,281.422,647.892,197.679,0
1119,14.5,13.4651,589.065,834.875,602.392,833.329,0
1120,235.805,155.789,527.74,547.329,613.324,612.449,0
1121,298.309,189.246,226.947,350.276,250.13,185.01,0
1122,76.8994,65.1012,267.988,246.592,250.042,185.021,0
1123,553.812,215.915,490.927,632.044,613.206,612.758,0
1124,38.6,30.2917,232.409,203.9,248.548,184.768,0
1125,316.71,172.329,248.632,631.58,149.895,706.239,0
1126,135.399,133.639,224.619,706.689,152.427,706.914,0
1127,189.402,155.146,371.992,279.273,349.869,174.704,0
1128,261.707,249.649,216.972,519.431,149.869,706.207,0
1129,31.9001,36.0984,315.266,183.503,349.316,174.513,0
1130,47.2999,50.0683,608.308,144.353,653.486,130.05,0
1131,203.103,182.223,270.213,647.398,152.73,706.965,0
1132,191.002,150.18,357.375,270.319,349.886,174.77,0
1133,22.4,21.8814,596.288,794.683,607.266,809.75,0
1134,71.9995,46.6499,218.392,215.129,248.58,184.896,0
1135,153.5,119.216,610.764,730.041,612.383,752.079,0
1136,276.608,240.531,372.071,608.135,312.825,818.027,0
1137,2.2,1.15761,245.409,176.059,246.051,176.811,0
1138,43.1999,37.9931,259.213,221.866,250.316,184.898,0
1139,78.6994,73.9238,420.722,148.345,356.144,173.211,0
1140,88.3992,69.945,573.707,706.771,612.155,752.55,0
1141,446.118,265.742,447.664,400.512,630.309,334.133,0
1142,36.7,40.0885,616.839,261.529,636.044,282.58,0
1143,154.7,124.814,466.566,188.578,355.986,173.715,0
1144,36.7,36.6066,404.509,114.462,405.575,78.1002,0
1145,55.9997,58.8613,568.229,788.93,606.709,811.061,0
1146,200.303,152.037,289.145,298.387,251.272,184.486,0
1147,494.721,287.706,419.46,569.438,613.208,612.793,0
1148,72.4995,58.9093,595.081,132.138,653.565,129.694,0
1149,49.8998,26.4775,269.431,204.193,252.694,183.927,0
1150,9.4,9.00456,648.813,137.222,653.581,130.407,0
1151,68.6995,85.7633,320.048,739.871,312.373,818.136,0
1152,163.601,133.879,174.015,636.32,150.738,706.282,0
1153,61.7996,61.6095,406.521,153.536,356.063,173.452,0
1154,321.21,228.624,479.557,466.208,615.455,539.96,0
1155,165.601,154.796,513.991,145.887,653.556,130.094,0
1156,110.699,94.3435,266.103,277.315,250.006,185.032,0
1157,351.312,197.541,494.107,238.484,355.631,174.426,0
1158,56.2997,55.4115,90.1233,439.446,67.5945,405.71,0
1159,230.805,243.673,329.824,596.318,312.286,818.052,0
1160,255.406,174.513,179.065,559.613,150.25,706.106,0
1161,23.3001,27.7802,320.344,791.507,312.944,818.137,0
1162,269.307,152.268,535.363,562.267,613.302,613.068,0
1163,706.275,469.963,416.916,528.68,613.264,612.802,0
1164,155.5,132.492,234.935,770.082,152.579,707.014,0
1165,78.5994,63.1034,201.786,210.94,248.629,184.924,0
1166,107.799,87.1774,159.876,646.698,149.952,706.185,0
1167,208.204,106.517,162.36,414.611,67.7197,404.905,0
1168,129.399,118.998,116.811,483.347,67.717,405.504,0
1169,282.608,157.325,539.445,552.067,613.294,612.561,0
1170,182.502,171.547,270.365,657.145,151.562,706.634,0
1171,93.5991,114.973,353.36,712.394,313.343,818.213,0
1172,213.604,154.581,334.424,294.281,349.303,174.504,0
1173,699.176,372.292,288.912,493.527,150.314,706.155,0
1174,579.905,364.32,378.506,489.796,615.517,540.098,0
1175,144.7,116.022,610.988,725.662,612.355,751.853,0
1176,111.799,101.258,347.358,237.614,349.769,174.743,0
1177,432.717,213.243,434.787,655.021,613.251,613.068,0
1178,155.9,182.504,481.353,702.876,611.766,753.31,0
1179,97.5991,75.8461,187.135,655.564,149.889,706.153,0
1180,59.8997,54.6303,264.992,236.315,250.276,184.929,0
1181,74.4994,66.6061,277.145,778.523,310.437,818.923,0
1182,535.916,317.692,395.239,461.167,615.563,539.936,0
1183,184.002,135.19,236.355,767.078,151.85,706.689,0
1184,153.6,137.685,503.965,720.136,611.981,752.821,0
1185,150.1,158.623,343.189,669.529,312.687,817.972,0
1186,44.6999,45.0789,306.303,184.747,349.204,174.486,0
1187,375.714,256.995,463.578,242.548,355.843,174.223,0
1188,307.61,183.106,544.885,520.333,613.284,612.48,0
1189,33.8001,38.3977,260.069,222.153,250.491,184.834,0
1190,196.403,157.483,126.415,567.487,149.997,706.193,0
1191,132.699,113.955,141.248,594.86,150.06,706.075,0
1192,94.8991,72.1555,581.702,662.86,613.292,613.195,0
1193,278.508,214.654,379.588,342.785,349.674,174.72,0
1194,5.1,5.00317,606.421,753.593,611.121,755.27,0
1195,290.509,175.946,242.767,344.964,249.48,185.183,0
1196,15.7,16.1009,335.119,180.375,349.305,174.484,0
1197,149.6,165.297,340.651,663.69,313.117,818.099,0
1198,327.111,209.997,481.393,285.993,630.255,334.076,0
1199,222.704,161.406,149.074,546.387,150.535,706.095,0
1200,8.5,8.6098,147.358,698.135,149.579,706.271,0
1201,321.61,196.385,473.283,304.794,630.359,334.065,0
1202,152.5,106.252,273.669,770.304,310.298,818.902,0
1203,314.31,178.341,168.289,308.263,249.152,185.142,0
1204,163.001,115.919,526.381,358.497,630.337,334.244,0
1205,53.1998,42.7865,294.261,186.669,253.576,182.44,0
1206,103.399,70.3853,415.784,196.195,355.682,174.346,0
1207,181.902,193.014,294.975,717.913,311.178,818.62,0
1208,328.311,206.17,505.989,518.794,613.261,612.427,0
1209,73.3995,76.6237,315.034,223.662,349.676,174.684,0
1210,489.021,278.94,455.726,480.709,615.576,539.711,0
1211,414.416,286.777,395.81,403.455,350.233,174.917,0
1212,29.4001,31.953,149.092,675.144,150.332,706.063,0
1213,83.2993,62.6642,301.32,766.791,311.774,818.325,0
1214,23.7001,27.7555,625.038,211.819,648.238,198.136,0
1215,331.211,203.226,199.368,470.886,67.5068,405.95,0
1216,90.5992,100.426,563.046,478.569,615.471,539.844,0
1217,463.719,278.158,456.177,468.547,615.612,540.264,0
1218,85.3993,65.9505,587.595,128.83,653.616,130.36,0
1219,104.599,80.9005,147.958,396.999,67.6594,405.585,0
1220,201.003,147.182,319.096,296.423,250.397,184.904,0
1221,141.299,134.282,266.704,718.171,152.921,707.057,0
1222,507.122,326.556,405.161,489.079,615.741,539.485,0
1223,418.416,222.586,451.973,693.367,613.228,612.988,0
1224,268.207,175.203,243.633,346.004,250.37,184.873,0
1225,474.92,343.026,351.058,476.623,349.471,174.494,0
1226,196.503,238.609,486.798,262.43,647.95,198.005,0
1227,35.1,29.1103,234.224,207.424,248.522,184.763,0
1228,16.4,17.3086,598.11,798.131,606.776,810.784,0
1229,450.218,226.842,430.661,617.466,613.289,613.089,0
1230,17.6,17.6562,371.307,181.894,355.441,174.498,0
1231,38.4,42.8163,569.146,756.602,611.237,754.786,0
1232,0,0,611.008,811.476,611.008,811.476,0
1233,215.804,206.854,311.848,349.236,251.258,184.491,0
1234,359.913,222.891,474.714,421.903,630.368,334.123,0
1235,243.806,142.629,503.091,621.194,613.268,613.153,0
1236,133.599,98.4686,542.306,334.514,630.364,333.719,0
1237,330.411,311.598,391.197,575.665,312.33,818.124,0
1238,109.299,75.998,415.832,204.899,355.749,174.232,0
1239,333.511,171.072,246.808,612.796,150.329,706.192,0
1240,265.607,222.115,394.001,324.248,349.925,174.78,0
1241,234.705,203.498,402.003,298.569,355.581,174.363,0
1242,152.3,151.552,541.872,444.098,615.622,540.285,0
1243,12.3,12.0587,362.053,184.265,355.733,174.325,0
1244,66.2996,72.9071,318.562,754.13,311.83,818.266,0
1245,385.514,232.897,213.643,497.912,67.5782,405.812,0
1246,59.5997,47.8189,299.751,185.571,253.501,182.43,0
1247,246.306,153.736,191.395,311.954,249.195,185.091,0
1248,115.399,131.172,353.014,695.491,312.896,817.995,0
1249,336.711,239.86,387.241,365.092,349.663,174.608,0
1250,308.51,177.798,213.753,654.053,150.672,706.206,0
1251,356.113,249.894,446.615,439.043,615.631,539.647,0
1252,75.6994,52.6606,215.304,217.003,248.933,185.04,0
1253,233.405,181.226,360.026,327.028,349.793,174.713,0
1254,35.4,36.1862,616.181,265.053,636.015,282.619,0
1255,553.912,325.996,392.772,483.008,615.737,539.494,0
1256,262.907,229.007,293.867,379.473,251.632,184.369,0
1257,373.214,234.66,467.534,328.018,356.235,173.375,0
1258,36,44.3479,607.481,214.651,647.791,197.425,0
1259,19.5,15.6681,248.559,200.394,249.916,185.092,0
1260,291.509,297.929,375.7,567.203,312.052,818.182,0
1261,707.174,324.935,320.852,549.881,150.328,706.109,0
1262,424.617,344.281,324.793,479.445,67.3692,404.076,0
1263,183.302,158.875,503.535,126.563,653.656,130.278,0
1264,58.8997,62.7885,325.992,217.895,349.253,174.539,0
1265,22.3,26.2604,300.7,798.973,311.772,818.264,0
1266,119.199,107.202,548.846,121.091,653.639,129.723,0
1267,27.0001,28.5899,384.235,174.594,356.02,173.625,0
1268,378.114,233.381,469.342,327.528,355.373,174.508,0
1269,172.501,180.87,521.634,228.471,648.274,190.851,0
1270,60.6996,50.1752,296.864,199.696,253.32,183.149,0
1271,172.501,134.987,246.301,311.326,249.933,185.044,0
1272,167.601,129.426,281.763,301.038,250.44,184.81,0
1273,341.112,201.902,472.843,393.757,630.277,334.124,0
1274,31.6001,36.7474,575.075,756.125,611.219,754.781,0
1275,175.702,105.068,208.269,267.365,248.285,184.848,0
1276,6.6,6.68366,609.27,542.424,615.724,540.689,0
1277,401.915,224.685,466.807,688.882,613.223,612.664,0
1278,45.5999,29.9048,97.3014,406.493,67.837,405.232,0
1279,208.404,154.319,130.098,507.31,67.6216,405.753,0
1280,403.315,282.692,397.511,396.534,349.813,174.701,0
1281,78.0994,67.2188,136.181,641.405,150.101,706.118,0
1282,274.908,246.975,377.016,606.63,312.769,818.016,0
1283,389.315,188.527,452.819,648.056,613.258,612.676,0
1284,166.401,100.781,231.11,282.898,249.126,185.111,0
1285,3.2,2.2684,645.617,190.73,647.685,191.662,0
1286,478.82,318.527,434.545,548.844,613.374,612.489,0
1287,147,157.695,344.442,668.903,313.629,818.266,0
1288,84.3993,85.0519,578.707,149.089,653.579,130.35,0
1289,113.499,88.3434,402.352,211.698,355.654,174.328,0
1290,268.507,203.117,374.802,332.121,349.49,174.529,0
1291,74.3994,98.885,341.719,723.712,313.061,818.057,0
1292,121.099,110.706,187.83,253.942,248.56,184.806,0
1293,233.505,234.86,400.885,665.986,312.645,818.01,0
1294,322.61,139.325,492.741,621.886,613.161,612.593,0
1295,59.8997,35.6305,251.687,220.121,249.525,185.095,0
1296,253.006,168.226,521.455,546.868,613.262,612.464,0
1297,88.0992,100.189,567.135,196.619,647.721,191.888,0
1298,13.4,16.026,83.7119,403.404,67.8394,405.198,0
1299,159.101,127.316,279.562,301.431,250.322,184.927,0
1300,40.6,36.742,286.863,195.595,253.232,183.27,0
1301,283.008,216.563,487.123,457.914,615.703,539.551,0
1302,367.613,157.627,202.538,425.44,67.7092,405.592,0
1303,212.204,152.993,521.051,387.576,630.329,334.054,0
1304,149.7,102.918,164.367,407.193,67.6948,405.446,0
1305,197.803,122.964,209.249,622.708,150.676,706.154,0
1306,11.3,13.721,598.974,748.449,611.805,753.298,0
1307,226.105,174.281,335.609,313.423,349.685,174.55,0
1308,181.402,141.018,553.217,402.745,630.372,334.145,0
1309,227.405,169.771,335.646,312.633,349.895,174.757,0
1310,289.908,226.975,388.057,339.409,349.691,174.575,0
1311,82.7993,84.5904,546.761,733.268,611.887,753.26,0
1312,145.5,125.38,130.647,478.754,67.6517,405.524,0
1313,362.413,214.86,492.362,415.547,630.295,334.062,0
1314,403.115,226.362,228.119,552.429,150.346,706.185,0
1315,330.811,280.773,295.018,452.898,67.3172,403.846,0
1316,168.601,134.004,311.309,266.312,349.716,174.668,0
1317,113.799,94.7111,565.393,141.473,653.641,130.355,0
1318,379.014,238.257,495.076,485.044,615.559,539.748,0
1319,732.468,373.057,314.804,517.77,150.302,706.117,0
1320,162.401,136.872,162.294,590.942,150.708,706.179,0
1321,38.9,42.02,612.37,176.102,647.882,191.54,0
1322,473.92,268.841,447.578,574.743,613.27,613.074,0
1323,395.515,253.533,412.594,362.504,356.273,173.204,0
1324,309.81,222.586,392.925,334.217,349.721,174.697,0
1325,212.704,232.689,324.146,602.543,312.26,818.091,0
1326,535.316,319.345,397.712,465.36,615.596,539.61,0
1327,418.616,179.372,204.85,436.835,67.7221,405.598,0
1328,429.717,198.149,221.815,430.939,67.4681,406.043,0
1329,44.1999,50.5261,614.485,165.652,648.347,190.868,0
1330,139.999,128.099,598.269,441.539,615.656,539.54,0
1331,3.8,3.20609,251.296,187.941,250.389,184.865,0
1332,92.3992,83.5796,571.043,124.432,653.613,130.337,0
1333,323.711,145.222,230.72,296.597,249.035,184.979,0
1334,138.399,147.491,547.477,443.856,615.533,540.127,0
1335,89.6992,113.554,585.151,272.667,648.019,198.031,0
1336,468.819,299.787,456.768,549.07,613.208,612.755,0
1337,84.5993,85.4107,579.451,190.327,647.594,192.081,0
1338,120.499,92.9549,587.855,355.781,630.363,334.493,0
1339,119.799,137.535,313.149,288.939,251.009,184.638,0
1340,277.908,207.345,376.193,340.959,349.928,174.805,0
1341,235.305,168.831,199.708,593.345,150.103,706.084,0
1342,366.513,260.627,366.783,398.794,349.773,174.667,0
1343,175.301,184.3,408.11,691.791,313.446,818.237,0
1344,44.2999,30.539,591.742,624.652,613.411,613.467,0
1345,266.607,172.038,511.352,400.35,630.372,334.109,0
1346,25.1001,28.5718,574.243,834.752,602.457,833.281,0
1347,86.6992,62.7415,606.873,647.542,613.186,613.013,0
1348,188.702,157.34,372.063,278.166,349.887,174.718,0
1349,415.116,283.042,396.056,400.093,349.854,174.735,0
1350,27.8001,32.546,318.434,184.25,348.985,174.399,0
1351,238.005,190.084,136.874,530.369,149.542,706.404,0
1352,394.615,242.694,459.158,456.465,615.648,539.707,0
1353,326.711,241.795,466.158,255.38,355.371,174.43,0
1354,93.9991,85.7542,136.467,623.733,149.98,706.223,0
1355,88.8992,76.1898,588.794,367.714,630.26,334.308,0
1356,192.403,193.355,513.873,231.622,648.506,190.792,0
1357,407.316,257.935,437.029,354.706,356.234,173.425,0
1358,202.703,161.157,613.639,423.595,615.634,539.699,0
1359,0,0,314.783,821.436,314.783,821.436,0
1360,102.499,75.0453,301.23,757.247,311.533,818.39,0
1361,582.405,306.825,288.088,556.648,150.333,706.183,0
1362,42.6999,44.2619,400.355,174.866,356.049,173.722,0
1363,337.811,142.821,486.832,637.879,613.303,612.495,0
1364,306.71,204.601,496.232,245.651,356.134,173.47,0
1365,156.2,159.477,344.695,667.444,313.15,818.222,0
1366,2.8,2.08924,609.135,754.428,611.098,755.132,0
1367,166.001,118.307,527.52,362.458,630.252,334.119,0
1368,31.9001,42.2546,321.215,777.131,312.724,817.96,0
1369,169.201,101.291,211.192,258.521,248.883,185.045,0
1370,8.3,8.62431,358.777,182.559,355.586,174.443,0
1371,448.018,228.552,428.708,620.301,613.343,613.224,0
1372,52.8998,54.7452,406.944,163.177,355.906,174.061,0
1373,365.713,252.503,444.462,442.209,615.59,539.599,0
1374,75.1994,99.9599,344.123,723.578,313.331,818.233,0
1375,169.201,134.706,291.565,289.458,250.334,184.931,0
1376,110.999,97.0048,150.63,616.123,149.888,706.161,0
1377,132.799,106.367,423.69,228.472,355.609,174.407,0
1378,193.203,141.271,330.9,284.158,349.378,174.514,0
1379,203.703,148.472,498.656,339.666,630.261,334.151,0
1380,12.2,13.0425,258.141,195.59,252.442,184.042,0
1381,442.818,219.969,444.072,677.024,613.294,613.092,0
1382,56.9997,79.8516,335.909,742.18,312.979,818.142,0
1383,119.699,119.36,263.579,729.388,152.782,707.106,0
1384,597.801,384.371,385.988,505.137,615.631,539.739,0
1385,561.31,332.188,425.306,489.486,615.505,539.758,0
1386,117.999,99.3671,263.544,282.219,249.776,185.086,0
1387,222.104,136.314,203.469,307.324,248.945,184.981,0
1388,200.103,198.435,354.743,639.095,312.436,818.092,0
1389,61.1996,67.1808,550.066,748.91,611.982,753.043,0
1390,57.4997,63.4311,561.748,789.869,606.658,810.969,0
1391,279.908,213.949,346.257,344.081,349.776,174.666,0
1392,329.911,247.58,401.87,350.229,349.476,174.599,0
1393,336.511,305.642,338.593,532.177,312.665,818.013,0
1394,75.2994,64.2833,598.274,148.398,653.581,130.323,0
1395,7.7,6.15487,630.791,281.568,635.807,282.06,0
1396,56.8997,60.592,185.046,673.003,150.535,706.254,0
1397,156.1,138.543,519.912,124.305,653.539,129.852,0
1398,518.221,336.454,385.303,458.045,615.613,539.741,0
1399,264.407,147.359,195.728,307.343,249.118,185.105,0
1400,205.603,152.675,162.249,567.613,150.237,706.129,0
1401,253.806,187.764,179.269,545.415,149.614,706.351,0
1402,210.404,185.72,311.013,325.993,251.353,184.474,0
1403,29.5001,30.7905,386.035,171.333,356.042,173.56,0
1404,115.299,135.503,511.431,719.529,611.816,753.587,0
1405,409.016,268.028,472.188,333.498,356.236,173.265,0
1406,331.011,208.935,280.641,376.203,250.083,185.011,0
1407,282.608,228.739,475.645,425.211,615.696,540.395,0
1408,5.2,4.84976,308.347,814.773,311.086,818.712,0
1409,89.9992,76.4545,577.478,131.558,653.636,129.735,0
1410,187.002,110.577,236.984,290.755,248.835,184.988,0
1411,50.7998,52.1787,605.719,170.441,647.849,191.6,0
1412,258.607,163.863,493.112,157.836,356.278,173.208,0
1413,194.003,234.242,488.286,261.145,648.01,197.964,0
1414,163.701,126.915,555.574,294.503,630.327,334.102,0
1415,313.31,205.686,469.148,298.279,630.338,334.142,0
1416,257.306,248.48,347.527,591.177,312.137,818.211,0
1417,160.601,129.987,524.294,123.3,653.534,129.803,0
1418,232.505,176.463,336.419,315.101,349.852,174.769,0
1419,410.216,244.081,468.669,359.406,630.305,334.064,0
1420,217.204,161.61,425.403,284.249,355.592,174.435,0
1421,94.6991,115.191,358.162,715.537,313.271,818.205,0
1422,349.012,242.712,211.376,498.699,67.41,406.131,0
1423,92.7992,93.6382,214.975,675.703,150.595,706.152,0
1424,219.704,192.015,163.431,535.06,149.718,706.276,0
1425,205.303,133.68,515.905,365.682,630.37,334.095,0
1426,404.215,208.813,256.97,381.966,67.8369,405.14,0
1427,372.314,149.132,181.662,441.211,67.812,405.227,0
1428,132.199,116.859,562.613,460.604,615.612,539.707,0
1429,375.014,262.947,457.821,500.832,613.265,612.533,0
1430,134.899,116.717,586.319,444.652,615.59,539.566,0
1431,102.999,94.3446,347.064,228.721,349.7,174.599,0
1432,14.5,13.8339,600.27,745.045,612.266,752.201,0
1433,190.302,200.301,330.774,348.626,251.889,184.247,0
1434,351.412,236.143,216.599,500.747,67.3568,406.245,0
1435,465.119,308.172,322.376,445.459,67.7895,405.005,0
1436,219.604,116.512,223.88,297.169,248.699,184.907,0
1437,80.2993,66.4752,130.593,399.518,67.6642,404.926,0
1438,293.009,261.03,304.441,398.676,251.232,184.511,0
1439,224.004,215.025,322.989,618.934,312.827,817.98,0
1440,280.908,171.801,442.862,279.854,355.93,173.906,0
1441,41.1999,33.1934,582.814,601.246,613.178,612.588,0
1442,74.2994,67.9595,595.003,149.726,653.609,130.327,0
1443,685.78,314.831,318.005,548.783,150.319,706.063,0
1444,514.122,237.742,304.046,645.509,150.264,706.057,0
1445,426.817,212.342,447.992,667.307,613.263,613.085,0
1446,63.0996,43.4521,110.953,399.684,67.78,405.414,0
1447,197.603,137.104,464.915,166.274,356.111,173.557,0
1448,361.813,205.335,246.829,417.451,67.7888,404.998,0
1449,194.503,153.333,161.489,568.739,150.692,706.209,0
1450,263.607,162.804,456.99,597.891,613.174,612.886,0
1451,144.1,107.54,140.393,602.912,150.571,706.184,0
1452,33.8001,32.3072,601.143,331.678,630.323,334.246,0
1453,362.613,210.974,480.084,280.242,355.562,174.304,0
1454,320.61,235.349,466.981,442.292,615.551,539.693,0
1455,37.6,35.6617,566.537,833.801,602.458,833.328,0
1456,64.5996,66.5284,591.906,233.961,648.38,198.099,0
1457,200.903,109.238,517.588,628.849,613.222,612.646,0
1458,309.21,186.624,252.669,343.398,249.859,185.111,0
1459,54.5997,64.5177,193.123,684.203,152.339,706.86,0
1460,233.805,275.252,336.061,404.02,251.092,184.559,0
1461,161.701,168.186,306.526,680.407,312.367,818.084,0
1462,119.599,83.5638,589.415,356.722,630.381,334.518,0
1463,213.104,180.557,381.974,246.383,350.044,174.788,0
1464,164.001,136.192,346.908,282.785,349.543,174.608,0
1465,23.7001,28.503,177.858,712.437,151.736,706.68,0
1466,84.9993,86.5454,530.303,611.087,613.347,612.461,0
1467,126.199,89.7009,159.105,398.412,67.7052,405.451,0
1468,37.3,29.0002,584.744,616.815,613.34,613.182,0
1469,618.596,347.837,304.791,505.734,150.33,706.084,0
1470,297.509,173.447,447.226,277.235,356.014,173.721,0
1471,18.5,18.8699,332.706,181.41,349.365,174.545,0
1472,157.8,155.046,507.346,698.697,611.766,753.359,0
1473,111.199,99.7516,555.251,121.682,653.571,129.726,0
1474,72.5995,77.0845,590.39,288.584,630.254,334.042,0
1475,285.508,211.656,296.126,364.148,250.913,184.735,0
1476,192.503,150.448,504.246,121.14,653.622,129.728,0
1477,284.508,256.537,381.582,612.76,312.307,818.115,0
1478,354.412,241.506,453.906,436.512,615.728,539.5,0
1479,373.814,188.763,487.458,662.213,613.307,613.148,0
1480,435.217,267.79,451.665,470.439,615.463,540.219,0
1481,132.799,137.662,604.786,443.841,615.558,539.795,0
1482,239.905,182.637,148.21,527.815,149.722,706.326,0
1483,263.207,209.8,370.193,344.522,349.662,174.652,0
1484,133.399,159.461,399.964,709.111,313.597,818.284,0
1485,213.004,138.208,548.141,299.724,630.32,334.133,0
1486,128.299,115.824,612.154,457.723,615.583,539.588,0
1487,25.2001,17.8176,262.474,199.33,252.507,184.001,0
1488,66.9995,58.833,399.327,185.625,355.752,174.292,0
1489,107.099,91.2278,117.908,456.355,67.679,404.86,0
1490,320.61,165.722,228.078,606.795,150.27,706.154,0
1491,30.8001,29.7152,600.605,785.105,607.303,809.502,0
1492,193.203,142.67,290.907,304.43,250.506,184.824,0
1493,246.206,212.644,511.629,504.802,615.463,539.77,0
1494,141.299,114.79,555.237,686.577,612.498,751.768,0
1495,110.599,76.1688,593.971,358.064,630.452,334.415,0
1496,182.402,161.509,549.492,422.482,615.612,539.731,0
1497,572.507,282.806,272.656,559.671,150.264,706.174,0
1498,380.914,244.665,445.919,386.316,630.354,334.094,0
1499,229.305,207.54,371.367,643.578,313.222,818.17,0
1500,464.419,331.764,374.906,451.997,349.731,174.654,0
1501,999.903,142.951,445.894,338.665,444.628,330.562,1
1502,37.5,23.2295,271.061,197.853,252.27,184.088,0
1503,114.999,104.2,189.928,246.644,249.12,185.09,0
1504,334.011,236.106,294.392,379.541,248.984,184.973,0
1505,359.213,228.552,511.222,515.477,613.406,612.344,0
1506,644.19,281.112,280.499,561.071,150.306,706.163,0
1507,391.915,257.103,412.285,361.184,355.825,174.25,0
1508,135.099,97.6909,215.408,269.648,248.744,184.883,0
1509,387.614,256.461,439.299,389.988,630.315,334.058,0
1510,16.8,19.952,375.13,178.106,356.104,173.492,0
1511,298.209,161.518,445.448,149.004,355.498,174.403,0
1512,183.502,153.163,597.611,451.252,615.591,539.677,0
1513,792.054,280.451,278.102,597.052,150.317,706.067,0
1514,185.802,132.485,212.645,302.779,248.207,184.694,0
1515,158.7,192.531,528.559,254.235,648.083,197.947,0
1516,0,0,606.63,811.165,606.63,811.165,0
1517,525.019,324.468,403.92,489.924,615.585,539.569,0
1518,154.3,124.896,532.24,671.346,613.377,613.275,0
1519,35.1,39.0089,313.682,189.599,349.865,174.773,0
1520,87.6992,77.8776,588.79,364.708,630.355,334.366,0
1521,126.799,102.491,168.421,392.821,67.7465,404.875,0
1522,445.618,294.735,278.609,476.427,67.6458,404.492,0
1523,94.9991,68.8035,304.77,759.923,311.632,818.358,0
1524,0,0,642.135,286.143,642.135,286.143,0
1525,224.505,158.543,424.319,280.157,355.573,174.438,0
1526,195.203,167.216,277.422,689.964,151.999,706.789,0
1527,59.8997,62.555,590.323,308.586,630.353,334.108,0
1528,74.6994,98.5746,581.116,257.755,647.973,197.93,0
1529,227.405,164.616,501.32,326.772,630.279,334.1,0
1530,143.2,138.328,313.1,291.854,251.542,184.419,0
1531,193.603,125.412,491.141,603.163,613.254,612.403,0
1532,17.6,16.4297,636.007,209.136,648.395,198.13,0
1533,313.31,299.865,376.086,559.425,312.333,818.065,0
1534,14.8,14.4636,245.908,198.627,249.283,185.168,0
1535,331.311,254.613,285.543,395.645,250.727,184.734,0
1536,186.502,133.864,510.945,336.807,630.355,334.134,0
1537,7.2,7.55766,655.417,206.034,652.311,199.148,0
1538,211.904,154.321,237.074,329.844,250.1,185.009,0
1539,108.599,137.899,378.932,707.73,313.398,818.151,0
1540,178.602,213.567,517.191,253.592,647.997,197.767,0
1541,296.309,218.416,394.53,328.858,349.965,174.835,0
1542,172.201,159.724,508.328,146.252,653.607,130.388,0
1543,19.5,21.5947,153.812,684.862,150.309,706.146,0
1544,154.3,147.132,546.384,440.781,615.528,540.116,0
1545,176.302,138.726,246.468,315.265,250.523,184.829,0
1546,202.903,188.679,383.674,666.508,312.226,818.223,0
1547,44.8999,50.1088,323.673,203.838,350.378,174.903,0
1548,256.506,195.797,512.698,463.684,615.646,540.274,0
1549,9.9,11.5975,604.441,543.493,615.619,540.276,0
1550,174.401,146.09,587.144,422.744,615.583,539.677,0
1551,174.301,116.403,217.111,296.011,249.092,185.119,0
1552,390.715,187.512,217.679,432.927,67.7884,405.016,0
1553,113.999,92.0372,122.548,452.44,67.7303,405.613,0
1554,260.407,153.315,298.734,312.187,249.696,185.231,0
1555,72.2995,60.4568,265.017,242.939,249.662,185.224,0
1556,116.099,110.461,526.788,725.801,612.018,752.894,0
1557,16.2,16.1408,338.098,185.15,350.028,174.776,0
1558,243.906,190.475,153.167,521.634,67.7616,405.41,0
1559,397.515,293.562,455.072,489.272,613.353,612.328,0
1560,185.002,218.515,504.594,257.453,647.87,197.769,0
1561,275.608,211.855,484.027,437.703,615.589,539.686,0
1562,50.0998,59.1701,599.962,201.77,647.794,197.579,0
1563,156.4,103.079,234.545,282.544,249.187,185.078,0
1564,157.1,131.692,303.779,293.016,250.161,185.027,0
1565,145.1,116.739,509.866,592.142,613.331,612.434,0
1566,344.412,145.943,162.02,446.961,67.7986,405.01,0
1567,109.299,112.83,260.585,291.462,250.856,184.735,0
1568,38.3,40.4384,411.948,117.342,405.498,78.1311,0
1569,25.3001,25.8124,585.499,805.179,606.75,811.145,0
1570,149.8,120.63,611.646,730.176,612.369,751.936,0
1571,237.105,156.206,499.068,351.671,630.358,334.074,0
1572,257.206,229.429,497.514,501.974,615.546,540.13,0
1573,336.911,241.197,463.79,456.155,615.627,539.693,0
1574,296.109,191.376,496.511,299.471,630.309,334.119,0
1575,177.002,212.123,522.408,257.324,647.894,197.75,0
1576,110.099,132.85,348.779,693.372,313.286,818.228,0
1577,448.518,263.383,463.263,465.71,615.544,540.052,0
1578,101.699,121.002,362.431,712.827,313.411,818.165,0
1579,17.7,20.0036,601.977,530.979,615.548,540.215,0
1580,150.3,146.344,495.768,718.257,611.903,753.063,0
1581,255.806,226.735,380.257,630.346,313.114,818.094,0
1582,239.605,156.93,467.098,597.766,613.275,613.153,0
1583,339.812,210.314,264.808,367.354,249.868,185.075,0
1584,447.418,284.943,450.97,564.169,613.349,612.499,0
1585,109.599,88.7364,223.239,267.688,249.486,185.223,0
1586,35.4,41.8902,185.896,705.797,151.658,706.553,0
1587,7.89999,8.64653,594.313,830.214,602.66,832.471,0
1588,81.6993,66.0363,587.848,127.568,653.577,129.617,0
1589,342.612,218.879,478.018,408.609,630.358,334.083,0
1590,182.802,148.255,398.371,258.38,355.679,174.303,0
1591,204.203,211.413,333.016,358.783,251.358,184.521,0
1592,106.999,90.1191,191.274,233.799,248.605,184.92,0
1593,11.3,12.062,590.817,830.759,602.405,833.333,0
1594,81.6993,58.5859,126.628,399.056,67.6532,404.832,0
1595,271.907,160.774,558.847,532.055,613.288,612.384,0
1596,284.108,149.64,498.448,618.576,613.342,613.077,0
1597,162.601,161.779,257.968,654.743,151.563,706.606,0
1598,334.711,241.848,390.129,358.145,349.466,174.511,0
1599,15.4,15.1442,603.275,763.083,611.236,754.876,0
1600,11.8,14.124,164.52,706.602,151.474,706.493,0
1601,245.806,130.688,463.309,162.516,355.772,174.224,0
1602,405.916,233.802,463.576,347.345,355.528,174.39,0
1603,337.011,137.648,164.457,442.049,67.6411,405.922,0
1604,180.002,141.315,519.106,130.704,653.49,129.753,0
1605,42.1999,36.2818,286.948,194.36,253.257,183.084,0
1606,242.706,179.974,219.57,348.865,67.6264,404.494,0
1607,82.0993,73.1499,594.492,360.167,630.256,334.325,0
1608,267.007,206.706,186.906,533.571,149.484,706.438,0
1609,20.3,25.4901,319.484,793.493,313.104,818.257,0
1610,127.899,96.5643,418.098,223.128,355.981,173.622,0
1611,156.8,99.8531,164.952,406.85,67.7399,405.548,0
1612,45.0999,37.2954,602.486,584.912,613.632,611.682,0
1613,21.3,23.8099,578.83,835.459,602.389,833.265,0
1614,71.5995,70.8713,192.234,677.611,150.58,706.244,0
1615,231.805,154.101,498.325,351.01,630.372,334.061,0
1616,411.716,305.902,272.874,520.306,67.4456,406.333,0
1617,111.899,115.469,257.655,722.823,152.236,706.808,0
1618,431.317,299.081,413.239,436.083,615.453,540,0
1619,242.206,160.636,504.373,377.712,630.358,334.103,0
1620,174.201,133.961,248.995,311.213,249.683,185.204,0
1621,184.802,154.793,162.466,568.813,150.828,706.293,0
1622,294.109,163.792,501.007,165.313,356.11,173.515,0
1623,32.5001,31.4001,586.365,767.883,611.143,755.273,0
1624,162.301,128.347,318.678,254.287,349.839,174.736,0
1625,56.5997,60.0741,571.078,339.777,630.368,334.074,0
1626,177.902,178,324.454,327.561,251.433,184.465,0
1627,610.398,329.297,318.698,526.624,150.294,706.099,0
1628,32.2001,24.0987,91.6515,403.193,67.773,404.958,0
1629,382.714,273.45,364.308,415.037,349.477,174.602,0
1630,106.399,99.5759,273.456,281.094,250.579,184.801,0
1631,55.1997,56.8952,611.153,153.038,653.543,130.007,0
1632,59.0997,71.4083,547.87,776.495,611.197,754.818,0
1633,270.407,205.895,490.92,441.374,615.678,539.511,0
1634,157.3,114.516,508.298,632.346,613.17,612.802,0
1635,160.401,129.321,173.321,633.93,150.515,706.134,0
1636,48.1998,59.6582,553.074,759.073,611.199,754.857,0
1637,336.311,236.555,288.187,393.814,249.866,185.083,0
1638,653.887,322.418,302.087,539.825,150.298,706.152,0
1639,375.214,221.929,456.141,337.345,355.369,174.467,0
1640,132.499,112.694,270.697,747.342,310.385,818.858,0
1641,27.5001,23.8445,599.194,734.681,612.128,752.674,0
1642,13.4,16.6969,412.571,93.541,406.688,77.9331,0
1643,307.71,194.275,271.52,363.173,250.022,185.042,0
1644,22.6,27.9016,625.963,134.061,653.518,130.018,0
1645,151.9,146.711,115.755,508.588,67.7354,405.617,0
1646,471.32,252.342,423.177,663.844,613.181,612.992,0
1647,43.6999,43.9384,583.37,780.194,611.195,755.548,0
1648,105.499,127.286,520.778,734.831,611.193,755.105,0
1649,103.299,82.9656,423.701,157.15,356.333,173.078,0
1650,468.819,322.963,352.923,457.954,349.969,174.836,0
1651,123.999,120.649,117.049,482.703,67.7304,405.553,0
1652,243.406,123.022,165.045,428.593,67.7002,404.875,0
1653,118.899,89.2381,560.261,358.153,630.412,333.689,0
1654,57.2997,54.7666,89.1371,439.547,67.6812,405.469,0
1655,192.103,139.893,530.469,561.691,613.252,612.553,0
1656,350.512,176.93,228.747,658.421,150.327,706.104,0
1657,180.502,167.744,253.232,646.434,151.79,706.707,0
1658,132.799,116.759,556.728,162.556,653.632,130.311,0
1659,57.4997,59.829,338.611,197.973,349.308,174.463,0
1660,464.219,249.619,236.789,468.408,67.794,405.014,0
1661,267.907,156.158,188.235,314.794,248.372,184.776,0
1662,97.7991,117.058,349.204,708.755,312.754,818.003,0
1663,222.104,162.702,425.935,287.527,355.551,174.366,0
1664,218.804,187.685,614.219,401.951,615.456,539.93,0
1665,182.502,219.012,502.729,255.529,647.886,197.788,0
1666,38,42.1864,594.647,714.884,612.406,751.979,0
1667,332.211,233.468,403.401,333.384,349.856,174.788,0
1668,305.509,206.837,255.707,383.154,67.6055,404.511,0
1669,159.401,143.991,567.471,416.342,615.525,539.795,0
1670,408.816,161.537,161.241,465.42,67.6241,405.68,0
1671,195.903,193.999,518.682,221.99,647.841,191.51,0
1672,237.105,158.485,276.709,329.287,251.041,184.572,0
1673,431.517,255.324,291.619,434.288,67.8412,404.964,0
1674,303.809,176.196,237.575,393.21,67.5471,404.291,0
1675,140.099,156.081,489.817,718.789,611.68,753.569,0
1676,307.11,164.229,225.532,648.955,150.729,706.162,0
1677,323.111,216.91,265.343,365.582,250.823,184.735,0
1678,38.3,30.5798,255.337,215.22,249.925,185.09,0
1679,160.301,122.846,503.901,590.599,613.159,612.563,0
1680,132.299,111.558,543.073,663.638,613.245,612.801,0
1681,403.815,248.682,235.772,468.934,67.6307,404.512,0
1682,539.915,291.551,297.976,551.177,150.281,706.087,0
1683,150.5,130.139,533.275,137.404,653.473,129.774,0
1684,296.909,183.551,489.436,225.405,356.371,172.928,0
1685,359.313,260.451,401.164,363.506,349.454,174.469,0
1686,64.9996,79.473,565.589,498.269,615.691,539.543,0
1687,236.005,128.343,219.635,304.677,248.62,184.914,0
1688,156.7,163.831,547.497,212.446,647.712,191.754,0
1689,17.4,17.3804,599.51,797.155,606.465,811.407,0
1690,119.999,80.8347,607.545,680.286,612.365,751.922,0
1691,385.114,235.23,269.211,411.531,67.6038,404.656,0
1692,140.399,119.036,525.747,347.955,630.397,334.5,0
1693,170.601,183.787,334.221,647.011,311.943,818.271,0
1694,72.6995,57.4423,122.866,398.131,67.619,404.76,0
1695,104.299,86.678,538.333,600.671,613.231,612.906,0
1696,448.818,320.024,273.936,497.471,67.5339,404.453,0
1697,28.3001,32.1839,620.219,212.383,648.347,198.089,0
1698,536.916,345.239,402.614,582.171,613.323,612.542,0
1699,115.199,86.2865,546.83,635.97,613.224,612.711,0
1700,506.422,308.275,425.498,547.579,613.297,613.1,0
1701,521.92,329.5,403.488,494.441,615.661,539.621,0
1702,189.202,132.054,283.096,294.714,250.169,185.015,0
1703,310.71,151.294,226.328,311.153,248.398,184.788,0
1704,295.309,208.353,475.573,391.576,630.251,334.051,0
1705,366.313,218.626,218.314,473.082,67.63,405.745,0
1706,57.9997,55.985,572.148,728.169,611.891,753.082,0
1707,103.999,128.22,523.43,736.732,611.155,755.179,0
1708,30.6001,34.5752,278.599,808.574,311.345,818.505,0
1709,196.703,143.186,296.78,304.668,250.822,184.72,0
1710,197.603,140.86,549.078,303.2,630.289,334.079,0
1711,314.61,269.409,297.834,423.271,67.2578,403.952,0
1712,407.416,164.785,159.954,460.444,67.7264,405.462,0
1713,47.4998,37.5728,581.304,598.102,613.271,612.455,0
1714,467.019,338.985,372.921,448.855,349.448,174.514,0
1715,446.818,313.349,321.56,445.088,67.3633,404.098,0
1716,153.7,125.422,270.298,735.631,311.46,818.359,0
1717,11.9,11.2226,602.677,746.082,612.291,752.356,0
1718,88.2992,88.2384,576.309,151.232,653.456,130.189,0
1719,424.517,236.859,268.265,433.577,67.6951,404.868,0
1720,39.2,32.5942,284.996,185.744,253.474,182.445,0
1721,613.697,280.065,295.102,585.262,150.274,706.134,0
1722,439.618,327.098,357.748,462.182,349.498,174.454,0
1723,26.5001,35.5748,184.979,711.592,151.485,706.52,0
1724,148.9,118.813,556.577,578.021,613.275,612.542,0
1725,307.01,185.037,186.477,478.16,67.8281,405.361,0
1726,0,0,649.404,192.329,649.404,192.329,0
1727,303.509,219.369,489.039,459.733,615.586,539.595,0
1728,28.9001,22.3955,593.656,617.334,613.325,613.085,0
1729,36.2,35.0924,390.224,177.068,355.893,173.948,0
1730,23.3001,31.5428,617.289,184.739,647.863,191.684,0
1731,276.808,162.071,227.733,390.85,67.6852,404.775,0
1732,470.82,248.792,423.311,668.371,613.331,612.385,0
1733,281.108,165.638,176.552,300.647,248.454,184.835,0
1734,199.603,177.036,376.009,669.762,312.97,818.083,0
1735,424.117,218.926,276.991,605.331,150.323,706.159,0
1736,456.619,341.208,355.13,463.642,349.439,174.466,0
1737,526.918,271.659,399.56,609.802,613.186,612.983,0
1738,16.8,18.9016,403.528,96.6436,405.854,78.2403,0
1739,131.799,102.736,216.875,259.217,248.945,185.023,0
1740,999.903,406.25,476.441,635.274,476.482,634.255,1
1741,186.002,141.25,517.391,132.927,653.624,129.685,0
1742,410.016,218.521,247.738,423.477,67.5902,405.772,0
1743,178.202,160.014,264.716,665.521,153.075,707.195,0
1744,189.302,168.285,274.828,683.619,152.272,706.892,0
1745,1.1,0.374106,247.29,184.719,247.183,184.312,0
1746,380.514,188.313,273.06,636.865,150.291,706.194,0
1747,242.206,147.31,233.312,631.418,150.992,706.297,0
1748,421.917,290.545,395.407,402.099,349.557,174.645,0
1749,101.799,92.8439,359.166,212.521,349.819,174.644,0
1750,280.008,295.725,360.35,557.526,312.135,818.225,0
1751,234.205,168.531,137.076,512.426,67.5923,405.634,0
1752,109.699,77.5055,423.781,156.289,356.143,173.564,0
1753,146.2,121.122,178.296,621.386,150.544,706.223,0
1754,57.8997,69.6205,217.141,724.222,151.547,706.566,0
1755,177.802,189.154,481.832,700.591,612.198,752.582,0
1756,394.415,260.796,444.778,337.515,356.165,173.298,0
1757,455.119,206.07,237.292,428.901,67.5928,405.838,0
1758,7.5,7.84165,609.838,546.41,616.775,543.043,0
1759,190.102,165.092,492.39,114.739,653.621,129.638,0
1760,400.515,220.141,474.411,380.299,630.253,334.123,0
1761,336.711,231.03,481.97,515.044,613.322,612.546,0
1762,284.608,246.252,357.042,597.458,313.034,818.133,0
1763,626.294,358.682,304.973,504.005,150.336,706.056,0
1764,457.219,233.75,420.629,641.709,613.202,612.95,0
1765,180.202,135.21,331.078,277.946,349.638,174.616,0
1766,307.91,224.071,292.319,383.178,250.737,184.792,0
1767,108.599,88.6974,556.99,711.396,612.173,752.54,0
1768,295.609,211.094,177.345,523.44,150.548,706.07,0
1769,54.5997,39.7302,287.432,201.217,253.015,183.665,0
1770,445.218,258.806,431.656,391.897,630.301,334.049,0
1771,256.506,126.066,225.204,301.55,248.674,184.887,0
1772,69.6995,61.3432,138.104,646.636,150.003,706.193,0
1773,32.6001,42.9462,320.117,775.971,312.715,818.007,0
1774,164.101,150.015,546.786,438.017,615.636,540.335,0
1775,62.7996,74.3698,587.871,479.62,615.543,540.204,0
1776,244.006,225.878,499.235,502.612,615.488,540.147,0
1777,198.003,192.646,342.054,638.984,312.647,817.998,0
1778,205.203,179.595,382.269,247.831,349.741,174.685,0
1779,267.607,188.633,347.795,326.74,349.702,174.728,0
1780,138.399,131.603,116.091,497.496,67.6968,404.843,0
1781,133.999,120.148,563.372,453.538,615.564,539.601,0
1782,364.113,229.451,471.249,249.813,356.117,173.578,0
1783,143.1,131.57,533.83,149.95,653.547,130.057,0
1784,406.316,210.673,450.91,680.658,613.198,612.668,0
1785,414.116,291.574,395.913,402.847,349.365,174.521,0
1786,155.5,127.881,533.695,136.173,653.609,130.266,0
1787,573.007,391.969,369.097,512.552,615.464,539.949,0
1788,28.8001,23.3648,90.6643,402.618,67.6666,404.936,0
1789,209.804,167.006,534.469,474.934,615.595,539.592,0
1790,111.799,84.4479,591.722,678.285,612.46,751.751,0
1791,442.218,321.461,358.539,451.187,349.237,174.468,0
1792,128.099,97.6973,235.407,276.347,249.132,185.109,0
1793,11.4,9.53914,260.512,190.383,252.665,183.929,0
1794,187.602,186.789,519.133,221.985,647.96,190.957,0
1795,368.313,273.802,290.509,449.854,67.4165,404.157,0
1796,151.9,118.517,279.164,738.632,311.787,818.255,0
1797,194.803,164.022,492.704,115.118,653.617,129.68,0
1798,98.1991,68.8894,307.342,759.527,311.705,818.401,0
1799,166.701,128.148,378.14,230.487,355.553,174.326,0
1800,324.311,159.681,213.343,416.48,67.7012,404.872,0
1801,397.215,251.392,414.376,361.746,355.895,173.907,0
1802,57.5997,68.573,597.244,194.339,647.885,197.703,0
1803,40.8999,50.758,561.683,757.671,611.205,754.816,0
1804,8.09999,8.7962,602.416,756.389,611.052,755.18,0
1805,59.0997,53.8018,404.373,183.234,355.741,174.267,0
1806,141.099,153.796,525.57,178.838,647.761,191.576,0
1807,234.505,178.88,519.21,436.488,615.588,539.723,0
1808,274.308,213.313,177.517,524.737,150.794,706.345,0
1809,139.299,116.132,287.792,729.6,311.583,818.394,0
1810,208.003,158.07,232.367,325.683,250.311,184.913,0
1811,39.6,40.661,309.97,182.885,349.208,174.503,0
1812,305.709,200.466,469.878,311.785,630.333,334.083,0
1813,252.706,176.014,367.517,300.039,349.655,174.738,0
1814,407.116,341.264,254.185,541.44,67.341,406.474,0
1815,178.402,185.914,480.386,704.934,612.338,752.13,0
1816,149.4,93.0251,534.289,598.779,613.304,613.166,0
1817,226.305,188.042,529.018,498.842,615.583,539.65,0
1818,136.799,143.482,547.168,445.883,615.496,539.994,0
1819,0,0,633.453,336.195,633.453,336.195,0
1820,79.4994,75.1974,549.477,606.911,613.272,612.516,0
1821,162.501,193.481,508.872,293.879,647.987,197.905,0
1822,192.103,158.492,161.749,478.669,67.7392,405.505,0
1823,59.6997,70.539,593.908,192.482,647.826,197.473,0
1824,335.111,169.191,262.055,634.196,150.309,706.114,0
1825,153.2,119.834,469.65,180.774,356.048,173.456,0
1826,114.599,77.0228,589.266,360.438,630.366,334.483,0
1827,7,6.60354,600.828,807.896,606.971,810.312,0
1828,350.512,152.515,213.866,409.268,67.5835,405.713,0
1829,95.5991,114.082,588.862,270.987,648.05,198.048,0
1830,0,0,67.0205,406.008,67.0205,406.008,0
1831,90.8992,110.667,567.486,229.232,647.926,197.696,0
1832,170.901,133.393,312.825,268.772,349.813,174.662,0
1833,418.016,283.449,395.374,402.436,349.374,174.49,0
1834,463.419,261.412,464.096,470.139,615.633,539.561,0
1835,424.317,310.559,364.849,449.46,349.816,174.712,0
1836,164.901,123.301,456.482,157.7,356.151,173.418,0
1837,391.315,148.48,177.479,437.448,67.7469,405.611,0
1838,292.209,204.919,190.694,536.129,149.893,706.239,0
1839,54.8997,56.8971,405.148,158.12,355.995,173.848,0
1840,266.807,175.616,177.683,480.932,67.5735,405.939,0
1841,306.609,302.272,383.191,566.752,312.645,817.996,0
1842,311.81,204.258,282.38,369.997,249.777,185.092,0
1843,38.9,34.2282,286.465,194.178,253.279,183.057,0
1844,759.362,371.141,327.082,521.993,150.341,706.184,0
1845,219.004,171.982,199.937,588.746,151.003,706.264,0
1846,107.599,76.3588,599.745,680.093,612.387,752.014,0
1847,172.801,106.928,240.516,281.422,249.027,185.025,0
1848,152.8,121.131,278.238,736.165,311.008,818.672,0
1849,52.3998,34.1457,279.328,202.257,253.107,183.473,0
1850,105.999,101.995,337.796,255.744,349.454,174.551,0
1851,282.508,201.24,509.219,419.563,630.327,334.126,0
1852,166.101,162.737,537.631,451.113,615.522,540.18,0
1853,477.12,306.23,412.196,469.746,615.559,540.276,0
1854,236.405,216.199,370.562,636.425,313.404,818.209,0
1855,326.111,192.013,508.479,532.623,613.204,612.626,0
1856,276.808,216.323,385.956,331.917,349.576,174.625,0
1857,126.499,94.8363,541.231,352.547,630.251,334.211,0
1858,142.399,125.168,193.151,262.273,248.266,184.678,0
1859,372.514,206.806,496.544,412.919,630.34,334.102,0
1860,210.704,156.972,350.262,304.203,349.984,174.831,0
1861,140.999,155.734,359.011,678.279,312.93,817.973,0
1862,134.599,104.953,550.468,699.673,612.032,753.025,0
1863,20.2,16.3023,267.02,191.394,253.148,183.428,0
1864,142.299,95.9796,163.889,403.736,67.729,405.582,0
1865,151.2,102.051,456.179,178.891,355.904,174.145,0
1866,289.108,150.833,490.774,168.411,356.062,173.449,0
1867,154.5,107.349,166.99,385.386,67.74,404.891,0
1868,289.008,168.394,509.263,325.172,630.276,334.063,0
1869,82.0993,63.8688,137.661,642.89,150.022,706.166,0
1870,97.5991,81.5595,558.061,333.09,630.351,333.896,0
1871,87.2992,63.6552,304.932,763.421,311.159,818.609,0
1872,327.411,239.451,404.216,332.36,349.581,174.646,0
1873,607.199,268.345,285.27,569.693,150.264,706.159,0
1874,10.2,11.8618,367.572,173.959,356.012,173.715,0
1875,239.805,110.456,205.189,632.023,150.413,706.078,0
1876,159.701,136.576,278.48,723.703,311.73,818.424,0
1877,297.909,165.243,177.21,302.993,248.872,184.986,0
1878,209.004,184.183,479.925,126.092,653.536,129.984,0
1879,192.003,134.617,142.452,569.855,150.611,706.201,0
1880,196.403,125.038,213.382,303.71,248.558,184.816,0
1881,206.803,146.716,550.163,406.881,630.335,334.084,0
1882,209.504,210.131,283.997,672.428,152.333,706.912,0
1883,77.3994,69.959,593.479,148.427,653.605,130.337,0
1884,363.713,210.839,249.14,637.753,150.292,706.194,0
1885,184.402,164.718,548.997,425.346,615.646,539.63,0
1886,188.902,109.809,223.016,290.015,248.751,185.013,0
1887,19.8,18.6829,597.738,796.49,607.166,810.19,0
1888,265.007,235.704,490.965,503.536,615.523,539.926,0
1889,142.9,113.08,163.586,377.319,67.6485,404.832,0
1890,36.7,46.206,316.319,775.554,312.768,818.016,0
1891,329.111,188.318,169.825,504.312,67.8275,405.343,0
1892,54.2997,50.5973,405.87,173.708,355.763,174.279,0
1893,492.021,279.863,234.735,513.462,150.332,706.056,0
1894,91.7992,113.723,586.727,271.687,648.076,198.021,0
1895,5.6,5.63442,354.601,180.816,353.112,175.382,0
1896,121.599,84.3992,589.923,360.453,630.42,334.409,0
1897,77.0994,89.9839,560.255,512.041,615.577,539.764,0
1898,40.4,29.3443,601.841,591.146,613.305,612.425,0
1899,449.218,330.392,389.104,444.126,349.51,174.582,0
1900,119.199,134.814,350.084,691.513,312.39,818.126,0
1901,46.9999,63.3905,327.779,757.015,312.853,818.03,0
1902,377.114,225.93,473.97,405.708,630.288,334.077,0
1903,426.017,258.585,449.876,460.474,615.586,539.62,0
1904,222.704,260.269,331.579,390.091,252.075,184.192,0
1905,168.601,138.162,533.675,143.612,653.612,129.717,0
1906,127.299,143.88,545.93,179.043,647.661,192.101,0
1907,9.5,9.85558,601.642,752.719,611.173,754.882,0
1908,138.699,129.754,304.703,288.015,250.041,184.999,0
1909,159.901,140.426,305.067,301.238,251.397,184.54,0
1910,249.706,136.532,172.914,355.669,67.8034,405.078,0
1911,247.606,146.311,446.74,246.454,356.181,173.332,0
1912,226.505,134.95,522.662,647.443,613.393,613.262,0
1913,533.617,303.835,424.401,556.329,613.164,612.607,0
1914,53.2998,59.1332,559.961,773.4,611.074,755.305,0
1915,33.0001,27.8946,85.0024,421.355,67.7266,405.49,0
1916,57.1997,60.2627,408.637,137.763,405.767,78.2397,0
1917,251.806,178.664,232.586,343.319,249.323,185.238,0
1918,323.211,227.373,479.472,413.142,630.363,334.126,0
1919,394.015,248.826,434.379,348.352,355.416,174.54,0
1920,176.502,154.653,147.417,558.18,149.517,706.374,0
1921,177.202,151.081,390.47,224.064,355.64,174.389,0
1922,76.8994,64.3408,306.931,761.74,311.626,818.398,0
1923,75.4994,63.8399,596.511,173.526,648.242,190.884,0
1924,80.7993,87.6115,234.615,727.223,152.426,706.857,0
1925,37.4,38.04,573.657,755.708,611.062,755.085,0
1926,106.799,96.4922,139.861,613.079,149.985,706.179,0
1927,325.011,208.909,492.712,415.397,630.268,333.975,0
1928,271.907,154.474,218.518,390.953,67.7316,405.631,0
1929,66.4996,48.7716,145.775,656.67,150.203,706.1,0
1930,349.212,172.859,260.917,636.528,150.267,706.137,0
1931,229.905,175.866,370.704,307.075,350.005,174.793,0
1932,262.807,188.027,428.942,304.102,355.389,174.392,0
1933,181.002,219.579,503.577,253.22,647.867,197.687,0
1934,11.5,12.1029,618.538,335.515,630.314,333.879,0
1935,133.999,107.022,515.977,600.524,613.325,612.437,0
1936,479.02,348.368,364.519,477.836,349.852,174.726,0
1937,999.903,403.401,476.033,633.773,476.618,633.515,1
1938,379.814,152.663,150.128,440.822,67.8302,405.306,0
1939,92.8992,73.0784,414.704,198.564,356.03,173.669,0
1940,30.1001,31.3132,623.018,134.135,653.463,130.046,0
1941,259.807,146.049,480.921,166.092,356.249,173.43,0
1942,138.199,153.437,529.001,210.878,647.952,191.377,0
1943,87.5992,87.2818,577.092,150.402,653.656,130.469,0
1944,0,0,614.504,613.325,614.504,613.325,0
1945,192.603,162.753,387.738,209.788,355.557,174.404,0
1946,999.903,128.908,466.143,326.572,466.598,326.855,1
1947,106.099,86.2149,247.061,779.956,311.396,818.475,0
1948,214.504,209.591,280.98,660.944,152.908,707.06,0
1949,50.4998,31.4974,100.609,401.915,67.7067,404.88,0
1950,59.9997,66.2513,603.407,250.147,635.825,282.345,0
1951,3.8,2.76465,149.239,703.588,150.066,706.224,0
1952,47.3998,53.9385,312.111,771.875,311.387,818.47,0
1953,204.903,215.639,413.033,665.657,313.302,818.175,0
1954,24.8001,27.0966,299.489,800.154,311.761,818.34,0
1955,357.513,243.231,457.991,436.272,615.551,539.956,0
1956,34.3,28.6312,83.0639,422.079,67.764,405.014,0
1957,131.499,99.2132,164.22,397.507,67.7165,404.916,0
1958,26.6001,20.67,250.423,206.534,249.599,185.248,0
1959,137.799,136.586,117.219,499.998,67.699,405.464,0
1960,130.299,100.182,451.531,179.513,356.042,173.63,0
1961,412.316,242.031,484.898,483.332,615.534,540.016,0
1962,98.2991,125.494,519.763,736.691,611.167,755.162,0
1963,293.609,146.659,225.728,313.408,249.226,185.102,0
1964,174.201,118.731,170.031,375.835,67.7072,404.953,0
1965,89.6992,79.7122,580.919,348.34,630.319,333.867,0
1966,41.6999,50.8047,616.131,250.957,635.888,282.417,0
1967,22.3,26.984,625.351,211.055,648.382,198.136,0
1968,148.8,129.597,333.853,275.667,350.018,174.811,0
1969,68.2995,58.4023,555.719,615.997,613.253,612.531,0
1970,270.307,119.719,161.734,426.025,67.7089,404.755,0
1971,458.719,235.555,236.948,456.194,67.6217,405.858,0
1972,323.01,168.701,248.093,643.641,150.331,706.143,0
1973,209.704,112.972,179.02,401.363,67.8216,405.37,0
1974,308.41,200.464,471.045,540.511,613.307,612.359,0
1975,20,22.1261,377.153,178.481,355.767,174.256,0
1976,124.599,105.856,264.651,287.902,250.128,184.992,0
1977,144.4,124.361,343.35,271.669,349.713,174.724,0
1978,8.4,6.95673,352.078,182.798,352.535,175.743,0
1979,999.903,231.135,450.516,237.89,450.176,237.698,1
1980,75.9994,60.7984,595.662,694.549,612.353,751.892,0
1981,157.6,166.735,408.858,706.81,313.341,818.195,0
1982,27.1001,25.0067,594.082,551.534,616.264,541.923,0
1983,70.0995,66.5955,267.685,785.872,310.944,818.678,0
1984,388.314,255.078,444.439,331.819,356.116,173.481,0
1985,359.413,281.505,285.733,455.499,67.181,403.591,0
1986,315.81,242.834,311.837,385.05,250.353,184.949,0
1987,346.812,171.998,485.179,662.188,613.401,613.349,0
1988,313.21,264.732,294.846,424.46,67.4043,403.96,0
1989,208.003,205.64,526.01,509.838,615.484,540.071,0
1990,569.508,364.588,398.882,520.927,615.578,540.263,0
1991,107.299,112.5,94.2922,482.285,67.6962,405.531,0
1992,828.145,373.602,286.169,506.661,150.321,706.068,0
1993,76.2994,62.0773,128.544,395.354,67.6555,404.846,0
1994,372.514,264.085,287.925,443.328,67.2365,403.557,0
1995,196.103,132.842,429.104,249.261,355.572,174.321,0
1996,178.202,156.32,536.811,447.49,615.559,540.018,0
1997,350.812,243.833,463.806,457.32,615.47,540.127,0
1998,134.799,100.075,557.827,315.834,630.389,333.833,0
1999,272.307,190.224,159.734,542.286,150.302,706.079,0
2000,442.918,309.849,386.21,434.378,349.755,174.655,0
2001,290.709,182.758,507.277,313.247,630.319,334.14,0
2002,371.813,226.579,498.468,243.495,356.334,173.18,0
2003,225.105,175.605,517.252,438.637,615.638,539.735,0
2004,157.2,131.203,533.159,139.436,653.499,129.81,0
2005,26.8001,28.3668,582.827,804.683,606.693,811.2,0
2006,168.201,149.446,142.172,465.177,67.6888,405.475,0
2007,9.3,10.3146,620.29,335.49,630.37,333.81,0
2008,441.418,205.019,214.334,455.491,67.7303,405.616,0
2009,84.0993,88.4181,302.323,224.916,349.499,174.56,0
2010,67.6995,50.9482,589.734,644.922,613.33,613.183,0
2011,446.618,218.977,452.793,681.267,613.158,612.963,0
2012,294.809,209.744,192.531,533.335,150.709,706.157,0
2013,31.5001,31.9131,602.107,568.954,616.465,542.615,0
2014,22.2,19.1944,270.993,189.259,253.097,183.491,0
2015,56.4997,77.2246,327.505,744.086,312.522,818.042,0
2016,373.014,190.882,224.702,586.822,150.273,706.109,0
2017,154.3,121.206,525.446,361.695,630.357,334.44,0
2018,102.599,88.1429,544.567,597.202,613.156,612.643,0
2019,296.609,151.741,237.657,630.635,150.708,706.179,0
2020,27.7001,37.7457,612.291,180.79,647.888,191.668,0
2021,458.819,293.69,264.367,478.389,67.7216,404.833,0
2022,367.313,219.459,453.71,336.853,355.79,174.139,0
2023,223.604,174.989,464.929,575.912,613.263,612.379,0
2024,178.602,143.214,363.789,269.781,349.564,174.589,0
2025,590.403,416.45,378.573,513.562,615.513,540.002,0
2026,11.4,12.6838,410.88,89.6725,407.527,77.4398,0
2027,22.9001,26.6233,623.798,208.672,647.826,197.581,0
2028,12.9,14.2771,403.224,92.2667,405.954,78.2184,0
2029,57.3997,57.5269,602.054,166.579,647.67,192.021,0
2030,112.299,92.76,561.143,127.085,653.619,129.582,0
2031,58.4997,63.9283,419.252,139.528,405.951,78.1307,0
2032,440.018,261.53,457.917,466.553,615.537,540.208,0
2033,46.1999,54.1933,577.423,338.858,630.301,334.052,0
2034,374.514,250.896,291.303,431.412,67.4699,404.266,0
2035,518.72,329.999,441.753,508.267,615.565,540.144,0
2036,347.212,219.769,224.181,474.045,67.7317,405.575,0
2037,192.103,154.959,299.157,311.341,250.746,184.683,0
2038,148.4,119.506,469.324,180.274,356.208,173.331,0
2039,134.799,103.398,162.246,386.24,67.6743,404.844,0
2040,99.4991,99.5571,221.591,680.774,152.006,706.797,0
2041,251.206,145.141,438.479,260.399,355.625,174.315,0
2042,436.117,249.803,447.717,395.07,630.274,334.145,0
2043,305.009,154.717,498.217,171.341,356.21,173.233,0
2044,46.9999,47.7801,591.961,709.371,612.333,752.204,0
2045,232.705,293.716,332.741,422.087,251.687,184.332,0
2046,147.5,121.727,179.576,259.811,248.719,184.918,0
2047,354.112,234.24,351.966,361.193,350.016,174.77,0
2048,232.505,220.424,421.928,706.795,312.917,817.977,0
2049,243.306,189.179,155.469,520.114,67.6177,405.844,0
2050,2.4,1.55561,351.808,164.396,352.178,165.905,0
2051,250.006,182.744,177.491,553.549,150.712,706.159,0
2052,288.908,283.738,185.494,519.958,149.79,706.304,0
2053,141.799,117.699,536.766,703.266,612.214,752.369,0
2054,43.2999,49.0322,581.618,338.054,630.25,334.35,0
2055,41.0999,35.6487,286.957,191.232,253.464,182.529,0
2056,29.9001,29.302,604.925,567.206,617.096,543.626,0
2057,32.9001,37.7326,617.274,136.903,653.458,129.982,0
2058,13.9,14.6653,339.027,184.494,350.182,174.921,0
2059,151.8,127.796,151.309,590.703,149.925,706.156,0
2060,373.214,236.914,410.594,342.968,355.43,174.498,0
2061,79.9994,102.798,571.949,235.119,647.914,197.676,0
2062,336.711,191.328,252.971,633.466,150.335,706.082,0
2063,59.7997,66.468,559.168,790.252,607.414,809.472,0
2064,248.106,142.392,201.446,414.772,67.6912,404.854,0
2065,124.099,144.226,526.9,191.077,648.045,190.982,0
2066,508.622,261.02,283.037,574.052,150.254,706.101,0
2067,322.51,236.065,458.9,432.967,615.547,540.21,0
2068,335.411,245.064,483.664,515.175,613.176,612.673,0
2069,123.799,128.927,553.86,453.759,615.474,540.194,0
2070,100.299,124.529,302.038,282.136,250.922,184.74,0
2071,368.813,265.793,436.715,354.09,356.227,173.373,0
2072,367.113,279.729,300.405,451.721,67.5237,404.463,0
2073,172.601,139.753,585.35,386.05,630.295,334.067,0
2074,375.114,157.225,159.927,457.79,67.8008,405.131,0
2075,98.1991,80.2644,265.773,263.57,249.925,185.131,0
2076,31.0001,18.2572,266.52,197.112,252.935,183.817,0
2077,248.006,183.771,299.799,335.637,250.896,184.746,0
2078,257.507,193.226,207.112,570.201,150.779,706.257,0
2079,158.8,133.924,141.138,477.076,67.7548,405.286,0
2080,158,91.3616,542.497,636.42,613.222,612.902,0
2081,0,0,611.712,808.229,611.712,808.229,0
2082,119.899,134.129,349.223,692.203,312.912,817.988,0
2083,204.303,206.158,519.563,507.783,615.562,540.205,0
2084,369.413,244.187,463.591,462.807,615.661,539.455,0
2085,112.099,79.8356,431.173,177.171,356.206,173.382,0
2086,180.002,185.934,515.143,193.251,648.395,190.777,0
2087,200.703,192.327,280.764,648.97,151.727,706.739,0
2088,198.003,154.7,181.653,350.534,67.6772,404.783,0
2089,184.502,127.039,465.007,194.059,356.123,173.537,0
2090,22,28.379,601.338,523.217,615.681,540.364,0
2091,113.599,86.9858,563.924,361.892,630.35,333.762,0
2092,211.704,122.275,217.206,626.4,150.178,706.058,0
2093,65.0996,50.3168,602.534,132.214,653.577,129.691,0
2094,184.702,138.346,349.593,289.428,349.455,174.527,0
2095,295.809,155.098,489.529,164.496,355.436,174.541,0
2096,218.804,131.415,520.565,646.334,613.318,612.373,0
2097,40.3,48.832,603.003,213.933,647.977,197.882,0
2098,729.269,366.012,335.108,510.046,150.3,706.182,0
2099,197.003,105.879,233.116,285.933,249.238,185.118,0
2100,375.614,243.573,451.391,442.979,615.607,539.667,0
2101,60.2997,57.1303,602.821,165.466,647.621,191.859,0
2102,169.001,122.106,457.393,156.684,355.887,174.011,0
2103,419.216,227.772,470.304,365.706,630.251,334.129,0
2104,259.507,180.593,505.436,391.672,630.293,334.09,0
2105,169.101,167.576,293.44,697.691,310.663,818.791,0
2106,78.9994,104.793,295.431,259.724,250.873,184.748,0
2107,324.811,228.571,351.135,359.52,349.658,174.664,0
2108,361.213,256.156,467.073,502.73,613.298,612.451,0
2109,75.2994,71.1825,414.234,146.253,356.207,173.244,0
2110,171.001,101.417,162.803,405.721,67.662,404.872,0
2111,126.199,91.5096,284.939,754.951,311.389,818.455,0
2112,341.612,241.272,485.881,504.764,613.312,612.551,0
2113,69.6995,84.8489,331.692,736.12,312.512,818.029,0
2114,552.712,299.141,318.316,545.583,150.304,706.075,0
2115,324.811,226.094,259.379,421.745,67.4692,404.337,0
2116,129.999,103.604,293.721,735.945,311.028,818.716,0
2117,270.607,201.26,344.905,329.965,349.37,174.491,0
2118,169.801,119.049,436.582,226.515,355.531,174.449,0
2119,406.716,261.466,294.303,422.185,67.5605,404.458,0
2120,162.801,143.868,607.594,446.6,615.738,539.443,0
2121,42.1999,46.7052,581.353,726.435,612.217,752.596,0
2122,179.402,176.348,533.133,482.921,615.601,540.4,0
2123,247.306,182.449,353.839,325.321,349.845,174.702,0
2124,91.8992,86.7034,540.404,603.159,613.183,612.57,0
2125,264.307,188.111,292.521,343.781,250.289,184.897,0
2126,207.403,139.673,516.459,569.185,613.19,612.65,0
2127,396.315,227.647,467.417,376.431,630.271,334.121,0
2128,119.199,104.959,141.178,606.227,149.626,706.328,0
2129,114.899,121.055,89.7072,483.708,67.7557,405.434,0
2130,422.817,299.283,405.969,396.843,349.872,174.71,0
2131,6.7,6.8624,599.651,810.158,606.211,812.165,0
2132,592.802,385.603,405.951,524.867,615.47,540.214,0
2133,65.3996,45.7175,221.044,212.379,248.156,184.698,0
2134,307.61,174.05,448.806,277.847,356.212,173.229,0
2135,481.22,256.226,393.637,632.497,613.285,612.498,0
2136,39.7,38.1954,393.028,170.307,356.095,173.413,0
2137,456.119,228.226,452.631,696.086,613.344,613.078,0
2138,83.1993,109.006,584.195,267.584,648.071,198.025,0
2139,1.7,0.871397,605.854,814.795,606.671,814.493,0
2140,292.509,185.442,278.963,350.928,249.534,185.199,0
2141,36.3,44.9937,608.061,215.576,648.391,198.098,0
2142,320.31,215.115,422.816,319.98,355.592,174.348,0
2143,64.9996,58.1442,601.341,175.419,647.73,191.901,0
2144,92.7992,76.3979,188.525,211.499,248.42,184.764,0
2145,131.299,94.055,560.275,320.279,630.251,333.867,0
2146,377.214,277.132,463.212,491.733,613.437,612.324,0
2147,114.599,77.5295,430.292,179.382,356.227,173.229,0
2148,378.014,255.329,514.039,475.785,615.594,539.557,0
2149,63.7996,66.962,407.939,147.553,355.805,174.328,0
2150,520.12,363.356,446.459,528.946,613.254,612.784,0
2151,234.105,213.767,604.012,385.021,615.505,540.223,0
2152,83.6993,84.7483,542.45,602.205,613.285,612.503,0
2153,38.2,39.2531,407.45,116.313,406.316,78.1386,0
2154,117.999,91.4913,557.021,321.862,630.447,333.844,0
2155,24.0001,28.1752,285.62,809.483,311.614,818.401,0
2156,125.099,116.056,361.23,231.115,349.529,174.63,0
2157,1.2,0.461183,611.733,752.681,611.971,752.834,0
2158,38.3,36.0378,390.978,178.704,355.842,174.348,0
2159,202.003,122.693,538.172,659.064,613.256,613.158,0
2160,377.914,229.418,427.093,335.886,355.848,173.92,0
2161,660.386,335.128,320.338,518.373,150.342,706.127,0
2162,191.002,226.088,496.271,260.336,648.126,198.025,0
2163,103.699,122.27,552.805,191.405,648.232,190.864,0
2164,429.217,251.934,395.753,645.903,613.436,612.323,0
2165,181.402,157.629,273.29,694.973,152.879,707.117,0
2166,76.1994,64.343,589.324,126.582,653.61,129.584,0
2167,332.611,189.321,163.012,511.71,67.5976,405.728,0
2168,453.918,253.849,434.312,391.846,630.377,333.825,0
2169,84.4993,67.2179,294.793,768.999,311.355,818.47,0
2170,78.9994,70.6793,551.444,741.05,611.877,753.082,0
2171,335.011,236.356,308.494,383.901,249.943,185.11,0
2172,449.718,333.632,320.957,481.539,67.4216,406.193,0
2173,232.405,236.867,323.591,377.831,250.538,184.778,0
2174,124.899,111.677,122.346,614.112,149.906,706.171,0
2175,198.003,165.803,500.98,137.681,653.639,129.595,0
2176,520.22,332.8,397.321,454.35,615.568,540.072,0
2177,139.499,113.666,258.144,293.426,249.658,185.228,0
2178,385.214,196.573,494.542,682.924,613.263,613.095,0
2179,157.5,150.306,282.703,705.028,311.461,818.374,0
2180,35.9,35.5187,575.86,819.294,602.426,833.305,0
2181,371.713,255.704,444.462,441.039,615.608,539.714,0
2182,79.2994,62.5625,203.188,214.643,248.094,184.689,0
2183,292.509,270.295,347.799,565.874,313.307,818.173,0
2184,78.8994,68.8279,264.696,250.288,249.44,185.238,0
2185,160.401,161.586,264.931,666.346,151.693,706.552,0
2186,265.407,157.988,181.853,308.801,248.564,184.842,0
2187,83.4993,91.2807,211.457,679.598,151.655,706.632,0
2188,440.618,341.384,323.217,491.406,67.4645,404.258,0
2189,121.999,146.757,316.523,695.734,312.499,818,0
2190,274.408,161.913,191.531,344.169,67.7295,404.848,0
2191,359.813,233.814,465.101,254.829,355.304,174.522,0
2192,436.017,351.504,324.292,482.352,67.4998,404.406,0
2193,46.4999,54.3285,266.995,235.135,250.288,184.949,0
2194,280.308,169.222,507.693,389.668,630.359,334.05,0
2195,237.205,145.653,480.596,168.649,356.285,173.026,0
2196,453.918,216.571,276.652,596.881,150.252,706.183,0
2197,22.9001,23.6418,606.669,561.72,616.961,543.44,0
2198,441.218,334.731,314.364,488.059,67.4081,406.205,0
2199,427.817,285.753,266.28,470.296,67.6292,404.588,0
2200,67.6995,38.9939,229.392,217.528,248.49,184.804,0
2201,547.213,246.353,450.126,655.131,613.167,612.684,0
2202,262.107,191.052,299.765,326.665,250.98,184.583,0
2203,387.614,247.472,464.362,343.965,355.833,174.298,0
2204,73.3995,85.6327,533.404,779.479,611.108,755.102,0
2205,80.0993,74.1775,420.069,146.803,356.112,173.555,0
2206,444.218,228.592,414.816,641.701,613.187,612.767,0
2207,61.8996,72.4773,592.73,191.172,647.721,197.149,0
2208,14.8,15.2805,634.539,204.354,647.908,197.654,0
2209,110.199,130.567,526.628,736.774,611.151,755.14,0
2210,88.6992,109.168,568.137,229.469,647.859,197.824,0
2211,125.099,106.093,547.224,122.188,653.493,130.195,0
2212,27.5001,34.3837,265.366,215.302,252.127,184.137,0
2213,196.703,157.17,477.602,586.402,613.257,612.49,0
2214,87.2992,102.474,237.356,709.632,152.721,706.959,0
2215,277.508,283.161,183.912,521.844,149.858,706.211,0
2216,376.414,154.352,162.793,461.299,67.7881,405.141,0
2217,141.599,104.87,544.19,589.06,613.311,612.536,0
2218,123.799,86.5163,541.756,634.188,613.164,612.769,0
2219,5.1,4.91055,631.239,283.869,635.795,282.042,0
2220,54.4997,43.4506,141.55,664.363,150.2,706.114,0
2221,31.8001,28.6157,403.608,106.324,405.591,78.1362,0
2222,143.7,156.497,257.812,665.844,151.765,706.737,0
2223,45.7999,60.6602,594.9,226.008,648.387,198.068,0
2224,291.809,176.415,452.94,606.62,613.352,612.386,0
2225,271.707,184.613,527.657,403.273,630.371,334.152,0
2226,197.503,154.918,141.75,455.621,67.723,405.511,0
2227,445.818,203.7,450.179,651.011,613.288,613.118,0
2228,86.6992,71.9298,415.763,148.065,356.16,173.321,0
2229,440.218,206.728,461.983,662.062,613.304,612.429,0
2230,299.209,226.857,471.6,427.567,615.586,539.674,0
2231,378.614,238.569,463.801,339.77,356.194,173.209,0
2232,131.199,131.101,302.022,292.269,250.532,184.793,0
2233,61.2996,54.2667,407.53,182.31,355.786,174.345,0
2234,326.211,237.575,480.927,467.851,615.553,540.205,0
2235,343.812,224.71,482.354,516.089,613.231,612.821,0
2236,100.299,73.8117,596.55,355.977,630.399,334.526,0
2237,204.903,108.48,232.551,288.236,249.001,185.026,0
2238,308.41,244.808,458.028,427.004,615.606,540.239,0
2239,608.798,348.762,306.198,501.748,150.311,706.159,0
2240,47.9998,25.7894,267.827,205.418,252.823,183.934,0
2241,309.51,227.895,503.59,476.979,615.57,539.643,0
2242,173.801,146.461,485.307,587.02,613.26,612.467,0
2243,247.106,145.925,446.902,248.326,355.774,174.241,0
2244,90.7992,69.8488,196.652,214.896,249.13,185.084,0
2245,70.0995,77.1483,552.395,784.682,611.062,755.081,0
2246,51.7998,67.1097,576.265,502.715,615.681,540.297,0
2247,451.618,305.403,425.908,429.296,615.494,539.991,0
2248,83.6993,88.4069,540.991,746.721,611.108,755.402,0
2249,288.508,178.978,450.649,275.709,355.493,174.443,0
2250,25.4001,28.762,624.804,134.745,653.537,129.966,0
2251,34.5,35.4443,413.376,112.744,406.008,78.19,0
2252,202.503,180.586,378.821,666.961,313.198,818.172,0
2253,218.504,157.373,185.178,346.255,67.5347,404.27,0
2254,167.601,121.969,454.739,155.022,356.335,173.222,0
2255,67.0995,87.4422,335.238,733.961,312.538,817.956,0
2256,485.92,300.012,406.917,565.912,613.332,612.509,0
2257,414.216,201.767,232.108,430.059,67.8133,405.135,0
2258,140.399,157.196,344.957,668.711,313.483,818.333,0
2259,144.6,181.376,531.57,267.816,647.93,197.771,0
2260,15.9,16.3315,268.014,190.058,253.085,183.413,0
2261,86.3993,86.8041,211.255,676.556,150.577,706.158,0
2262,409.216,289.528,430.662,375.471,355.823,174.311,0
2263,561.31,295.502,297.843,549.506,150.341,706.167,0
2264,371.913,260.09,366.138,401.586,349.354,174.534,0
2265,402.715,204.1,440.329,645.534,613.351,613.162,0
2266,71.2995,40.5962,225.145,214.031,249.025,184.995,0
2267,358.713,259.816,341.327,392.133,349.835,174.676,0
2268,172.301,146.732,599.787,451.442,615.628,539.743,0
2269,57.2997,60.429,300.673,771.975,311.711,818.441,0
2270,369.513,237.591,261.328,435.289,67.6136,404.669,0
2271,72.6995,87.3498,234.76,728.156,152.387,706.919,0
2272,398.615,229.983,473.424,421.247,630.251,334.074,0
2273,95.8991,69.2533,585.059,663.533,613.257,613.219,0
2274,199.503,172.193,538.933,420.431,615.624,539.714,0
2275,147.8,142.853,257.937,694.586,151.518,706.61,0
2276,383.114,260.986,459.115,499.361,613.264,613.08,0
2277,267.507,156.448,446.799,258.173,355.495,174.43,0
2278,76.9994,68.1005,418.438,179.802,355.736,174.314,0
2279,338.411,165.102,505.326,688.754,613.328,613.161,0
2280,136.799,107.196,423.555,230.373,356.32,172.998,0
2281,423.617,301.62,356.431,447.54,349.48,174.458,0
2282,500.721,310.367,408.585,469.91,615.633,540.342,0
2283,280.508,186.086,187.378,563.488,150.717,706.208,0
2284,136.399,134.632,366.232,253.023,349.749,174.654,0
2285,197.703,162.383,372.353,280.674,349.476,174.63,0
2286,190.802,165.969,500.255,143.187,653.596,130.339,0
2287,328.911,225.312,215.714,490.358,67.4379,406.209,0
2288,455.919,325.368,346.794,457.978,349.888,174.724,0
2289,119.999,101.336,543.153,711.905,612.119,752.594,0
2290,130.899,110.344,543.934,662.362,613.278,613.171,0
2291,216.904,130.325,465.478,170.015,356.121,173.429,0
2292,238.105,173.362,176.12,561.6,150.778,706.337,0
2293,142.499,122.362,592.548,441.834,615.495,540.051,0
2294,20.7,20.939,88.0873,400.775,67.7487,404.948,0
2295,127.899,101.057,138.643,605.434,149.905,706.213,0
2296,192.503,174.53,377.246,671.006,312.812,817.974,0
2297,34.6,36.3833,617.603,136.811,653.505,130.098,0
2298,30.9001,31.9317,387.176,171.274,356.026,173.684,0
2299,163.801,155.699,308.184,693.401,312.749,817.953,0
2300,154.7,185.323,515.838,291.611,648.035,197.955,0
2301,161.401,132.899,563.381,400.736,630.29,334.048,0
2302,395.815,287.535,355.873,418.991,349.55,174.641,0
2303,11.4,13.6805,252.403,198.426,249.265,185.157,0
2304,338.711,233.676,501.475,481.669,615.639,539.703,0
2305,61.0996,63.962,594.301,231.196,648.457,198.232,0
2306,280.108,202.737,497.826,575.34,613.369,613.253,0
2307,151.9,158.177,258.749,657.768,151.929,706.768,0
2308,96.6991,98.8312,99.1847,472.487,67.6594,405.537,0
2309,59.5997,53.8477,406.237,182.089,356.051,173.564,0
2310,278.808,253.757,361.857,595.525,312.217,818.228,0
2311,218.204,153.518,160.094,474.508,67.6889,405.542,0
2312,241.006,172.502,243.331,336.149,249.673,185.167,0
2313,356.413,245.917,280.604,433.766,67.47,404.322,0
2314,108.599,88.5432,247.08,779.635,310.605,818.821,0
2315,156.6,119.866,523.155,359.262,630.275,334.126,0
2316,20.9,22.5639,611.423,325.127,630.354,333.987,0
2317,51.4998,57.5397,410.204,162.486,355.842,174.215,0
2318,67.2995,62.2027,598.946,178.196,647.673,191.746,0
2319,531.417,229.72,304.036,648.55,150.341,706.085,0
2320,82.4993,87.2881,211.274,676.699,150.5,706.142,0
2321,339.912,220.671,200.35,461.809,67.5376,406.14,0
2322,251.006,138.392,201.708,394.188,67.7275,405.541,0
2323,544.214,340.864,408.361,503.088,615.474,540.139,0
2324,156.9,109.351,515.344,595.09,613.339,612.484,0
2325,4.6,3.95905,405.942,82.1088,405.933,78.1497,0
2326,39.5,35.6846,391.242,175.9,355.837,174.31,0
2327,220.204,158.22,162.544,478.262,67.6216,405.756,0
2328,32.3001,33.6484,617.495,210.449,647.779,197.64,0
2329,97.1991,83.6159,545.294,634.263,613.176,612.905,0
2330,154,142.442,524.424,146.453,653.614,129.75,0
2331,94.1991,102.679,524.013,755.054,611.132,755.169,0
2332,276.908,204.929,435.312,313.937,355.623,174.444,0
2333,203.103,121.441,218.247,301.733,249.322,185.203,0
2334,146.3,120.473,543.97,679.056,613.299,613.187,0
2335,15.3,15.2095,253.06,199.687,249.749,185.12,0
2336,345.212,237.95,306.421,377.265,249.147,185.091,0
2337,84.8993,102.137,326.594,724.861,312.144,818.166,0
2338,461.319,261.211,465.694,473.623,615.632,540.277,0
2339,71.9995,64.966,597.62,148.552,653.588,130.33,0
2340,229.105,181.367,476.798,559.988,613.16,612.573,0
2341,153.5,141.394,500.31,718.655,611.804,753.464,0
2342,199.703,122.117,175.067,376.49,67.5474,404.693,0
2343,34.2001,37.6289,603.592,574.639,616.356,542.261,0
2344,367.613,233.925,472.084,367.519,630.315,334.084,0
2345,37.8,34.4757,284.985,196.362,253.205,183.365,0
2346,203.503,211.275,333.167,362.335,251.181,184.503,0
2347,56.9997,47.1999,606.652,130.679,653.552,129.591,0
2348,27.2001,34.0148,591.205,528.401,615.652,540.256,0
2349,378.614,236.246,455.542,382.253,630.31,334.123,0
2350,303.209,155.906,240.972,624.364,149.958,706.152,0
2351,221.404,142.616,290.782,306.959,250.796,184.73,0
2352,214.504,185.575,511.168,444.334,615.641,540.263,0
2353,449.918,265.876,437.941,390.824,630.382,334.112,0
2354,248.306,187.248,521.451,427.036,630.277,334.096,0
2355,1.6,0.773876,401.491,76.8479,402.151,76.4431,0
2356,212.604,111.053,231.471,291.721,248.997,184.988,0
2357,496.121,321.501,411.358,471.13,615.633,540.308,0
2358,474.32,339.577,375.458,467.47,349.798,174.726,0
2359,136.199,114.355,119.613,613.244,149.916,706.231,0
2360,5,4.35574,71.3006,408.216,67.2321,406.663,0
2361,69.7995,65.0919,411.667,192.31,355.809,174.29,0
2362,35.1,37.6831,144.38,669.49,150.254,706.121,0
2363,82.1993,94.7451,235.675,717.087,152.365,706.902,0
2364,999.903,249.091,584.573,318.564,581.149,325.636,1
2365,121.699,93.983,419.608,218.642,356.136,173.629,0
2366,0,0,247.429,179.581,247.429,179.581,0
2367,22.5,22.6493,152.045,683.723,150.331,706.058,0
2368,188.702,188.948,336.268,641.071,312.29,818.11,0
2369,50.4998,48.3938,603.198,293.888,635.989,282.556,0
2370,277.708,171.078,192.828,338.248,67.6231,404.585,0
2371,273.107,194.863,439.793,311.825,355.445,174.475,0
2372,494.421,276.624,464.36,465.949,615.493,540.248,0
2373,404.415,259.592,446.769,393.596,630.34,334.106,0
2374,35,38.7873,612.71,212.867,647.906,197.64,0
2375,6.1,5.90094,73.4087,402.7,67.5767,404.459,0
2376,37.3,44.0263,610.055,217.264,648.405,198.158,0
2377,171.701,177.411,515.554,196.447,647.638,191.982,0
2378,212.904,193.854,159.18,543.065,149.859,706.26,0
2379,354.912,273.087,450.846,413.083,615.568,539.809,0
2380,61.5996,62.8306,342.243,198.21,349.773,174.722,0
2381,308.01,188.61,182.063,470.786,67.5496,406.077,0
2382,279.508,258.912,349.265,584.263,313.45,818.269,0
2383,45.4999,43.152,140.877,665.488,150.312,706.094,0
2384,44.8999,42.2512,614.189,190.901,647.655,191.832,0
2385,95.4991,120.371,516.308,740.19,611.057,755.115,0
2386,108.299,85.8074,543.284,600.669,613.176,612.69,0
2387,335.211,213.508,478.1,406.842,630.306,334.14,0
2388,223.304,170.264,357.75,319.995,349.716,174.698,0
2389,321.71,170.253,172.059,298.168,248.548,184.821,0
2390,88.4992,68.1569,197.7,213.517,248.139,184.666,0
2391,99.4991,93.3165,525.003,608.294,613.339,612.494,0
2392,83.5993,97.7834,235.917,714.05,152.551,707.005,0
2393,31.1001,35.7392,575.937,806.876,606.662,811.055,0
2394,10.8,10.6402,620.112,336.006,630.32,334.146,0
2395,474.02,319.338,408.134,477.115,615.568,540.301,0
2396,7.5,7.13644,349.535,182.322,351.6,175.492,0
2397,171.201,160.514,260.856,655.604,152.74,707.097,0
2398,192.003,230.477,493.05,260.246,647.895,197.686,0
2399,6.2,5.95349,605.233,755.937,611.074,755.216,0
2400,94.0991,87.9014,528.27,609.332,613.404,612.324,0
2401,154.8,122.59,542.996,688.59,612.362,751.944,0
2402,247.106,158.524,278.997,328.444,250.454,184.822,0
2403,72.4995,64.2397,559.028,610.022,613.283,612.388,0
2404,358.213,163.174,218.716,415.519,67.7003,405.577,0
2405,81.9993,88.5856,539.271,746.852,611.224,754.929,0
2406,117.299,123.301,242.743,685.666,151.836,706.706,0
2407,49.8998,52.8628,324.508,208.033,350.276,174.939,0
2408,313.91,161.076,236.14,607.123,150.042,706.189,0
2409,154,125.114,259.434,744.57,310.675,818.752,0
2410,434.317,244.97,283.07,432.059,67.7382,405.505,0
2411,52.8998,64.3575,594.286,199.272,647.761,197.377,0
2412,312.41,199.533,483.849,297.577,630.358,334.123,0
2413,301.609,192.88,477.877,307.929,630.36,334.141,0
2414,352.412,184.769,488.754,663.038,613.215,612.58,0
2415,105.999,127.915,580.451,283.506,648.169,198.006,0
2416,21.9,25.9447,624.629,209.166,647.873,197.705,0
2417,85.1993,82.5642,216.611,698.365,151.942,706.692,0
2418,289.808,194.596,241.374,365.867,67.7486,404.804,0
2419,0.6,0.139492,652.488,189.81,652.441,189.941,0
2420,271.407,152.37,188.651,312.099,248.393,184.781,0
2421,440.118,215.888,224.888,415.807,67.639,405.651,0
2422,154,149.629,272.622,701.876,152.29,706.882,0
2423,13.8,14.3109,408.372,92.186,405.77,78.1558,0
2424,165.501,95.9797,542.591,637.415,613.177,612.554,0
2425,187.902,141.98,511.342,121.348,653.573,129.687,0
2426,409.416,339.286,306.427,498.435,67.3771,404.003,0
2427,401.815,243.469,416.78,345.448,355.932,174.039,0
2428,616.996,268.763,290.63,562.296,150.339,706.148,0
2429,228.905,114.677,182.929,402.998,67.684,405.546,0
2430,204.803,137.341,199.485,391.561,67.7497,404.751,0
2431,294.909,191.161,298.969,343.653,250.673,184.814,0
2432,290.208,166.333,501.147,163.544,355.95,173.848,0
2433,0,0,631.143,332.234,631.143,332.234,0
2434,59.0997,42.5348,222.011,208.639,248.434,184.839,0
2435,20.9,19.9936,590.517,804.364,607.181,809.769,0
2436,45.7999,46.7445,571.169,771.438,611.209,755.449,0
2437,286.608,181.044,504.211,313.32,630.362,334.137,0
2438,298.609,223.914,467.75,442.007,615.485,540.035,0
2439,392.915,246.853,479.513,469.683,615.644,539.742,0
2440,393.715,275.69,363.567,411.917,349.675,174.579,0
2441,133.399,109.954,282.875,274.995,249.497,185.186,0
2442,93.1992,79.9238,574.11,131.638,653.628,129.663,0
2443,198.603,147.78,241.791,323.541,249.72,185.224,0
2444,355.112,224.157,221.326,475.098,67.6277,405.839,0
2445,52.2998,52.429,324.182,208.172,349.726,174.726,0
2446,58.2997,69.5194,594.015,192.568,647.758,197.451,0
2447,8.5,9.20905,600.303,805.61,606.533,811.433,0
2448,497.521,237.1,276.867,581.456,150.258,706.108,0
2449,96.3991,75.409,577.766,693.224,612.271,752.093,0
2450,72.7995,67.5454,101.986,447.187,67.7114,405.509,0
2451,179.002,148.277,484.643,588.2,613.251,612.547,0
2452,106.799,132.182,541.723,188.253,647.95,190.954,0
2453,322.41,202.673,442.96,321.549,355.767,174.25,0
2454,334.711,187.663,250.144,397.241,67.6847,404.832,0
2455,61.9996,45.9273,299.34,186.271,253.25,183.256,0
2456,176.302,134.298,127.293,586.492,150.278,706.085,0
2457,83.5993,70.9919,584.272,124.812,653.603,129.625,0
2458,586.204,348.428,388.141,459.566,615.626,540.321,0
2459,100.699,95.8906,572.194,292.619,630.528,333.658,0
2460,320.41,200.031,471.312,276.505,356.45,172.733,0
2461,195.203,143.06,242.88,319.419,249.809,185.129,0
2462,3.6,3.01707,644.299,196.893,647.193,196.039,0
2463,22.8001,28.2225,320.62,791.306,313.361,818.243,0
2464,15.3,13.2303,608.061,551.562,616.854,543.546,0
2465,26.6001,32.448,618.492,210.481,647.97,198.004,0
2466,518.52,231.924,279.61,583.804,150.334,706.147,0
2467,323.811,207.536,504.425,519.552,613.336,612.531,0
2468,94.2991,84.4026,552.384,721.178,611.873,753.186,0
2469,173.001,151.982,513.667,690.89,612.315,752.348,0
2470,66.2996,52.5345,601.437,133.075,653.585,129.751,0
2471,5.9,6.05017,317.73,813.567,315.653,819.25,0
2472,286.808,199.456,345.187,335.933,349.694,174.61,0
2473,640.891,311.616,319.144,549.205,150.284,706.087,0
2474,599.701,349.558,304.053,504.159,150.289,706.151,0
2475,42.1999,50.7754,603.492,209.84,647.865,197.697,0
2476,172.601,204.837,522.847,245.683,647.863,197.658,0
2477,420.816,263.127,422.051,392.458,630.378,334.057,0
2478,25.8001,27.4721,605.349,565.509,616.934,543.419,0
2479,320.11,154.678,220.592,391.697,67.7223,405.588,0
2480,386.614,248.813,238.524,496.663,67.6208,405.876,0
2481,441.918,317.488,369.499,451.492,350.054,174.796,0
2482,348.812,227.469,480.017,466.644,615.741,539.518,0
2483,45.1999,59.4141,206.628,723.534,151.726,706.555,0
2484,555.211,323.971,398.266,563.183,613.157,612.767,0
2485,511.622,285.007,420.177,571.465,613.167,613.033,0
2486,534.017,325.188,421.596,491.503,615.597,540.334,0
2487,361.513,217.859,490.83,272.801,356.078,173.46,0
2488,261.807,171.915,232.64,344.184,249.483,185.216,0
2489,331.911,203.276,264.429,358.089,248.742,184.861,0
2490,457.719,224.872,243.222,426.864,67.8386,405.327,0
2491,109.899,120.832,228.3,693.014,151.863,706.668,0
2492,150.7,99.6262,221.14,277.637,248.658,184.944,0
2493,326.311,325.775,379.706,535.175,312.471,817.988,0
2494,284.008,212.775,386.272,333.64,349.8,174.695,0
2495,465.219,268.745,445.675,575.431,613.174,612.639,0
2496,30.4001,33.77,576.847,820.017,602.376,833.272,0
2497,98.7991,76.4943,551.379,733.374,611.973,753.088,0
2498,154.4,130.095,142.051,580.311,149.632,706.294,0
2499,237.005,212.085,512.346,505.697,615.626,540.299,0
2500,244.106,131.927,209.698,614.415,151.07,706.381,0
2501,319.61,234.34,462.958,432.646,615.652,539.648,0
2502,20,22.0829,260.623,204.469,252.152,184.127,0
2503,195.503,107.468,241.092,282.472,249.112,185.089,0
2504,147,113.523,527.097,358.191,630.437,334.345,0
2505,121.199,106.282,156.279,617.372,150.548,706.153,0
2506,35.1,21.795,271.496,194.878,252.854,183.832,0
2507,366.313,189.234,278.498,636.236,150.252,706.125,0
2508,190.702,141.361,558.086,401.972,630.338,334.131,0
2509,202.003,187.375,386.159,665.599,312.411,818.062,0
2510,463.119,335.152,365.456,470.332,349.916,174.785,0
2511,57.5997,37.3213,106.577,403.203,67.8292,405.005,0
2512,316.71,185.649,501.359,541.822,613.205,612.642,0
2513,31.7001,29.2517,596.836,777.834,611.211,755.575,0
2514,388.615,238.451,464.911,348.719,355.353,174.501,0
2515,119.799,130.431,248.915,687.025,151.708,706.579,0
2516,475.62,224.584,308.395,623.9,150.345,706.149,0
2517,512.322,340.099,407.384,578.853,613.256,612.508,0
2518,189.602,152.091,614.42,430.724,615.554,539.856,0
2519,99.1991,73.0037,598.002,358.622,630.396,334.549,0
2520,340.712,239.962,455.988,439.278,615.501,539.795,0
2521,279.108,216.738,389.015,328.096,349.57,174.615,0
2522,577.306,254.886,281.435,586.675,150.307,706.067,0
2523,149.2,153.847,308.742,693.548,312.015,818.2,0
2524,190.502,200.18,419.056,684.392,313.141,818.161,0
2525,531.817,349.549,397.369,451.988,615.626,540.358,0
2526,530.018,228.452,305.469,625.521,150.28,706.099,0
2527,343.212,140.556,200.405,413.952,67.5812,405.721,0
2528,44.7999,42.9837,574.823,770.653,611.232,755.536,0
2529,218.104,121.815,166.403,425.429,67.8014,405.022,0
2530,48.0998,52.9742,576.261,785.29,606.694,811.04,0
2531,161.101,160.802,313.761,684.792,311.887,818.295,0
2532,338.811,215.732,480.848,391.983,630.253,334.112,0
2533,72.3995,77.2593,289.992,226.894,250.359,184.884,0
2534,73.9994,97.7384,581.651,256.865,647.98,198.01,0
2535,370.713,139.838,493.887,619.758,613.201,612.751,0
2536,87.0992,76.5641,593.546,189.718,647.603,191.969,0
2537,262.007,159.37,444.159,143.715,356.26,173.047,0
2538,24.8001,25.0704,238.048,204.869,249.218,185.08,0
2539,73.6994,53.872,111.314,418.979,67.6862,404.853,0
2540,399.815,229.547,506.581,536.444,613.322,612.449,0
2541,168.201,181.555,408.421,695.758,313.457,818.322,0
2542,516.421,281.246,388.745,620.584,613.232,612.604,0
2543,90.7992,97.0198,219.093,679.075,151.683,706.639,0
2544,43.1999,43.1683,582.094,789.948,607.282,809.492,0
2545,338.111,200.6,473.785,393.223,630.3,334.07,0
2546,110.099,129.093,513.096,730.691,611.776,753.374,0
2547,57.0997,42.2077,223.269,208.381,248.597,184.914,0
2548,217.904,184.405,614.5,405.294,615.711,539.559,0
2549,9.8,10.0421,592.35,833.673,602.368,833.318,0
2550,209.204,131.693,480.836,175.027,356.267,173.127,0
2551,16.8,19.9201,597.623,766.297,611.176,755.007,0
2552,163.901,134.75,518.364,119.288,653.562,129.737,0
2553,474.22,221.253,306.042,624.739,150.256,706.093,0
2554,170.301,201.875,515.526,263.33,647.896,197.767,0
2555,347.412,216.142,473.82,258.649,355.807,174.304,0
2556,213.104,213.635,274.532,663.528,151.911,706.71,0
2557,193.603,127.738,549.531,295.377,630.284,334.082,0
2558,456.719,265.952,250.922,461.879,67.6792,405.57,0
2559,193.703,104.942,199.876,639.719,151,706.268,0
2560,87.6992,88.9396,213.129,676.748,150.513,706.128,0
2561,0,0,312.885,821.164,312.885,821.164,0
2562,103.199,80.7581,574.809,664.636,613.328,613.076,0
2563,414.516,178.053,476.889,670.006,613.159,612.879,0
2564,370.513,231.559,427.769,335.709,356.239,173.407,0
2565,299.609,224.668,207.129,533.334,149.993,706.198,0
2566,312.11,232.303,466.494,429.973,615.554,539.642,0
2567,266.307,239.433,367.38,608.048,312.513,818.027,0
2568,165.201,164.084,289.155,698.562,310.779,818.729,0
2569,26.9001,32.423,317.184,786.504,313.041,818.052,0
2570,179.602,126.024,469.235,174.019,356.04,173.59,0
2571,56.5997,68.8777,550.515,811.282,602.411,833.338,0
2572,321.61,201.558,249.199,414.611,67.4892,404.397,0
2573,0,0,639.877,285.878,639.877,285.878,0
2574,511.422,255.039,297.162,577.029,150.345,706.172,0
2575,2.2,1.15254,255.08,179.064,254.027,179.156,0
2576,46.6999,48.2257,81.396,439.868,67.6858,405.474,0
2577,23.6001,25.9752,318.327,792.676,312.674,817.974,0
2578,89.5992,65.2456,594.805,689.897,612.381,752.007,0
2579,487.621,260.953,426.696,594.338,613.295,613.137,0
2580,34.5,35.1812,258.477,218.128,249.808,185.107,0
2581,111.899,124.131,353.444,701.903,312.924,817.954,0
2582,350.312,166.667,195.283,445.248,67.5826,404.453,0
2583,440.918,269.631,451.541,477.826,615.473,539.95,0
2584,428.617,342.682,318.838,494.675,67.417,403.978,0
2585,148.3,128.937,526.16,120.438,653.507,130.231,0
2586,314.01,224.262,380.313,357.427,350.061,174.784,0
2587,360.713,250.633,217.002,512.771,67.5955,405.804,0
2588,161.301,138.913,310.228,296.283,250.937,184.732,0
2589,42.0999,50.9647,601.604,215.514,648.502,198.194,0
2590,131.999,110.072,162.315,618.643,150.133,706.129,0
2591,64.9996,67.546,410.276,148.162,356.147,173.451,0
2592,127.799,106.081,547.909,665.988,613.17,612.873,0
2593,106.399,114.972,582.898,446.555,615.652,540.064,0
2594,423.017,264.365,429.918,389.772,630.337,334.078,0
2595,125.899,115.946,171.935,622.02,150.001,706.213,0
2596,134.899,126.4,363.705,245.567,349.627,174.614,0
2597,7.3,6.72165,642.26,188.357,648.433,190.849,0
2598,0.2,0.0198026,615.726,759.166,615.73,759.147,0
2599,31.7001,30.2199,614.225,270.613,635.801,282.279,0
2600,117.799,132.658,350.632,694.045,312.969,818.068,0
2601,318.31,243.79,457.754,421.591,615.654,540.29,0
2602,109.299,118.809,265.743,734.791,152.67,707.002,0
2603,155.5,124.056,251.505,302.805,249.828,185.1,0
2604,130.899,145.101,528.001,192.424,648.104,191.001,0
2605,56.3997,45.0982,569.295,617.217,613.293,613.242,0
2606,104.599,79.173,588.074,678.021,612.351,751.911,0
2607,97.0991,100.211,578.787,455.01,615.595,539.592,0
2608,0,0,605.324,836.064,605.324,836.064,0
2609,463.119,292.985,429.983,415.191,630.298,334.141,0
2610,374.014,214.322,479.986,414.987,630.255,334.054,0
2611,165.001,127.325,528.573,670.663,613.35,613.071,0
2612,220.304,196.526,373.263,650.828,312.644,818.025,0
2613,123.099,115.719,566.425,451.047,615.612,539.685,0
2614,12.5,12.2452,407.652,89.6184,405.561,78.0751,0
2615,42.3999,50.9703,562.708,759.647,611.234,754.814,0
2616,257.607,190.863,348.955,327.093,349.874,174.677,0
2617,48.8998,65.5123,328.678,755.111,312.794,817.98,0
2618,5.6,4.18362,358.781,177.224,355.592,174.369,0
2619,347.012,225.06,478.985,415.793,630.379,334.13,0
2620,208.404,142.887,520.107,377.895,630.353,334.079,0
2621,128.099,93.6778,554.675,320.467,630.342,333.885,0
2622,167.701,108.317,214.388,259.33,248.136,184.665,0
2623,127.499,87.5452,586.445,359.369,630.377,334.423,0
2624,180.202,217.439,510.194,250.57,648.239,198.049,0
2625,482.52,264.264,465.039,477.414,615.561,539.646,0
2626,363.713,251.563,351.563,370.804,349.45,174.518,0
2627,230.405,141.594,437.099,260.388,355.487,174.431,0
2628,999.903,161.05,232.589,778.817,224.253,739.749,1
2629,933.319,420.743,320.708,538.889,150.334,706.184,0
2630,312.81,180.923,247.161,395.189,67.6482,404.507,0
2631,191.903,195.647,341.16,638.633,312.313,818.062,0
2632,374.514,227.345,471.276,254.289,356.146,173.272,0
2633,96.5991,119.598,353.905,706.14,313.01,818.09,0
2634,19.7,19.3953,603.682,735.02,612.37,752.048,0
2635,219.404,146.232,306.167,302.165,250.48,184.792,0
2636,128.499,96.4057,162.716,402.224,67.8487,405.328,0
2637,327.211,175.275,220.484,604.439,150.258,706.083,0
2638,33.9001,36.2779,596.292,721.584,611.978,752.846,0
2639,42.5999,26.8982,275.374,195.888,252.998,183.674,0
2640,149.5,124.589,239.042,761.29,152.469,707.02,0
2641,127.299,148.293,347.758,678.789,313.12,818.054,0
2642,475.52,341.207,326.543,492.984,67.813,405.141,0
2643,252.706,152.214,296.492,315.78,249.762,185.134,0
2644,7.2,6.87533,641.601,200.523,647.89,197.632,0
2645,243.106,191.234,379.9,312.119,349.804,174.681,0
2646,280.808,172.694,200.049,342.496,67.5234,404.339,0
2647,13.6,15.069,599.028,609.101,613.177,612.859,0
2648,403.115,285.392,424.627,431.175,615.633,540.284,0
2649,138.899,106.531,557.41,684.991,612.229,752.368,0
2650,115.899,113.202,574.079,443.671,615.509,540.241,0
2651,144.3,160.194,341.064,669.692,313.105,818.1,0
2652,57.7997,63.4125,417.97,139.055,406.023,78.141,0
2653,179.002,153.381,504.561,118.469,653.556,129.736,0
2654,999.903,365.282,471.929,333.279,470.597,329.411,1
2655,152,160.509,306.275,705.768,312.399,818.1,0
2656,18.9,20.4984,600.852,532.132,615.621,539.57,0
2657,326.311,156.325,160.488,459.988,67.466,404.455,0
2658,82.9993,55.6225,113.46,422.004,67.7542,405.442,0
2659,50.7998,48.5931,402.893,178.224,356.099,173.584,0
2660,24.0001,26.832,148.047,679.669,150.25,706.139,0
2661,139.999,128.786,278.582,301.069,250.516,184.791,0
2662,77.3994,77.9414,356.746,195.325,349.976,174.791,0
2663,287.808,191.957,206.595,566.13,150.086,706.103,0
2664,317.81,153.909,499.632,165.739,356.151,173.377,0
2665,4,3.12675,254.353,174.139,253.068,176.964,0
2666,369.513,262.183,216.861,512.201,67.2794,406.54,0
2667,439.318,257.217,444.966,595.612,613.259,613.09,0
2668,330.911,232.296,387.784,351.599,349.686,174.701,0
2669,169.301,109.921,546.215,658.68,613.268,613.207,0
2670,8.3,8.35641,641.128,201.785,648.379,198.058,0
2671,357.913,253.694,203.935,498.423,67.4261,406.381,0
2672,13.1,11.5018,257.793,193.43,252.761,183.946,0
2673,372.914,261.319,438.642,450.639,615.476,540.141,0
2674,109.499,126.95,306.286,276.859,250.245,184.881,0
2675,279.608,181.548,198.824,341.091,67.6793,404.837,0
2676,228.105,250.368,322.667,389.962,251.339,184.495,0
2677,391.715,322.349,312.528,482.731,67.2379,403.688,0
2678,103.599,103.767,564.862,472.613,615.574,539.814,0
2679,147.3,125.268,190.335,261.364,248.061,184.675,0
2680,479.52,263.095,442.622,585.122,613.349,613.062,0
2681,122.399,129.431,307.523,281.699,250.515,184.824,0
2682,18,20.619,411.904,97.8515,405.605,78.0677,0
2683,53.3998,53.9377,608.257,165.805,647.616,192.032,0
2684,279.308,177.095,508.02,325.908,630.328,334.138,0
2685,500.721,352.363,435.138,528.334,613.219,612.747,0
2686,447.618,259.964,449.566,461.343,615.614,540.292,0
2687,192.203,132.947,462.246,156.2,355.956,173.718,0
2688,153.2,129.27,250.802,308.526,250.036,185.008,0
2689,78.0994,107.249,349.583,718.957,313.352,818.174,0
2690,284.908,131.25,224.188,308.265,248.983,184.996,0
2691,390.115,258.862,439.281,442.143,615.657,539.721,0
2692,43.3999,43.6599,411.735,121.268,405.573,78.136,0
2693,96.9991,104.703,535.639,724.651,611.786,753.39,0
2694,43.0999,22.8622,266.454,201.459,252.591,184.024,0
2695,99.3991,89.1015,266.279,273.013,250.143,185.017,0
2696,369.213,224.856,472.559,252.179,355.477,174.42,0
2697,60.6996,64.078,594.913,301.996,630.299,334.156,0
2698,32.7001,34.3295,579.477,819.433,602.464,833.27,0
2699,249.306,158.586,160.669,469.563,67.6362,405.656,0
2700,80.5993,72.9602,570.584,351.063,630.334,334.198,0
2701,999.903,297.362,445.705,342.02,444.734,331.945,1
2702,102.299,121.306,349.822,704.788,312.901,818.017,0
2703,192.003,157.229,533.892,449.635,615.551,540.107,0
2704,390.215,242.529,430.204,341.823,355.998,173.67,0
2705,57.6997,65.4953,591.459,229.305,648.347,198.149,0
2706,157.8,146.996,520.413,146.561,653.516,130.188,0
2707,437.217,301.97,317.617,444.118,67.6274,404.525,0
2708,263.207,165.764,456.496,598.393,613.324,612.432,0
2709,15.2,13.8474,588.437,833.51,602.407,833.298,0
2710,350.512,236.934,374.552,377.947,349.557,174.626,0
2711,52.4998,53.9856,610.403,163.83,648.371,190.832,0
2712,304.509,185.769,157.841,515.041,67.5681,405.865,0
2713,105.399,79.3626,583.762,671.54,613.209,612.895,0
2714,95.5991,75.419,590.04,362.514,630.327,334.287,0
2715,182.102,131.082,515.711,366.361,630.307,334.06,0
2716,204.403,149.356,295.334,309.305,250.588,184.825,0
2717,72.4995,79.145,331.536,232.54,349.266,174.47,0
2718,327.311,209.294,280.799,375.168,249,185.007,0
2719,50.1998,44.3801,295.091,196.428,253.419,182.892,0
2720,219.204,146.009,181.082,350.824,67.8278,405.108,0
2721,263.807,250.227,353.69,597.084,312.663,817.964,0
2722,248.006,204.249,380.156,314.062,349.451,174.593,0
2723,280.108,237.141,487.034,503.406,615.584,539.706,0
2724,319.81,216.16,199.12,460.441,67.4443,406.171,0
2725,490.321,308.987,408.821,558.867,613.205,612.783,0
2726,260.307,181.9,163.528,505.452,67.578,405.889,0
2727,237.805,216.88,369.212,635.758,313.332,818.188,0
2728,80.3993,64.892,595.989,691.647,612.408,751.95,0
2729,66.9995,71.2568,604.976,241.539,648.19,198.129,0
2730,355.312,195.852,254.195,390.939,67.6943,404.952,0
2731,400.315,233.938,460.624,344.346,355.444,174.404,0
2732,276.508,177.243,158.015,506.256,67.465,405.988,0
2733,115.799,110.779,606.186,457.875,615.659,539.567,0
2734,19.1,19.5593,583.926,835.305,602.414,833.263,0
2735,22.8001,27.8672,177.276,710.823,151.375,706.466,0
2736,17.4,16.9974,339.49,187.54,350.048,174.779,0
2737,209.204,210.292,518.423,506.338,615.614,540.307,0
2738,85.6993,84.9413,318.198,232.129,349.746,174.667,0
2739,35.5,33.7289,389.32,172.063,355.892,173.972,0
2740,91.6992,79.9392,253.453,780.282,310.637,818.782,0
2741,193.203,138.945,282.912,309.546,249.852,185.141,0
2742,195.603,153.156,522.35,659.577,613.324,613.16,0
2743,290.208,133.918,493.042,634.207,613.259,613.047,0
2744,369.313,199.12,545.259,518.739,613.257,613.161,0
2745,161.401,184.889,388.198,678.859,313.643,818.358,0
2746,213.304,253.45,327.096,390.597,251.929,184.319,0
2747,9.7,10.4439,161.131,705.539,151.53,706.495,0
2748,75.5994,88.9384,530.006,780.218,611.055,755.213,0
2749,168.901,174.97,302.375,681.989,312.961,818.076,0
2750,450.318,274.792,444.148,478.373,615.607,540.312,0
2751,147.4,114.494,166.332,379.696,67.7761,405.005,0
2752,364.513,247.504,473.882,509.122,613.25,612.457,0
2753,327.611,239.754,263.782,433.889,67.5062,404.334,0
2754,532.017,306.374,477.903,492.993,615.652,539.562,0
2755,221.304,186.443,396.25,292.381,355.866,173.975,0
2756,25.4001,24.5362,412.153,101.451,406.24,78.0799,0
2757,92.2992,80.1986,571.993,359.777,630.336,334.048,0
2758,356.113,249.803,364.69,394.43,349.502,174.482,0
2759,553.812,348.897,403.011,463.169,615.63,540.321,0
2760,120.899,108.218,560.208,155.219,653.639,130.275,0
2761,205.703,184.02,382.015,667.036,312.732,817.968,0
2762,135.299,108.11,250.318,762.161,310.575,818.896,0
2763,487.921,220.699,277.576,601.743,150.323,706.085,0
2764,36.5,38.4436,149.708,667.743,150.251,706.135,0
2765,385.714,269.16,385.865,385.429,349.731,174.668,0
2766,178.702,155.047,182.228,591.748,150.928,706.329,0
2767,4.6,3.51451,311.097,815.022,312.444,818.073,0
2768,67.2995,55.3841,598.542,126.56,653.574,129.728,0
2769,353.812,244.696,409.073,347.389,355.57,174.368,0
2770,287.008,179.297,242.963,395.839,67.608,404.56,0
2771,84.3993,107.284,570.552,231.648,647.929,197.73,0
2772,151.5,92.4919,525.147,622.919,613.211,612.866,0
2773,122.099,91.461,157.183,401.026,67.6742,404.865,0
2774,438.618,250.746,416.487,624.301,613.199,612.677,0
2775,23.6001,19.503,599.022,550.029,616.546,542.53,0
2776,239.405,167.131,197.552,351.867,67.7286,404.809,0
2777,73.9994,66.8699,591.932,691.35,612.424,751.951,0
2778,428.417,258.425,445.812,395.675,630.275,334.078,0
2779,219.504,162.31,525.972,401.564,630.291,334.139,0
2780,52.1998,34.1235,234.681,213.638,248.645,184.889,0
2781,199.603,155.064,393.028,262.647,355.377,174.398,0
2782,235.405,185.559,150.148,519.67,67.6094,405.82,0
2783,141.099,112.009,163.995,378.757,67.6871,404.773,0
2784,321.91,215.857,484.389,248.299,356.236,173.314,0
2785,49.5998,43.1529,156.255,665.452,150.325,706.08,0
2786,238.905,149.286,280.055,318.675,249.767,185.101,0
2787,77.5994,67.9088,276.127,777.453,310.478,818.897,0
2788,204.203,216.351,322.479,616.545,312.107,818.155,0
2789,106.299,75.0052,595.713,355.382,630.308,334.337,0
2790,29.6001,33.0413,578.39,803.618,606.773,810.939,0
2791,308.51,219.931,390.803,334.908,349.882,174.666,0
2792,307.21,191.359,238.595,363.829,67.5865,404.607,0
2793,91.4992,98.36,542.348,722.288,611.899,753.263,0
2794,172.901,177.199,336.793,651.405,312.429,818.078,0
2795,326.811,235.013,459.231,437.606,615.624,539.669,0
2796,324.111,208.82,424.536,316.588,355.387,174.481,0
2797,38.4,42.1898,310.314,187.598,349.662,174.626,0
2798,434.517,321.086,358.529,453.575,349.718,174.724,0
2799,401.915,301.983,311.3,466.669,67.497,404.458,0
2800,461.019,261.326,399.31,614.232,613.26,612.43,0
2801,77.7994,65.1332,590.211,691.97,612.418,752.016,0
2802,210.204,133.195,489.526,606.345,613.345,613.093,0
2803,503.021,294.636,461.101,467.682,615.49,539.931,0
2804,70.2995,70.9355,413.359,147.832,356.012,173.626,0
2805,357.013,228.574,477.919,468.189,615.612,539.675,0
2806,250.006,184.184,522.936,416.42,630.319,334.115,0
2807,193.503,124.361,227.964,754.24,152.475,707.001,0
2808,368.113,261.037,422.818,344.203,355.317,174.517,0
2809,259.707,185.111,235.743,407.109,67.6626,404.894,0
2810,214.504,165.056,234.406,333.804,249.234,185.11,0
2811,250.706,309.295,330.971,438.303,251.161,184.514,0
2812,301.309,217.343,200.36,534.206,150.532,706.08,0
2813,168.001,107.408,222.452,289.086,249.226,185.13,0
2814,114.199,98.9521,556.47,123.498,653.469,129.751,0
2815,158,138.275,567.728,418.028,615.702,539.528,0
2816,295.809,276.968,342.543,565.788,313.203,818.2,0
2817,216.104,223.386,437.538,678.294,313.265,818.199,0
2818,340.412,250.898,309.359,365.319,250.169,185.026,0
2819,127.099,117.036,562.919,386.055,630.377,333.763,0
2820,238.105,150.021,199.931,316.139,247.951,184.607,0
2821,314.71,227.672,395.145,334.59,349.682,174.6,0
2822,464.419,303.769,409.686,565.734,613.267,612.412,0
2823,268.007,248.672,372.077,607.121,313.159,818.206,0
2824,471.92,293.665,419.817,565.189,613.221,612.759,0
2825,164.001,154.662,513.719,695.55,612.34,752.061,0
2826,134.899,129.389,117.078,494.147,67.7154,405.501,0
2827,466.719,329.531,317.313,488.824,67.8301,404.984,0
2828,396.915,222.942,219.819,479.228,67.6958,405.6,0
2829,130.399,96.6991,227.114,278.025,249.307,185.198,0
2830,230.605,165.379,235.862,338.527,249.727,185.219,0
2831,341.512,154.911,220.21,406.465,67.6893,405.591,0
2832,49.4998,37.8545,576.023,619.291,613.262,613.049,0
2833,278.908,215.032,188.365,534.432,151.019,706.337,0
2834,58.4997,61.401,286.392,787.4,310.697,818.795,0
2835,132.199,119.68,309.477,253.607,349.665,174.685,0
2836,220.404,255.67,328.187,389.889,252.012,184.197,0
2837,152,131.676,596.497,441.075,615.518,539.766,0
2838,133.099,77.5121,177.068,658.399,150.6,706.205,0
2839,20.5,24.5846,304.399,800.127,311.873,818.311,0
2840,21.6,21.1005,250.777,205.76,249.106,185.073,0
2841,10.4,10.326,348.409,184.767,351.757,175.503,0
2842,30.4001,29.7014,385.576,175.182,355.752,174.248,0
2843,14.9,18.4435,635.599,134.092,653.562,129.744,0
2844,442.218,260.752,391.91,630.851,613.344,612.512,0
2845,431.317,348.412,326.914,490.458,67.3203,403.903,0
2846,62.9996,63.8572,408.79,140.802,405.655,78.068,0
2847,356.813,254.855,472.876,507.333,613.164,613.004,0
2848,70.5995,56.2491,573.384,637.345,613.265,613.188,0
2849,272.907,169.08,564.989,527.081,613.309,612.397,0
2850,151.3,150.054,508.378,702.14,611.944,753.09,0
2851,510.422,358.721,391.453,530.558,613.215,612.571,0
2852,164.201,98.9915,520.19,608.481,613.304,613.058,0
2853,250.406,182.687,151.616,516.194,67.6011,405.722,0
2854,21.4,24.6984,318.55,794.009,312.826,817.991,0
2855,16.7,14.4347,637.313,206.23,648.44,198.2,0
2856,280.308,256.122,384.186,604.693,312.951,818.111,0
2857,31.6001,25.0093,594.573,620.596,613.317,613.083,0
2858,69.4995,75.0117,329.858,230.528,349.245,174.51,0
2859,349.112,170.698,477.207,662.569,613.333,612.415,0
2860,145.4,128.549,150.758,589.844,150.015,706.177,0
2861,215.304,134.657,422.067,258.849,355.984,173.922,0
2862,246.206,171.667,247.123,337.604,249.884,185.1,0
2863,5.3,5.10966,610.957,542.319,615.622,540.236,0
2864,201.303,222.242,333.64,371.028,251.749,184.267,0
2865,58.7997,55.7566,602.874,172.496,647.794,191.701,0
2866,35.3,26.2555,93.6746,403.069,67.6688,404.798,0
2867,574.607,326.413,417.45,496.278,615.634,539.583,0
2868,338.111,232.908,368.461,378.168,349.8,174.72,0
2869,44.8999,46.1613,261.664,228.345,250.461,184.839,0
2870,151.1,111.523,553.937,686.308,612.302,752.314,0
2871,16.7,15.4931,614.757,333.396,630.263,334.224,0
2872,81.8993,73.3319,589.422,684.341,612.529,751.671,0
2873,365.213,322.393,271.789,485.593,67.2508,403.777,0
2874,49.9998,69.5551,331.347,751.634,312.733,818.054,0
2875,99.1991,82.7082,255.862,790.537,310.722,818.764,0
2876,114.699,145.458,317.569,696.311,312.332,818.066,0
2877,54.9997,61.8282,594.693,228.677,648.352,198.167,0
2878,154.7,128.361,311.728,259.763,349.675,174.718,0
2879,687.679,335.5,323.541,530.291,150.327,706.108,0
2880,23.5001,27.2995,575.71,836.099,602.447,833.273,0
2881,261.707,193.054,497.515,442.984,615.563,539.659,0
2882,304.009,275.493,314.956,401.017,251.271,184.454,0
2883,404.815,234.951,464.447,350.207,355.778,174.282,0
2884,194.403,137.87,286.812,299.118,249.464,185.203,0
2885,213.604,127.96,439.679,236.322,355.8,174.159,0
2886,289.808,205.364,280.192,373.166,250.613,184.786,0
2887,168.901,125.683,160.004,596.17,150.083,706.069,0
2888,431.317,305.325,373.665,440.791,349.91,174.67,0
2889,491.921,282.478,422.417,581.155,613.16,612.89,0
2890,36.3,24.7929,591.946,618.473,613.23,612.942,0
2891,272.507,245.569,348.177,591.288,313.092,818.124,0
2892,144.1,148.831,544.014,443.395,615.552,540.377,0
2893,180.602,127.648,528.615,372.335,630.295,334.114,0
2894,75.6994,86.7008,576.984,478.698,615.644,539.693,0
2895,132.699,105.731,162.561,384.852,67.6481,404.951,0
2896,113.099,129.343,304.964,288.923,250.904,184.669,0
2897,162.001,179.57,480.788,701.664,611.891,753.181,0
2898,546.314,360.229,443.826,529.383,613.289,613.208,0
2899,24.5001,24.6247,612.023,343.001,630.406,333.773,0
2900,141.299,118.02,561.194,386.341,630.402,334.489,0
2901,354.512,224.986,492.21,418.696,630.338,334.101,0
2902,238.505,149.027,478.957,153.488,356.318,172.938,0
2903,132.299,105.01,252.18,763.776,310.96,818.675,0
2904,267.307,175.703,503.189,391.354,630.271,334.05,0
2905,284.908,208.421,491.729,411.063,630.37,334.147,0
2906,388.314,217.521,301.16,635.325,150.343,706.081,0
2907,999.903,341.999,315.959,404.34,307.156,390.915,1
2908,187.002,135.709,480.96,175.983,355.855,174.136,0
2909,209.104,141.475,296.974,303.116,250.619,184.847,0
2910,0,0,620.667,538.677,620.667,538.677,0
2911,392.915,209.685,459.594,684.321,613.208,613.013,0
2912,25.6001,24.2075,405.745,102.239,405.461,78.1452,0
2913,145.1,169.854,479.901,713.566,611.73,753.567,0
2914,58.2997,46.1667,297.622,182.73,253.616,182.44,0
2915,999.903,196.864,285.283,347.712,284.902,350.624,1
2916,18.5,17.8488,584.698,832.329,602.414,833.339,0
2917,76.3994,103.841,350.254,724.243,313.218,818.178,0
2918,153.2,154.72,307.034,699.952,312.643,818.011,0
2919,341.412,260.58,288.706,408.182,248.751,185.007,0
2920,209.104,124.211,215.699,625.579,150.897,706.267,0
2921,0,0,617.196,612.68,617.196,612.68,0
2922,115.699,90.9328,223.455,269.643,249.406,185.185,0
2923,320.41,189.694,249.82,352.599,249.878,185.13,0
2924,394.515,278.676,360.826,420.433,350.003,174.824,0
2925,16.7,19.0802,635.319,133.698,653.536,129.959,0
2926,187.602,195.321,413.337,685.257,313.054,818.111,0
2927,312.31,242.546,285.052,394.53,250.634,184.792,0
2928,55.7997,60.2408,579.654,328.321,630.356,334.149,0
2929,81.8993,101.159,338.051,719.821,312.858,818.012,0
2930,0,0,355.208,172.749,355.208,172.749,0
2931,136.099,155.17,309.125,694.197,311.934,818.308,0
2932,318.71,194.284,444.209,315.165,355.562,174.34,0
2933,437.918,256.121,433.338,391.203,630.374,334.135,0
2934,90.2992,84.5372,332.412,238.77,349.66,174.651,0
2935,208.604,165.306,532.035,444.867,615.614,539.686,0
2936,198.303,163.885,145.136,493.108,67.6734,405.608,0
2937,111.399,92.8022,567.547,140.395,653.602,130.316,0
2938,270.607,208.368,449.205,302.716,355.58,174.298,0
2939,37.9,45.5494,585.636,338.464,630.334,334.097,0
2940,9,10.3024,602.195,749.552,611.803,753.261,0
2941,78.3994,86.8506,536.686,750.76,611.3,754.7,0
2942,4.3,3.53822,655.189,201.764,654.062,198.41,0
2943,16.4,17.4211,153.098,689.099,150.106,706.113,0
2944,53.7998,37.3951,105.427,405.858,67.7108,405.454,0
2945,62.3996,53.3987,118.041,396.258,67.6634,404.886,0
2946,334.811,311.048,339.636,530.636,312.728,818.033,0
2947,1.1,0.410263,654.835,133.942,655.097,133.626,0
2948,223.604,144.146,455.439,215.77,356.129,173.484,0
2949,335.811,344.119,381.37,532.585,312.341,818.137,0
2950,516.321,294.257,450.296,485.994,615.452,539.828,0
2951,49.5998,55.7687,616.69,243.916,635.933,282.356,0
2952,38,43.2319,615.431,172.724,648.266,190.919,0
2953,331.411,184.515,538.148,525.152,613.373,612.36,0
2954,99.5991,78.9794,147,395.773,67.6929,405.531,0
2955,262.707,191.083,516.043,449.031,615.618,539.712,0
2956,110.399,138.069,324.281,697.617,312.159,818.211,0
2957,47.6998,46.0337,556.908,834.361,602.451,833.488,0
2958,13.9,13.212,636.603,203.671,647.894,197.617,0
2959,70.9995,63.3706,599.121,147.108,653.643,130.377,0
2960,239.105,200.127,392.669,308.415,349.518,174.641,0
2961,195.503,120.391,502.299,631.683,613.405,612.297,0
2962,1.3,0.55296,401.359,70.88,401.862,71.1113,0
2963,201.503,135.227,452.692,223.935,356.167,173.338,0
2964,85.4993,94.6969,549.24,498.185,615.544,540.017,0
2965,319.41,319.041,377.671,542.984,313.05,818.071,0
2966,75.1994,79.7044,209.783,690.517,151.559,706.591,0
2967,90.9992,70.5409,137.681,635.924,150.59,706.161,0
2968,551.013,324.006,404.954,579.696,613.194,612.991,0
2969,272.207,203.444,363.569,285.332,349.38,174.549,0
2970,383.014,216.43,477.867,410.14,630.313,334.072,0
2971,280.108,234.862,466.89,439.163,615.63,540.307,0
2972,325.211,228.066,291.343,385.691,249.155,185.106,0
2973,182.202,132.868,524.73,668.339,613.334,613.124,0
2974,281.908,175.283,210.052,327.051,248.036,184.568,0
2975,298.009,222.45,392.558,333.184,349.227,174.487,0
2976,353.712,208.075,475.305,402.574,630.332,334.051,0
2977,314.41,227.781,485.196,255.159,356.247,173.221,0
2978,416.616,237.955,431.262,615.383,613.253,612.438,0
2979,546.214,319.918,281.669,518.054,150.288,706.119,0
2980,421.216,237.238,433.951,610.533,613.237,612.693,0
2981,541.915,366.256,446.937,526.568,613.353,613.156,0
2982,67.8995,64.0734,602.24,153.246,653.45,130.086,0
2983,88.2992,73.1709,184.882,654.629,149.899,706.172,0
2984,246.006,284.1,334.137,415.328,251.363,184.538,0
2985,223.204,144.829,553.57,543.09,613.341,613.195,0
2986,50.0998,51.7087,608.594,166.73,648.221,191.003,0
2987,2.7,1.82547,313.763,816.487,313.264,818.243,0
2988,67.7995,78.4932,584.04,477.44,615.585,539.667,0
2989,410.416,330.171,257.32,529.585,67.3873,406.441,0
2990,35.3,44.4701,280.064,799.209,311.38,818.533,0
2991,249.206,210.76,389.322,325.631,349.903,174.706,0
2992,228.105,164.434,212.087,366.239,67.6327,404.607,0
2993,338.411,223.96,293.734,374.565,249.143,185.082,0
2994,305.009,175.604,178.566,299.58,248.093,184.711,0
2995,311.91,228.091,369.197,368.998,349.417,174.495,0
2996,379.714,235.837,409.592,345.268,355.874,174.116,0
2997,247.606,120.509,164.181,426.748,67.8048,405.407,0
2998,297.109,214.934,368.054,356.909,349.382,174.513,0
2999,401.115,196.659,446.928,638.172,613.203,612.679,0
3000,62.6996,39.8471,285.837,206.7,252.833,183.915,0
3001,127.399,127.224,111.439,484.778,67.7171,405.556,0
3002,392.315,190.465,223.307,590.717,150.335,706.104,0
3003,10.7,11.936,641.679,128.826,653.56,129.925,0
3004,140.499,151.859,313.227,689.576,312.608,817.997,0
3005,94.0991,82.7453,571.676,130.839,653.562,129.624,0
3006,586.104,334.489,418.115,511.443,615.706,539.486,0
3007,453.218,316.664,418.842,416.569,630.365,334.384,0
3008,41.1999,54.3059,324.765,765.957,312.759,818.054,0
3009,543.914,330.825,412.947,506.023,615.663,539.649,0
3010,164.201,140.995,605.213,433.494,615.739,539.461,0
3011,22,17.8131,85.8836,405.13,67.8105,405.024,0
3012,100.699,75.4925,185.472,660.425,150.555,706.196,0
3013,329.511,304.547,323.025,405.221,250.682,184.78,0
3014,49.8998,50.1741,577.423,786.831,607.343,809.505,0
3015,244.006,176.916,420.69,296.092,355.429,174.397,0
3016,470.119,248.2,303.707,627.618,150.35,706.174,0
3017,498.621,308.735,440.587,507.96,615.463,540.099,0
3018,322.51,302.945,340.019,539.195,313.001,818.057,0
3019,293.709,298.494,360.924,550.231,312.263,818.088,0
3020,159.401,155.613,542.465,213.408,647.56,191.985,0
3021,99.6991,125.822,514.004,734.792,611.173,755.184,0
3022,250.906,192.901,512.047,462.808,615.591,539.71,0
3023,316.21,145.752,201.55,413.483,67.7209,405.481,0
3024,142.299,152.868,539.861,213.212,648.219,190.935,0
3025,261.407,161.324,500.521,174.16,355.997,173.9,0
3026,18.5,17.6807,603.854,553.144,616.167,541.791,0
3027,440.418,261.799,451.458,463.811,615.609,539.636,0
3028,332.711,230.577,484.568,510.783,613.262,612.548,0
3029,287.708,185.929,404.88,297.215,355.657,174.332,0
3030,56.9997,59.2528,409.506,157.496,356.038,173.608,0
3031,313.91,234.759,465.646,454.65,615.592,539.751,0
3032,124.499,120.922,266.253,735.084,152.716,707.047,0
3033,86.3993,68.5477,584.721,127.65,653.616,130.354,0
3034,3.3,2.62925,628.334,331.977,630.868,332.679,0
3035,77.3994,59.9097,210.643,215.559,248.163,184.674,0
3036,133.999,155.135,308.989,701.792,312.284,818.112,0
3037,222.504,154.723,336.495,292.111,349.617,174.625,0
3038,477.42,260.467,472.798,474.735,615.738,539.534,0
3039,999.903,317.374,308.326,398.994,306.255,390.631,1
3040,459.919,335.795,307.597,493.135,67.4147,406.179,0
3041,522.419,293.795,423.973,565.412,613.238,612.933,0
3042,94.8991,77.26,144.99,401.906,67.7904,405.245,0
3043,337.211,218.909,261.186,376.084,249.494,185.217,0
3044,236.605,170.203,174.387,560.576,150.417,706.079,0
3045,205.803,174.496,255.856,643.656,152.929,707.111,0
3046,65.2996,69.1982,203.972,695.84,151.723,706.725,0
3047,328.611,320.688,365.423,531.495,313.047,818.091,0
3048,171.801,98.5546,546.196,646.641,613.247,613.047,0
3049,69.5995,62.0368,597.119,144.949,653.567,130.311,0
3050,288.408,299.806,351.28,541.652,312.074,818.183,0
3051,94.0991,71.9824,398.196,194.778,355.843,174.336,0
3052,50.2998,39.6036,576.478,621.915,613.172,612.977,0
3053,47.1999,47.67,325.912,199.127,350.051,174.777,0
3054,479.72,220.171,248.869,639.938,150.252,706.183,0
3055,109.999,90.5149,121.548,453.443,67.6895,404.945,0
3056,190.902,139.098,288.867,306.323,250.715,184.788,0
3057,45.5999,56.7546,596.678,307.931,630.274,334.125,0
3058,243.906,211.355,351.538,626.84,312.679,817.993,0
3059,138.199,103.375,373.173,209.335,355.606,174.399,0
3060,275.608,204.333,250.315,366.969,251.149,184.52,0
3061,422.417,204.395,269.358,617.457,150.339,706.06,0
3062,373.514,225.32,480.255,464.292,615.639,539.736,0
3063,36.1,44.7668,309.822,190.795,350.383,174.954,0
3064,27.9001,28.9926,147.207,677.49,150.27,706.084,0
3065,316.21,263.787,298.422,435.807,67.4237,403.992,0
3066,73.6994,65.5918,593.822,174.804,648.481,190.8,0
3067,417.116,336.158,322.025,479.905,67.3397,403.809,0
3068,219.704,207.722,518.284,506.418,615.63,540.319,0
3069,306.71,228.444,475.64,460.044,615.664,540.326,0
3070,12.4,15.9172,316.74,802.821,312.487,818.042,0
3071,122.199,106.961,244.492,742.198,152.799,707.114,0
3072,0,0,603.898,832.841,603.898,832.841,0
3073,27.1001,29.5912,624.305,129.275,653.507,130.021,0
3074,208.604,218.044,421.425,697.886,313.508,818.251,0
3075,92.8992,113.194,570.005,226.297,647.892,197.675,0
3076,377.614,274.56,400.27,378.482,349.295,174.466,0
3077,460.119,256.772,235.023,476.712,67.7154,404.799,0
3078,103.999,111.729,232.65,682.665,151.886,706.655,0
3079,185.302,118.719,221.5,752.264,152.787,707.112,0
3080,45.6999,48.3976,564.393,806.707,606.688,811.09,0
3081,176.602,144.315,316.984,297.644,251.33,184.452,0
3082,188.602,162.821,529.528,437.455,615.478,539.759,0
3083,245.506,168.749,278.615,340.189,250.398,184.909,0
3084,219.504,170.862,349.815,315.646,349.855,174.663,0
3085,325.211,140.668,488.499,623.021,613.162,612.984,0
3086,397.015,287.317,411.944,436.611,615.606,540.332,0
3087,85.8993,89.3122,223.646,740.11,152.524,707.013,0
3088,133.499,129.717,252.817,697.279,152.272,706.861,0
3089,186.502,111.415,202.231,630.146,150.332,706.137,0
3090,297.509,161.97,196.491,352.092,67.5661,404.736,0
3091,228.205,160.43,525.5,546.157,613.318,612.421,0
3092,87.5992,69.2812,583.363,692.953,612.462,751.889,0
3093,96.6991,79.1162,154.759,642.93,150.33,706.165,0
3094,47.4998,32.9363,285.003,185.259,253.312,182.953,0
3095,830.944,472.622,343.03,491.208,150.331,706.111,0
3096,43.5999,45.5393,80.3567,437.327,67.7486,405.562,0
3097,175.301,179.972,601.071,407.54,615.563,539.914,0
3098,77.8994,102.865,570.372,235.699,647.907,197.608,0
3099,363.813,174.879,457.522,640.213,613.343,612.541,0
3100,275.808,177.793,226.259,342.606,250.029,185.015,0
3101,0,0,313.754,820.961,313.754,820.961,0
3102,727.569,348.652,319.378,542.013,150.266,706.125,0
3103,479.52,352.077,321.186,486.995,67.8475,405.177,0
3104,7.2,7.70998,594.337,834.348,602.388,833.225,0
3105,50.6998,52.4253,598.742,703.161,612.495,751.904,0
3106,826.245,426.235,329.91,516.771,150.333,706.087,0
3107,139.499,106.376,533.33,336.406,630.456,334.473,0
3108,14.8,15.3665,596.239,800.595,606.557,811.207,0
3109,400.815,282.606,262.162,504.177,67.348,406.455,0
3110,168.401,128.492,281.041,296.861,249.835,185.118,0
3111,179.802,154.677,162.825,568.612,149.621,706.309,0
3112,46.0999,52.7756,617.621,247.207,635.834,282.328,0
3113,84.0993,86.3342,582.155,291.046,630.448,333.844,0
3114,225.605,139.89,481.217,169.794,356.142,173.256,0
3115,291.909,167.514,456.38,594.766,613.281,613.185,0
3116,333.111,139.289,487.515,629.965,613.299,613.059,0
3117,389.215,249.773,461.189,465.059,615.534,540.126,0
3118,209.704,161.216,120.231,564.903,150.111,706.052,0
3119,243.406,194.869,171.801,534.861,149.898,706.211,0
3120,155.7,166.524,515.899,205.629,647.852,191.58,0
3121,182.702,193.521,332.44,637.987,312.293,818.109,0
3122,218.604,181.064,522.598,418.794,630.351,334.093,0
3123,339.512,244.538,367.849,382.59,349.727,174.692,0
3124,9.5,9.99785,403.296,87.7849,405.636,78.0396,0
3125,235.305,170.195,235.562,341.457,249.402,185.233,0
3126,33.3001,37.0413,581.462,763.658,611.225,754.91,0
3127,328.811,199.241,263.043,355.816,248.845,184.973,0
3128,351.812,261.396,400.389,366.881,349.865,174.812,0
3129,470.62,328.635,387.572,447.318,349.831,174.661,0
3130,35.5,35.8808,267.473,214.924,252.276,184.135,0
3131,32.9001,36.8714,603.962,573.568,616.333,542.092,0
3132,204.603,174.973,474.106,569.07,613.372,612.297,0
3133,40,42.6716,611.722,137.607,653.454,130.02,0
3134,122.999,136.178,345.894,691.407,312.821,818.002,0
3135,119.099,95.4014,332.452,244.771,349.648,174.54,0
3136,206.103,129.304,213.68,306.879,249.334,185.239,0
3137,225.305,180.897,519.616,407.317,630.297,334.149,0
3138,460.219,249.935,401.472,630.083,613.202,612.771,0
3139,215.904,135.915,205.677,304.618,247.986,184.588,0
3140,107.999,136.623,326.94,697.093,312.169,818.207,0
3141,225.905,118.876,208.318,622.944,150.875,706.307,0
3142,298.309,175.313,518.887,545.685,613.372,612.351,0
3143,476.52,299.083,281.12,479.483,67.6507,404.76,0
3144,485.82,343.375,359.697,473.843,349.901,174.811,0
3145,85.4993,78.9751,584.62,185.353,648.388,190.865,0
3146,227.205,178.484,522.288,443.219,615.627,539.716,0
3147,47.4998,61.0216,595.71,228.262,648.401,198.091,0
3148,114.799,135.917,538.811,196.163,647.898,191.207,0
3149,271.107,157.597,443.759,269.607,356.249,173.417,0
3150,214.504,187.276,376.614,304.777,349.63,174.596,0
3151,735.767,366.271,318.819,529.954,150.345,706.189,0
3152,42.4999,50.3606,611.724,256.937,635.776,282.31,0
3153,577.606,327.004,399.925,484.658,615.642,539.735,0
3154,86.8992,99.2503,564.192,478.811,615.562,539.747,0
3155,265.807,206.302,495.404,451.755,615.624,540.27,0
3156,260.507,202.995,204.777,563.671,150.919,706.304,0
3157,91.6992,84.1224,210.215,675.259,150.547,706.082,0
3158,223.504,138.078,444.111,246.876,355.815,174.233,0
3159,202.003,169.343,268.252,657.638,152.379,706.872,0
3160,50.8998,54.1645,179.204,672.597,150.329,706.103,0
3161,155.1,170.12,479.123,711.273,611.944,753.092,0
3162,311.11,187.148,287.02,342.37,250.415,184.91,0
3163,105.999,88.5794,544.401,597.343,613.22,612.65,0
3164,121.699,134.47,349.002,690.941,313.036,818.091,0
3165,140.299,95.2035,606.064,708.22,612.318,752.15,0
3166,107.499,107.903,565.757,468.413,615.619,539.662,0
3167,780.756,352.331,276.036,534.885,150.322,706.085,0
3168,135.199,127.504,303.334,286.808,249.834,185.09,0
3169,67.6995,52.9446,142.467,654.038,149.874,706.166,0
3170,128.699,165.014,541.511,279.054,648.213,197.952,0
3171,46.0999,45.7482,608.278,132.995,653.555,129.873,0
3172,274.808,157.138,192.13,318.935,248.396,184.777,0
3173,434.917,278.081,426.981,427.256,615.605,539.704,0
3174,281.208,237.808,213.63,534.703,150.828,706.27,0
3175,468.119,335.936,351.757,476.79,349.362,174.522,0
3176,318.31,161.653,248.634,637.188,150.653,706.187,0
3177,322.11,210.626,474.393,544.152,613.193,612.897,0
3178,176.002,100.408,198.431,638.7,150.774,706.299,0
3179,431.917,246.431,395.579,641.498,613.188,612.729,0
3180,327.011,273.829,302.309,425.785,67.2948,403.812,0
3181,18.5,21.078,414.344,97.3557,408.578,77.0601,0
3182,152.9,126.434,134.805,586.139,149.961,706.226,0
3183,43.9999,38.9485,577.304,600.261,613.197,612.615,0
3184,406.316,294.868,378.748,418.001,349.651,174.667,0
3185,24.6001,27.465,626.763,131.433,653.546,130.003,0
3186,77.3994,68.0038,133.586,394.917,67.7675,405.014,0
3187,152,104.882,566.572,321.411,630.368,334.097,0
3188,331.711,256.741,452.261,415.201,615.501,540.222,0
3189,3.9,2.75909,645.275,189.909,647.888,191.24,0
3190,91.1992,74.5005,266.538,257.005,249.591,185.207,0
3191,430.817,197.883,437.697,636.606,613.325,613.168,0
3192,63.3996,63.8885,411.263,141.743,405.853,78.1841,0
3193,359.413,245.92,471.549,504.794,613.316,613.227,0
3194,372.914,229.709,512.057,514.682,613.321,612.428,0
3195,718.472,367.874,335.317,505.716,150.321,706.126,0
3196,21.4,19.9749,332.619,184.066,349.45,174.496,0
3197,160.401,141.299,567.465,415.019,615.51,539.871,0
3198,121.799,130.26,564.631,182.155,653.452,130.239,0
3199,179.002,119.129,217.995,298.517,248.656,184.934,0
3200,41.2999,42.4127,81.9209,434.331,67.7412,405.493,0
3201,146.7,124.25,278.607,730.364,311.273,818.457,0
3202,488.721,324.365,395.655,556.119,613.151,612.64,0
3203,345.412,237.778,287.831,402.929,250.011,185.024,0
3204,249.006,153.833,279.736,324.991,249.509,185.178,0
3205,464.619,296.561,417.994,380.102,630.284,334.099,0
3206,434.117,281.996,425.758,425.581,615.619,539.588,0
3207,296.809,196.725,491.664,403.246,630.255,334.09,0
3208,129.499,147.318,316.845,692.783,312.252,818.096,0
3209,38.2,45.7104,616.927,255.878,635.971,282.687,0
3210,465.919,304.097,418.675,568.283,613.244,612.909,0
3211,53.2998,48.3451,606.375,127.348,653.535,129.976,0
3212,141.399,107.786,358.093,225.286,349.896,174.691,0
3213,107.199,81.793,554.943,719.401,612.09,752.675,0
3214,486.921,293.051,446.491,489.924,615.686,539.506,0
3215,19.8,23.5651,315.406,794.952,312.483,818.035,0
3216,161.901,151.827,257.221,663.852,152.246,706.761,0
3217,394.515,153.461,492.222,617.118,613.294,613.123,0
3218,453.918,225.265,249.455,443.129,67.7176,404.827,0
3219,220.604,129.526,509.424,643.693,613.266,613.22,0
3220,52.3998,52.8849,573.965,788.233,606.688,811.017,0
3221,89.6992,105.678,561.927,199.549,648.157,190.878,0
3222,142.499,128.328,526.888,118.185,653.462,129.761,0
3223,484.42,271.855,395.973,617.709,613.318,612.533,0
3224,136.999,140.704,367.75,259.269,349.666,174.72,0
3225,137.099,106.668,375.007,212.415,355.972,173.933,0
3226,389.715,234.283,268.086,430.803,67.5756,404.469,0
3227,209.204,158.614,160.012,473.158,67.5883,405.793,0
3228,73.4995,84.3574,295.974,227.758,250.569,184.775,0
3229,195.703,127.329,463.504,155.657,356.282,173.239,0
3230,474.82,305.655,437.288,555.49,613.341,612.513,0
3231,408.516,253.382,450.373,459.78,615.588,539.771,0
3232,72.5995,53.8226,598.286,645.881,613.287,613.077,0
3233,236.305,197.621,208.536,568.046,149.696,706.303,0
3234,10.7,10.8618,151.833,695.341,150.269,706.071,0
3235,386.914,279.956,466.884,490.684,613.207,612.818,0
3236,138.999,108.185,406.403,232.01,355.564,174.39,0
3237,302.509,157.986,211.464,364.486,67.5821,404.579,0
3238,198.703,168.954,374.858,290.538,349.867,174.71,0
3239,134.099,120.263,536.713,127.463,653.496,129.757,0
3240,325.811,225.102,381.517,358.648,349.762,174.654,0
3241,44.0999,43.8267,611.428,137.708,653.536,130.209,0
3242,433.317,254.835,465.375,467.594,615.614,540.32,0
3243,274.008,203.731,505.892,426.295,630.355,334.053,0
3244,466.319,307.951,417.399,421.387,630.346,334.131,0
3245,191.402,131.613,284.042,297.839,249.893,185.132,0
3246,220.904,125.351,546.329,660.366,613.375,612.313,0
3247,95.5991,101.956,279.166,281.192,250.734,184.825,0
3248,292.009,192.867,179.964,464.256,67.6413,405.794,0
3249,43.1999,48.8576,173.572,673.246,150.256,706.069,0
3250,31.6001,36.0126,161.171,675.025,150.337,706.095,0
3251,128.399,124.112,251.705,704.219,152.51,707.015,0
3252,193.403,124.66,493.966,602.384,613.308,613.087,0
3253,25.2001,20.1342,597.875,737.501,612.32,752.373,0
3254,232.405,190.269,162.729,537.196,149.779,706.283,0
3255,337.411,228.167,351.447,360.752,349.651,174.573,0
3256,282.108,264.843,385.698,605.731,313.257,818.151,0
3257,18.7,20.6173,150.018,685.532,150.258,706.131,0
3258,126.799,142.345,345.867,684.625,312.529,818.013,0
3259,196.003,125.783,523.418,339.677,630.272,334.107,0
3260,32.6001,36.6101,320.163,192.994,349.861,174.808,0
3261,192.503,112.927,204.955,259.188,248.301,184.764,0
3262,248.906,220.812,350.661,619.883,313.38,818.2,0
3263,239.905,148.479,191.069,302.816,249.648,185.246,0
3264,117.299,145.227,557.23,285.542,648.18,198.074,0
3265,355.412,250.813,479.402,504.991,613.338,612.447,0
3266,416.616,247.576,482.886,484.045,615.459,540.238,0
3267,376.514,265.727,365.791,398.443,349.719,174.708,0
3268,97.7991,108.06,249.983,721.044,152.738,706.96,0
3269,263.007,153.65,186.227,309.493,248.959,185.02,0
3270,435.117,176.109,162.499,466.261,67.521,405.955,0
3271,72.3995,64.1791,393.519,186.165,355.79,174.286,0
3272,284.908,178.11,268.064,344.281,250.018,185.016,0
3273,244.306,161.902,211.754,365.875,67.7182,404.789,0
3274,319.11,190.653,257.113,355.629,250.165,185.034,0
3275,318.81,188.446,251.858,398.77,67.5955,404.452,0
3276,225.205,175.462,214.55,354.028,67.5864,404.762,0
3277,34.1001,40.9609,615.211,195.518,647.767,197.548,0
3278,544.614,224.819,277.549,597.133,150.342,706.158,0
3279,84.3993,69.062,195.804,213.171,248.459,184.775,0
3280,51.9998,51.9363,408.15,130.011,405.942,78.239,0
3281,150.4,164.05,519.358,209.179,648.053,191.159,0
3282,369.213,332.859,330.541,475.465,67.1802,403.627,0
3283,455.119,265.539,469.366,478.255,615.599,539.672,0
3284,56.0997,50.2626,609.479,144.156,653.529,129.978,0
3285,231.205,166.089,280.738,330.629,250.363,184.912,0
3286,38.7,45.0065,319.916,200.422,350.375,174.953,0
3287,471.22,328.918,319.744,480.994,67.6477,404.593,0
3288,26.0001,27.5,603.179,727.171,612.396,752.012,0
3289,364.213,205.59,205.372,475.511,67.7918,405.392,0
3290,92.2992,76.777,143.794,398.977,67.7769,404.975,0
3291,567.508,342.467,399.556,505.819,615.636,539.725,0
3292,86.0993,96.2399,592.543,461.481,615.622,539.663,0
3293,233.105,118.657,197.327,264.66,248.703,184.877,0
3294,154.3,103.535,191.672,638.135,150.358,706.097,0
3295,231.805,128.201,214.72,306.336,248.713,184.876,0
3296,182.302,171.784,500.067,149.799,653.613,130.402,0
3297,605.599,364.309,334.514,506.457,150.345,706.129,0
3298,53.5998,33.3289,281.723,200.739,252.599,183.951,0
3299,141.699,115.566,256.852,750.794,310.407,818.9,0
3300,137.299,112.796,250.508,743.613,152.248,706.873,0
3301,428.617,259.154,291.479,425.355,67.6964,404.91,0
3302,2.1,1.30961,602.345,830.08,603.599,830.459,0
3303,372.614,272.76,384.065,392.873,349.676,174.615,0
3304,592.502,345.148,421.716,507.361,615.61,539.576,0
3305,228.005,200.573,370.862,646.651,313.067,818.133,0
3306,178.402,190.913,328.91,639.062,313.063,818.126,0
3307,188.502,149.165,518.068,382.518,630.343,334.112,0
3308,300.909,174.536,179.705,480.093,67.6488,405.876,0
3309,263.907,285.984,332.127,550.403,312.029,818.225,0
3310,38.6,36.3735,582.769,766.533,611.098,755.397,0
3311,69.4995,74.1847,351.536,195.039,350.047,174.836,0
3312,503.121,310.352,408.273,564.038,613.329,612.468,0
3313,447.218,234.733,237.714,655.767,150.345,706.122,0
3314,18.6,16.8986,84.8359,404.741,67.6959,405.518,0
3315,96.4991,81.9097,569.871,130.301,653.615,130.369,0
3316,62.4996,65.1713,570.545,344.461,630.382,334.106,0
3317,185.402,138.083,328.214,274.554,349.774,174.732,0
3318,452.618,341.572,324.108,483.496,67.6809,404.931,0
3319,155.4,126.004,353.193,257.834,349.579,174.601,0
3320,89.2992,82.6742,320.429,746.854,311.8,818.254,0
3321,73.5994,89.6783,312.848,741.898,313.049,818.109,0
3322,62.6996,61.3626,326.945,215.899,350.051,174.763,0
3323,394.115,230.969,458.996,376.62,630.298,334.138,0
3324,118.799,100.703,271.705,281.124,249.445,185.22,0
3325,258.307,198.343,497.436,443.559,615.671,539.514,0
3326,556.911,324.89,418.99,498.41,615.558,540.043,0
3327,188.602,139.925,524.069,671.736,613.157,613.04,0
3328,130.699,113.523,292.504,283.258,250.003,185.024,0
3329,496.821,292.014,432.075,468.094,615.54,540.148,0
3330,208.003,112.057,200.837,263.257,248.108,184.733,0
3331,90.3992,66.9305,397.044,192.652,355.652,174.308,0
3332,92.2992,87.7848,432.045,147.952,355.96,173.689,0
3333,29.3001,33.8284,608.221,314.376,630.428,333.813,0
3334,82.9993,93.139,589.732,461.468,615.559,539.703,0
3335,771.259,354.297,322.241,549.388,150.331,706.155,0
3336,331.811,191.034,265.813,614.716,150.335,706.08,0
3337,163.001,147.814,151.549,476.299,67.8482,405.42,0
3338,212.204,212.848,515.6,505.272,615.586,540.371,0
3339,206.103,203.186,414.116,676.923,313.316,818.172,0
3340,64.5996,57.5238,614.648,158.839,648.213,190.971,0
3341,190.302,126.538,422.578,251.561,355.617,174.354,0
3342,128.499,110.941,143.569,597.88,150.062,706.054,0
3343,315.61,225.954,398.982,339.256,349.408,174.549,0
3344,79.4994,97.2758,522.297,781.571,611.221,754.909,0
3345,122.799,149.112,314.684,697.896,312.078,818.203,0
3346,36.6,26.4093,275.96,195.497,253.231,183.334,0
3347,67.4995,60.0673,594.351,696.05,612.405,752.022,0
3348,360.213,252.7,463.467,347.551,356.24,173.322,0
3349,255.306,184.583,515.282,453.218,615.558,540.274,0
3350,43.4999,36.3005,285.074,200.597,253.234,183.271,0
3351,120.899,87.7544,553.729,332.376,630.429,333.699,0
3352,256.406,166.879,173.39,481.084,67.6368,405.645,0
3353,278.508,202.306,469.89,307.728,630.357,334.153,0
3354,362.013,231.742,474.278,466.811,615.588,539.637,0
3355,49.8998,38.6981,579.248,597.932,613.368,612.285,0
3356,28.0001,35.6443,576.01,754.673,611.174,755.26,0
3357,287.608,188.826,172.391,496.434,67.445,406.256,0
3358,418.816,285.017,415.444,437.088,615.554,539.69,0
3359,298.909,216.508,368.622,362.724,349.913,174.802,0
3360,65.3996,57.3757,570.023,728.823,612.101,752.719,0
3361,74.7994,52.6302,212.57,212.899,248.411,184.826,0
3362,348.712,183.943,235.347,373.527,67.6966,405.571,0
3363,67.3995,58.9929,307.433,766.06,311.07,818.662,0
3364,0,0,612.575,816.89,612.575,816.89,0
3365,161.701,144.779,518.161,129.993,653.491,129.774,0
3366,97.5991,76.8332,398.953,200.816,355.585,174.326,0
3367,9.9,11.8285,601.623,611.914,613.247,612.713,0
3368,517.021,275.755,274.104,554.565,150.264,706.098,0
3369,258.007,191.003,285.37,352.57,250.825,184.703,0
3370,218.704,132.494,201.728,259.461,247.891,184.554,0
3371,305.109,253.161,291.985,407.809,251.295,184.532,0
3372,91.0992,77.7454,575.855,129.697,653.547,129.768,0
3373,193.403,209.005,315.547,639.661,312.303,818.107,0
3374,23.1001,21.7134,601.18,600.419,613.349,612.527,0
3375,172.201,166.385,360.24,667.815,312.978,818.108,0
3376,206.703,159.925,373.181,279.816,349.629,174.614,0
3377,82.2993,79.1684,424.944,146.748,356.152,173.389,0
3378,556.011,323.045,420.587,472.356,615.589,539.695,0
3379,11.2,11.3353,365.53,179.246,355.987,173.889,0
3380,168.201,198.745,524.801,248.839,648.263,198.077,0
3381,81.6993,76.9089,537.627,614.262,613.353,612.42,0
3382,310.41,258.554,292.768,408.942,251.131,184.528,0
3383,89.5992,113.182,338.853,708.338,312.798,817.96,0
3384,161.401,129.455,191.492,263.191,248.145,184.683,0
3385,175.702,178.627,503.045,204.907,647.744,191.774,0
3386,501.721,228.679,304.847,649.419,150.343,706.205,0
3387,413.316,333.829,306.822,497.299,67.3407,403.938,0
3388,0,0,250.795,178.635,250.795,178.635,0
3389,595.102,354.926,385.662,481.625,615.617,539.625,0
3390,339.011,191.398,181.965,467.809,67.6168,405.821,0
3391,120.799,94.6317,520.881,608.117,613.284,612.488,0
3392,123.499,101.863,267.02,282.524,249.471,185.208,0
3393,128.699,111.782,362.69,228.635,350.16,174.8,0
3394,523.019,325.217,401.222,465.877,615.618,539.668,0
3395,114.099,78.6509,600.162,679.859,612.378,751.928,0
3396,163.801,130.877,161.956,590.806,149.934,706.213,0
3397,402.315,301.175,259.589,518.218,67.3782,406.377,0
3398,124.899,103.359,403.696,224.662,355.758,174.286,0
3399,68.3995,56.3233,409.737,183.795,356.125,173.566,0
3400,44.2999,29.754,274.764,200.002,252.245,184.105,0
3401,295.309,186.328,451.235,618.523,613.177,612.973,0
3402,479.42,336.509,365.314,467.486,349.314,174.543,0
3403,3.6,2.62166,151.347,703.69,150.598,706.202,0
3404,101.499,93.386,172.568,208.247,248.278,184.822,0
3405,91.0992,68.9964,587.276,662.645,613.211,612.584,0
3406,180.102,139.28,247.845,314.164,249.634,185.243,0
3407,201.403,144.408,518.175,378.823,630.279,334.066,0
3408,319.01,175.915,227.769,402.847,67.8382,404.951,0
3409,216.704,177.492,149.071,514.196,67.4597,406.027,0
3410,270.707,234.466,301.246,379.879,251.591,184.356,0
3411,36.3,38.9268,582.232,735.018,612.141,752.758,0
3412,256.206,170.02,227.137,334.625,249.646,185.241,0
3413,251.006,165.35,457.191,594.065,613.334,612.49,0
3414,39,28.396,95.3526,410.184,67.721,405.469,0
3415,189.202,155.158,126.136,513.671,67.8021,405.44,0
3416,420.316,229.222,467.902,695.894,613.166,612.735,0
3417,122.599,91.2671,311.56,738.47,311.146,818.572,0
3418,240.605,173.157,175.384,561.631,149.873,706.2,0
3419,191.502,153.541,614.273,427.253,615.614,539.662,0
3420,71.7995,62.3269,559.453,740.344,611.818,753.469,0
3421,416.416,330.604,319.061,478.48,67.386,404.26,0
3422,399.415,149.401,183.673,437.867,67.619,405.893,0
3423,42.6999,40.6421,570.065,806.012,606.916,810.677,0
3424,67.9995,49.2901,116.16,401.795,67.7442,405.629,0
3425,171.801,160.946,265.376,665.27,151.62,706.61,0
3426,274.208,219.048,385.43,334.065,349.446,174.484,0
3427,228.005,189.127,379.118,313.736,349.675,174.704,0
3428,278.008,173.986,232.808,344.362,249.733,185.239,0
3429,4.9,4.34114,649.437,130.698,653.62,129.732,0
3430,255.306,120.669,224.818,301.051,249.203,185.103,0
3431,0,0,609.08,814.47,609.08,814.47,0
3432,169.301,171.902,513.143,202.064,647.679,191.809,0
3433,293.109,181.486,162.508,494.555,67.4568,406.133,0
3434,33.3001,38.1143,611.532,188.06,648.058,191.085,0
3435,196.103,170.823,253.814,644.289,151.783,706.656,0
3436,445.118,281.968,430.398,439.475,615.583,539.57,0
3437,146.7,128.942,152.706,590.123,150.04,706.229,0
3438,3.8,3.18004,253.777,186.843,252.622,183.882,0
3439,14.2,14.9094,595.477,802.297,607.164,810.116,0
3440,308.11,217.461,405.039,313.695,355.359,174.427,0
3441,295.809,133.545,193.091,410.474,67.3553,406.212,0
3442,38.4,48.6607,606.605,221.867,648.375,198.104,0
3443,136.899,121.827,522.97,717.273,612.105,752.696,0
3444,358.113,187.741,252.036,396.118,67.7423,404.768,0
3445,176.002,113.615,542.449,576.191,613.173,612.889,0
3446,183.902,167.733,368.178,681.53,312.445,818.069,0
3447,165.901,117.414,160.603,374.746,67.7441,404.81,0
3448,246.806,195.757,527.813,425.556,630.267,334.047,0
3449,371.413,244.393,416.009,345.072,355.758,174.273,0
3450,306.509,222.199,492.16,430.208,630.334,334.134,0
3451,10,9.43785,76.8638,403.592,67.7466,404.885,0
3452,209.204,143.513,284.086,311.96,249.116,185.135,0
3453,80.0993,67.9974,198.139,213.653,248.379,184.83,0
3454,161.501,126.465,277.572,728.332,311.374,818.483,0
3455,284.908,188.08,180.765,473.343,67.495,406.04,0
3456,277.708,278.77,331.711,552.175,312.819,817.961,0
3457,415.116,343.494,326.535,489.148,67.2804,403.751,0
3458,325.611,206.79,469.282,289.218,355.375,174.397,0
3459,229.405,163.292,278.109,331.625,249.444,185.183,0
3460,60.6996,38.5187,589.164,634.602,613.269,612.514,0
3461,243.406,221.094,351.395,623.104,313.387,818.315,0
3462,149.2,131.418,546.62,387.789,630.306,334.301,0
3463,80.2993,84.0231,333.441,237.043,349.908,174.763,0
3464,171.901,160.1,272.223,691.562,152.393,706.89,0
3465,79.8994,85.4473,538.53,750.277,611.058,755.325,0
3466,304.809,185.34,451.927,611.379,613.266,613.099,0
3467,94.7991,76.7756,576.851,694.457,612.185,752.428,0
3468,67.3995,71.1435,269.674,251.566,250.566,184.767,0
3469,405.916,175,247.222,610.554,150.309,706.158,0
3470,217.004,215.225,421.369,700.281,313.136,818.244,0
3471,303.009,165.413,192.667,330.357,248.688,184.901,0
3472,408.016,242.562,446.385,390.157,630.295,334.117,0
3473,52.5998,61.154,557.684,773.754,611.162,755.593,0
3474,293.809,195.829,523.864,520.506,613.442,612.321,0
3475,87.2992,96.9483,520.533,764.878,611.085,755.042,0
3476,59.8997,66.2058,418.944,142.33,406.151,78.1459,0
3477,62.4996,64.6492,417.172,140.754,406.208,78.1104,0
3478,76.2994,75.4589,314.372,222.387,349.825,174.674,0
3479,130.299,104.164,560.211,376.467,630.5,334.546,0
3480,405.616,243.339,466.149,463.557,615.567,539.753,0
3481,311.21,168.549,247.42,641.311,150.539,706.146,0
3482,233.805,128.026,188.522,622.894,150.699,706.241,0
3483,101.199,76.9342,268.227,778.687,310.453,818.87,0
3484,156.9,122.802,184.449,264.022,247.901,184.599,0
3485,66.1996,82.513,322.016,741.925,312.818,818.005,0
3486,153.5,109.99,557.147,310.052,630.329,333.902,0
3487,476.02,292.791,277.608,474.796,67.6354,405.844,0
3488,317.31,206.144,477.336,535.599,613.31,613.158,0
3489,213.804,162.36,162.593,562.757,151.079,706.401,0
3490,325.011,171.418,185.443,308.081,248.624,184.89,0
3491,401.515,282.159,379.772,416.549,349.898,174.698,0
3492,208.003,136.089,484.849,178.936,356.24,173.406,0
3493,441.518,318.138,284.466,492.512,67.5802,404.669,0
3494,379.814,227.328,459.985,339.139,355.277,174.545,0
3495,299.509,198.688,470.746,543.711,613.434,613.263,0
3496,360.313,253.854,400.198,362.951,349.803,174.682,0
3497,313.11,194.562,172.624,313.989,248.27,184.697,0
3498,57.3997,78.6678,327.458,742.26,312.695,817.984,0
3499,194.103,149.239,142.005,459.801,67.6841,405.595,0
3500,80.7993,54.3382,112.434,420.962,67.692,405.517,0
3501,454.219,330.578,356.145,459.446,349.878,174.839,0
3502,69.0995,84.6001,531.121,766.854,611.165,754.771,0
3503,58.1997,79.5579,334.951,741.568,312.996,818.109,0
3504,394.915,231.435,475.873,420.451,630.353,334.052,0
3505,100.599,102.391,163.399,629.819,149.675,706.272,0
3506,136.899,87.6109,529.696,612.756,613.344,613.073,0
3507,269.507,170.628,491.136,315.762,630.35,334.07,0
3508,167.301,148.607,128.202,576.567,149.526,706.377,0
3509,227.705,250.221,326.687,585.865,312.288,818.057,0
3510,78.1994,76.196,315.065,221.948,349.239,174.522,0
3511,39.8,46.7144,420.737,119.878,406.193,78.1062,0
3512,51.5998,51.964,603.213,136.364,653.646,130.315,0
3513,266.707,160.125,280.414,330.747,250.071,184.976,0
3514,374.314,263.039,386.211,392.022,349.536,174.591,0
3515,304.809,175.755,192.26,328.206,248.844,184.989,0
3516,289.208,150.165,216.994,407.635,67.7498,405.507,0
3517,0,0,659.527,132.943,659.527,132.943,0
3518,396.415,224.459,464.121,336.966,355.61,174.37,0
3519,98.3991,116.818,592.179,270.24,647.895,197.681,0
3520,103.499,123.611,573.939,274.647,647.855,197.739,0
3521,425.917,254.755,238.735,471.626,67.8234,405.397,0
3522,345.912,235.25,345.743,358.424,349.72,174.704,0
3523,148.7,184.805,518.089,293.541,647.929,197.659,0
3524,129.199,89.868,606.203,698.356,612.373,751.875,0
3525,268.907,197.676,473.792,545.419,613.337,612.554,0
3526,85.3993,79.2639,193.635,661.348,150.589,706.185,0
3527,107.099,100.05,359.153,218.033,349.485,174.594,0
3528,82.4993,99.524,329.153,724.64,312.134,818.22,0
3529,165.001,129.051,141.887,579.353,150.126,706.241,0
3530,51.6998,59.0264,572.8,341.116,630.252,334.056,0
3531,334.111,228.096,480.058,524.173,613.397,612.308,0
3532,9.4,9.70999,253.756,193.94,251.38,184.525,0
3533,463.219,232.814,308.391,653.213,150.256,706.185,0
3534,33.8001,28.8397,588.662,600.296,613.387,612.162,0
3535,143.4,96.5846,220.676,273.515,249.512,185.215,0
3536,128.399,108.072,159.311,621.526,150.679,706.207,0
3537,26.0001,17.5338,268.025,193.466,252.767,183.938,0
3538,119.099,115.302,249.709,712.422,152.248,706.833,0
3539,80.6993,75.4698,586.421,182.77,648.259,190.867,0
3540,32.3001,31.6961,622.089,128.28,653.463,130.017,0
3541,200.103,164.051,489.912,116.898,653.471,130.156,0
3542,310.21,227.387,504.328,475.896,615.505,540.043,0
3543,284.708,190.856,404.271,292.43,355.394,174.477,0
3544,83.1993,88.1066,534.274,753.762,611.126,755.058,0
3545,105.299,93.544,543.641,722.773,612.033,753.047,0
3546,7.1,6.47178,360.735,178.294,355.703,174.271,0
3547,91.3992,105.042,563.912,198.247,647.676,191.967,0
3548,24.4001,23.0365,594.93,794.632,607.228,809.843,0
3549,254.206,169.655,197.949,357.808,67.5686,404.492,0
3550,75.7994,93.6418,334.527,727.912,312.345,818.058,0
3551,240.906,200.577,392.322,305.609,349.691,174.708,0
3552,294.909,144.17,216.116,230.876,248.047,184.628,0
3553,199.303,210.054,415.274,673.931,313.516,818.311,0
3554,301.609,198.025,443.424,624.672,613.32,613.148,0
3555,128.199,104.711,265.083,284.825,249.91,185.1,0
3556,140.699,129.474,305.266,289.571,249.896,185.093,0
3557,290.709,296.039,350.587,540.646,312.757,817.976,0
3558,238.005,138.117,203.87,305.765,248.572,184.922,0
3559,15.9,19.8878,601.616,532.144,615.662,540.319,0
3560,79.5994,76.9255,137.013,633.345,150.137,706.157,0
3561,134.599,144.477,257.176,693.437,151.604,706.628,0
3562,405.116,222.822,469.229,374.891,630.327,334.149,0
3563,346.312,189.099,254.127,394.288,67.8338,404.969,0
3564,83.9993,76.3681,549.868,743.444,611.899,753.261,0
3565,237.405,136.092,508.671,658.37,613.337,613.066,0
3566,71.7995,69.0186,598.95,360.664,630.337,334.319,0
3567,33.2001,30.9534,281.512,194.85,253.205,183.276,0
3568,345.112,252.114,445.578,444.545,615.454,540.213,0
3569,61.9996,54.1781,566.144,738.406,612.221,752.387,0
3570,432.717,300.647,358.735,441.684,349.689,174.622,0
3571,20.4,19.6529,597.004,796.591,606.582,811.176,0
3572,392.915,163.833,201.457,430.07,67.8072,405.231,0
3573,36.9,44.5811,321.584,200.266,350.24,174.921,0
3574,847.64,362.915,282.381,579.399,150.331,706.087,0
3575,68.9995,81.5786,224.485,732.091,152.237,706.878,0
3576,49.1998,43.4957,260.256,226.127,249.955,184.998,0
3577,421.116,181.552,210.781,436.079,67.462,405.964,0
3578,348.612,244.836,452.86,437.69,615.625,540.324,0
3579,186.802,195.804,313.308,336.55,251.698,184.239,0
3580,237.605,132.801,187.133,625.314,150.189,706.128,0
3581,478.82,287.54,435.675,478.43,615.527,540.247,0
3582,182.502,179.508,514.657,213.661,648.039,190.955,0
3583,254.206,190.949,305.061,328.605,250.649,184.803,0
3584,101.399,68.5339,301.023,759.646,311.152,818.594,0
3585,320.01,200.957,475.472,389.76,630.317,334.12,0
3586,217.404,230.886,339.748,375.093,251.206,184.495,0
3587,191.302,145.755,506.893,121.013,653.633,129.677,0
3588,110.599,89.7934,176.129,210.474,248.84,185.041,0
3589,10.7,11.3036,247.888,195.968,249.458,185.183,0
3590,20.5,26.8498,627.897,137.529,653.49,129.864,0
3591,45.9999,44.0018,408.199,122.229,405.73,78.2019,0
3592,0,0,618.886,541.933,618.886,541.933,0
3593,74.5994,60.0931,302.28,769.436,311.144,818.568,0
3594,159.701,121.954,219.349,765.967,152.333,706.853,0
3595,274.008,148.062,217.12,226.176,247.808,184.508,0
3596,11.6,11.2646,364.621,181.29,355.702,174.335,0
3597,201.803,167.046,611.32,416.814,615.624,539.638,0
3598,83.1993,75.3372,558.823,338.533,630.307,334.124,0
3599,241.606,177.5,369.302,310.281,349.692,174.699,0
3600,343.012,231.396,497.48,479.248,615.551,539.806,0
3601,218.004,111.485,229.095,292.856,249.067,185.125,0
3602,316.91,233.763,460.707,434.952,615.456,540.164,0
3603,258.607,245.592,356.889,596.59,312.157,818.235,0
3604,413.316,198.677,233.489,430.506,67.6464,404.538,0
3605,219.204,213.702,432.529,679.988,312.968,818.09,0
3606,192.703,118.616,514.448,645.208,613.312,613.161,0
3607,64.0996,61.7402,277.003,229.929,250.046,184.971,0
3608,201.503,135.1,286.631,295.278,249.799,185.091,0
3609,49.3998,63.0237,591.614,490.066,615.666,540.406,0
3610,256.306,168.366,507.007,389.986,630.302,334.127,0
3611,78.9994,77.3126,103.435,456.065,67.6453,405.644,0
3612,228.905,141.232,281.461,314.79,250,185.031,0
3613,230.105,124.358,192.388,390.85,67.7381,404.811,0
3614,301.909,188.452,165.56,305.38,248.913,185.009,0
3615,90.7992,63.5225,132.695,398.407,67.7861,405.372,0
3616,398.715,182.029,455.302,639.578,613.258,612.421,0
3617,80.8993,99.1643,329.676,724.41,312.173,818.198,0
3618,5.1,4.19029,658.677,188.994,655.106,191.179,0
3619,159.801,120.949,399.883,239.84,355.563,174.3,0
3620,211.504,139.703,498.765,339.783,630.345,334.119,0
3621,165.201,123.56,525.899,345.533,630.317,334.135,0
3622,90.2992,70.4516,566.054,717.436,611.832,753.284,0
3623,285.408,192.813,438.288,311.737,355.852,174.09,0
3624,353.112,185.314,223.041,590.84,150.342,706.197,0
3625,60.9996,65.4183,587.688,490.089,615.456,540.192,0
3626,326.411,227.182,479.098,412.73,630.284,334.13,0
3627,139.099,159.821,401.086,708.808,313.707,818.375,0
3628,168.101,136.532,527.115,153.34,653.535,130.196,0
3629,302.609,139.428,202.182,395.507,67.7055,405.242,0
3630,22.4,25.2169,325.915,183.567,349.103,174.419,0
3631,203.503,141.626,424.841,259.979,355.597,174.398,0
3632,213.104,204.831,268.773,645.379,152.61,707.046,0
3633,35.9,36.7413,617.192,133.317,653.511,129.984,0
3634,477.82,300.866,284.402,469.805,67.6944,404.872,0
3635,324.311,180.301,517.017,180.979,356.237,173.301,0
3636,108.899,137.246,325.153,696.467,312.347,818.123,0
3637,999.903,317.751,430.552,530.866,425.762,544.152,1
3638,78.4994,76.7755,586.076,146.806,653.63,130.346,0
3639,163.901,159.547,265.38,666.388,151.634,706.639,0
3640,6.4,6.54307,596.682,836.356,602.971,834.552,0
3641,207.603,157.293,174.216,341.089,67.5693,404.546,0
3642,69.9995,71.6,572.81,348.706,630.335,334.125,0
3643,106.699,88.843,273.399,769.229,310.888,818.707,0
3644,223.504,156.029,235.238,329.349,249.63,185.228,0
3645,158.6,117.123,452.843,160.558,356.22,173.314,0
3646,4,3.46616,649.277,186.804,650.463,190.061,0
3647,37.4,34.9127,285.935,193.36,253.543,182.449,0
3648,103.199,88.8101,195.438,649.712,150.807,706.299,0
3649,304.709,212.511,278.706,379.502,250.555,184.845,0
3650,273.607,185.574,290.684,344.081,250.898,184.731,0
3651,26.6001,25.2019,611.107,343.143,630.331,333.922,0
3652,227.105,184.688,141.398,531.066,150.093,706.056,0
3653,47.9998,48.6636,572.484,736.715,611.972,752.762,0
3654,425.317,234.423,465.101,355.518,630.266,334.056,0
3655,109.899,82.8536,571.463,664.885,613.204,612.927,0
3656,8.6,8.64816,609.436,546.998,616.582,542.523,0
3657,64.2996,44.4773,576.24,626.543,613.171,612.798,0
3658,200.103,227.289,330.42,373.934,252.015,184.246,0
3659,112.099,82.0698,586.135,676.759,612.187,752.55,0
3660,23.9001,24.961,238.955,204.66,248.744,184.923,0
3661,624.695,279.806,274.833,557.738,150.312,706.193,0
3662,0,0,409.667,72.7369,409.755,72.5388,0
3663,361.813,232.062,266.58,433.449,67.4886,404.431,0
3664,15,17.3477,594.156,753.266,611.248,755.467,0
3665,183.602,156.485,508.573,147.726,653.604,129.707,0
3666,127.299,94.5635,522.087,610.048,613.299,612.524,0
3667,262.007,171.173,501.771,360.446,630.274,334.147,0
3668,176.902,148.713,142.364,465.043,67.5961,405.71,0
3669,327.911,248.922,473.574,344.425,630.331,334.134,0
3670,13.7,13.8178,599.64,801.031,606.576,811.388,0
3671,82.1993,86.7174,299.914,223.765,250.445,184.9,0
3672,417.816,197.801,464.138,656.021,613.22,612.571,0
3673,344.112,225.445,215.059,492.3,67.3528,406.213,0
3674,129.699,144.433,533.781,181.086,647.875,191.517,0
3675,42.9999,45.261,598.285,710.454,612.295,752.076,0
3676,5.5,5.84305,654.276,204.625,652.202,199.162,0
3677,113.499,114.803,236.18,683.982,152.389,706.852,0
3678,42.4999,57.1071,328.691,763.526,312.781,818.009,0
3679,538.016,328.987,397.611,582.387,613.344,612.533,0
3680,52.4998,56.6989,560.001,749.606,611.958,752.959,0
3681,41.4999,39.7066,396.003,174.53,355.928,174.134,0
3682,388.414,161.173,196.306,438.153,67.8224,405.19,0
3683,183.002,166.483,367.582,682.683,312.924,817.964,0
3684,477.42,243.321,454.015,696.233,613.317,613.074,0
3685,498.321,271.188,471.759,476.337,615.604,539.65,0
3686,298.509,178.782,229.936,406.216,67.5156,404.345,0
3687,116.799,132.531,306.42,272.364,251.043,184.62,0
3688,53.8997,42.1026,222.33,210.49,248.057,184.584,0
3689,380.414,275.696,341.065,385.898,349.983,174.799,0
3690,131.699,105.812,405.459,228.134,355.736,174.343,0
3691,414.716,277.274,420.822,394.022,630.263,334.113,0
3692,483.62,274.148,452.287,477.673,615.6,539.601,0
3693,283.808,168.399,193.776,341.603,67.7059,404.908,0
3694,104.099,126.073,553.923,187.462,647.737,191.742,0
3695,229.105,281.404,329.489,407.542,251.627,184.337,0
3696,52.2998,40.9849,293.138,185.525,253.582,182.273,0
3697,489.721,351.211,369.486,477.895,349.372,174.485,0
3698,263.907,199.076,305.196,346.199,250.938,184.591,0
3699,126.799,114.553,583.385,445.724,615.615,539.718,0
3700,1.9,1.01185,150.76,705.18,150.621,706.182,0
3701,41.2999,28.4877,594.617,625.059,613.366,613.239,0
3702,250.406,213.245,382.594,325.914,349.656,174.683,0
3703,105.499,89.67,191.636,232.261,248.608,184.894,0
3704,162.901,185.268,387.653,676.759,313.646,818.4,0
3705,370.013,268.804,340.627,386.245,349.963,174.76,0
3706,27.1001,25.9082,239.637,208.424,249.153,185.15,0
3707,418.016,267.075,305.15,437.21,67.8352,404.993,0
3708,40,46.6363,276.628,798.2,311.599,818.355,0
3709,401.515,274.234,424.764,437.682,615.624,539.574,0
3710,242.506,180.115,149.698,533.651,149.642,706.269,0
3711,138.899,126.323,132.427,477.105,67.6454,405.484,0
3712,191.402,130.64,551.6,295.139,630.294,334.054,0
3713,411.116,332.371,318.805,486.234,67.2609,403.817,0
3714,209.104,111.109,201.896,261.079,248.564,184.796,0
3715,7.99999,8.53473,622.114,332.129,630.356,334.224,0
3716,103.699,89.3013,543.1,598.701,613.245,612.638,0
3717,50.8998,54.8753,576.402,339.305,630.265,334.069,0
3718,207.003,194.511,329.067,344.539,250.845,184.689,0
3719,250.506,172.554,277.033,340.194,249.455,185.2,0
3720,655.487,342.581,313.125,516.515,150.316,706.103,0
3721,142.499,107.84,531.625,353.79,630.442,333.73,0
3722,470.52,252.017,236.128,470.043,67.6747,405.575,0
3723,80.8993,79.7778,209.596,688.405,151.533,706.605,0
3724,310.01,192.124,467.57,275.928,356.271,173.223,0
3725,131.099,142.816,546.071,459.553,615.639,540.4,0
3726,123.399,95.5157,227.089,275.694,248.85,185.039,0
3727,43.1999,54.103,599.982,208.17,647.658,197.305,0
3728,46.2999,56.4615,598.096,209.128,647.933,197.812,0
3729,3.9,3.19075,627.271,333.61,630.365,334.318,0
3730,258.807,137.109,450.319,139.193,355.762,174.206,0
3731,42.6999,29.5315,254.542,215.269,249.741,185.212,0
3732,308.51,198.12,474.973,543.676,613.409,613.303,0
3733,107.599,132.109,556.851,181.735,647.579,192.005,0
3734,26.2001,25.4037,237.444,204.702,249.043,184.975,0
3735,11.7,11.6055,263.504,186.425,253.193,183.428,0
3736,84.0993,75.412,420.161,146.082,356.229,173.277,0
3737,21.8,14.0985,261.495,194.092,252.472,184.006,0
3738,107.899,118.282,234.138,677.871,151.671,706.603,0
3739,189.202,116.233,430.298,240.293,355.799,174.143,0
3740,104.899,88.4009,542.788,595.353,613.244,612.645,0
3741,358.113,232.99,501.275,519.718,613.279,612.39,0
3742,170.801,105.364,207.6,267.005,248.008,184.579,0
3743,40.2,24.6729,268.704,202.531,252.443,183.996,0
3744,76.6994,101.997,582.92,261.42,647.968,198.046,0
3745,189.902,146.867,506.61,118.609,653.595,130.397,0
3746,151.1,139.635,255.291,682.008,152.466,706.99,0
3747,294.809,212.306,378.749,346.743,349.88,174.653,0
3748,63.7996,48.7049,140.819,657.44,150.551,706.177,0
3749,14.2,12.3382,599.439,756.752,611.157,754.951,0
3750,37.8,47.0951,609.147,193.534,647.892,197.68,0
3751,97.4991,90.5155,160.925,642.137,150.873,706.32,0
3752,74.8994,69.2223,412.914,193.84,355.655,174.314,0
3753,34.5,34.6897,615.14,266.826,635.77,282.236,0
3754,283.508,152.739,443.45,145.037,356.1,173.44,0
3755,393.015,284.473,360.497,426.836,349.436,174.479,0
3756,32.8001,28.2929,255.668,212.559,249.862,185.143,0
3757,222.504,243.69,337.662,601.89,313.034,818.127,0
3758,76.9994,96.9503,337.439,724.122,312.76,818,0
3759,128.199,144.231,500.175,719.688,611.796,753.331,0
3760,268.907,177.764,200.222,342.868,67.4034,404.091,0
3761,18.9,18.6867,592.715,754.515,611.174,755.188,0
3762,170.901,168.838,366.863,681.389,312.629,817.984,0
3763,155.8,130.543,546.662,387.41,630.311,334.11,0
3764,241.506,199.736,178.267,538.78,149.662,706.306,0
3765,141.899,105.296,290.906,739.067,311.181,818.632,0
3766,542.715,322.052,443.325,496.933,615.512,540.143,0
3767,250.006,192.559,476.554,552.637,613.227,612.765,0
3768,28.9001,29.8534,572.744,834.837,602.377,833.265,0
3769,119.799,97.8953,264.144,280.994,249.994,185.024,0
3770,70.0995,60.5306,560.515,740.472,612.027,752.947,0
3771,30.0001,30.259,413.242,107.112,406.228,78.065,0
3772,198.103,165.985,273.552,688.619,152.83,707.085,0
3773,281.708,190.816,508.398,418.269,630.273,334.074,0
3774,523.519,362.389,389.505,536.181,613.318,613.095,0
3775,392.415,200.611,432.942,634.431,613.216,612.598,0
3776,66.2996,76.4444,590.041,190.216,647.926,197.825,0
3777,140.299,148.451,543.782,465.111,615.491,540.231,0
3778,131.299,100.415,436.059,197.173,356.118,173.418,0
3779,258.607,144.853,502.295,651.159,613.324,613.205,0
3780,344.612,226.009,301.188,379.674,249.781,185.1,0
3781,0,0,614.21,759.002,614.21,759.002,0
3782,83.4993,109.271,351.045,717.054,313.473,818.294,0
3783,102.399,75.2253,421.696,150.637,356.087,173.52,0
3784,107.699,80.4068,574.877,665.006,613.154,613.017,0
3785,252.906,193.73,189.275,560.653,150.77,706.331,0
3786,19.7,20.1923,376.208,175.813,356.064,173.642,0
3787,295.709,228.037,373.148,366.349,349.469,174.51,0
3788,203.003,150.213,240.625,326.026,249.943,185.117,0
3789,357.113,164.346,218.372,418.376,67.804,405.201,0
3790,243.406,166.048,226.036,323.611,249.381,185.239,0
3791,141.899,98.4303,165.881,398.938,67.7497,404.903,0
3792,105.099,132.242,555.039,180.774,647.568,192.316,0
3793,408.816,240.116,445.457,386.036,630.343,334.105,0
3794,79.8994,65.1178,589.096,692.643,612.112,752.582,0
3795,0,0,352.992,169.673,352.992,169.673,0
3796,79.9994,68.76,594.745,183.128,647.569,192.061,0
3797,460.819,324.137,363.375,464.25,349.558,174.555,0
3798,271.807,140.996,493.566,627.701,613.264,613.217,0
3799,365.013,178.178,219.469,604.617,150.346,706.15,0
3800,304.109,292.222,376.479,568.099,313.018,818.113,0
3801,317.91,232.887,388.94,351.266,350.195,174.776,0
3802,141.399,115.699,561.18,386.247,630.397,333.735,0
3803,71.5995,59.6243,611.587,159.261,648.269,190.927,0
3804,164.701,103.641,215.987,280.571,249.005,185.04,0
3805,60.5996,41.6908,289.51,204.201,252.688,183.943,0
3806,320.11,221.144,391.438,337.176,350.08,174.834,0
3807,60.2997,74.0307,542.307,762.224,611.099,755.175,0
3808,166.401,160.65,285.889,697.289,311.458,818.392,0
3809,76.2994,88.3353,554.767,499.153,615.475,540.014,0
3810,399.815,289.211,415.277,375.61,349.865,174.691,0
3811,296.009,226.339,482.614,468.049,615.47,540.066,0
3812,5,4.11554,632.466,284.921,636.34,283.532,0
3813,483.72,321.363,422.548,559.568,613.306,613.162,0
3814,0,0,353.514,170.572,353.514,170.572,0
3815,78.4994,98.7263,337.87,722.459,312.882,818.018,0
3816,285.508,134.483,225.855,304.81,247.976,184.56,0
3817,163.001,138.298,361.444,269.445,349.749,174.679,0
3818,134.699,114.053,551.971,154.187,653.584,130.265,0
3819,100.999,114.465,527.607,725.842,611.756,753.438,0
3820,47.2999,44.2667,408.188,122.251,405.863,78.2131,0
3821,395.215,159.903,474.033,644.505,613.24,613.022,0
3822,190.402,161.06,121.6,566.715,149.533,706.43,0
3823,257.607,154.276,561.827,551.895,613.307,612.503,0
3824,141.999,125.67,540.085,152.945,653.543,130.2,0
3825,214.304,129.663,499.742,633.166,613.281,613.093,0
3826,130.099,105.706,560.392,375.108,630.385,333.68,0
3827,19.6,23.4891,414.65,99.8855,408.415,77.2402,0
3828,168.501,128.899,132.943,586.834,151.095,706.401,0
3829,306.609,172.248,170.505,306.923,249.053,185.064,0
3830,87.0992,88.0774,302.96,227.131,349.84,174.728,0
3831,14.2,17.3083,636.563,129.054,653.511,130.019,0
3832,339.311,271.508,301.667,410.956,248.862,185.014,0
3833,271.207,238.637,306.161,378.019,251.311,184.506,0
3834,150.6,135.353,174.539,636.436,150.908,706.331,0
3835,323.811,306.018,376.089,556.937,312.994,818.093,0
3836,352.912,240.267,510.326,477.651,615.667,539.625,0
3837,111.099,122.754,355.429,704.693,312.764,818.015,0
3838,86.7992,74.5326,138.795,396.771,67.723,404.903,0
3839,210.204,159.474,237.381,334.491,250.238,185.018,0
3840,332.711,201.02,476.57,391.94,630.378,334.12,0
3841,275.308,162.413,459.78,598.174,613.285,613.142,0
3842,88.6992,82.0714,207.47,676.011,150.768,706.264,0
3843,7.3,7.93893,639.39,197.853,646.963,195.484,0
3844,337.011,245.464,307.523,375.177,248.927,185.038,0
3845,160.001,133.372,531.739,148.261,653.485,130.156,0
3846,144.1,94.1214,519.657,608.918,613.288,612.533,0
3847,69.0995,67.5741,409.426,146.914,356.136,173.505,0
3848,24.1001,27.6022,583.847,754.972,611.106,755.179,0
3849,405.216,257.884,413.42,362.925,356.12,173.43,0
3850,52.1998,50.2803,605.167,296.237,635.88,282.338,0
3851,207.103,160.428,186.017,599.231,150.349,706.093,0
3852,13.2,9.8898,608.054,547.939,616.363,542.368,0
3853,79.6994,63.2883,393.086,186.213,355.745,174.28,0
3854,811.849,430.755,284.04,511.119,150.326,706.102,0
3855,202.203,151.817,518.053,137.6,653.551,129.715,0
3856,90.4992,70.8348,566.486,718.396,612.119,752.645,0
3857,272.007,159.337,215.81,382.461,67.6738,404.923,0
3858,193.103,127.212,197.557,625.361,150.501,706.066,0
3859,121.099,96.2582,217.202,267.304,249.294,185.224,0
3860,173.701,159.822,507.328,147.479,653.552,130.276,0
3861,303.109,187.986,483.392,304.913,630.258,334.072,0
3862,46.8999,44.2775,140.85,664.256,150.247,706.08,0
3863,64.0996,43.9766,110.03,407.796,67.7092,405.536,0
3864,519.52,305.457,420.561,491.667,615.672,539.63,0
3865,288.308,153.573,220.586,391.418,67.6887,405.566,0
3866,67.0995,49.0265,218.945,218.702,248.957,185.035,0
3867,256.906,150.966,408.349,261.979,355.617,174.399,0
3868,64.5996,67.7371,193.161,680.257,152.446,706.874,0
3869,312.61,224.039,391.874,335.845,349.323,174.512,0
3870,72.5995,75.2606,349.912,201.235,350.024,174.787,0
3871,281.508,164.338,159.806,490.505,67.6006,405.655,0
3872,349.112,231.628,264.15,433.036,67.4962,404.319,0
3873,181.302,107.97,515.758,633.864,613.349,613.1,0
3874,4,3.27802,358.107,176.652,355.791,174.334,0
3875,145.6,151.566,538.23,215.224,647.991,191.106,0
3876,174.101,212.671,515.432,248.497,647.934,197.593,0
3877,428.317,240.278,437.613,599.711,613.331,612.536,0
3878,249.706,169.602,200.1,586.751,150.128,706.065,0
3879,70.4995,77.0357,354.21,196.86,350.002,174.787,0
3880,115.399,108.123,287.071,279.892,250.438,184.81,0
3881,382.114,215.796,258.539,381.169,67.3895,404.109,0
3882,120.199,87.8245,154.064,403.695,67.6781,404.793,0
3883,523.019,380.206,447.021,526.371,613.211,612.65,0
3884,999.903,80.422,586.948,290.427,589.659,289.873,1
3885,51.0998,44.9112,608.713,131.672,653.584,129.733,0
3886,96.1991,78.492,268.413,259.525,249.945,185.141,0
3887,301.609,247.021,280.359,433.351,67.4006,404.189,0
3888,269.107,161.765,211.626,319.207,248.781,184.974,0
3889,179.902,145.137,589.526,379.8,630.305,334.149,0
3890,70.2995,81.2162,584.209,472.736,615.556,539.833,0
3891,374.414,205.462,287.206,627.244,150.341,706.074,0
3892,148.5,135.905,568.62,421.161,615.61,539.646,0
3893,38.1,49.6654,324.642,769.953,312.451,817.999,0
3894,136.299,123.583,530.852,119.124,653.522,129.824,0
3895,6.4,6.56788,73.2569,401.052,66.9144,402.758,0
3896,105.599,92.4637,568.221,140.519,653.496,129.76,0
3897,400.315,220.825,228.445,565.99,150.342,706.183,0
3898,21.4,22.7382,378.296,177.976,355.934,174.135,0
3899,365.813,262.352,399.824,365.246,349.412,174.463,0
3900,270.407,177.422,177.632,553.137,150.176,706.151,0
3901,849.54,288.442,305.249,652.262,150.34,706.119,0
3902,257.306,170.874,237.293,342.611,249.868,185.094,0
3903,0,0,356.114,173.447,356.114,173.447,0
3904,262.307,147.859,508.124,661.889,613.258,613.177,0
3905,115.699,95.9478,541.957,353.054,630.447,334.397,0
3906,478.92,310.771,279.132,475.645,67.7909,405.155,0
3907,60.3997,61.4436,409.552,139.13,405.79,78.1532,0
3908,278.208,156.605,191.214,346.382,67.8459,405.186,0
3909,308.21,168.052,170.937,305.977,248.587,184.905,0
3910,504.322,247.403,441.512,679.22,613.256,613.211,0
3911,122.399,94.914,432.688,192.293,355.596,174.392,0
3912,238.505,160.121,503.942,377.62,630.268,334.14,0
3913,313.11,185.593,183.757,471.047,67.4678,406.033,0
3914,200.103,165.482,383.384,262.371,349.809,174.639,0
3915,266.307,208.591,346.502,341.994,349.343,174.539,0
3916,74.1994,63.148,264.088,245.06,249.359,185.229,0
3917,457.119,308.901,411.132,408.254,349.98,174.782,0
3918,226.005,105.842,204.012,633.364,150.295,706.057,0
3919,591.303,343.764,406.778,503.465,615.592,539.676,0
3920,495.721,259.116,410.124,615.025,613.291,612.534,0
3921,534.217,329.767,275.227,548.727,150.337,706.088,0
3922,110.199,90.3132,563.414,127.257,653.637,129.75,0
3923,40.6,39.867,82.0857,432.573,67.6643,405.5,0
3924,357.413,273.993,286.698,456.341,67.4123,404.064,0
3925,504.422,259.482,295.346,585.717,150.272,706.074,0
3926,208.904,122.032,189.802,390.356,67.7279,404.854,0
3927,51.4998,33.3685,581.911,619.283,613.295,613.068,0
3928,140.799,119.622,142.753,590.267,150.045,706.176,0
3929,34.0001,29.1822,614.037,271.974,636.012,282.73,0
3930,139.699,150.374,272.959,702.184,151.749,706.588,0
3931,225.505,155.845,337.699,292.075,349.871,174.706,0
3932,312.91,163.482,241.242,621.382,150.679,706.16,0
3933,84.7993,76.4396,103.465,457.12,67.8186,405.181,0
3934,44.5999,41.6317,560.568,833.529,602.425,833.259,0
3935,550.413,327.188,410.99,566.23,613.234,612.613,0
3936,317.51,213.3,479.107,278.146,355.115,174.558,0
3937,135.499,98.8102,201.421,638.582,150.65,706.213,0
3938,412.416,329.468,318.025,478.91,67.3062,403.941,0
3939,1.9,1.05989,316.892,818.424,316.096,819.397,0
3940,383.214,273.285,364.795,406.07,349.936,174.831,0
3941,140.699,117.287,543.143,672.702,613.28,613.076,0
3942,425.717,312.159,374.943,440.959,349.76,174.67,0
3943,171.801,126.601,179.538,250.88,248.81,184.994,0
3944,41.0999,50.6361,604.056,209.277,647.757,197.507,0
3945,104.499,66.2811,301.591,761.984,311.782,818.29,0
3946,0,0,646.918,194.166,646.918,194.166,0
3947,189.202,107.272,205.853,264.833,248.08,184.683,0
3948,171.501,168.993,534.798,476.649,615.602,540.289,0
3949,71.1995,91.9112,577.377,252.626,648.352,198.118,0
3950,349.112,238.815,355.606,369.386,349.83,174.65,0
3951,23.7001,29.2325,625.529,137.954,653.523,129.952,0
3952,192.903,231.241,491.404,260.533,648.14,198.04,0
3953,545.114,333.345,402.213,462.506,615.611,539.714,0
3954,108.599,117.013,98.509,482.979,67.761,405.408,0
3955,196.203,207.597,332.528,627.558,311.919,818.334,0
3956,113.499,133.268,529.244,735.095,611.073,755.176,0
3957,234.705,148.925,467.756,213.572,356.29,173.219,0
3958,249.706,123.885,221.17,302.616,248.775,185.021,0
3959,267.307,192.111,474.721,546.551,613.342,613.111,0
3960,313.71,158.05,244.724,622.042,150.688,706.199,0
3961,9,9.88559,152.398,696.585,150.189,706.174,0
3962,403.215,296.545,270.076,458.031,67.2522,403.796,0
3963,151.9,129.776,281.056,303.07,250.274,184.919,0
3964,467.019,300.498,426.438,416.169,630.315,334.056,0
3965,172.801,119.531,546.636,565.551,613.306,612.556,0
3966,97.8991,85.4511,181.388,209.151,248.691,184.871,0
3967,429.617,279.44,424.06,436.724,615.616,539.581,0
3968,19.2,22.224,318.695,796.575,312.69,817.977,0
3969,360.213,252.599,466.051,504.586,613.175,612.558,0
3970,713.573,354.314,274.425,540.805,150.32,706.197,0
3971,85.6993,84.3893,429.586,145.913,356.173,173.27,0
3972,273.807,157.575,484.988,153.39,356.13,173.452,0
3973,800.152,342.276,296.673,564.306,150.332,706.171,0
3974,94.4991,87.4577,213.928,676.822,150.595,706.2,0
3975,304.809,196.276,494.65,300.533,630.277,334.133,0
3976,162.801,160.269,281.496,700.037,310.712,818.803,0
3977,71.1995,81.9846,580.499,477.361,615.631,539.678,0
3978,0,0,403.448,72.2556,403.448,72.2556,0
3979,269.607,169.597,272.259,338.526,249.749,185.235,0
3980,133.799,111.154,269.608,750.784,310.71,818.761,0
3981,205.503,150.886,139.872,495.194,67.8243,405.243,0
3982,482.32,272.883,422.088,582.539,613.24,612.959,0
3983,548.713,318.186,397.641,471.106,615.599,539.698,0
3984,402.915,211.284,455.102,687.712,613.264,612.453,0
3985,96.3991,113.25,561.244,207.504,647.713,191.8,0
3986,118.699,104.567,561.503,374.418,630.42,334.501,0
3987,161.501,144.243,562.292,415.83,615.523,540.173,0
3988,184.602,142.589,524.967,673.1,613.326,613.082,0
3989,43.7999,45.433,305.915,187.165,349.868,174.837,0
3990,64.3996,48.9989,143.298,657.839,150.337,706.059,0
3991,342.612,183.362,235.133,375.39,67.668,404.952,0
3992,218.004,161.515,355.203,309.034,349.701,174.668,0
3993,737.467,362.609,302.193,514.75,150.341,706.197,0
3994,403.615,184.228,451.354,639.694,613.351,613.097,0
3995,32.6001,34.913,616.3,210.922,648.527,198.192,0
3996,330.811,192.669,261.903,354.241,248.964,185.026,0
3997,38.7,25.0529,592.432,620.583,613.265,613.226,0
3998,189.802,126.536,510.841,653.426,613.286,612.355,0
3999,341.312,226.647,459.365,329.807,355.362,174.425,0
4000,230.005,149.307,199.649,304.141,248.316,184.772,0
4001,409.316,289.309,377.837,423.978,349.69,174.565,0
4002,323.611,159.469,250.945,632.341,150.289,706.135,0
4003,226.605,141.767,472.098,154.43,356.277,173.07,0
4004,56.6997,70.7313,589.889,482.475,615.739,540.713,0
4005,46.9999,62.3526,209.588,724.108,151.93,706.66,0
4006,396.115,187.553,461.467,664.333,613.311,612.535,0
4007,129.599,171.31,550.028,246.677,647.866,197.694,0
4008,144.4,124.253,537.616,679.776,613.157,613.045,0
4009,175.502,156.102,127.146,510.199,67.7435,405.435,0
4010,377.114,227.798,455.83,335.184,356.19,173.262,0
4011,137.199,110.526,374.87,216.23,355.222,174.534,0
4012,68.4995,59.0922,600.117,174.867,647.688,191.896,0
4013,129.199,107.192,357.632,224.937,349.476,174.54,0
4014,91.7992,79.3711,556.041,348.831,630.411,334.443,0
4015,41.7999,28.855,266.86,206.15,252.218,184.139,0
4016,423.817,279.309,425.263,411.356,630.382,334.126,0
4017,140.399,101.033,168.565,400.417,67.7537,405.245,0
4018,296.609,178.417,186.055,477.93,67.6296,405.731,0
4019,11.6,10.1725,607.359,547.085,616.742,542.983,0
4020,145.5,115.204,258.623,296.626,249.978,185.031,0
4021,252.806,135.61,201.278,394.278,67.7299,404.793,0
4022,231.405,204.949,352.065,629.923,313.07,818.076,0
4023,213.804,195.211,525.74,505.376,615.506,539.891,0
4024,124.699,104.936,251.878,763.957,311.409,818.458,0
4025,392.915,294.548,267.94,514.62,67.2932,406.459,0
4026,294.609,181.148,489.909,306.007,630.367,334.111,0
4027,418.616,301.409,349.085,431.876,349.661,174.741,0
4028,148.9,100.259,215.469,258.875,247.901,184.65,0
4029,185.402,174.088,377.775,670.434,312.428,818.09,0
4030,452.418,320.098,310.304,476.694,67.6396,405.724,0
4031,344.012,206.484,477.45,400.237,630.275,334.054,0
4032,291.309,173.527,175.449,302.758,248.095,184.666,0
4033,451.218,231.174,248.447,442.673,67.5824,405.709,0
4034,308.71,222.027,217.478,478.255,67.282,406.466,0
4035,95.8991,98.8728,221.292,750.349,152.527,706.953,0
4036,451.218,306.076,406.232,450.642,615.553,539.767,0
4037,394.515,177.591,544.143,576.723,613.256,612.415,0
4038,185.702,149.049,615.485,445.363,615.565,539.66,0
4039,303.109,292.04,358.778,553.181,312.922,818.02,0
4040,49.0998,55.8739,561.148,748.081,612.006,752.857,0
4041,496.121,245.189,284.799,572.033,150.299,706.056,0
4042,307.01,178.265,237.004,346.916,250.475,184.848,0
4043,468.319,240.9,461.556,686.472,613.305,613.045,0
4044,201.003,159.758,354.773,303.51,349.587,174.595,0
4045,478.22,346.882,372.626,479.773,349.925,174.764,0
4046,64.1996,68.7252,584.642,309.529,630.268,334.141,0
4047,397.915,305.1,267.962,520.114,67.4141,406.275,0
4048,277.008,195.036,492.308,401.543,630.255,334.107,0
4049,41.5999,39.5839,142.538,668.333,150.304,706.102,0
4050,278.308,233.978,213.819,530.863,149.822,706.267,0
4051,87.4992,67.1237,420.164,179.477,355.73,174.313,0
4052,25.3001,18.5603,86.4381,404.975,67.7883,405.442,0
4053,58.0997,63.2926,406.67,151.458,356.142,173.621,0
4054,185.702,152.198,516.058,142.372,653.628,130.256,0
4055,146.3,107.251,546.271,322.11,630.333,333.864,0
4056,291.709,201.751,169.51,513.256,67.3425,406.528,0
4057,252.206,218.054,197.057,534.295,149.841,706.299,0
4058,180.702,158.44,128.963,509.906,67.7287,405.499,0
4059,21.4,22.4046,331.977,186.444,350.171,174.815,0
4060,400.615,291.324,401.814,395.099,349.48,174.517,0
4061,453.718,201.426,451.87,643.494,613.168,612.565,0
4062,167.901,124.466,185.261,263.632,248.703,184.87,0
4063,291.309,161.491,179.082,302.611,249.157,185.107,0
4064,19.4,25.1504,175.009,709.365,151.413,706.46,0
4065,81.7993,71.769,266.697,254.139,249.69,185.223,0
4066,0,0,604.422,831.134,604.283,831.024,0
4067,112.199,101.724,152.086,620.007,150.032,706.165,0
4068,270.307,195.242,363.431,284.931,350.192,174.768,0
4069,0,0,612.119,815.35,612.119,815.35,0
4070,47.1999,29.5443,584.419,619.352,613.388,613.281,0
4071,49.8998,55.9347,556.695,820.931,602.368,833.099,0
4072,209.704,205.584,372.107,643.845,312.4,818.105,0
4073,231.805,190.714,377.444,305.829,349.692,174.574,0
4074,6.1,5.25615,360.381,176.429,355.863,174.047,0
4075,440.618,212.79,204.172,455.737,67.8418,405.125,0
4076,432.317,262.21,243.48,499.644,67.591,405.849,0
4077,144.6,114.958,258.87,297.158,250.286,184.908,0
4078,74.6994,62.4522,595.782,175.61,647.673,191.826,0
4079,167.201,156.777,92.613,494.806,67.7103,405.501,0
4080,180.502,170.089,499.406,142.912,653.462,130.15,0
4081,31.3001,37.3811,614.973,213.428,648.426,198.081,0
4082,19.3,18.1652,605.79,556.272,617.006,543.529,0
4083,106.199,90.0556,222.423,266.209,249.136,185.136,0
4084,33.6001,25.6412,92.6395,406.23,67.6802,404.861,0
4085,12.8,15.2889,601.366,537.904,615.463,540.144,0
4086,364.713,215.203,216.107,482.476,67.5337,406.056,0
4087,448.918,205.909,224.934,417.972,67.5489,405.935,0
4088,159.701,190.677,535.777,311.389,647.866,197.712,0
4089,8.9,9.12123,358.126,183.185,354.492,174.819,0
4090,209.904,132.981,205.643,305.989,248.153,184.681,0
4091,294.009,153.746,502.754,665.586,613.183,613.026,0
4092,7.2,7.6092,608.171,541.757,615.553,539.567,0
4093,27.1001,29.0974,588.494,769.02,611.061,755.178,0
4094,331.911,312.706,375.249,551.739,313.045,818.118,0
4095,23.3001,24.4222,275.058,193.757,253.342,183.102,0
4096,123.099,95.2133,243.702,782.58,310.574,818.876,0
4097,392.015,194.639,222.68,431.103,67.7296,404.855,0
4098,149.3,145.442,544.074,463.541,615.476,539.93,0
4099,251.706,174.04,420.281,294.35,356.195,173.325,0
4100,198.303,174.325,121.658,555.442,149.588,706.261,0
4101,137.899,176.995,525.509,289.244,648.12,197.976,0
4102,56.5997,58.1342,412.541,134.49,406.055,78.1508,0
4103,14.7,11.2561,606.694,547.376,616.456,542.222,0
4104,270.107,226.733,498.59,464.874,615.647,540.376,0
4105,108.499,108.17,286.255,280.339,249.878,185.13,0
4106,51.1998,58.512,314.148,768.035,311.574,818.43,0
4107,453.618,321.851,347.758,422.552,349.492,174.519,0
4108,267.007,149.805,442.744,259.988,356.042,173.846,0
4109,0,0,656.783,133.182,656.783,133.182,0
4110,149.2,120.36,148.153,590.511,149.898,706.211,0
4111,119.199,96.037,133.065,613.242,150.184,706.096,0
4112,173.101,133.809,521.43,655.652,613.332,613.201,0
4113,123.799,105.309,356.868,225.856,349.83,174.709,0
4114,236.905,150.743,224.048,626.874,151.067,706.384,0
4115,560.51,370.603,387.718,517.526,615.647,539.592,0
4116,204.003,131.693,208.169,306.695,247.867,184.497,0
4117,20.3,21.428,152.277,684.904,150.264,706.103,0
4118,249.506,153.89,485.768,199.853,356.222,173.323,0
4119,179.502,141.579,528.529,159.468,653.612,130.248,0
4120,115.399,113.015,190.721,255.219,248.38,184.821,0
4121,114.299,110.812,163.483,619.062,150.628,706.221,0
4122,54.3997,58.5858,570.719,781.902,611.198,755.508,0
4123,303.709,196.367,472.028,276.74,355.871,174.028,0
4124,126.399,144.234,532.02,182.99,648.25,190.853,0
4125,211.304,208.221,275.079,664.78,152.12,706.789,0
4126,594.802,410.364,374.523,499.919,615.48,540.237,0
4127,339.812,206.936,504.934,519.688,613.339,612.554,0
4128,111.699,84.6078,530.151,611.466,613.319,612.552,0
4129,85.4993,93.3393,105.771,470.967,67.6422,405.823,0
4130,322.91,227.577,390.815,337.623,349.684,174.653,0
4131,256.406,197.361,475.908,548.442,613.345,612.403,0
4132,65.7996,60.0532,592.618,696.872,612.287,752.19,0
4133,307.21,210.442,446.899,323.993,355.185,174.507,0
4134,439.518,233.373,234.873,553.063,150.29,706.12,0
4135,116.999,144.3,386.097,709.677,313.476,818.299,0
4136,76.3994,89.1443,279.196,263.869,250.797,184.717,0
4137,138.099,117.585,295.778,282.496,249.498,185.21,0
4138,259.007,183.576,155.319,516.181,67.7215,405.552,0
4139,97.3991,66.8579,300.93,762.824,310.966,818.682,0
4140,426.117,296.91,310.987,461.378,67.3463,403.967,0
4141,154.7,163.333,537.982,226.611,648.038,191.1,0
4142,13.9,13.3734,602.764,743.23,612.298,752.163,0
4143,230.305,231.321,433.132,703.023,312.905,817.99,0
4144,365.313,249.06,472.66,511.817,613.276,613.142,0
4145,147.3,163.056,340.187,665.795,313.054,818.105,0
4146,463.419,305.695,324.78,449.597,67.6968,404.849,0
4147,427.017,307.464,359.175,435.412,349.682,174.724,0
4148,115.999,138.799,531.881,188.833,647.868,191.649,0
4149,384.014,218.38,460.648,335.647,356.214,173.252,0
4150,8.4,8.54257,593.911,832.043,602.435,833.421,0
4151,135.399,126.068,129.716,476.546,67.7695,405.243,0
4152,2.5,1.58959,247.144,174.621,247.796,176.071,0
4153,999.903,416.415,132.193,538.843,124.778,538.085,1
4154,58.7997,60.7847,314.156,764.999,311.379,818.496,0
4155,327.611,311.193,391.62,574.773,312.591,818.028,0
4156,66.3996,53.8863,111.946,416.433,67.6662,405.48,0
4157,136.999,112.609,246.751,759.699,310.715,818.83,0
4158,6.9,6.25023,641.928,189.268,647.662,191.756,0
4159,498.921,233.171,275.623,582.286,150.305,706.126,0
4160,315.31,315.587,348.016,523.914,312.369,818.074,0
4161,265.607,156.279,447.48,257.968,356.085,173.567,0
4162,117.399,112.247,574.842,444.413,615.7,539.552,0
4163,538.116,352.543,393.748,519.165,615.626,539.569,0
4164,80.0993,89.6491,573.448,479.352,615.557,539.89,0
4165,542.914,333.287,414.346,505.487,615.571,539.573,0
4166,249.506,186.485,435.352,303.743,355.433,174.496,0
4167,54.0997,35.5316,245.546,220.301,249.501,185.188,0
4168,24.4001,19.2238,596.7,604.007,613.193,613.006,0
4169,227.605,188.23,396.55,294.657,355.84,174.249,0
4170,254.406,156.316,564.456,545.983,613.224,612.676,0
4171,232.105,115.207,225.375,296.22,249.246,185.119,0
4172,414.416,210.756,251.819,612.093,150.273,706.153,0
4173,28.2001,30.2558,620.801,207.85,647.921,197.611,0
4174,111.299,106.833,577.356,447.205,615.581,539.679,0
4175,227.105,151.642,225.652,628.965,150.768,706.263,0
4176,273.807,142.151,231.605,623.665,150.277,706.109,0
4177,181.602,193.422,409.952,685.774,313.291,818.154,0
4178,258.507,152.947,187.544,307.548,249.547,185.184,0
4179,328.311,172.795,488.226,214.909,356.182,173.268,0
4180,47.9998,38.1516,289.219,185.639,253.465,182.412,0
4181,455.419,290.146,263.111,481.314,67.8492,405.204,0
4182,149.1,124.356,174.193,630.862,150.753,706.277,0
4183,308.31,160.627,234.714,606.639,150.027,706.228,0
4184,178.002,119.712,430.06,240.026,356.34,173.223,0
4185,165.101,125.592,165.382,369.881,67.7324,404.836,0
4186,464.919,266.229,460.401,475.513,615.514,540.223,0
4187,22.7001,21.7276,273.201,190.479,253.272,183.057,0
4188,16.7,17.596,585.059,833.977,602.357,833.332,0
4189,185.602,128.364,166.65,365.563,67.5715,404.669,0
4190,344.212,227.74,472.273,250.67,355.795,174.142,0
4191,93.7991,73.3883,554.278,731.581,612.114,752.771,0
4192,220.704,178.36,138.794,520.775,67.8073,405.358,0
4193,226.205,186.013,146.459,522.021,67.6465,405.637,0
4194,166.301,136.352,293.134,293.119,250.96,184.647,0
4195,3.2,2.31493,603.391,811.814,606.072,812.525,0
4196,353.012,328.398,287.088,493.292,67.3347,403.753,0
4197,29.6001,35.979,589.065,529.083,615.459,539.787,0
4198,117.099,139.535,531.207,186.552,648.242,190.897,0
4199,116.799,100.658,553.588,123.661,653.617,129.633,0
4200,13.7,16.0325,256.303,199.68,250.455,184.782,0
4201,12.1,13.7451,244.96,197.632,249.781,185.128,0
4202,236.805,208.446,612.842,382.151,615.703,539.537,0
4203,170.601,89.5383,542.871,636.918,613.404,612.325,0
4204,430.717,273.859,286.402,457.541,67.5769,404.484,0
4205,146.2,132.412,513.48,719.019,612.034,753.007,0
4206,61.6996,44.9536,219.725,207.207,247.983,184.576,0
4207,158.3,128.582,311.467,263.914,349.879,174.781,0
4208,133.899,115,192.416,256.974,248.248,184.697,0
4209,56.0997,44.5212,604.572,581.862,613.588,611.795,0
4210,253.006,129.51,497.02,625.063,613.298,613.145,0
4211,470.82,275.583,432.798,466.271,615.576,539.627,0
4212,46.4999,47.4223,402.695,171.414,355.777,174.245,0
4213,368.813,263.081,365.188,407.566,349.653,174.723,0
4214,58.1997,62.6706,563.641,791.524,607.353,809.409,0
4215,412.416,239.535,469.746,367.592,630.278,334.066,0
4216,145.6,98.9107,230.645,280.952,248.952,185.023,0
4217,112.299,88.0376,121.941,452.468,67.7565,405.417,0
4218,75.2994,62.7685,591.91,132.35,653.632,129.595,0
4219,296.409,134.276,496.673,620.321,613.421,613.297,0
4220,64.4996,60.5623,609.622,154.056,653.585,130.316,0
4221,55.5997,56.0379,407.194,159.455,356.094,173.435,0
4222,296.609,290.669,367.64,563.494,312.793,817.974,0
4223,336.111,148.03,486.578,637.322,613.259,613.087,0
4224,199.303,104.239,207.033,266.302,248.689,184.89,0
4225,187.502,169.867,373.304,674.255,312.46,817.963,0
4226,549.913,327.401,396.53,551.175,613.231,612.946,0
4227,217.204,112.653,163.763,420.073,67.687,405.485,0
4228,42.2999,47.8742,613.187,168.792,648.049,190.96,0
4229,242.306,183.142,368.95,305.092,349.806,174.643,0
4230,195.303,151.267,294.144,304.221,251.283,184.541,0
4231,275.908,220.824,475.151,430.225,615.481,540.245,0
4232,363.313,241.608,211.14,498.099,67.3818,406.355,0
4233,390.515,234.669,467.098,364.227,630.34,334.056,0
4234,200.503,137.874,287.979,304.92,249.363,185.203,0
4235,44.8999,49.6442,174.582,672.9,150.23,706.161,0
4236,115.899,141.057,381.318,705.807,313.587,818.339,0
4237,218.604,137.321,528.282,655.858,613.281,613.194,0
4238,291.009,160.669,220.555,650.276,149.886,706.215,0
4239,165.001,194.874,518.804,271.92,648.263,198.13,0
4240,286.508,179.385,223.216,346.199,250.109,184.97,0
4241,0.9,0.268458,247.733,184.82,248.048,184.624,0
4242,999.903,259.471,450.922,236.778,450.475,237.074,1
4243,336.411,161.315,201.777,427.418,67.8162,405.158,0
4244,43.3999,57.9356,324.558,761.78,312.763,818.034,0
4245,194.403,159.238,355.978,307.522,349.476,174.458,0
4246,303.509,224.656,484.297,466.857,615.48,540.22,0
4247,122.999,94.1107,159.734,402.025,67.6875,404.835,0
4248,167.701,135.861,528.784,671.156,613.296,613.086,0
4249,186.102,143.41,328.587,278.451,349.463,174.537,0
4250,217.104,130.689,208.572,307.297,249.525,185.186,0
4251,300.509,191.179,240.996,375.052,67.6315,404.594,0
4252,74.8994,94.6425,339.427,727.281,312.676,817.962,0
4253,109.999,85.2645,568.175,695.605,612.392,752.063,0
4254,413.716,254.574,450.656,460.607,615.625,539.604,0
4255,11.4,13.6757,634.566,187.858,647.509,192.131,0
4256,34.8,45.8212,263.495,228.419,250.798,184.655,0
4257,147.5,134.657,582.09,381.597,630.311,334.065,0
4258,346.512,256.849,403.369,354.578,349.412,174.498,0
4259,367.113,302.783,316.455,452.097,67.2076,403.754,0
4260,289.108,219.684,472.766,440.892,615.651,539.697,0
4261,442.618,206.348,215.284,458.936,67.5617,405.942,0
4262,139.599,121.458,544.247,677.406,613.305,613.108,0
4263,44.7999,43.3824,611.133,132.909,653.48,129.847,0
4264,67.8995,42.4051,253.038,227.824,249.97,184.996,0
4265,108.399,96.1095,566.105,144.397,653.545,130.042,0
4266,211.004,138.984,463.26,165.872,356.146,173.415,0
4267,179.502,216.446,503.125,262.781,647.908,197.589,0
4268,38.2,38.1458,82.4276,430.171,67.7421,405.541,0
4269,95.1991,71.6084,418.896,155.426,355.656,174.32,0
4270,243.506,215.162,602.974,384.25,615.599,539.616,0
4271,196.703,164.596,163.398,563.934,150.832,706.259,0
4272,547.213,348.035,416.163,506.586,615.466,540.13,0
4273,77.6994,62.5368,253.757,240.3,249.771,185.148,0
4274,514.421,332.379,405.419,576.091,613.253,612.514,0
4275,76.6994,60.9411,205.586,217.058,249.353,185.244,0
4276,78.8994,66.7797,587.967,125.677,653.573,129.609,0
4277,341.912,252.029,366.652,397.691,350.14,174.835,0
4278,168.501,127.898,529.66,668.533,613.337,613.107,0
4279,99.799,84.179,430.495,148.881,356.186,173.389,0
4280,128.999,127.302,265.804,724.036,151.949,706.782,0
4281,462.019,228.951,240.946,444.257,67.7704,405.05,0
4282,118.399,114.569,341.492,265.302,349.841,174.68,0
4283,318.91,228.174,463.731,437.945,615.617,539.579,0
4284,156.3,140.763,307.644,301.687,251.25,184.506,0
4285,50.1998,33.8854,244.023,218.72,249.773,185.1,0
4286,53.8997,51.5409,611.135,147.424,653.51,130.183,0
4287,182.002,137.268,286.265,297.62,250.883,184.717,0
4288,518.52,322.093,396.745,562.835,613.216,613.012,0
4289,58.2997,56.3737,90.4113,439.538,67.6199,405.662,0
4290,240.605,218.077,602.942,388.385,615.641,539.556,0
4291,28.5001,30.621,623.241,132.627,653.498,129.97,0
4292,530.318,223.216,501.909,677.568,613.165,612.963,0
4293,277.508,170.746,457.24,592.961,613.155,613.046,0
4294,311.21,241.656,459.163,428.482,615.485,540.181,0
4295,94.0991,86.3115,183.303,208.508,248.176,184.671,0
4296,79.5994,93.5023,232.291,740.402,152.332,706.87,0
4297,17.2,19.8958,293.179,812.644,311.787,818.286,0
4298,329.411,226.026,480.772,329.903,630.32,334.129,0
4299,90.3992,102.411,518.617,758.902,611.11,755.187,0
4300,11.3,10.4247,406.76,88.4111,405.514,78.0987,0
4301,59.8997,48.48,113.296,398.035,67.7181,404.781,0
4302,158.3,126.874,278.708,728.583,310.34,818.876,0
4303,128.199,106.86,292.534,737.414,311.511,818.366,0
4304,30.1001,22.5545,91.1882,405.087,67.6783,404.807,0
4305,80.3993,63.6267,203.198,216.058,248.933,184.988,0
4306,310.01,305.395,376.992,560.287,313.134,818.132,0
4307,405.716,216.001,427.666,624.33,613.209,612.975,0
4308,216.104,147.564,501.224,339.992,630.343,334.154,0
4309,31.5001,32.4779,616.512,349.607,630.433,334.395,0
4310,277.108,214.205,497.972,463.003,615.617,539.577,0
4311,406.716,259.644,247.547,501.355,67.6002,405.933,0
4312,432.517,202.717,213.764,458.112,67.8455,405.322,0
4313,226.405,155.901,277.891,326.466,250.186,184.998,0
4314,114.299,132.793,311.294,280.677,251.126,184.603,0
4315,377.314,241.201,229.627,572.335,150.266,706.105,0
4316,419.716,219.002,419.046,641.43,613.371,613.207,0
4317,406.516,227.104,469.301,384.049,630.282,334.15,0
4318,41.9999,55.174,202.317,722.596,151.557,706.555,0
4319,89.6992,79.3926,186.958,209.271,248.26,184.703,0
4320,117.599,89.4841,583.392,368.963,630.354,334.495,0
4321,164.401,151.243,526.155,166.04,653.502,130.19,0
4322,428.417,286.568,412.651,435.944,615.663,539.699,0
4323,377.814,229.191,477.699,368.598,630.334,334.068,0
4324,0,0,637.596,332.621,637.596,332.621,0
4325,206.703,112.582,176.746,405.354,67.722,405.526,0
4326,134.899,109.228,292.953,738.121,311.556,818.371,0
4327,303.409,170.744,216.922,351.6,67.8204,405.109,0
4328,182.502,146.792,370.723,270.977,349.928,174.836,0
4329,236.205,151.516,518.857,557.732,613.168,612.963,0
4330,115.799,94.6724,198.544,644.456,150.697,706.185,0
4331,102.499,126.505,520.465,735.277,611.065,755.18,0
4332,33.4001,37.2149,616.48,198.261,647.943,197.818,0
4333,58.7997,68.3701,202.504,694.541,151.54,706.494,0
4334,238.705,142.992,195.882,304.846,249.132,185.135,0
4335,56.2997,64.68,554.048,774.391,611.138,755.36,0
4336,313.71,173.552,227.988,401.778,67.6963,405.495,0
4337,196.703,122.363,176.936,376.234,67.7437,405.618,0
4338,329.311,251.45,279.9,414.128,67.1604,403.702,0
4339,0,0,604.886,831.502,605.024,831.612,0
4340,363.713,223.302,407.768,333.834,355.599,174.342,0
4341,153.4,92.2374,547.245,640.686,613.258,613.128,0
4342,225.905,152.547,544.534,540.544,613.2,612.688,0
4343,173.701,158.838,582.578,411.109,615.553,540.133,0
4344,395.015,254.837,459.619,465.706,615.511,540.145,0
4345,179.302,140.883,143.009,468.402,67.8273,405.448,0
4346,234.105,133.385,514.619,655.698,613.318,613.195,0
4347,157.9,152.288,268.742,697.426,152.08,706.799,0
4348,95.3991,77.9198,592.387,682.588,612.484,751.817,0
4349,2.1,1.13252,652.954,188.9,652.652,189.992,0
4350,52.1998,73.4566,332.308,747.725,312.761,818.067,0
4351,413.216,229.896,468.44,365.133,630.353,334.121,0
4352,0.9,0.283584,407.66,77.8155,407.586,77.5419,0
4353,183.702,107.704,237.45,287.35,249.076,185.086,0
4354,36.1,28.3686,594.41,624.559,613.379,613.471,0
4355,463.519,332.446,376.847,452.444,349.478,174.623,0
4356,111.099,95.2374,138.873,613.989,150.568,706.196,0
4357,109.199,93.8722,172.915,209.124,248.184,184.746,0
4358,375.814,145.22,165.195,448.747,67.6431,405.806,0
4359,327.211,169.383,487.915,216.39,356.199,173.357,0
4360,151,131.812,534.855,150.872,653.467,130.249,0
4361,449.918,229.952,227.862,551.504,150.333,706.198,0
4362,259.207,160.462,238.305,633.225,150.443,706.13,0
4363,335.211,245.621,307.216,374.404,248.405,184.765,0
4364,386.914,168.843,249.049,616.555,150.329,706.075,0
4365,43.9999,56.7928,593.006,496.182,615.661,540.306,0
4366,33.4001,19.5407,269.069,194.521,252.748,183.925,0
4367,124.799,95.0384,230.997,276.916,249.443,185.217,0
4368,309.21,204.517,267.329,359.421,250.758,184.71,0
4369,55.5997,65.6199,593.967,199.697,647.968,197.825,0
4370,144.6,115.052,526.849,357.557,630.376,333.776,0
4371,130.999,111.726,550.6,137.287,653.556,129.719,0
4372,39.2,38.2553,579.149,768.372,611.18,755.579,0
4373,63.9996,59.2447,139.126,650.871,149.997,706.215,0
4374,58.9997,68.4561,606.557,239.061,648.366,198.23,0
4375,145.1,121.681,345.029,272.187,349.493,174.546,0
4376,15,18.5494,317.432,800.357,312.57,818.038,0
4377,65.0996,40.9118,223.107,212.537,248.93,184.983,0
4378,242.406,164.289,459.224,600.163,613.278,612.504,0
4379,34.8,25.2594,598.964,596.751,613.424,612.186,0
4380,251.106,182.853,368.688,309.607,349.693,174.685,0
4381,125.499,90.0213,417.746,217.928,356.132,173.623,0
4382,57.8997,38.4067,227.815,211.675,248.293,184.767,0
4383,132.499,103.898,289.288,741.885,311.549,818.359,0
4384,242.606,114.665,232.67,295.66,248.936,185.04,0
4385,202.203,126.539,212.628,304.281,248.986,184.993,0
4386,58.9997,66.8636,600.632,363.985,630.378,334.149,0
4387,46.9999,53.3436,577.656,339.763,630.308,334.138,0
4388,47.1999,46.3375,580.858,780.044,611.156,754.795,0
4389,35.5,45.5368,590.833,519.906,615.658,540.426,0
4390,279.008,176.377,295.014,332.743,249.278,185.174,0
4391,174.001,131.643,293.553,290.262,250.986,184.593,0
4392,73.9994,89.3739,529.797,779.816,611.303,755.695,0
4393,15,16.4848,371.079,180.397,355.928,173.999,0
4394,320.21,203.74,244.849,364.917,67.5061,404.33,0
4395,342.112,222.496,265.538,367.578,249.22,185.137,0
4396,797.552,409.516,302.975,514.856,150.324,706.068,0
4397,261.707,214.236,371.683,632.923,313.489,818.307,0
4398,125.099,90.4374,159.893,395.539,67.8164,405.211,0
4399,200.203,121.215,167.52,367.389,67.7578,405.187,0
4400,368.313,165.963,478.204,654.886,613.344,613.12,0
4401,42.7999,47.7315,324.523,199.841,350.433,174.974,0
4402,165.501,161.195,307.95,691.673,312.341,818.077,0
4403,188.302,166.605,491.707,114.306,653.556,130.302,0
4404,363.313,211.976,474.958,381.307,630.384,334.147,0
4405,54.9997,61.136,592.209,307.646,630.354,334.123,0
4406,399.115,185.096,462.491,641.633,613.258,613.189,0
4407,277.808,214.404,281.333,377.15,251.133,184.497,0
4408,372.814,169.577,485.905,665.779,613.294,613.216,0
4409,301.909,192.014,442.432,313.538,355.396,174.469,0
4410,424.917,278.135,433.005,426.339,615.639,539.677,0
4411,427.217,226.587,223.239,461.987,67.4466,406.417,0
4412,246.306,264.275,330.125,570.927,312.4,818.11,0
4413,700.876,258.841,277.595,593.767,150.332,706.089,0
4414,442.818,295.176,427.874,410.434,630.374,334.076,0
4415,242.506,126.191,199.955,257.358,248.297,184.788,0
4416,78.3994,77.8718,202.467,703.625,151.538,706.507,0
4417,96.3991,89.8374,536.588,600.813,613.251,612.438,0
4418,82.5993,76.8508,584.568,314.883,630.343,333.86,0
4419,2.8,1.64926,652.79,188.267,652.142,189.784,0
4420,447.518,314.702,309.864,466.547,67.4625,406.125,0
4421,54.0997,66.1467,589.362,487.722,615.455,540.13,0
4422,279.408,246.788,507.439,489.596,615.675,539.743,0
4423,221.104,184.269,379.904,303.934,349.755,174.655,0
4424,299.309,153.073,487.375,648.897,613.335,612.413,0
4425,273.607,213.386,367.759,352.932,349.617,174.62,0
4426,47.1999,25.9436,274.506,198.626,253.14,183.584,0
4427,85.3993,111.581,585.565,270.502,648.026,198.018,0
4428,229.805,170.448,524.726,444.021,615.658,539.651,0
4429,191.002,188.906,278.36,655.127,151.629,706.57,0
4430,188.202,139.382,119.827,587.229,150,706.161,0
4431,224.404,133.732,211.846,310.155,248.845,185.047,0
4432,72.0995,75.1812,318.153,751.94,311.581,818.422,0
4433,393.515,247.963,239.044,495.465,67.5191,405.937,0
4434,192.803,114.941,169.34,378.733,67.8157,405.063,0
4435,398.815,299.852,414.472,376.72,349.854,174.829,0
4436,128.999,97.1388,433.73,198.597,355.943,173.959,0
4437,15.8,15.7877,403.55,93.3816,406.165,78.0824,0
4438,202.503,199.675,277.373,644.456,151.719,706.565,0
4439,207.303,239.381,319.184,371.922,251.975,184.191,0
4440,76.4994,75.8513,202.301,702.431,151.665,706.59,0
4441,321.21,223.478,481.589,520.555,613.237,612.658,0
4442,60.6996,59.1426,134.98,651.914,150.051,706.163,0
4443,385.614,237.384,411.029,346.697,355.765,174.245,0
4444,425.417,312.832,269.479,458.971,67.4482,406.434,0
4445,64.5996,58.696,577.093,715.861,612.361,752.003,0
4446,166.301,144.38,517.967,132.07,653.502,129.837,0
4447,580.705,353.085,409.34,504.68,615.56,539.713,0
4448,3.9,3.16075,310.954,815.137,311.412,818.483,0
4449,170.301,158.146,263.469,664.97,152.629,707.032,0
4450,95.1991,79.885,153.922,643.657,150.405,706.105,0
4451,319.81,189.818,231.465,606.449,150.609,706.23,0
4452,42.0999,43.4978,583.273,779.614,611.234,755.467,0
4453,382.014,159.589,156.024,458.491,67.7,404.83,0
4454,181.302,154.808,553.853,421.18,615.645,539.702,0
4455,470.62,255.12,440.105,590.276,613.25,613.213,0
4456,431.517,249.774,483.867,358.996,630.327,334.115,0
4457,16.1,19.1671,374.261,179.582,355.832,173.985,0
4458,229.805,187.703,521.217,425.51,630.25,334.153,0
4459,99.2991,114.69,561.544,209.004,647.631,191.961,0
4460,530.717,347.944,397.826,507.793,615.516,540.183,0
4461,87.9992,112.815,337.666,708.518,312.734,818.008,0
4462,429.217,222.047,433.443,665.343,613.308,613.211,0
4463,10.8,9.82481,358.046,183.83,354.818,174.712,0
4464,60.8996,65.6774,269.689,247.374,250.684,184.81,0
4465,76.2994,63.2612,393.512,186.192,355.628,174.303,0
4466,11.9,12.3432,79.805,408.257,67.7795,405.085,0
4467,435.417,268.692,423.557,398.051,630.368,334.056,0
4468,136.999,98.0657,546.203,333.369,630.381,333.747,0
4469,455.219,282.764,428.723,414.43,630.261,334.148,0
4470,472.52,322.69,329.841,474.388,67.7423,404.855,0
4471,263.607,139.395,150.383,428.128,67.594,405.877,0
4472,326.011,201.654,166.728,306.842,248.261,184.817,0
4473,408.116,296.71,356.359,433.251,349.679,174.576,0
4474,61.4996,67.471,600.608,362.732,630.328,334.049,0
4475,284.208,183.495,205.707,346.679,67.5186,404.266,0
4476,39.3,33.4709,99.0493,399.514,67.6742,404.944,0
4477,366.913,252.325,465.17,501.061,613.346,612.53,0
4478,161.301,139.673,568.009,416.13,615.662,539.661,0
4479,261.307,148.31,497.89,650.511,613.336,613.207,0
4480,169.401,184.861,389.017,676,313.632,818.304,0
4481,191.602,180.422,514.246,198.502,647.767,191.745,0
4482,139.199,151.102,538.868,213.322,647.734,191.866,0
4483,105.699,106.201,602.325,459.703,615.552,539.645,0
4484,119.899,99.4236,539.18,352.796,630.422,333.714,0
4485,373.514,271.451,411.45,375.628,349.795,174.702,0
4486,152.4,102.445,167.426,387.292,67.7373,404.8,0
4487,137.099,151.56,529.51,211.058,647.83,191.65,0
4488,77.9994,60.9989,566.859,729.685,612.051,752.781,0
4489,121.699,102.083,297.572,736.39,311.596,818.359,0
4490,388.314,223.875,456.1,383.184,630.28,334.116,0
4491,317.81,161.245,217.254,417.732,67.8424,405.289,0
4492,156.6,153.911,308.018,692.471,312.851,817.984,0
4493,265.307,160.541,166.36,481.332,67.6297,405.821,0
4494,57.2997,56.8291,607.549,368.011,630.267,334.141,0
4495,575.706,304.86,285.182,546.557,150.333,706.103,0
4496,83.7993,65.8157,595.677,689.974,612.421,751.876,0
4497,18.9,19.9969,409.228,97.3578,405.565,78.0719,0
4498,472.62,315.116,312.229,465.552,67.6039,405.798,0
4499,229.605,179.842,146.705,531.485,150.032,706.158,0
4500,201.203,209.794,316.097,640.868,312.096,818.174,0
4501,115.899,100.355,117.923,466.51,67.7045,405.549,0
4502,446.018,326.117,388.363,445.969,349.897,174.671,0
4503,491.721,315.841,408.453,469.777,615.575,540.205,0
4504,94.7991,108.769,557.156,479.334,615.551,540.089,0
4505,223.604,190.41,517.808,455.203,615.617,540.327,0
4506,452.518,240.31,451.947,680.472,613.415,612.334,0
4507,62.6996,44.8977,224.658,216.458,248.659,184.949,0
4508,457.719,275.816,425.386,392.649,630.374,334.15,0
4509,398.115,205.856,214.178,459.781,67.7381,405.455,0
4510,164.501,109.868,512.079,633.267,613.288,612.521,0
4511,58.0997,65.578,553.814,774.919,611.229,755.577,0
4512,9.1,9.4943,357.523,183.917,353.457,175.293,0
4513,923.022,474.71,299.521,521.629,150.326,706.068,0
4514,12.5,11.0055,591.23,834.192,602.411,833.34,0
4515,57.5997,65.2965,268.001,246.365,250.585,184.773,0
4516,474.92,253.572,443.921,597.288,613.317,613.094,0
4517,150.4,143.505,115.938,506.645,67.8201,404.966,0
4518,389.815,222.566,470.542,379.411,630.311,334.132,0
4519,417.816,309.282,273.983,485.89,67.4809,404.467,0
4520,424.917,300.175,370.244,430.535,349.448,174.521,0
4521,4,3.51801,650.483,131.857,653.871,130.908,0
4522,299.409,175.021,240.806,395.371,67.6802,404.921,0
4523,288.208,177.887,511.96,404.574,630.335,334.137,0
4524,121.699,116.943,184.113,254.496,248.185,184.657,0
4525,392.615,217.3,471.891,384.849,630.252,334.129,0
4526,417.516,262.228,448.229,463.362,615.523,540.24,0
4527,138.099,154.741,343.82,671.386,313.282,818.227,0
4528,24.1001,21.0154,595.919,739.228,612.378,752.034,0
4529,507.222,261.487,230.251,523.468,150.288,706.06,0
4530,119.999,103.053,552.069,125.373,653.557,129.657,0
4531,280.908,182.782,167.613,505.006,67.3714,406.346,0
4532,195.603,139.771,308.025,299.821,250.375,184.903,0
4533,183.702,188.906,409.47,686.429,313.629,818.318,0
4534,465.919,327.067,330.965,476.619,67.4986,404.315,0
4535,81.1993,98.6169,521.795,777.721,611.182,755.569,0
4536,44.2999,34.194,582.953,600.013,613.456,612.033,0
4537,531.817,305.739,456.375,547.648,613.312,613.084,0
4538,98.0991,112.102,289.726,280.238,250.776,184.737,0
4539,106.199,129.146,371.203,711.645,313.593,818.315,0
4540,42.9999,35.4247,581.251,600.438,613.4,612.094,0
4541,188.502,190.246,431.423,712.243,313.407,818.151,0
4542,68.4995,60.7879,589.13,697.339,612.155,752.559,0
4543,627.994,257.74,275.168,597.695,150.336,706.103,0
4544,120.399,112.585,168.424,622.683,150.502,706.136,0
4545,198.003,201.707,330.07,628.399,312.083,818.373,0
4546,92.0992,72.26,572.009,707.921,612.207,752.367,0
4547,348.512,310.627,280.472,484.084,67.2487,403.849,0
4548,32.1001,30.0988,600.448,784.423,606.974,810.371,0
4549,286.408,162.985,181.611,301.267,248.388,184.842,0
4550,160.601,130.471,306.32,273.381,250.416,184.93,0
4551,178.102,188.186,513.715,229.539,647.773,191.818,0
4552,359.213,288.225,276.803,453.801,67.4887,404.384,0
4553,140.899,117.667,545.747,153.109,653.56,130.008,0
4554,35.9,32.6603,593.72,776.566,611.19,755.554,0
4555,236.305,162.284,526.664,398.438,630.282,334.13,0
4556,144.6,120.881,185.966,262.809,248.073,184.609,0
4557,125.799,119.368,184.981,257.944,248.424,184.759,0
4558,47.6998,54.7023,600.809,206.719,647.902,197.764,0
4559,300.009,223.126,493.235,426.348,630.301,334.113,0
4560,26.4001,28.7512,151.752,677.734,150.25,706.112,0
4561,78.2994,87.3716,233.766,724.269,152.389,706.912,0
4562,222.004,111.935,164.755,420.662,67.6457,405.692,0
4563,88.1992,84.1457,337.287,231.805,349.855,174.827,0
4564,41.4999,37.3004,581.557,765.696,611.147,755.134,0
4565,134.399,91.5342,605.346,702.93,612.329,752.19,0
4566,5.5,4.67905,601.392,813.567,605.955,812.738,0
4567,268.307,168.402,549.846,528.853,613.168,612.986,0
4568,340.012,242.581,458.544,421.728,615.718,539.489,0
4569,482.42,241.26,258.046,581.222,150.323,706.187,0
4570,675.082,343.207,316.73,518.474,150.321,706.128,0
4571,248.106,186.92,514.123,454.86,615.608,539.627,0
4572,260.407,242.306,343.124,599.571,312.188,818.162,0
4573,350.012,205.91,529.03,522.559,613.17,612.56,0
4574,62.2996,70.9524,605.067,240.205,648.49,198.234,0
4575,180.802,184.483,295.065,714.26,310.508,818.904,0
4576,249.906,183.745,342.714,320.117,349.654,174.557,0
4577,0,0,636.912,333.607,636.912,333.607,0
4578,503.522,280.227,419.885,574.909,613.274,613.059,0
4579,254.406,167.836,239.177,341.756,249.851,185.128,0
4580,343.312,219.672,490.919,427.613,630.358,334.147,0
4581,187.502,164.098,502.11,145.746,653.609,130.304,0
4582,115.699,142.746,559.42,285.118,648.227,198.042,0
4583,269.307,195.108,167.579,530.613,150.148,706.097,0
4584,39.6,47.7798,310.983,778.305,312.136,818.196,0
4585,60.6996,45.7516,98.5089,425.912,67.7096,404.893,0
4586,214.704,218.761,283.885,673.47,151.877,706.704,0
4587,421.417,253.286,484.124,480.54,615.55,539.725,0
4588,68.3995,73.8629,603.755,242.639,648.373,198.12,0
4589,434.817,358.885,325.681,480.344,67.2822,403.853,0
4590,4.8,3.98736,357.29,177.932,355.497,174.374,0
4591,337.511,241.949,456.767,420.837,615.575,539.829,0
4592,71.5995,76.6337,355.758,195.453,349.66,174.587,0
4593,50.4998,34.7912,230.658,210.427,248.731,184.875,0
4594,107.599,133.538,374.854,709.429,313.462,818.296,0
4595,111.399,89.6676,272.505,769.226,311.428,818.508,0
4596,185.202,116.655,213.358,293.718,248.633,184.941,0
4597,119.899,99.4944,192.762,639.985,150.84,706.291,0
4598,366.413,256.074,412.5,359.208,355.321,174.484,0
4599,104.899,83.6745,140.424,623.404,150.135,706.087,0
4600,76.1994,86.284,528.646,766.466,611.161,754.791,0
4601,450.518,321.972,356.573,463.371,350.127,174.85,0
4602,136.099,169.715,531.98,287.843,648.236,197.954,0
4603,125.199,146.767,534.706,211.164,647.718,191.859,0
4604,28.8001,18.4423,266.19,197.265,252.973,183.85,0
4605,278.508,239.506,466.611,428.091,615.61,540.411,0
4606,424.817,189.198,212.518,438.522,67.6649,405.632,0
4607,486.42,283.147,463.476,479.365,615.566,540.35,0
4608,345.212,254.426,369.183,391.363,349.43,174.452,0
4609,246.806,231.409,323.571,597.419,312.73,818.026,0
4610,131.099,94.4413,161.108,399.47,67.7035,405.566,0
4611,259.907,238.977,347.034,597.804,312.775,817.953,0
4612,513.422,267.435,395.162,618.526,613.236,612.977,0
4613,131.399,111.635,557.022,155.139,653.64,130.269,0
4614,300.509,165.212,180.474,302.511,248.854,185.032,0
4615,36.7,31.0224,604.008,591.432,613.487,611.866,0
4616,276.108,122.697,196.155,261.416,248.735,184.949,0
4617,999.903,417.992,252.849,585.895,173.796,659.106,1
4618,208.304,238.253,322.69,378.532,251.85,184.269,0
4619,258.307,198.81,343.659,330.737,349.61,174.61,0
4620,162.601,160.284,533.644,441.557,615.609,540.357,0
4621,281.108,281.203,328.192,550.673,312.277,818.097,0
4622,336.511,207.025,478.963,314.826,630.376,334.054,0
4623,21.4,23.2736,413.027,100.192,406.088,78.1718,0
4624,220.304,197.795,312.933,341.463,251.02,184.615,0
4625,112.599,101.62,563.039,148.949,653.568,130.415,0
4626,11.6,12.6024,644.307,138.807,653.954,131.034,0
4627,20.5,21.8581,581.087,831.557,602.354,833.346,0
4628,178.102,146.932,129.415,498.08,67.7379,405.612,0
4629,438.318,283.693,252.895,469.889,67.4395,406.333,0
4630,46.6999,45.4625,613.161,140.99,653.493,130.046,0
4631,183.602,117.033,510.403,593.128,613.158,612.83,0
4632,343.112,277.919,255.939,470.323,67.3369,403.873,0
4633,145.9,128.74,566.768,398.159,630.382,334.433,0
4634,56.6997,42.2868,289.135,203.138,253.126,183.516,0
4635,39.2,44.2425,599.684,710.866,612.379,752.065,0
4636,42.8999,46.9338,608.394,139.84,653.514,130.112,0
4637,281.808,197.12,178.278,536.233,149.857,706.158,0
4638,230.705,156.612,519.382,380.433,630.347,334.063,0
4639,14.2,15.0529,152.078,691.266,150.412,706.094,0
4640,190.702,159.467,187.299,586.926,150.109,706.071,0
4641,155,158.318,540.441,469.82,615.655,540.275,0
4642,277.508,196.822,213.322,574.762,150.777,706.297,0
4643,145.3,114.732,281.369,737.589,310.759,818.746,0
4644,160.401,164.447,342.176,664.202,313.358,818.178,0
4645,473.52,295.925,312.9,451.52,67.5644,405.887,0
4646,54.6997,52.8556,576.679,783.321,607.06,809.985,0
4647,186.502,159.841,186.557,592.721,150.98,706.292,0
4648,127.799,168.921,547.65,250.708,647.932,197.73,0
4649,129.399,101.942,527.53,597.103,613.341,612.547,0
4650,120.799,146.576,387.687,707.304,313.583,818.25,0
4651,226.705,111.313,201.897,260.752,249.039,184.989,0
4652,56.7997,57.3651,308.4,767.243,310.936,818.66,0
4653,112.699,136.458,533.284,188.373,647.999,191.116,0
4654,539.215,308.853,406.4,576.04,613.162,613.019,0
4655,367.513,249.588,503.679,481.722,615.566,540.003,0
4656,450.018,281.345,448.194,573.827,613.313,612.461,0
4657,244.806,116.061,199.434,259.463,248.258,184.688,0
4658,20.5,19.5141,250.642,204.249,249.311,185.198,0
4659,90.7992,115.315,356.45,714.737,313.382,818.197,0
4660,36.4,37.5386,574.2,756.459,611.154,754.902,0
4661,348.412,218.888,473.387,377.871,630.328,334.134,0
4662,169.601,201.562,524.442,246.911,648.142,198.018,0
4663,17.4,14.1887,636.776,206.147,647.836,197.631,0
4664,248.106,141.051,198.643,305.577,249.161,185.115,0
4665,135.699,133.699,311.717,286.879,250.68,184.826,0
4666,70.1995,60.7762,265.655,241.945,250.196,185.015,0
4667,387.214,250.626,289.456,434.167,67.402,404.193,0
4668,202.203,134.363,508.046,337.454,630.332,334.13,0
4669,401.415,313.389,321.485,446.155,67.2718,403.781,0
4670,73.3995,66.6926,599.569,369.686,630.262,334.207,0
4671,162.101,132.023,523.48,708.436,612.424,751.882,0
4672,244.306,171.937,243.688,337.517,249.729,185.135,0
4673,98.9991,79.122,575.912,694.809,612.32,752.257,0
4674,281.908,237.593,486.707,505.013,615.538,539.889,0
4675,111.799,121.931,588.494,442.892,615.559,540.006,0
4676,67.1995,48.2293,115.351,400.263,67.6956,405.61,0
4677,18.9,18.4928,335.296,184.863,350.164,174.801,0
4678,162.801,119.023,415.775,238.247,355.727,174.303,0
4679,360.113,251.491,472.91,511.738,613.26,613.169,0
4680,216.204,133.562,207.245,306.489,248.566,184.95,0
4681,142.399,105.538,157.541,613.068,149.966,706.156,0
4682,289.308,171.953,240.978,345.45,249.945,185.146,0
4683,179.902,184.015,337.265,645.862,312.521,818.016,0
4684,247.506,178.073,523.581,419.249,630.272,334.14,0
4685,71.5995,60.0148,596.724,695.69,612.384,752.033,0
4686,379.214,267.424,399.313,378.294,349.883,174.728,0
4687,149.5,115.455,406.946,239.605,355.602,174.39,0
4688,84.8993,80.5081,355.365,200.392,349.798,174.69,0
4689,288.108,242.79,215.56,525.316,149.459,706.403,0
4690,45.0999,50.2178,279.23,793.75,311.265,818.622,0
4691,999.903,127.487,384.866,534.22,388.149,543.851,1
4692,304.009,208.806,474.176,541.411,613.401,613.264,0
4693,104.499,98.6246,358.174,217.842,350.066,174.804,0
4694,82.0993,61.6543,311.265,763.426,311.461,818.416,0
4695,342.812,241.693,216.192,493.206,67.4094,406.386,0
4696,211.504,141.541,543.833,553.866,613.369,612.308,0
4697,257.106,192.232,492.683,399.121,630.317,334.148,0
4698,334.411,234.928,459.549,439.785,615.587,539.556,0
4699,284.808,182.623,204.868,577.216,150.518,706.066,0
4700,31.5001,37.3291,315.661,186.921,350.173,174.868,0
4701,187.102,120.682,525.345,362.308,630.272,334.144,0
4702,104.499,88.8735,160.495,648.395,150.622,706.213,0
4703,114.899,91.0682,553.36,711.538,612.322,752.204,0
4704,45.7999,36.6869,579.969,598.351,613.356,612.217,0
4705,101.799,81.7749,116.563,447.499,67.6843,404.862,0
4706,122.599,100.286,403.695,224.344,356.328,173.211,0
4707,169.401,146.903,298.291,306.16,251.643,184.379,0
4708,95.8991,109.451,558.61,199.006,648.457,190.91,0
4709,323.01,132.603,167.368,437.691,67.5974,405.781,0
4710,173.901,177.953,333.16,650.484,312.754,817.954,0
4711,28.2001,32.0902,386.845,180.611,356.045,173.728,0
4712,115.699,102.815,141.052,607.183,149.947,706.202,0
4713,840.642,304.245,304.693,627.204,150.324,706.078,0
4714,358.813,257.117,242.005,499.254,67.4343,406.432,0
4715,264.607,274.044,336.101,564.915,313.025,818.133,0
4716,43.3999,46.4035,613.432,170.846,647.768,191.794,0
4717,263.707,144.074,499.661,182.168,356.24,173.323,0
4718,174.901,136.849,162.356,584.628,150.663,706.184,0
4719,318.21,229.202,347.706,357.624,349.352,174.463,0
4720,213.704,158.168,584.315,395.487,630.259,334.064,0
4721,208.704,194.842,342.443,639.117,312.817,818.011,0
4722,16.8,15.2069,367,183.75,355.352,174.51,0
4723,483.82,359.489,361.732,483.624,349.895,174.836,0
4724,41.1999,43.8141,611.665,137.999,653.53,130.136,0
4725,171.201,129.3,479.975,179.123,356.221,173.438,0
4726,438.218,213.595,300.733,636.154,150.256,706.099,0
4727,24.0001,29.1692,621.047,205.758,647.794,197.394,0
4728,120.699,104.27,118.589,469.776,67.6733,405.617,0
4729,22.7001,20.1128,595.699,616.446,613.263,613.154,0
4730,5.3,4.72822,252.149,189.246,250.673,184.754,0
4731,309.21,143.11,464.622,164.213,356.017,173.791,0
4732,197.303,144.983,369.406,268.997,349.844,174.743,0
4733,97.1991,72.5779,421.402,155.504,356.211,173.441,0
4734,7.6,7.9864,656.345,205.958,654.28,198.243,0
4735,514.821,264.501,401.693,612.363,613.324,613.155,0
4736,292.709,179.081,204.099,346.028,67.5887,404.74,0
4737,408.916,240.035,266.317,407.706,67.7949,405.019,0
4738,28.5001,39.1063,262.762,221.824,251.541,184.402,0
4739,196.903,143.936,584.809,390.978,630.382,334.112,0
4740,133.199,106.184,422.509,227.997,356.206,173.414,0
4741,139.199,98.4645,563.653,319.819,630.422,333.773,0
4742,155.4,116.613,542.975,670.161,613.35,612.547,0
4743,63.1996,51.6822,601.695,134.721,653.499,130.036,0
4744,18.2,16.5512,268.711,187.817,253.105,183.482,0
4745,164.601,156.469,259.644,665.438,152.705,706.979,0
4746,347.712,203.77,470.558,298.99,630.319,334.051,0
4747,278.608,136.094,220.6,310.818,248.614,184.923,0
4748,70.1995,51.4333,118.988,400.939,67.7396,405.461,0
4749,341.012,180.937,233.229,375.097,67.7248,404.846,0
4750,95.2991,89.4165,229.191,270.13,249.452,185.227,0
4751,473.42,300.276,423.271,564.909,613.32,612.482,0
4752,184.902,205.487,331.934,627.656,312.014,818.155,0
4753,7.6,8.48917,254.71,192.241,251.385,184.431,0
4754,106.699,123.562,352.824,703.438,312.904,818.157,0
4755,30.7001,26.64,86.1377,418.516,67.6641,405.559,0
4756,108.599,132.806,553.972,179.146,647.954,191.12,0
4757,95.4991,83.2283,532.791,615.562,613.19,612.623,0
4758,73.6994,63.5936,597.122,175.169,647.779,191.84,0
4759,149.2,162.801,507.032,690.365,611.728,753.628,0
4760,333.111,205.901,190.873,326.075,248.253,184.76,0
4761,48.1998,48.5943,403.975,168.49,356.093,173.533,0
4762,56.1997,48.9897,298.394,198.467,253.502,182.628,0
4763,353.012,253.479,388.653,350.703,349.73,174.67,0
4764,101.899,108.062,555.509,480.579,615.623,539.581,0
4765,21.3,21.2279,594.322,741.521,612.398,752.065,0
4766,93.9991,104.233,540.036,495.485,615.619,540.242,0
4767,228.905,158.464,210.232,364.318,67.6262,404.595,0
4768,92.4992,100.5,565.558,476.672,615.592,539.75,0
4769,291.309,216.366,278.057,381.166,251.134,184.53,0
4770,18.4,23.9058,615.594,277.099,635.913,282.531,0
4771,157.4,134.174,564.512,401.255,630.344,333.999,0
4772,171.901,181.003,334.089,649.935,312.211,818.214,0
4773,166.001,107.202,221.319,287.974,248.741,184.881,0
4774,299.509,187.911,274.153,355.485,250.615,184.812,0
4775,12.7,12.5964,604.429,742.841,612.416,752.04,0
4776,0,0,350.674,171.707,350.674,171.707,0
4777,352.112,213.394,252.203,420.107,67.41,404.235,0
4778,381.614,216.911,470.049,374.087,630.289,334.148,0
4779,389.715,238.236,216.345,502.251,67.7294,405.587,0
4780,389.315,242.781,463.022,348.632,355.968,173.859,0
4781,134.899,120.435,568.922,383.69,630.4,334.448,0
4782,146.2,118.546,344.675,269.239,349.348,174.52,0
4783,230.705,233.378,497.994,504.502,615.468,540.163,0
4784,285.508,185.708,190.798,561.17,149.943,706.213,0
4785,49.9998,51.4949,406.579,168.297,356.089,173.579,0
4786,111.699,138.392,379.893,708.007,313.468,818.334,0
4787,239.605,192.628,395.903,295.613,355.727,174.309,0
4788,168.801,181.873,305.906,671.597,312.003,818.184,0
4789,198.303,126.699,214.658,305.012,249.211,185.082,0
4790,131.199,125.486,265.02,723.794,152.305,706.882,0
4791,33.1001,32.1596,387.554,178.187,355.962,173.609,0
4792,162.001,140.255,303.776,300.002,251.703,184.284,0
4793,485.22,349.927,399.914,440.873,349.453,174.54,0
4794,570.808,270.773,296.675,563.817,150.303,706.098,0
4795,144.3,152.551,310.853,692.113,312.489,817.985,0
4796,129.699,114.88,545.292,664.609,613.318,613.107,0
4797,300.409,299.539,348.753,540.567,312.466,817.99,0
4798,274.408,185.751,199.608,341.742,67.4145,404.192,0
4799,252.206,241.675,332.338,596.511,312.69,817.97,0
4800,454.419,340.46,307.081,494.054,67.5163,404.359,0
4801,96.9991,89.5898,365.212,196.634,349.74,174.718,0
4802,290.108,277.02,193.948,521.54,149.737,706.28,0
4803,259.507,182.705,474.534,555.911,613.394,612.37,0
4804,84.4993,93.7924,581.338,460.614,615.464,540.101,0
4805,30.3001,23.1634,589.948,615.813,613.172,613.029,0
4806,450.418,345.875,365.135,463.801,349.457,174.538,0
4807,506.322,289.399,419.917,572.816,613.251,612.459,0
4808,501.821,303.047,439.341,511.853,615.559,539.763,0
4809,176.602,185.302,336.046,646.077,312.17,818.159,0
4810,259.007,235.186,348.69,602.346,312.725,817.972,0
4811,9.4,10.0212,363.931,179.918,355.789,174.229,0
4812,48.1998,63.1875,192.243,685.64,151.375,706.542,0
4813,288.208,239.401,288.365,395.936,251.372,184.53,0
4814,176.002,154.473,558.528,416.14,615.601,539.667,0
4815,243.506,126.034,195.49,263.463,248.026,184.64,0
4816,57.4997,60.8914,334.205,205.834,350.275,174.91,0
4817,355.712,246.877,466.674,234.076,356.061,173.511,0
4818,251.506,169.867,511.438,396.526,630.314,334.079,0
4819,467.619,229.089,239.129,448.053,67.8015,405.395,0
4820,111.599,90.9913,221.75,265.636,248.292,184.824,0
4821,29.2001,20.3735,87.4311,404.201,67.6951,405.506,0
4822,236.405,133.299,484.746,180.351,356.001,173.674,0
4823,126.099,94.4899,223.633,274.104,249.565,185.178,0
4824,178.202,164.591,505.313,147.655,653.531,130.215,0
4825,361.013,260.81,437.229,446.203,615.64,540.238,0
4826,371.413,262.927,366.206,398.229,349.94,174.774,0
4827,362.213,259.172,247.865,500.063,67.3613,406.331,0
4828,136.499,104.8,163.149,386.868,67.6926,404.855,0
4829,403.515,246.761,422.871,347.107,355.496,174.428,0
4830,28.7001,31.6769,319.838,184.036,349.638,174.609,0
4831,270.707,127.258,193.036,404.18,67.7329,405.481,0
4832,292.809,220.946,370.381,363.619,349.77,174.654,0
4833,346.012,229.314,476.763,467.753,615.578,540.241,0
4834,126.299,134.689,312.426,278.42,251.145,184.489,0
4835,769.359,324.699,316.597,549.678,150.319,706.102,0
4836,137.999,92.1253,524.862,621.885,613.317,612.464,0
4837,256.706,224.053,292.947,372.298,251.813,184.302,0
4838,261.307,121.422,226.198,302.743,248.752,184.972,0
4839,88.9992,95.4309,573.198,193.772,647.512,192.079,0
4840,489.721,325.015,393.675,564.423,613.179,612.882,0
4841,170.301,135.448,519.407,124.807,653.585,129.726,0
4842,317.41,214.395,492.776,250.671,355.922,174.031,0
4843,311.81,251.007,288.581,408.546,251.323,184.476,0
4844,118.399,113.027,576.364,443.079,615.661,539.587,0
4845,56.6997,55.6427,614.166,160.492,648.007,191.1,0
4846,297.309,207.215,177.377,526.425,150.115,706.088,0
4847,68.5995,71.1972,284.685,227.763,250.588,184.842,0
4848,41.7999,54.2565,325.595,765.969,312.767,817.969,0
4849,415.916,203.156,286.882,629.078,150.33,706.101,0
4850,490.621,395.651,360.664,493.091,349.713,174.687,0
4851,235.905,210.667,607.887,382.68,615.679,539.688,0
4852,17.8,19.5009,416.24,93.7951,407.424,77.5235,0
4853,279.908,162.703,177.495,307.936,248.039,184.569,0
4854,235.105,164.116,238.75,337.804,250.133,184.999,0
4855,297.709,292.445,361.301,554.508,313.08,818.082,0
4856,100.099,102.578,222.961,679.895,151.748,706.609,0
4857,63.9996,47.7834,293.49,205.079,253.088,183.608,0
4858,223.304,189.331,614.161,400.438,615.621,539.564,0
4859,140.799,101.154,452.189,178.859,356.108,173.442,0
4860,120.999,101.672,155.063,617.823,149.94,706.153,0
4861,514.521,298.412,429.741,476.205,615.62,539.562,0
4862,315.71,148.605,226.755,292.085,249.361,185.231,0
4863,304.709,130.249,163.828,434.968,67.8429,405.351,0
4864,431.317,257.417,417.07,616.241,613.399,612.357,0
4865,381.814,226.457,474.376,250.105,355.949,174.083,0
4866,420.316,244.204,483.31,483.702,615.613,539.603,0
4867,267.007,239.017,345.4,599.159,313.038,818.113,0
4868,28.4001,32.1107,281.6,809.376,311.572,818.393,0
4869,265.507,185.721,299.236,336.858,250.745,184.805,0
4870,99.3991,104.995,250.867,732.404,152.83,707.055,0
4871,44.4999,33.5338,252.943,218.847,249.741,185.012,0
4872,315.51,196.652,199.245,482.058,67.2723,406.45,0
4873,41.0999,37.1395,565.356,835.121,602.374,833.343,0
4874,44.3999,43.4356,82.1936,436.628,67.7595,405.356,0
4875,165.801,143.301,523.945,692.67,612.185,752.555,0
4876,180.402,153.139,556.542,419.896,615.66,539.676,0
4877,272.307,150.618,501.778,181.131,355.665,174.335,0
4878,47.7998,51.0974,328.252,200.604,350.249,174.943,0
4879,137.799,113.562,541.003,668.12,613.286,613.092,0
4880,177.102,119.267,247.068,742.188,152.75,707.031,0
4881,57.2997,44.6756,294.783,184.745,253.495,182.463,0
4882,117.399,127.131,570.908,431.275,615.561,540.303,0
4883,5.1,4.85908,350.068,180.322,351.855,175.611,0
4884,845.841,364.575,315.168,557.086,150.336,706.067,0
4885,17,18.0169,333.176,181.795,349.138,174.402,0
4886,183.502,115.002,203.24,261.241,247.959,184.633,0
4887,267.507,183.492,475.294,566.682,613.322,612.512,0
4888,71.0995,72.4267,271.589,253.963,250.486,184.799,0
4889,36.5,38.4022,580.712,797.507,606.749,811.149,0
4890,304.009,148.198,228.398,299.061,248.175,184.676,0
4891,569.208,355.11,305.821,499.456,150.306,706.137,0
4892,186.202,126.272,430.613,243.864,356.054,173.468,0
4893,314.21,169.157,504.857,199.181,355.868,173.998,0
4894,144.3,116.802,546.75,687.625,612.314,752.383,0
4895,20,17.1128,251.322,202.331,249.659,185.164,0
4896,49.1998,51.1667,593.628,705.146,612.401,752.069,0
4897,453.018,345.201,322.176,487.184,67.4221,406.232,0
4898,41.3999,41.6593,611.847,190.674,647.691,191.656,0
4899,272.707,261.677,363.475,594.959,312.139,818.152,0
4900,537.816,328.707,423.661,508.66,615.603,540.293,0
4901,502.321,275.956,459.978,476.724,615.533,539.966,0
4902,52.1998,42.8402,149.579,662.564,150.3,706.092,0
4903,34.6,41.71,606.324,306.765,630.34,334.084,0
4904,99.799,79.8137,282.87,765.388,311.532,818.365,0
4905,70.3995,69.3845,195.424,672.04,150.498,706.11,0
4906,31.7001,34.2739,389.383,179.118,355.846,174.214,0
4907,128.199,123.809,275.34,299.941,250.556,184.808,0
4908,384.814,226.278,522.122,524.896,613.333,612.493,0
4909,194.103,165.483,582.873,411.421,615.494,539.823,0
4910,485.22,244.251,307.643,656.553,150.333,706.203,0
4911,240.005,278.877,335.46,408.833,251.021,184.562,0
4912,86.6992,77.1806,138.481,631.898,150.051,706.084,0
4913,284.608,247.579,313.516,377.419,251.41,184.532,0
4914,341.412,226.901,290.852,387.815,249.804,185.136,0
4915,256.306,167.665,201.785,590.092,150.66,706.182,0
4916,194.903,191.849,512.445,222.95,648.39,190.775,0
4917,291.709,174.299,442.668,280.775,355.9,174.12,0
4918,84.5993,70.9594,272.975,777.569,310.578,818.93,0
4919,282.508,292.367,348.67,545.332,312.875,817.977,0
4920,310.81,182.761,253.369,348.134,249.769,185.111,0
4921,241.706,212.905,510.357,506.702,615.648,539.574,0
4922,289.408,190.138,176.907,540.813,150.236,706.061,0
4923,39.4,38.1759,146.926,668.462,150.321,706.141,0
4924,101.599,82.9812,156.126,643.299,150.722,706.182,0
4925,22.2,22.2858,588.767,803.564,606.657,811.189,0
4926,187.702,122.749,457.855,157.081,356.268,173.227,0
4927,312.01,298.786,356.941,551.229,312.465,818.033,0
4928,265.107,160.14,238.373,631.001,151.131,706.411,0
4929,150.9,123.734,344.689,273.605,349.628,174.616,0
4930,428.917,228.36,226.711,550.639,150.254,706.201,0
4931,388.114,268.357,381.866,402.606,350.022,174.823,0
4932,165.001,164.531,536.971,466.562,615.578,540.354,0
4933,48.1998,36.5753,278.145,206.827,252.25,184.149,0
4934,199.203,168.142,521.594,407.161,630.301,334.13,0
4935,148.1,160.186,483.667,718.392,611.787,753.366,0
4936,0.7,0.17723,66.5354,408.858,66.4104,408.732,0
4937,146,99.9344,235.064,277.531,249.402,185.239,0
4938,370.413,240.352,428.073,342.981,355.387,174.512,0
4939,7.1,7.48388,639.96,191.045,647.029,193.494,0
4940,199.603,178.054,482.053,112.301,653.477,129.865,0
4941,155.5,129.655,270.852,736.484,311.446,818.524,0
4942,43.5999,50.9726,601.492,214.834,647.888,197.836,0
4943,63.4996,60.891,608.681,157.472,648.586,190.817,0
4944,302.109,227.711,489.75,464.646,615.572,539.59,0
4945,309.91,297.358,345.994,539.795,312.256,818.05,0
4946,298.409,215.734,200.846,534.739,149.919,706.242,0
4947,145.6,110.121,406.087,232.137,355.505,174.443,0
4948,226.805,155.563,505.611,378.92,630.368,334.138,0
4949,240.505,172.328,197.442,587.809,150.896,706.309,0
4950,331.911,170.424,203.239,341.641,67.5861,404.533,0
4951,507.322,270.778,402.094,610.974,613.348,613.241,0
4952,169.301,164.252,284.432,698.321,311.499,818.381,0
4953,212.104,174.185,383.142,273.634,349.665,174.602,0
4954,195.303,237.228,488.339,264.872,647.996,197.805,0
4955,40.4,41.029,588.586,820.268,602.357,833.264,0
4956,291.709,275.879,379.658,587.313,312.719,817.97,0
4957,11.6,14.258,256.491,197.887,251.235,184.427,0
4958,83.0993,63.3391,298.132,770.248,310.807,818.721,0
4959,147.5,116.433,540.076,668.864,613.35,613.118,0
4960,65.8996,82.4152,531.498,766.872,611.083,755.063,0
4961,481.02,348.829,347.369,486.496,349.743,174.723,0
4962,68.5995,69.5897,600.117,362.017,630.35,334.143,0
4963,346.912,243.807,464.612,458.131,615.57,539.698,0
4964,87.7992,75.8962,547.746,742.914,612,753.074,0
4965,205.203,139.542,281.809,311.534,249.955,185.018,0
4966,536.516,267.175,391.45,633.975,613.319,613.098,0
4967,335.411,235.582,398.95,341.504,349.967,174.849,0
4968,158.5,113.832,422.783,238.799,355.887,174.01,0
4969,316.51,193.148,465.939,276.342,355.418,174.426,0
4970,9.7,10.7488,146.987,695.937,149.834,706.302,0
4971,178.502,183.248,325.581,333.679,251.619,184.441,0
4972,114.499,116.905,296.11,280.182,250.276,184.899,0
4973,150.1,132.293,161.758,592.029,149.849,706.324,0
4974,41.8999,44.2336,598.525,711.089,612.366,751.968,0
4975,155.9,138.744,547.261,455.53,615.639,539.562,0
4976,156.7,188.797,532.491,308.523,648.035,198.02,0
4977,291.709,168.226,198.444,359.466,67.396,404.232,0
4978,18.1,18.2679,632.485,206.731,647.756,197.649,0
4979,491.221,365.766,356.569,473.941,349.389,174.489,0
4980,227.305,208.541,314.298,638.746,313.05,818.101,0
4981,559.31,324.678,418.585,489.877,615.625,539.747,0
4982,190.002,183.567,503.06,202.169,647.951,191.277,0
4983,484.62,298.741,442.098,509.213,615.48,540.146,0
4984,121.099,90.5054,156.982,399.269,67.7081,404.785,0
4985,30.8001,40.4384,263.099,223.041,251.431,184.332,0
4986,91.9992,88.3581,365.338,194.69,349.525,174.623,0
4987,268.707,268.294,329.728,561.019,312.864,817.951,0
4988,136.699,136.206,113.911,496.023,67.6003,405.68,0
4989,64.7996,60.8917,308.378,764.976,310.962,818.7,0
4990,599.401,378.555,408.715,523.981,615.634,539.731,0
4991,75.7994,49.5296,162.156,662.806,150.098,706.134,0
4992,38.2,35.7204,390.373,171.594,355.94,173.636,0
4993,246.206,158.359,162.6,473.464,67.5902,405.877,0
4994,152.7,186.789,526.132,269.361,647.883,197.765,0
4995,32.2001,19.7686,265.217,199.87,252.706,183.746,0
4996,92.9992,113.776,352.359,712.043,312.804,817.955,0
4997,473.72,345.504,374.819,466.747,349.733,174.706,0
4998,91.8992,77.9651,188.37,652.125,149.94,706.167,0
4999,99.1991,84.6149,569.143,127.375,653.589,129.647,0
5000,73.1995,94.9602,572.773,244.036,647.902,197.7,0
5001,137.299,127.676,265.46,726.379,152.823,707.116,0
5002,52.5998,52.6569,552.951,826.014,602.403,833.268,0
5003,405.616,285.026,352.367,418.378,349.716,174.743,0
5004,120.699,153.656,547.429,286.56,648.189,197.988,0
5005,193.103,162.141,501.396,131.355,653.625,130.252,0
5006,467.619,352.291,357.906,474.457,349.993,174.772,0
5007,27.9001,31.9046,614.318,350.171,630.342,334.058,0
5008,23.0001,26.6174,381.329,180.483,355.824,174.122,0
5009,0,0,409.504,73.1012,409.416,73.2992,0
5010,189.602,176.442,244.871,654.186,151.677,706.555,0
5011,383.814,171.625,250.027,613.63,150.304,706.19,0
5012,10.5,10.787,607.513,743.222,612,752.761,0
5013,483.12,351.974,345.483,489.356,349.463,174.622,0
5014,56.9997,53.4548,608.404,146.683,653.59,130.426,0
5015,69.0995,59.9634,597.321,696.601,612.402,751.948,0
5016,77.0994,88.804,527.27,766.324,611.179,754.883,0
5017,164.401,163.997,365.457,678.68,313.361,818.225,0
5018,64.2996,75.0274,587.892,479.157,615.767,540.47,0
5019,432.017,253.804,459.651,463.657,615.617,539.693,0
5020,20.2,21.8442,630.341,210.357,648.317,198.135,0
5021,8.7,9.00592,627.051,283.271,635.966,282.334,0
5022,87.6992,108.21,283.277,276.755,250.72,184.841,0
5023,466.619,322.075,275.158,496.534,67.4636,405.968,0
5024,162.701,161.952,536.7,226.081,648.388,190.889,0
5025,456.719,269.29,456.859,429.78,615.648,539.585,0
5026,94.0991,73.9837,589.158,667.759,613.336,613.243,0
5027,363.413,263.021,367.023,394.901,350.147,174.799,0
5028,140.299,118.341,562.841,386.276,630.385,333.794,0
5029,94.3991,82.8385,571.354,125.494,653.586,130.352,0
5030,43.0999,26.664,588.438,618.036,613.168,612.942,0
5031,97.8991,95.2465,348.112,228.122,349.64,174.545,0
5032,380.814,315.213,325.299,452.738,67.2462,403.587,0
5033,724.37,398.714,308.977,502.033,150.319,706.172,0
5034,229.005,161.89,338.284,294.776,349.683,174.636,0
5035,134.099,121.675,176.707,623.029,150.639,706.248,0
5036,115.499,123.314,235.367,672.316,151.723,706.648,0
5037,275.708,277.296,347.922,563.604,312.306,818.14,0
5038,221.904,146.923,556.715,540.246,613.374,612.344,0
5039,207.703,120.798,457.642,156.817,355.845,174.262,0
5040,113.399,103.13,560.66,148.76,653.609,129.624,0
5041,471.72,327.519,313.889,484.007,67.7197,405.488,0
5042,7.1,7.73112,647.604,135.268,653.959,131.03,0
5043,102.399,71.1078,597.682,685.201,612.375,751.851,0
5044,453.818,268.621,485.01,481.631,615.639,539.689,0
5045,53.4998,28.8151,592.971,626.03,613.2,613.01,0
5046,26.8001,30.0732,305.625,794.859,311.669,818.362,0
5047,491.621,270.458,464.917,473.739,615.583,539.614,0
5048,178.502,133.739,558.605,402.64,630.263,334.103,0
5049,0,0,616.906,758.26,616.906,758.26,0
5050,569.508,364.232,391.094,518.044,615.604,539.612,0
5051,288.308,255.228,349.153,579.931,312.679,817.968,0
5052,125.699,109.491,550.876,135.186,653.499,129.763,0
5053,304.709,172.943,443.784,281.159,355.748,174.296,0
5054,175.902,173.262,596.325,409.731,615.621,540.311,0
5055,210.004,159.532,353.63,300.785,349.323,174.501,0
5056,271.007,209.783,485.139,440.055,615.502,539.752,0
5057,226.705,192.946,379.063,310.634,349.658,174.564,0
5058,310.01,141.288,202.087,395.992,67.697,404.958,0
5059,279.708,201.781,186.806,535.91,150.745,706.272,0
5060,91.7992,113.717,337.913,707.583,313.021,818.128,0
5061,214.504,161.373,209.752,364.237,67.5672,404.683,0
5062,172.901,170.522,359.551,664.877,313.593,818.326,0
5063,78.8994,68.4288,594.712,178.034,648.481,190.788,0
5064,21.4,22.8414,629.268,209.496,648.372,198.13,0
5065,132.299,169.981,532.048,289.455,648.127,198.027,0
5066,91.1992,75.9608,141.869,401.079,67.6486,404.798,0
5067,329.411,166.373,215.337,227.908,248.449,184.779,0
5068,17.3,21.5445,318.823,797.445,313.208,818.253,0
5069,262.907,179.325,205.924,350.493,67.5993,404.51,0
5070,293.709,197.754,481.914,290.665,630.27,334.06,0
5071,111.899,135.3,528.761,734.294,611.165,755.166,0
5072,69.7995,84.2751,581.698,246.646,647.902,197.607,0
5073,47.6998,48.7904,80.0366,441.007,67.6699,405.603,0
5074,305.909,178.014,243.579,347.504,249.695,185.233,0
5075,34.2001,31.7771,599.329,783.031,607.207,809.871,0
5076,17.4,22.511,316.139,796.247,312.595,818.054,0
5077,183.902,138.907,295.982,298.836,250.636,184.839,0
5078,507.522,384.947,449.902,514.996,613.327,612.396,0
5079,41.7999,44.6404,592.093,819.119,602.367,833.308,0
5080,148.7,113.341,290.171,735.59,311.517,818.387,0
5081,71.1995,64.7331,394.906,188.502,355.776,174.261,0
5082,90.8992,80.8841,141.039,628.672,149.678,706.263,0
5083,16.1,18.9768,301.826,805.284,311.953,818.242,0
5084,401.315,237.048,468.156,370.772,630.27,334.144,0
5085,88.4992,86.1504,543.314,600.868,613.219,612.566,0
5086,366.513,248.612,446.774,443.475,615.62,539.712,0
5087,25.4001,29.8564,622.043,203.435,647.839,197.322,0
5088,261.607,197.749,346.348,334.522,349.467,174.636,0
5089,291.609,165.079,502.95,187.296,356.143,173.48,0
5090,363.713,296.047,286.08,471.454,67.219,403.628,0
5091,999.903,333.692,558.635,182.167,563.909,182.71,1
5092,56.0997,59.9409,273.271,787.705,310.491,818.889,0
5093,427.117,300.929,466.401,490.51,613.311,612.52,0
5094,272.907,215.634,395.368,324.254,349.852,174.751,0
5095,14.4,17.573,373.27,173.179,356.056,173.621,0
5096,249.506,128.611,498.108,624.689,613.329,613.107,0
5097,249.006,166.686,555.444,529.949,613.352,612.358,0
5098,13.7,10.3787,600.878,755.337,611.162,755.498,0
5099,44.5999,52.3972,603.656,209.282,647.964,197.934,0
5100,224.204,152.945,335.41,290.165,349.479,174.579,0
5101,167.201,136.392,328.624,275.805,349.637,174.609,0
5102,131.699,151.894,317.227,688.099,312.175,818.2,0
5103,379.014,226.399,512.643,530.614,613.226,612.709,0
5104,206.603,145.796,423.101,268.064,355.509,174.427,0
5105,62.5996,71.62,284.765,228.367,250.78,184.67,0
5106,34.7,37.6,573.965,755.768,611.187,754.95,0
5107,128.699,141.255,546.572,459.082,615.512,540.099,0
5108,180.502,188.589,514.818,222.951,647.675,191.834,0
5109,27.8001,22.0355,591.725,610.449,613.33,613.177,0
5110,89.6992,78.6601,115.167,440.761,67.7639,405.449,0
5111,462.419,276.349,417.506,381.171,630.32,334.073,0
5112,589.903,289.632,298.631,551.184,150.319,706.167,0
5113,39,29.0977,235.224,207.622,249.119,185.078,0
5114,15.1,19.4375,318.778,799.578,313.496,818.284,0
5115,40.3,33.9979,228.547,204.331,248.375,184.754,0
5116,105.199,125.392,572.829,276.923,647.898,197.716,0
5117,157.3,107.533,167.836,383.038,67.6717,404.853,0
5118,193.603,108.61,162.987,415.722,67.6803,404.846,0
5119,131.999,139.386,254.595,683.598,151.812,706.735,0
5120,330.211,202.811,489.961,414.439,630.358,334.124,0
5121,119.699,112.528,117.918,474.25,67.6609,405.58,0
5122,114.499,101.772,277.361,283.131,249.686,185.245,0
5123,69.7995,49.3719,112.072,412.794,67.7397,404.919,0
5124,133.599,108.766,558.291,154.991,653.468,130.199,0
5125,312.01,178.337,208.626,330.196,248.674,184.945,0
5126,177.802,170.463,289.605,687.412,310.765,818.68,0
5127,5.6,5.02778,310.942,813.261,312.699,817.971,0
5128,231.805,188.206,149.024,522.529,67.6151,405.678,0
5129,316.01,159.649,504.859,678.801,613.197,612.921,0
5130,161.101,142.955,528.87,158.952,653.48,130.18,0
5131,220.304,144.459,496.05,338.174,630.308,334.069,0
5132,562.41,320.679,399.229,484.641,615.56,540.005,0
5133,143.3,119.915,557.665,386.329,630.405,334.394,0
5134,82.5993,67.6605,586.318,125.22,653.553,129.615,0
5135,164.101,143.357,310.885,300.959,251.35,184.52,0
5136,301.109,133.636,163.036,436.165,67.8097,405.016,0
5137,272.707,135.203,224.219,310.793,248.399,184.778,0
5138,63.2996,62.0907,597.738,171.886,647.728,191.899,0
5139,34.3,34.3166,583.857,820.244,602.411,833.264,0
5140,387.214,301.382,262.715,519.545,67.1823,406.645,0
5141,235.605,159.168,494.856,329.806,630.264,334.084,0
5142,349.412,178.364,494.5,687.728,613.273,613.095,0
5143,226.705,181.488,482.14,570.395,613.408,612.181,0
5144,446.218,263.052,451.712,463.237,615.568,539.666,0
5145,436.417,259.809,399.255,644.799,613.255,612.525,0
5146,107.699,95.228,560.282,123.606,653.538,129.8,0
5147,82.4993,94.3018,566.777,484.658,615.508,539.985,0
5148,500.921,282.03,472.935,477.948,615.676,539.533,0
5149,393.815,240.014,268.506,437.551,67.7206,404.88,0
5150,60.8996,73.2445,216.145,731.938,152.112,706.83,0
5151,352.612,144.563,162.323,445.302,67.5312,405.941,0
5152,26.0001,24.6166,614.218,344.049,630.356,334.285,0
5153,313.11,241.204,462.964,424.508,615.561,539.727,0
5154,153.1,103.689,216.041,256.252,249.122,185.137,0
5155,413.716,201.491,430.532,634.45,613.241,612.801,0
5156,86.0993,105.001,282.301,280.915,250.681,184.751,0
5157,64.1996,66.1849,411.097,143.783,405.932,78.1921,0
5158,204.203,141.095,453.474,142.074,355.948,173.632,0
5159,422.517,258.041,234.861,509.47,67.6059,405.796,0
5160,146.8,160.51,522.736,209.797,647.59,191.939,0
5161,28.7001,30.4822,151.01,675.649,150.343,706.055,0
5162,114.599,84.6598,578.352,672.659,613.19,612.918,0
5163,215.104,162.858,528.393,438.362,615.59,539.709,0
5164,108.799,83.8848,589.646,677.193,612.501,751.792,0
5165,36.2,20.1591,264.408,200.626,252.626,183.99,0
5166,18.2,24.631,629.082,130.965,653.565,129.989,0
5167,159.001,155.768,263.716,674.995,151.621,706.622,0
5168,264.707,191.212,211.168,572.731,149.646,706.316,0
5169,163.101,132.533,249.659,308.066,249.63,185.203,0
5170,90.1992,71.8536,282.518,773.489,310.476,818.924,0
5171,214.304,262.702,333.986,392.993,251.902,184.306,0
5172,273.207,156.158,183.622,300.445,248.951,184.989,0
5173,325.311,142.009,200.577,412.029,67.7042,405.454,0
5174,319.31,194.637,473.001,307.351,630.369,334.07,0
5175,95.3991,76.3717,283.157,767.702,310.927,818.708,0
5176,308.21,195.271,237.234,352.775,249.535,185.225,0
5177,27.4001,32.1496,318.149,786.358,312.457,818.102,0
5178,244.606,273.387,330.786,561.716,312.268,818.145,0
5179,76.9994,72.7021,592.569,367.478,630.345,334.334,0
5180,321.11,190.425,167.417,303.019,249.243,185.104,0
5181,9.3,10.8596,637.661,187.555,647.624,191.869,0
5182,134.199,96.245,418.463,225.924,355.862,173.97,0
5183,42.7999,36.2687,227.166,201.615,248.179,184.651,0
5184,286.108,158.252,220.608,627.452,150.428,706.112,0
5185,52.8998,50.6664,137.186,659.804,150.262,706.072,0
5186,999.903,370.822,127.983,538.154,124.068,538.368,1
5187,311.31,263.618,293.633,424.669,67.363,403.984,0
5188,24.6001,29.2744,621.095,208.768,647.936,197.808,0
5189,347.912,180.662,269.079,638.576,150.259,706.148,0
5190,252.006,175.798,204.752,582.111,150.634,706.17,0
5191,443.418,223.957,247.475,572.877,150.31,706.196,0
5192,187.602,146.105,239.109,321.269,249.825,185.102,0
5193,137.399,122.385,556.667,168.433,653.453,129.814,0
5194,49.1998,54.032,564.893,800.201,606.684,810.873,0
5195,93.3991,95.2684,573.799,292.314,630.452,333.628,0
5196,63.7996,79.7278,539.433,778.016,611.116,755.382,0
5197,279.708,186.949,178.217,544.237,149.862,706.329,0
5198,101.299,102.125,94.9691,473.041,67.7435,405.474,0
5199,29.1001,35.6565,617.789,214.872,648.367,198.177,0
5200,427.417,225.464,238.555,572.601,150.322,706.118,0
5201,197.803,180.836,273.016,649.193,152.102,706.817,0
5202,64.9996,44.7772,258.373,229.549,249.763,185.143,0
5203,7.89999,6.83243,74.3773,402.982,67.8185,405.183,0
5204,313.51,182.58,246.638,349.911,249.584,185.234,0
5205,490.721,227.045,290.739,603.092,150.255,706.161,0
5206,103.899,92.6218,273.007,275.494,249.696,185.238,0
5207,310.11,174.358,238.532,653.883,150.671,706.22,0
5208,197.003,226.149,331.581,373.674,251.656,184.345,0
5209,512.222,281.367,476.643,483.652,615.61,539.675,0
5210,102.999,99.356,275.53,279.215,250.303,184.925,0
5211,26.2001,28.7205,316.859,790.024,312.474,818.036,0
5212,188.702,186.705,312.245,330.845,251.508,184.355,0
5213,86.4993,92.262,214.749,678.654,151.937,706.721,0
5214,152.3,123.51,252.872,300.833,249.68,185.24,0
5215,57.2997,31.5772,592.635,626.791,613.27,612.438,0
5216,274.608,139.189,508.757,661.636,613.344,613.143,0
5217,28.7001,30.894,601.722,566.412,616.216,541.697,0
5218,0,0,312.811,825.24,312.811,825.24,0
5219,161.101,125.676,529.544,572.623,613.173,612.58,0
5220,283.008,132.012,222.089,307.513,249.317,185.243,0
5221,241.806,255.536,328.548,578.147,312.228,818.209,0
5222,495.921,278.182,442.895,585.423,613.349,613.115,0
5223,321.71,231.659,397.188,336.803,349.828,174.693,0
5224,517.321,293.065,475.177,481.412,615.454,539.866,0
5225,322.51,205.459,295.766,360.908,250.318,184.896,0
5226,835.443,339.298,285.411,562.653,150.334,706.083,0
5227,292.609,301.437,346.957,540.515,312.2,818.165,0
5228,126.399,85.1552,604.576,696.242,612.362,752.048,0
5229,159.001,108.918,557.478,305.831,630.369,334.057,0
5230,253.006,184.309,156.619,540.185,149.893,706.209,0
5231,547.713,312.772,417.88,566.847,613.206,612.974,0
5232,336.911,208.033,491.607,246.166,356.137,173.565,0
5233,272.407,277.607,186.517,520.569,149.451,706.357,0
5234,281.508,168.259,559.3,526.834,613.153,612.557,0
5235,469.319,293.07,448.273,487.654,615.53,540.228,0
5236,201.303,192.896,526.66,501.03,615.559,540.25,0
5237,80.3993,86.8721,316.907,741.747,311.71,818.378,0
5238,345.312,277.8,308.048,423.726,67.1759,403.635,0
5239,446.918,321.164,359.696,451.406,349.657,174.608,0
5240,57.7997,34.2004,247.517,219.482,249.577,185.216,0
5241,435.417,189.844,213.85,445.967,67.8157,404.97,0
5242,53.7998,54.4353,179.758,674.611,150.3,706.123,0
5243,129.399,120.769,175.482,622.517,150.543,706.1,0
5244,21.8,20.8396,603.465,557.839,616.411,542.219,0
5245,1.4,0.656019,654.194,199.043,653.99,198.42,0
5246,286.608,140.091,216.057,226.667,249.165,185.142,0
5247,137.599,105.652,161.296,388.602,67.7135,404.811,0
5248,117.899,135.937,512.288,717.626,611.819,753.412,0
5249,285.908,181.507,507.383,541.638,613.328,613.193,0
5250,124.699,94.3202,230.786,275.013,248.626,184.946,0
5251,202.703,154.659,236.121,328.519,250.531,184.84,0
5252,88.8992,62.706,299.745,769.083,311.081,818.566,0
5253,312.11,164.563,216.413,230.771,248.078,184.747,0
5254,117.999,135.408,554.299,178.607,647.847,191.493,0
5255,635.892,363.979,283.505,513.392,150.328,706.121,0
5256,123.399,138.495,315.09,288.517,251.156,184.503,0
5257,195.603,159.59,495.416,115.403,653.643,130.445,0
5258,15.6,13.5413,639.12,208.117,648.209,198.123,0
5259,99.899,94.5354,139.333,614.781,150.278,706.089,0
5260,324.211,159.802,245.974,619.11,150.344,706.117,0
5261,111.999,97.6441,274.069,278.687,249.551,185.193,0
5262,56.0997,46.9197,572.918,594.301,613.261,612.449,0
5263,388.214,235.973,270.506,432.446,67.6112,404.611,0
5264,27.8001,26.4201,83.6886,419.64,67.8305,405.45,0
5265,150,125.747,354.263,258.711,349.499,174.589,0
5266,47.2999,61.1285,268.022,242.95,250.954,184.613,0
5267,12.9,16.1891,371.205,179.295,356.149,173.451,0
5268,202.003,151.336,291.919,301.543,250.939,184.581,0
5269,361.013,169.437,260.807,633.094,150.349,706.09,0
5270,67.9995,90.8858,337.07,730.24,312.832,818.018,0
5271,325.011,307.341,387.529,569.366,313.04,818.14,0
5272,68.8995,67.6286,599.079,151.864,653.476,129.999,0
5273,50.1998,53.261,310.635,772.072,311.591,818.423,0
5274,144.5,136.595,111.449,495.01,67.7298,405.514,0
5275,28.8001,27.8172,411.32,106.053,405.843,78.2389,0
5276,191.702,155.699,238.751,326.303,248.974,185.044,0
5277,462.219,295.607,428.072,419.324,615.537,539.794,0
5278,213.004,126.861,497.655,634.746,613.264,613.231,0
5279,565.709,340.82,432.345,492.952,615.503,540.059,0
5280,257.507,221.683,369.643,628.498,313.284,818.205,0
5281,170.001,120.694,173.581,375.942,67.6718,404.949,0
5282,342.212,241.511,386.952,340.715,349.254,174.51,0
5283,32.0001,37.6601,587.446,528.891,615.686,539.568,0
5284,232.905,125.959,192.832,390.743,67.6946,404.946,0
5285,204.403,156.549,351.359,302.812,349.699,174.652,0
5286,53.3998,52.4215,573.423,789.116,607.364,809.5,0
5287,205.403,156.096,139.822,559.116,150.782,706.301,0
5288,182.402,131.224,282.1,297.422,249.884,185.105,0
5289,74.1994,84.8118,566.826,492.96,615.591,539.677,0
5290,238.705,223.56,604.6,393.411,615.51,539.929,0
5291,354.612,289.102,285.942,464.519,67.2953,403.836,0
5292,281.208,229.017,473.576,439.77,615.479,539.81,0
5293,273.807,215.342,480.02,436.471,615.678,539.474,0
5294,25.7001,21.2551,602.8,557.313,616.443,542.145,0
5295,378.214,268.557,340.123,387.74,349.898,174.829,0
5296,297.309,276.62,341.96,564.287,312.392,818.089,0
5297,302.109,164.152,235.371,607.411,150.831,706.334,0
5298,527.218,303.351,276.863,521.796,150.347,706.175,0
5299,556.011,282.809,303.768,627.452,150.334,706.068,0
5300,316.61,203.88,479.622,316.198,630.253,334.072,0
5301,102.999,115.141,566.525,175.076,653.626,130.423,0
5302,106.699,102.944,237.628,744.354,152.849,707.073,0
5303,453.418,239.357,399.727,643.379,613.204,613.038,0
5304,104.599,84.0694,149.886,400.961,67.7073,404.834,0
5305,25.6001,28.8701,322.071,181.279,349.051,174.407,0
5306,87.6992,74.685,578.331,131.351,653.593,129.608,0
5307,59.7997,62.6183,554.525,749.972,611.978,752.973,0
5308,168.801,200.814,516.591,264.483,647.88,197.756,0
5309,17.5,17.2659,613.402,330.622,630.288,334.111,0
5310,189.702,198.346,321.007,343.421,251.629,184.345,0
5311,153.8,123.244,175.092,258.559,248.453,184.787,0
5312,9,9.32135,303.645,814.181,311.726,818.424,0
5313,107.399,84.2266,417.873,206.968,355.771,174.272,0
5314,445.318,256.767,400.017,631.51,613.297,612.512,0
5315,242.806,156.112,481.778,153.022,356.081,173.458,0
5316,80.1993,98.9967,337.541,721.911,312.676,817.964,0
5317,232.205,156.824,471.647,613.3,613.328,613.134,0
5318,243.706,197.411,387.262,301.943,349.708,174.722,0
5319,56.0997,60.1417,313.01,766.525,311.853,818.265,0
5320,74.1994,83.6924,223.76,736.328,152.425,707.009,0
5321,99.1991,116.987,592.908,268.522,648.173,198.062,0
5322,2,1.04873,610.875,757.631,611.953,757.572,0
5323,123.599,99.1399,373.856,206.805,355.766,174.234,0
5324,306.009,165.533,212.872,652.691,150.042,706.245,0
5325,376.414,242.365,477.681,423.397,630.356,334.111,0
5326,324.611,192.119,402.716,303.105,355.802,174.304,0
5327,174.401,156.822,118.299,574.166,149.335,706.584,0
5328,443.318,197.923,219.087,431.226,67.7042,405.611,0
5329,324.511,229.792,220.607,474.972,67.3859,406.221,0
5330,87.9992,73.2518,264.314,257.157,249.769,185.073,0
5331,351.812,171.344,261.194,633.329,150.343,706.162,0
5332,448.818,262.551,425.16,394.661,630.339,334.128,0
5333,272.707,188.598,188.116,565.809,150.876,706.252,0
5334,331.311,171.029,492.813,157.038,356.004,173.777,0
5335,21.5,19.0023,613.613,338.216,630.342,334.264,0
5336,245.206,185.352,161.687,536.702,149.763,706.258,0
5337,101.899,74.345,422.548,152.283,355.759,174.26,0
5338,235.105,217.752,324.345,613.52,312.875,817.97,0
5339,8.2,8.63441,255.459,192.12,252.828,183.918,0
5340,53.1998,40.8689,224.079,210.576,248.441,184.76,0
5341,108.799,81.5045,583.613,672.053,613.171,613.03,0
5342,80.1993,72.9756,554.736,731.957,611.806,753.378,0
5343,174.801,104.127,517.799,631.728,613.155,612.767,0
5344,999.903,361.251,427.604,135.58,424.141,121.442,1
5345,999.903,407.622,129.298,538.964,124.84,537.302,1
5346,385.414,204.604,228.992,572.035,150.327,706.102,0
5347,69.3995,59.5822,555.386,618.185,613.253,612.456,0
5348,242.006,244.847,313.712,371.522,251.043,184.578,0
5349,13.6,13.0369,147.676,693.558,149.948,706.158,0
5350,142.6,109.85,446.415,195.281,355.748,174.241,0
5351,204.803,175.101,535.396,421.298,615.503,539.77,0
5352,345.512,217.122,471.759,382.464,630.278,334.142,0
5353,364.313,239.712,456.796,432.773,615.673,539.609,0
5354,999.903,272.011,304.528,398.952,307.156,389.944,1
5355,742.166,361.661,293.562,525.291,150.349,706.131,0
5356,312.81,222.883,406.801,317.666,355.366,174.511,0
5357,267.907,197.433,524.598,455.476,615.56,540.253,0
5358,436.317,228.022,422.233,656.032,613.278,613.133,0
5359,289.008,285.436,378.726,579.344,313.323,818.177,0
5360,534.816,339.775,403.956,490.107,615.457,540.162,0
5361,113.899,126.139,572.103,431.834,615.598,540.28,0
5362,166.901,178.577,419.925,711.868,313.618,818.336,0
5363,463.519,239.2,405.047,639.228,613.279,613.206,0
5364,441.618,265.455,401.502,614.495,613.31,613.081,0
5365,345.812,236.097,224.185,492.539,67.4244,406.202,0
5366,283.608,269.101,192.108,520.522,149.688,706.336,0
5367,340.212,225.616,266.679,365.65,248.6,184.935,0
5368,24.3001,31.8326,593.666,527.689,615.668,540.627,0
5369,17.9,18.8913,147.873,687.635,150.256,706.129,0
5370,722.671,373.113,322.329,510.355,150.323,706.062,0
5371,342.112,206.683,424.525,316.775,355.779,174.176,0
5372,390.915,271.691,363.112,417.058,349.79,174.685,0
5373,296.409,236.395,307.424,377.605,251.347,184.481,0
5374,382.314,215.722,473.411,385.834,630.329,334.076,0
5375,92.6992,90.7866,140.562,618.164,150.014,706.172,0
5376,262.807,173.994,498.896,366.418,630.26,334.046,0
5377,63.6996,47.5422,590.236,643.158,613.282,613.107,0
5378,386.014,238.044,460.703,389.995,630.332,334.148,0
5379,141.399,152.649,314.602,688.2,312.247,818.192,0
5380,210.904,203.463,367.45,644.405,311.972,818.169,0
5381,316.31,138.788,172.15,437.178,67.6784,404.862,0
5382,218.504,148.003,467.613,212.13,356.122,173.481,0
5383,19.5,19.8132,598.63,738.52,612.13,752.666,0
5384,206.303,186.44,612.437,402.014,615.582,539.974,0
5385,257.707,156.212,160.669,482.49,67.7344,405.615,0
5386,204.903,163.98,489.415,118.032,653.621,130.348,0
5387,48.1998,30.0445,590.846,624.207,613.328,613.194,0
5388,87.8992,80.1444,426.977,148.453,356.133,173.45,0
5389,186.002,135.762,298.075,296.548,250.898,184.716,0
5390,19.6,19.0185,596.527,605.268,613.188,612.614,0
5391,333.211,325.636,358.072,520.47,313.058,818.131,0
5392,251.906,171.826,176.66,480.593,67.7013,405.581,0
5393,46.3999,23.6674,271.338,199.719,252.628,183.928,0
5394,6.2,5.76522,607.661,614.528,613.327,613.237,0
5395,39.8,37.1561,565.536,835.159,602.383,833.249,0
5396,121.699,94.6868,228.739,274.352,249.852,185.092,0
5397,44.3999,35.1539,236.491,216.516,248.737,184.909,0
5398,198.703,132.323,523.537,572.18,613.266,612.478,0
5399,302.709,183.411,220.871,347.213,250.571,184.828,0
5400,2.4,1.51922,634.376,282.921,635.764,282.304,0
5401,345.512,134.651,169.49,438.415,67.8357,405.338,0
5402,33.1001,29.3738,612.643,272.301,635.867,282.255,0
5403,28.8001,33.032,318.061,786.052,312.795,818.052,0
5404,167.001,172.887,513.361,210.627,647.722,191.841,0
5405,100.699,86.1904,150.694,395.817,67.6662,404.925,0
5406,126.699,98.6486,213.886,267.02,249.051,184.989,0
5407,119.199,75.3363,601.132,681.749,612.419,752.049,0
5408,12.8,10.1593,609.88,549.053,616.948,543.533,0
5409,454.219,339.79,323.137,485.3,67.3666,406.164,0
5410,519.72,273.897,435.407,591.64,613.303,613.179,0
5411,180.502,135.887,120.25,586.734,150.269,706.065,0
5412,164.901,133.155,284.597,303.678,250.618,184.778,0
5413,459.519,252.866,438.104,592.648,613.17,612.963,0
5414,175.201,177.684,408.275,696.732,312.606,817.992,0
5415,266.307,169.069,139.747,513.99,67.7847,405.429,0
5416,20.3,25.1111,261.291,207.404,251.636,184.353,0
5417,548.613,309.212,424.373,566.135,613.2,612.785,0
5418,455.619,332.967,403.595,459.699,615.515,540.011,0
5419,146.6,184.846,528.63,268.213,647.899,197.777,0
5420,114.699,119.649,262.713,731.033,152.764,707.07,0
5421,14.7,18.7004,259.418,201.293,251.946,184.154,0
5422,312.81,173.065,216.45,666.291,149.898,706.206,0
5423,238.805,188.948,159.02,544.202,149.978,706.186,0
5424,137.499,133.549,307.121,291.47,250.516,184.807,0
5425,22.1,22.5771,406.064,100.624,405.625,78.098,0
5426,38.8,38.5891,616.218,135.027,653.568,130.001,0
5427,218.104,257.262,329.898,391.293,251.645,184.307,0
5428,290.609,205.772,191.682,534.64,150.403,706.078,0
5429,119.399,85.9379,576.502,673.571,613.26,612.828,0
5430,429.117,309.586,377.161,424.606,349.734,174.665,0
5431,126.999,86.7832,530.46,618.541,613.446,613.279,0
5432,60.2997,67.4713,589.639,486.289,615.679,539.548,0
5433,104.999,91.3568,568.805,142.424,653.63,130.301,0
5434,158.6,118.583,404.248,240.283,355.326,174.529,0
5435,360.113,203.341,247.934,414.467,67.5361,404.463,0
5436,61.7996,71.3395,589.926,481.879,615.623,539.623,0
5437,93.3991,103.685,249.833,731.197,152.01,706.83,0
5438,149.5,101.501,221.189,281.74,249.075,185.138,0
5439,80.2993,62.7449,263.203,246.037,249.723,185.209,0
5440,122.499,83.8608,605.728,678.307,612.215,752.468,0
5441,435.417,317.445,358.739,451.84,349.568,174.6,0
5442,200.403,135.12,191.483,623.326,150.737,706.207,0
5443,168.401,173.447,513.479,201.575,647.748,191.905,0
5444,63.6996,66.2285,344.126,196.957,349.674,174.639,0
5445,117.199,87.2002,433.023,186.644,356.081,173.451,0
5446,56.4997,50.0261,234.254,232.035,249.124,185.083,0
5447,35.4,36.2482,618.164,132.947,653.55,129.744,0
5448,322.61,234.122,461.527,424.418,615.597,539.591,0
5449,48.4998,36.3918,235.281,217.593,248.34,184.79,0
5450,174.201,123.101,229.721,755.85,152.475,707.034,0
5451,64.1996,73.7125,544.87,777.025,611.155,754.873,0
5452,93.0992,107.663,561.134,199.586,647.808,191.631,0
5453,130.199,108.711,556.206,153.863,653.452,129.971,0
5454,212.104,136.766,523.235,655.427,613.161,612.936,0
5455,58.8997,70.1352,594.214,194.164,647.866,197.738,0
5456,64.4996,82.8024,274.054,263.044,250.773,184.679,0
5457,47.9998,51.8922,599.488,703.742,612.404,752.038,0
5458,64.9996,67.0654,597.485,366.651,630.34,334.149,0
5459,999.903,400.488,302.568,552.502,174.355,659.359,1
5460,101.099,115.905,357.416,713.903,312.639,817.973,0
5461,429.217,252.291,429.826,390.028,630.362,334.149,0
5462,9.4,10.7138,77.3838,409.747,67.128,406.659,0
5463,32.7001,35.6439,612.988,354.816,630.265,334.326,0
5464,134.299,155.455,342.572,672.117,312.953,818.096,0
5465,29.0001,30.602,386.007,177.65,355.788,174.207,0
5466,398.215,196.931,438.481,635.304,613.288,613.118,0
5467,218.804,130.674,421.843,256.347,355.64,174.448,0
5468,340.512,192.392,463.393,272.719,356.236,173.209,0
5469,214.804,198.341,312.578,340.041,250.882,184.687,0
5470,24.8001,27.5459,262.286,208.533,251.889,184.306,0
5471,92.7992,113.293,323.021,713.538,312.049,818.154,0
5472,234.905,200.71,526.813,458.28,615.628,540.261,0
5473,32.3001,32.7627,150.314,673.229,150.261,706.08,0
5474,139.299,108.891,163.03,382.045,67.6522,404.828,0
5475,330.311,181.662,233.938,374.973,67.7364,404.946,0
5476,380.614,230.607,215.715,498.168,67.5813,405.847,0
5477,191.302,102.917,209.14,263.941,248.38,184.787,0
5478,255.406,160.39,539.963,539.224,613.309,612.374,0
5479,260.407,138.163,205.821,405.936,67.5665,404.648,0
5480,0,0,648.093,192.497,648.093,192.497,0
5481,189.202,176.28,375.808,669.468,312.73,818.028,0
5482,36.7,34.8704,567.832,833.244,602.357,833.267,0
5483,112.399,91.725,554.787,711.565,611.916,753.238,0
5484,283.308,147.134,498.336,620.138,613.259,613.179,0
5485,61.8996,39.3731,280.277,210.677,252.546,184.029,0
5486,307.01,132.782,497.99,624.47,613.278,613.082,0
5487,211.304,147.43,180.72,351.386,67.7327,404.781,0
5488,67.8995,73.087,317.805,220.789,349.401,174.511,0
5489,231.905,149.291,561.683,554.941,613.185,612.56,0
5490,97.4991,99.9755,98.0277,472.584,67.7031,405.551,0
5491,396.215,188.975,484.831,676.712,613.256,613.152,0
5492,476.22,275.079,447.423,569.24,613.312,612.396,0
5493,57.9997,46.4847,603.209,284.442,635.999,282.624,0
5494,96.8991,77.1467,598.605,354.217,630.279,334.182,0
5495,423.817,234.415,443.612,678.052,613.353,612.542,0
5496,21.2,24.4834,616.463,276.61,635.995,282.47,0
5497,77.5994,95.6257,336.802,726.725,312.223,818.185,0
5498,203.003,152.735,594.345,388.468,630.335,334.076,0
5499,52.3998,52.671,595.22,702.879,612.313,752.097,0
5500,242.106,123.452,191.528,402.619,67.6939,405.584,0
5501,274.908,205.706,367.142,350.652,349.889,174.663,0
5502,298.409,187.787,439.967,308.665,356.234,173.377,0
5503,33.6001,35.998,605.875,574.205,617.244,543.64,0
5504,86.0993,105.636,324.957,719.573,312.365,818.125,0
5505,129.799,99.8556,565.424,684.463,612.13,752.581,0
5506,42.8999,43.0906,574.693,768.898,611.117,754.978,0
5507,75.0994,59.3135,140.472,648.862,150.467,706.091,0
5508,203.803,147.923,200.779,372.627,67.7063,404.778,0
5509,359.413,139.423,162.732,444.029,67.5933,405.689,0
5510,18.8,19.1158,372.291,182.296,355.428,174.459,0
5511,177.402,100.944,163.859,410.445,67.7952,405.316,0
5512,215.604,223.925,285.271,673.697,152.859,707.09,0
5513,280.708,199.657,344.802,334.717,349.705,174.667,0
5514,219.504,168.787,473.783,572.398,613.343,613.121,0
5515,552.712,239.776,452.52,639.043,613.205,612.776,0
5516,173.401,133.452,281.506,303.484,249.5,185.226,0
5517,199.003,220.864,322.016,612.242,312.174,818.197,0
5518,65.5996,82.3075,322.369,741.633,312.806,818.011,0
5519,60.1997,62.247,595.254,229.318,648.392,198.19,0
5520,27.6001,28.7376,284.458,810.451,311.324,818.49,0
5521,224.505,146.034,524.166,376.968,630.291,334.04,0
5522,240.005,169.783,516.32,391.387,630.363,334.113,0
5523,105.099,128.693,306.889,278.81,250.565,184.777,0
5524,334.811,236.578,288.397,395.671,250.761,184.718,0
5525,181.602,115.327,519.075,588.824,613.307,612.41,0
5526,281.008,177.311,496.81,365.157,630.296,334.142,0
5527,85.8993,71.8615,283.777,771.749,311.039,818.664,0
5528,177.602,178.426,541.589,237.05,648.378,190.873,0
5529,118.399,88.4974,573.712,673.585,613.202,612.864,0
5530,562.81,341.948,296.055,495.811,150.324,706.114,0
5531,25.6001,27.7487,147.61,678.568,150.337,706.093,0
5532,709.074,325.964,317.361,545.802,150.347,706.173,0
5533,121.199,89.5716,526.013,609.8,613.257,613.194,0
5534,457.719,335.655,378.515,454.916,349.376,174.547,0
5535,96.3991,76.1572,190.407,209.891,248.668,184.903,0
5536,245.006,177.945,293.383,337.43,251.06,184.596,0
5537,435.717,235.345,239.276,449.515,67.298,406.446,0
5538,103.799,88.7081,246.773,778.769,311.194,818.557,0
5539,999.903,763.299,88.3091,454.288,90.0621,461.117,1
5540,314.51,216.129,443.574,324.504,355.423,174.471,0
5541,560.61,325.21,419.521,490.739,615.513,540.237,0
5542,129.899,132.253,299.842,292.706,251.142,184.52,0
5543,212.504,130.809,212.249,309.129,248.251,184.794,0
5544,74.2994,62.4318,591.707,127.333,653.574,129.584,0
5545,362.213,300.529,310.795,460.061,67.2442,403.699,0
5546,145.2,121.407,544.458,674.906,613.274,613.207,0
5547,254.606,204.853,532.839,427.396,630.362,334.143,0
5548,304.909,245.658,275.945,423.539,67.2863,403.921,0
5549,519.92,233.477,281.538,584.218,150.252,706.072,0
5550,12.6,10.5143,260.836,189.975,253.131,183.399,0
5551,154.5,117.353,404.142,238.649,355.625,174.332,0
5552,407.316,275.76,428.524,429.686,615.457,539.957,0
5553,399.515,223.286,459.092,384.117,630.323,334.137,0
5554,33.5001,29.2472,408.479,107.444,406.123,78.1424,0
5555,348.012,161.783,507.739,687.163,613.16,612.557,0
5556,118.699,132.117,552.419,453.175,615.542,540.106,0
5557,266.907,153.747,191.578,315.601,248.621,184.941,0
5558,340.412,236.816,478.57,344.408,630.376,334.058,0
5559,216.404,222.858,315.41,620.464,312.325,818.077,0
5560,32.3001,33.1827,605.244,571.054,616.883,543.445,0
5561,177.502,180.798,334.136,649.755,312.485,817.989,0
5562,398.215,215.225,215.233,467.754,67.7463,404.793,0
5563,81.1993,70.4884,413.425,194.777,355.806,174.337,0
5564,2.5,1.66343,646.473,198.583,647.909,197.745,0
5565,301.109,246.017,212.676,519.272,149.853,706.317,0
5566,62.0996,39.8196,575.042,621.943,613.216,612.727,0
5567,98.6991,77.8134,429.227,178.654,355.743,174.349,0
5568,29.2001,37.2219,615.586,188.086,647.882,191.683,0
5569,15.4,19.7413,170.07,706.714,151.324,706.529,0
5570,245.306,206.196,380.525,321.085,349.881,174.733,0
5571,372.514,220.775,460.238,332.5,355.634,174.393,0
5572,378.614,169.494,463.395,641.442,613.332,613.114,0
5573,189.102,126.333,509.987,339.013,630.251,334.124,0
5574,300.809,222.457,391.468,339.774,349.534,174.573,0
5575,100.099,125.337,561.507,215.844,647.879,197.685,0
5576,24.1001,26.4141,328.933,188.149,350.111,174.818,0
5577,424.517,231.382,467.06,363.45,630.268,334.142,0
5578,278.008,171.284,532.442,536.127,613.34,612.437,0
5579,153,93.303,522.63,624.726,613.318,612.436,0
5580,40.7,41.2291,612.247,132.708,653.454,129.794,0
5581,134.699,105.313,405.039,229.498,355.491,174.394,0
5582,159.701,112.788,525.81,336.887,630.316,334.129,0
5583,271.507,172.877,269.891,340.624,249.707,185.205,0
5584,97.0991,84.934,569.482,127.928,653.65,129.673,0
5585,102.499,88.1576,556.25,710.576,612.118,752.673,0
5586,204.503,183.833,149.717,529.086,149.887,706.163,0
5587,391.915,237.366,474.6,424.008,630.277,334.062,0
5588,307.41,179.853,232.001,606.84,149.826,706.3,0
5589,333.911,245.205,401.097,345.322,349.627,174.567,0
5590,216.604,123.626,503.097,626.528,613.333,613.158,0
5591,121.099,78.8895,600.646,679.363,612.363,751.933,0
5592,44.9999,54.8491,608.013,367.469,630.323,334.176,0
5593,302.409,234.876,481.709,345.128,630.318,334.066,0
5594,505.622,308.821,425.319,490.864,615.574,539.86,0
5595,14.3,17.2031,601.398,535.166,615.624,540.357,0
5596,324.611,220.435,512.626,510.019,613.192,613.004,0
5597,86.7992,99.9658,276.47,281.24,250.222,184.992,0
5598,338.411,218.976,265.208,368.4,249.902,185.105,0
5599,87.2992,83.0675,532.51,610.138,613.198,612.612,0
5600,480.32,278.973,454.503,476.096,615.512,539.896,0
5601,387.414,219.463,200.199,464.567,67.8018,405.446,0
5602,37.5,30.8987,87.7533,423.736,67.8269,405.052,0
5603,999.903,776.285,575.738,544.482,577.926,545.323,1
5604,240.805,156.691,191.505,315.147,247.956,184.572,0
5605,419.416,244.275,246.642,462.736,67.5738,404.533,0
5606,205.803,131.39,552.451,554.676,613.286,613.126,0
5607,158.4,134.77,303.546,294.406,250.765,184.69,0
5608,108.899,114.814,236.249,684.459,152.13,706.763,0
5609,320.41,162.411,504.983,678.773,613.262,613.061,0
5610,61.9996,41.336,254.453,225.076,249.215,185.117,0
5611,349.612,245.661,454.834,422.378,615.59,539.587,0
5612,116.799,87.8803,555.162,333.105,630.329,333.879,0
5613,453.218,229.143,239.412,444.535,67.7351,405.515,0
5614,154.3,163.632,342.091,664.474,313.104,818.123,0
5615,105.399,94.5111,267.442,274.622,249.75,185.084,0
5616,350.112,247.17,451.901,415.662,615.466,540.026,0
5617,151.4,146.633,315.615,297.09,251.724,184.294,0
5618,4,3.23322,633.882,286.045,637.004,285.207,0
5619,255.406,163.091,504.307,375.912,630.291,334.061,0
5620,458.819,317.187,312.492,472.692,67.4133,404.242,0
5621,67.0995,72.3548,206.818,695.647,151.651,706.627,0
5622,664.285,366.837,325.343,499.837,150.331,706.099,0
5623,261.207,220.844,478.36,431.885,615.505,540.187,0
5624,53.2998,59.2478,325.724,214.338,350.178,174.912,0
5625,408.016,190.318,462.18,664.971,613.242,612.836,0
5626,98.4991,77.1857,115.859,444.7,67.8181,405.241,0
5627,62.6996,74.2534,541.13,761.549,611.082,755.088,0
5628,40.7,48.5307,618.73,253.074,635.883,282.402,0
5629,141.699,161.708,402.017,709.519,313.694,818.373,0
5630,92.8992,92.4287,345.157,228.165,349.676,174.585,0
5631,209.904,185.766,149.651,526.103,149.472,706.422,0
5632,205.903,158.619,392.334,262.788,356.011,173.837,0
5633,67.3995,69.8854,191.738,677.009,150.736,706.192,0
5634,246.006,164.709,495.273,326.567,630.3,334.114,0
5635,122.199,95.697,233.694,275.621,249.131,185.081,0
5636,148.8,155.455,263.459,674.176,151.832,706.708,0
5637,299.009,262.271,382.755,598.312,313.03,818.087,0
5638,37.9,44.1259,169.46,673.806,150.32,706.056,0
5639,92.1992,97.9102,221.135,750.382,152.884,707.085,0
5640,69.5995,49.6288,593.631,644.587,613.328,613.156,0
5641,261.707,179.68,160.562,502.534,67.6211,405.788,0
5642,365.813,197.474,215.206,453.714,67.6736,404.767,0
5643,237.705,127.208,154.218,426.865,67.5935,405.895,0
5644,189.302,131.71,450.788,223.425,356.32,173.182,0
5645,66.3996,66.82,565.543,342.369,630.338,334.148,0
5646,2.4,1.40382,149.653,704.812,149.982,706.177,0
5647,475.52,330.46,358.288,473.524,349.655,174.69,0
5648,262.707,147.624,241.93,631.633,150.538,706.096,0
5649,464.519,328.171,405.263,455.343,615.641,539.672,0
5650,140.199,130.854,535.229,149.878,653.555,130.386,0
5651,93.4991,70.3973,597.98,358.523,630.357,334.542,0
5652,131.499,172.037,547.681,246.084,647.903,197.66,0
5653,159.801,102.875,211.595,259.515,248.859,185.015,0
5654,398.515,274.801,424.994,438.34,615.633,540.253,0
5655,301.509,181.317,156.52,509.673,67.3539,406.317,0
5656,53.3998,56.7778,579.646,330.706,630.346,334.075,0
5657,165.401,129.855,351.761,273.111,349.492,174.601,0
5658,68.0995,45.118,246.952,229.875,249.154,185.117,0
5659,472.82,246.889,231.673,533.251,150.348,706.068,0
5660,360.813,241.802,508.897,478.378,615.6,539.575,0
5661,97.7991,112.152,555.836,198.764,647.665,191.849,0
5662,116.399,114.482,183.526,252.587,248.448,184.836,0
5663,379.914,262.15,443.506,441.626,615.579,539.685,0
5664,265.607,154.592,445.534,264.97,355.49,174.403,0
5665,440.318,213.76,463.429,687.404,613.275,613.18,0
5666,509.822,264.267,396.825,632.887,613.349,613.064,0
5667,408.716,287.47,263.442,477.966,67.4368,404.209,0
5668,436.917,216.523,289.484,619.107,150.348,706.053,0
5669,269.007,202.225,497.083,451.384,615.672,539.52,0
5670,179.002,139.257,169.344,354.44,67.7238,404.881,0
5671,184.602,146.688,160.66,574.887,150.156,706.114,0
5672,336.111,220.326,221.025,474.353,67.3671,406.26,0
5673,66.2996,80.9174,221.688,734.43,152.228,706.917,0
5674,196.603,168.312,491.643,115.8,653.578,130.399,0
5675,260.707,197.717,213.486,573.424,149.857,706.188,0
5676,158.7,132.002,498.454,590.078,613.151,612.559,0
5677,60.5996,70.06,217.3,723.677,151.401,706.469,0
5678,166.601,121.489,520.308,586.391,613.404,612.367,0
5679,39,39.1861,586.977,788.272,607.223,809.913,0
5680,66.2996,43.2981,111.849,405.665,67.7398,404.753,0
5681,214.304,117.133,234.869,296.191,248.738,184.874,0
5682,317.21,307.11,363.652,539.351,312.468,817.974,0
5683,25.1001,26.6866,612.87,275.294,635.92,282.374,0
5684,215.204,193.626,362.735,644.549,312.266,818.201,0
5685,313.01,189.798,521.136,532.724,613.205,612.555,0
5686,135.099,112.103,119.9,611.2,149.897,706.176,0
5687,184.102,222.484,501.144,251.196,648.213,198.072,0
5688,481.82,293.113,437.231,475.996,615.507,540.117,0
5689,91.7992,71.5402,137.02,396.989,67.7895,405.433,0
5690,215.904,155.219,206.111,366.507,67.8361,405.022,0
5691,464.119,322.492,310.771,485.098,67.4386,404.205,0
5692,62.9996,61.5599,409.767,155,356.066,173.449,0
5693,102.899,93.3688,552.202,711.387,611.808,753.483,0
5694,40.4,39.8663,615.786,190.37,647.72,191.658,0
5695,148.2,113.735,527.915,336.729,630.428,334.365,0
5696,365.113,245.572,454.024,435.584,615.491,540.237,0
5697,23.7001,22.8941,254.114,208.146,249.561,185.232,0
5698,67.6995,49.8594,115.352,400.161,67.702,404.921,0
5699,309.71,202.301,202.472,477.794,67.392,406.18,0
5700,43.0999,50.9285,609.763,257.291,636.014,282.53,0
5701,230.005,165.119,187.724,580.72,150.705,706.203,0
5702,447.718,321.777,379.158,454.154,349.827,174.743,0
5703,47.8998,38.1651,600.818,584.461,613.498,611.868,0
5704,63.3996,72.4164,219.827,724.015,152.413,707.029,0
5705,338.311,162.809,253.76,631.917,150.261,706.145,0
5706,177.202,161.313,505.574,147.552,653.55,130.216,0
5707,235.605,217.381,351.421,618.14,312.386,818.123,0
5708,999.903,204.08,483.307,363.295,483.101,366.449,1
5709,410.816,304.22,342.539,430.597,349.423,174.529,0
5710,333.111,208.024,266.483,360.769,249.805,185.14,0
5711,521.82,352.047,396.989,563.762,613.255,612.775,0
5712,3.1,2.01842,317.04,818.226,316.002,819.41,0
5713,236.805,167.712,427.052,293.57,355.691,174.344,0
5714,408.716,208.014,461.705,685.349,613.195,612.606,0
5715,152.1,113.386,376.254,218.12,355.583,174.444,0
5716,180.902,191.703,327.422,341.896,251.567,184.416,0
5717,132.599,120.298,193.621,260.157,248.186,184.663,0
5718,122.599,108.178,558.561,154.854,653.601,129.716,0
5719,54.7997,67.3412,551.788,812.686,602.453,833.344,0
5720,13,14.8743,615.431,333.879,630.282,334.04,0
5721,141.699,127.069,534.168,133.243,653.617,129.708,0
5722,391.115,271.855,467.13,491.603,613.259,612.912,0
5723,564.009,335.363,402.194,496.194,615.507,539.767,0
5724,222.204,166.336,148.986,543.467,151.042,706.325,0
5725,402.415,162.638,159.387,458.085,67.7254,405.562,0
5726,181.602,187.559,517.247,189.267,647.773,191.702,0
5727,999.903,335.199,562.43,181.681,563.579,182.078,1
5728,31.2001,29.0737,613.643,294.125,636.052,282.692,0
5729,269.007,187.137,440.043,307.755,355.948,173.719,0
5730,226.505,207.604,376.781,644.172,312.239,818.204,0
5731,11.1,12.1011,410.264,89.5173,406.293,78.1145,0
5732,508.622,284.988,451.966,562.583,613.285,613.205,0
5733,314.11,212.01,479.074,398.421,630.285,334.069,0
5734,329.311,239.237,390.178,353.871,349.455,174.521,0
5735,474.82,276.797,463.285,471.944,615.541,540.188,0
5736,435.717,235.207,232.792,551.661,150.261,706.206,0
5737,450.518,339.027,330.067,483.189,67.4729,404.338,0
5738,49.7998,60.7942,551.537,758.659,611.17,754.762,0
5739,186.202,187.589,409.595,687.794,313.578,818.269,0
5740,15.9,17.9465,593.587,755.345,611.151,755.234,0
5741,58.3997,67.5457,281.673,229.856,250.935,184.703,0
5742,245.006,132.574,217.777,311,249.068,185.089,0
5743,114.599,97.7757,303.029,736.77,311.769,818.363,0
5744,68.5995,72.3261,589.04,236.304,647.927,197.575,0
5745,222.804,212.998,352.367,626.185,312.238,818.188,0
5746,184.902,154.777,398.478,261.037,355.514,174.431,0
5747,51.9998,38.1306,259.01,221.642,249.824,185.118,0
5748,303.309,167.75,486.253,153.347,355.375,174.476,0
5749,122.299,134.497,568.208,425.287,615.509,540.171,0
5750,221.504,158.813,233.328,327.896,249.504,185.235,0
5751,318.71,267.966,295.042,421.499,67.3146,403.81,0
5752,201.503,131.304,165.513,358.416,67.7004,404.779,0
5753,141.499,117.377,268.87,295.48,250.571,184.833,0
5754,400.615,177.534,205.807,436.839,67.6296,405.867,0
5755,102.999,87.1264,578.662,370.299,630.311,334.279,0
5756,270.707,156.01,544.499,553.373,613.337,612.501,0
5757,180.902,176.568,533.564,483.104,615.556,540.224,0
5758,300.809,244.108,311.147,383.376,250.753,184.682,0
5759,475.32,309.289,317.011,443.731,67.6427,404.467,0
5760,499.521,276.418,476.167,482.512,615.554,539.735,0
5761,340.912,302.124,311.293,450.787,67.3445,403.786,0
5762,283.808,227.634,469.648,444.222,615.63,540.38,0
5763,196.103,156.143,238.483,330.047,249.677,185.234,0
5764,532.417,294.847,448.079,570.389,613.194,612.552,0
5765,296.209,166.308,171.661,324.286,67.373,404.042,0
5766,31.2001,29.2298,281.082,186.252,253.411,182.762,0
5767,47.1999,37.9984,239.945,221.571,249.178,185.12,0
5768,1.3,0.49577,649.311,189.907,649.434,190.387,0
5769,266.007,199.326,528.174,457.407,615.553,539.702,0
5770,275.908,168.093,189.47,317.817,248.025,184.575,0
5771,5.2,3.40436,645.135,189.606,647.997,191.146,0
5772,5.1,4.8479,611.552,543.183,616.226,541.897,0
5773,45.9999,34.4608,286.064,187.814,253.596,182.301,0
5774,306.609,171.266,557.021,535.24,613.334,612.483,0
5775,422.717,221.477,482.891,686.336,613.256,613.119,0
5776,444.418,326.437,361.029,452.862,349.654,174.561,0
5777,65.5996,59.8639,409.468,157.326,355.812,174.324,0
5778,209.704,162.425,278.862,333.37,251.184,184.476,0
5779,124.099,76.7683,602.744,681.974,612.428,752.052,0
5780,305.409,199.884,475.6,539.991,613.176,612.643,0
5781,67.3995,60.6006,411.167,157.549,356.079,173.561,0
5782,305.609,206.773,443.414,324.314,355.38,174.44,0
5783,397.415,310.423,316.924,472.193,67.4833,404.383,0
5784,405.516,279.648,306.325,424.811,67.5478,404.272,0
5785,224.805,148.463,335.756,290.854,349.884,174.818,0
5786,228.505,117.817,234.621,296.92,248.672,184.934,0
5787,0,0,349.948,168.342,349.948,168.342,0
5788,124.999,140.954,580.169,424.437,615.536,540.119,0
5789,74.2994,63.7474,311.765,761.913,311.956,818.292,0
5790,60.3997,79.9046,323.33,744.956,312.766,817.959,0
5791,207.903,236.213,347.073,375.205,251.266,184.482,0
5792,348.112,211.423,200.122,462.311,67.528,405.982,0
5793,309.11,218.996,346.837,347.449,349.389,174.515,0
5794,193.803,140.708,143.535,565.392,149.928,706.212,0
5795,29.6001,28.0512,241.094,211.468,249.301,185.201,0
5796,90.1992,84.4416,273.502,264.484,250.247,184.979,0
5797,139.399,114.967,236.136,753.021,152.445,706.933,0
5798,350.612,226.78,480.39,281.662,630.301,334.145,0
5799,4.3,3.85538,650.987,203.149,651.593,199.362,0
5800,159.201,122.706,533.769,658.884,613.242,612.991,0
5801,357.813,169.198,501.351,160.716,355.611,174.331,0
5802,294.709,198.39,475.031,540.305,613.332,612.454,0
5803,19.4,19.2449,85.8438,410.907,67.7245,405.57,0
5804,63.4996,41.0923,280.04,211.356,252.562,184.015,0
5805,277.708,174.668,159.595,495.047,67.3682,406.222,0
5806,166.801,136.118,570.303,397.619,630.252,334.069,0
5807,293.809,221.14,480.182,433.185,615.524,539.86,0
5808,488.221,292.943,445.937,484.713,615.521,540.108,0
5809,11.1,13.6128,319.977,806.223,315.321,819.015,0
5810,63.0996,65.7839,593.986,232.849,648.406,198.126,0
5811,305.409,188.653,252.595,350.841,249.235,185.082,0
5812,339.011,224.998,292.89,374.476,250.29,184.923,0
5813,139.099,124.134,541.211,152.801,653.576,130.261,0
5814,21.1,21.4837,150.759,684.863,150.302,706.073,0
5815,150.1,126.33,539.076,154.081,653.471,130.224,0
5816,35.5,23.2254,91.7725,404.898,67.6692,405.447,0
5817,64.2996,48.6204,116.17,397.215,67.6747,404.936,0
5818,138.699,112.992,259.791,752.56,311.074,818.652,0
5819,123.099,105.823,117.819,469.98,67.6555,405.554,0
5820,48.4998,31.7026,95.2319,414.294,67.7962,405.236,0
5821,354.912,246.004,349.449,361.632,349.451,174.534,0
5822,483.82,231.501,274.525,583.436,150.273,706.197,0
5823,85.2993,90.0961,550.749,720.891,611.813,753.454,0
5824,32.2001,24.9686,595.219,599.397,613.231,612.586,0
5825,413.916,295.317,417.933,379.706,630.266,334.052,0
5826,216.104,162.281,232.684,330.862,249.902,185.143,0
5827,81.4993,76.1759,583.497,315.122,630.356,333.831,0
5828,429.817,299.041,310.071,465.694,67.2615,403.948,0
5829,34.0001,31.3193,282.687,193.772,253.499,182.693,0
5830,133.699,113.717,287.592,731.34,311.564,818.367,0
5831,19,21.3288,243.599,205.464,249.167,185.072,0
5832,7.99999,8.50106,645.989,134.407,653.868,131.223,0
5833,112.299,86.0981,570.364,665.376,613.258,613.095,0
5834,221.204,131.551,207.794,306.578,248.328,184.809,0
5835,212.404,158.73,533.717,448.918,615.64,539.639,0
5836,199.303,154.567,353.429,302.88,349.732,174.683,0
5837,438.118,183.72,488.409,627.404,613.343,613.108,0
5838,107.799,91.0727,224.862,270.144,249.135,185.087,0
5839,1,0.349787,612.656,613.013,613.185,612.896,0
5840,228.105,166.898,154.598,494.682,67.6237,405.903,0
5841,50.6998,35.9295,279.583,205.676,252.274,184.099,0
5842,100.699,82.6282,385.094,195.358,355.702,174.338,0
5843,54.0997,74.6607,333.079,746.581,312.736,818.004,0
5844,79.5994,63.7618,589.445,131.435,653.652,130.35,0
5845,145.5,188.38,532.448,247.254,648.041,198.047,0
5846,491.921,374.688,370.554,477.605,349.708,174.717,0
5847,437.017,210.024,462.688,685.993,613.159,613.024,0
5848,281.508,212.039,349.35,348.084,349.881,174.707,0
5849,74.7994,77.6227,355.813,195.016,349.873,174.848,0
5850,111.899,122.852,227.399,695.182,151.557,706.589,0
5851,999.903,294.527,447.179,346.356,443.861,332.114,1
5852,179.802,133.971,521.523,664.876,613.321,613.135,0
5853,142.8,116.951,537.837,703.483,612.43,751.971,0
5854,267.707,161.674,485.689,204.233,356.378,172.915,0
5855,27.3001,32.7929,621.124,215.076,648.374,198.16,0
5856,68.1995,49.9329,162.926,664.184,150.625,706.199,0
5857,35.8,43.949,262.431,226.682,250.247,184.862,0
5858,206.303,110.821,223.019,292.518,248.636,184.917,0
5859,28.8001,28.4457,615.363,271.937,635.91,282.48,0
5860,103.699,102.967,95.6973,474.83,67.6989,405.629,0
5861,105.699,115.232,234.244,682.715,151.733,706.736,0
5862,151,102.086,196.568,638.66,150.315,706.128,0
5863,767.56,374.817,313.59,516.708,150.331,706.081,0
5864,136.299,150.011,257.357,674.403,151.86,706.707,0
5865,226.205,234.467,323.946,373.707,251.383,184.542,0
5866,517.221,371.398,447.327,522.944,613.243,612.645,0
5867,110.099,101.548,353.693,226.883,349.505,174.644,0
5868,281.208,267.042,192.943,521.483,150.045,706.213,0
5869,406.616,248.459,463.05,464.169,615.577,539.726,0
5870,225.005,234.009,408.005,650.257,313.249,818.2,0
5871,360.713,209.719,472.961,390.626,630.322,334.138,0
5872,315.71,150.987,506.004,180.581,356.036,173.914,0
5873,142.499,99.1394,227.145,281.814,249.101,185.118,0
5874,241.506,187.801,521.294,423.782,630.374,334.076,0
5875,210.504,159.259,162.853,563.133,150.785,706.285,0
5876,56.4997,66.2233,191.72,682.039,151.69,706.636,0
5877,504.422,313.401,403.5,466.154,615.453,540.151,0
5878,281.808,245.159,311.5,389.122,251.369,184.494,0
5879,144.7,102.887,167.696,389.189,67.75,404.851,0
5880,349.512,211.14,412.781,317.518,355.772,174.108,0
5881,170.501,167.92,513.822,207.5,647.581,191.892,0
5882,93.7991,113.983,589.643,269.695,648.098,197.968,0
5883,410.316,189.397,462.647,664.243,613.242,612.955,0
5884,344.512,230.358,369.038,376.334,349.765,174.747,0
5885,67.9995,48.6659,276.434,211.441,252.428,184.029,0
5886,246.106,119.466,196.32,261.67,248.224,184.723,0
5887,106.599,77.4287,584.639,672.775,613.246,612.86,0
5888,151.8,107.158,421.48,234.246,356.205,173.289,0
5889,305.809,171.889,228.861,382.078,67.8057,405.119,0
5890,90.7992,103.36,237.968,707.28,152.452,707.035,0
5891,421.417,265.749,422.218,391.858,630.278,334.101,0
5892,5.8,5.45814,597.025,833.984,602.38,833.162,0
5893,107.799,124.47,351.404,702.232,312.76,818.006,0
5894,0,0,63.8169,404.727,63.8169,404.727,0
5895,24.4001,26.6067,605.637,564.544,616.86,543.426,0
5896,75.8994,55.8147,603.122,644.684,613.328,613.192,0
5897,58.4997,73.7379,549.65,806.772,602.351,833.27,0
5898,185.002,150.813,547.602,437.882,615.453,540.002,0
5899,99.4991,84.2679,574.345,362.902,630.397,333.729,0
5900,279.808,185.555,475.298,558.085,613.297,612.369,0
5901,93.5991,96.32,274.345,277.56,250.399,184.933,0
5902,110.099,74.2384,286.32,766.973,311.511,818.405,0
5903,365.813,208.628,471.667,397.766,630.257,334.135,0
5904,250.506,240.641,498.55,492.695,615.466,540.244,0
5905,356.313,210.47,423.005,320.942,355.763,174.265,0
5906,308.71,225.552,489.628,461.108,615.497,539.763,0
5907,303.509,168.954,241.359,641.377,150.649,706.222,0
5908,84.2993,72.4599,600.041,356.467,630.365,334.361,0
5909,52.9998,55.8407,308.535,769.255,311.265,818.459,0
5910,201.103,128.945,415.695,248.826,355.782,174.232,0
5911,250.006,197.724,177.829,540.254,149.512,706.357,0
5912,183.802,198.229,295.333,719.711,310.883,818.71,0
5913,332.411,229.104,472.166,454.204,615.453,539.76,0
5914,238.905,252.902,326.723,579.124,312.314,818.118,0
5915,146.4,139.128,545.199,456.538,615.5,539.789,0
5916,220.504,153.527,336.721,287.492,349.988,174.844,0
5917,95.0991,101.625,278.102,281.753,250.295,184.872,0
5918,158.5,133.437,521.938,707.387,612.078,752.628,0
5919,96.3991,83.2528,147.797,396.398,67.6509,404.928,0
5920,95.5991,81.2779,117.191,444.378,67.6782,405.61,0
5921,17.9,18.6017,413.098,95.0984,406.236,78.1399,0
5922,72.0995,65.9165,269.012,785.736,310.475,818.937,0
5923,244.206,154.976,516.086,556.165,613.288,612.396,0
5924,41.5999,48.3032,594.382,348.128,630.268,334.311,0
5925,126.699,149.699,391.947,708.637,313.459,818.341,0
5926,172.001,170.703,288.036,687.859,310.727,818.793,0
5927,185.202,190.463,327.023,339.902,251.512,184.397,0
5928,91.4992,74.4781,191.975,212.904,248.232,184.745,0
5929,87.6992,65.1152,202.775,215.839,248.792,184.972,0
5930,333.011,231.551,389,355.385,349.705,174.67,0
5931,48.3998,42.5039,235.736,225.578,248.984,185.013,0
5932,64.5996,65.0236,343.339,197.805,349.35,174.492,0
5933,159.901,130.553,129.584,587.632,149.967,706.157,0
5934,121.599,94.6883,544.149,590.742,613.174,612.56,0
5935,203.303,213.118,429.64,683.177,313.35,818.238,0
5936,105.199,80.6579,588.341,356.116,630.322,334.32,0
5937,109.699,106.274,575.181,449.748,615.552,539.644,0
5938,242.906,165.784,228.366,334.724,249.885,185.132,0
5939,0,0,652.359,192.866,652.359,192.866,0
5940,146.8,123.553,611.898,731.053,612.413,751.997,0
5941,50.3998,53.4873,414.436,129.956,406.209,78.084,0
5942,301.009,224.948,489.697,458.65,615.595,539.642,0
5943,385.614,264.399,465.593,502.983,613.329,612.438,0
5944,415.516,268.561,421.052,389.062,630.35,334.067,0
5945,1.3,0.53849,245.859,176.155,246.357,176.645,0
5946,261.507,223.154,293.475,373.896,251.531,184.36,0
5947,330.911,330.257,340.894,521.024,312.664,818.031,0
5948,28.4001,20.2198,263.467,200.806,252.476,184.001,0
5949,112.799,100.179,517.382,605.546,613.205,612.587,0
5950,126.499,104.779,355.774,226.266,349.656,174.688,0
5951,279.908,169.699,238.988,343.241,249.514,185.224,0
5952,120.899,108.105,306.773,245.254,349.782,174.645,0
5953,212.004,175.458,392.082,279.293,355.752,174.313,0
5954,134.599,101.991,516.217,606.484,613.191,612.658,0
5955,137.999,109.063,349.71,244.295,349.774,174.722,0
5956,36,42.2872,606.531,305.833,630.308,334.028,0
5957,29.0001,29.6679,588.462,795.71,607.157,809.784,0
5958,7.7,7.57724,305.654,814.161,311.501,818.499,0
5959,343.512,168.123,199.708,362.671,67.5493,404.39,0
5960,351.212,274.687,307.805,439.126,67.2768,403.77,0
5961,158.2,154.038,546.375,435.904,615.55,540.26,0
5962,266.107,169.236,470.971,615.555,613.321,613.111,0
5963,293.809,184.88,244.891,632.956,150.745,706.175,0
5964,66.5996,62.4524,610.386,156.805,648.443,190.756,0
5965,79.1994,97.6703,523.185,777.565,611.21,755.454,0
5966,5.8,5.87137,601.66,807.903,607.238,809.735,0
5967,402.715,279.478,381.222,407.565,349.436,174.479,0
5968,165.601,116.34,377.604,223.242,355.933,174.072,0
5969,584.604,297.114,316.922,555.412,150.313,706.174,0
5970,434.717,239.96,413.919,616.689,613.443,612.346,0
5971,26.4001,26.4082,615.48,273.723,635.995,282.484,0
5972,326.911,306.054,345.93,534.1,313.058,818.112,0
5973,530.318,317.564,400.727,463.64,615.625,539.601,0
5974,249.106,205.173,530.138,426.128,630.304,334.06,0
5975,89.2992,101.186,244.444,724.928,152.574,707.004,0
5976,60.1997,64.3271,280.447,779.276,310.717,818.766,0
5977,152.6,122.212,179.172,621.177,150.52,706.085,0
5978,127.499,94.8549,303.706,737.343,310.784,818.706,0
5979,251.006,178.014,177.244,557.206,150.848,706.3,0
5980,173.101,142.865,567.928,414.606,615.554,539.598,0
5981,52.0998,46.343,606.839,130.462,653.553,129.766,0
5982,16.4,15.9788,599.298,606.973,613.159,612.592,0
5983,42.6999,40.453,406.597,118.234,405.605,78.0654,0
5984,376.114,269.995,250.912,502.44,67.2919,406.52,0
5985,575.307,353.659,389.608,493.027,615.656,539.663,0
5986,55.8997,40.9512,291.524,192.268,253.2,183.177,0
5987,85.3993,98.9492,520.572,773.953,611.092,755.172,0
5988,30.8001,31.1619,622.258,129.933,653.502,130.015,0
5989,232.805,164.09,186.079,345.028,67.4729,404.41,0
5990,117.299,106.508,236.524,747.458,152.956,707.182,0
5991,61.2996,48.2078,575.506,627.171,613.368,612.112,0
5992,361.713,142.59,490.845,618.582,613.162,612.779,0
5993,351.012,187.756,555.435,541.225,613.283,612.359,0
5994,99.999,80.8626,585.77,673.481,613.286,613.197,0
5995,129.999,152.685,394.121,710.196,313.578,818.251,0
5996,49.8998,48.0357,578.436,780.449,611.34,755.799,0
5997,116.599,146.775,556.854,269.364,647.931,197.653,0
5998,331.911,187.024,491.033,229.662,356.246,173.297,0
5999,303.509,173.533,175.64,304.639,249.158,185.14,0
6000,443.618,219.597,433.145,665.393,613.344,613.012,0
6001,313.61,224.452,276.77,390.151,250.919,184.657,0
6002,108.799,108.313,565.571,466.811,615.485,540.057,0
6003,206.403,132.047,188.383,373.801,67.689,404.815,0
6004,48.6998,58.686,600.361,201.89,647.909,197.771,0
6005,281.108,208.033,281.036,373.697,250.713,184.785,0
6006,321.71,177.191,241.803,347.701,249.772,185.112,0
6007,11,10.6769,603.594,746.21,612.275,752.249,0
6008,155.1,131.372,521.622,118.089,653.603,129.729,0
6009,392.915,248.003,435.218,346.765,356.083,173.458,0
6010,574.007,339.688,427.039,508.336,615.608,540.265,0
6011,253.906,177.298,344.257,319.18,349.664,174.746,0
6012,334.411,198.85,267.987,361.919,249.467,185.18,0
6013,131.699,134.832,306.243,296.233,251.137,184.514,0
6014,138.099,97.6554,540.03,334.558,630.403,333.717,0
6015,98.0991,80.8613,265.949,263.151,249.29,185.231,0
6016,55.9997,57.627,409.662,135.109,405.851,78.1777,0
6017,281.208,146.532,201.887,368.702,67.7245,404.855,0
6018,189.802,206.964,325.54,624.392,312.27,818.051,0
6019,104.699,89.8459,564.442,126.641,653.631,129.63,0
6020,55.6997,67.2787,214.883,725.239,152.293,706.931,0
6021,256.606,238.694,334.449,601.33,312.672,818.069,0
6022,100.899,78.0436,188.725,209.95,248.955,184.999,0
6023,251.406,208.034,186.073,536.097,149.721,706.266,0
6024,159.501,134.477,291.815,288.426,250.964,184.59,0
6025,30.1001,36.1221,581.698,762.673,611.296,754.739,0
6026,98.5991,87.1237,430.905,147.266,356.18,173.345,0
6027,232.505,142.211,286.302,313.919,249.943,185.055,0
6028,234.305,214.154,351.272,623.874,312.366,818.083,0
6029,61.5996,51.6725,602.768,130.495,653.604,129.708,0
6030,15.1,13.6063,259.183,195.314,252.635,183.935,0
6031,59.3997,44.2727,588.744,635.316,613.539,612.064,0
6032,304.309,147.441,241.021,624.269,150.597,706.152,0
6033,353.912,150.623,201.776,413.811,67.4858,406.036,0
6034,243.206,298.385,333.179,427.164,251.479,184.393,0
6035,82.3993,108.382,352.746,720.35,313.352,818.232,0
6036,21.4,26.6899,286.733,811.13,311.924,818.338,0
6037,33.6001,34.2329,619.678,129.061,653.457,129.992,0
6038,92.8992,110.132,518.29,750.395,611.155,755.172,0
6039,284.008,206.776,484.807,437.996,615.656,539.497,0
6040,53.1998,74.9082,329.32,745.626,312.835,818.045,0
6041,557.811,345.94,298.124,497.567,150.316,706.091,0
6042,125.899,94.2072,160.539,400.208,67.6958,404.926,0
6043,97.4991,127.754,339.475,695.161,312.122,818.192,0
6044,429.417,255.101,454.703,465.767,615.593,540.283,0
6045,404.215,341.984,257.33,541.361,67.4132,406.317,0
6046,42.0999,32.2747,99.9259,405.696,67.7115,404.849,0
6047,532.817,291.433,470.42,478.671,615.639,539.612,0
6048,388.715,196.549,449.52,655.014,613.219,612.883,0
6049,437.717,258.319,436.125,599.621,613.311,612.545,0
6050,239.705,162.86,160.371,485.449,67.6868,405.633,0
6051,101.099,126.472,514.368,734.137,611.175,755.162,0
6052,55.1997,38.5815,591.876,633.541,613.406,613.447,0
6053,423.517,249.76,477.223,477.275,615.553,539.872,0
6054,56.4997,66.008,614.173,239.609,648.414,198.119,0
6055,493.921,282.048,505.636,518.838,613.437,612.303,0
6056,118.199,118.311,88.9362,484.471,67.7704,405.109,0
6057,234.605,141.294,550.795,563.819,613.278,612.47,0
6058,149.2,122.589,530.081,124.74,653.462,130.205,0
6059,114.999,142.744,557.791,283.752,647.944,197.614,0
6060,190.202,117.163,171.779,377.207,67.6503,404.857,0
6061,249.006,214.143,385.209,645.285,312.483,817.974,0
6062,299.209,201.444,491.066,412.273,630.264,334.114,0
6063,535.716,272,398.236,608.732,613.26,612.495,0
6064,99.999,100.376,566.117,475.759,615.618,539.678,0
6065,355.512,223.631,473.395,375.699,630.38,334.066,0
6066,398.915,218.846,240.001,571.625,150.277,706.125,0
6067,219.704,157.252,206.321,365.156,67.6392,404.596,0
6068,285.908,119.182,164.769,425.091,67.7876,405.322,0
6069,32.5001,33.1552,413.205,109.759,406.278,78.1072,0
6070,160.001,128.308,537.766,689.139,612.302,752.123,0
6071,79.2994,56.1138,600.972,646.813,613.319,613.057,0
6072,516.821,244.375,457.558,678.857,613.268,613.094,0
6073,999.903,62.0713,327.19,267.236,326.042,264.286,1
6074,136.899,118.651,548.185,154.919,653.555,130.319,0
6075,317.51,273.251,298.317,408.831,251.078,184.612,0
6076,274.908,191.976,411.234,296.064,355.364,174.42,0
6077,38.2,51.0033,594.519,501.53,615.622,540.364,0
6078,489.321,264.168,271.069,558.785,150.325,706.106,0
6079,81.7993,69.2154,281.919,774.918,310.514,818.903,0
6080,51.5998,38.4536,106.558,400.754,67.6939,404.907,0
6081,115.099,95.3665,312.571,238.121,349.903,174.811,0
6082,271.407,193.308,207.347,566.614,149.919,706.212,0
6083,88.3992,98.1188,579.888,455.905,615.671,539.433,0
6084,50.4998,50.8315,407.361,128.329,405.594,78.1163,0
6085,29.7001,32.1133,618.715,205.559,647.922,197.69,0
6086,284.608,227.264,482.182,464.307,615.536,540.152,0
6087,66.1996,60.2451,410.733,157.619,356.063,173.515,0
6088,194.603,152.401,503.528,117.128,653.643,130.305,0
6089,59.9997,38.4796,280.657,209.629,252.145,184.138,0
6090,249.306,278.296,335.307,408.456,251.084,184.588,0
6091,702.775,336.287,318.855,538.82,150.321,706.111,0
6092,412.916,195.05,277.998,639.305,150.331,706.128,0
6093,297.909,168.089,173.405,307.406,249.454,185.203,0
6094,107.099,96.7229,268.894,279.792,249.565,185.185,0
6095,268.707,171.487,234.486,343.308,249.573,185.189,0
6096,158.7,129.694,525.86,707.639,612.351,752.026,0
6097,185.702,141.157,316.937,290.808,250.251,184.903,0
6098,124.599,114.063,608.725,457.87,615.739,539.482,0
6099,411.616,256.471,292.01,429.096,67.5855,404.65,0
6100,23.3001,25.7495,152.949,680.566,150.244,706.15,0
6101,274.208,224.107,276.126,388.775,251.553,184.449,0
6102,444.118,333.207,273.508,498.657,67.3824,406.234,0
6103,515.621,241.937,303.669,648.135,150.34,706.167,0
6104,170.501,165.514,368.971,675.198,313.125,818.105,0
6105,54.4997,65.9731,191.329,682.555,151.469,706.502,0
6106,579.206,355.647,401.921,496.98,615.551,539.721,0
6107,36.1,32.8885,83.3813,425.577,67.7465,405.623,0
6108,387.214,267.57,387.341,392.779,349.266,174.536,0
6109,6.7,5.6777,608.947,748.066,612.293,752.367,0
6110,574.107,303.894,234.074,518.406,150.318,706.149,0
6111,304.909,290.787,377.84,569.305,312.874,818.005,0
6112,157.5,117.453,341.446,267.295,349.497,174.523,0
6113,372.914,220.426,260.083,423.302,67.7095,404.758,0
6114,26.0001,26.083,589.73,743.26,612.165,752.59,0
6115,286.808,173.956,533.281,536.194,613.187,612.638,0
6116,122.399,91.363,572.321,675.095,613.276,613.18,0
6117,96.7991,87.5566,270.705,269.017,249.358,185.192,0
6118,293.209,164.146,177.49,306.521,248.308,184.766,0
6119,127.999,102.396,162.14,390.828,67.7695,404.973,0
6120,125.999,86.4617,528.951,610.104,613.325,612.526,0
6121,87.1992,88.9538,105.534,468.344,67.726,405.513,0
6122,251.006,275.674,336.216,564.578,312.263,818.162,0
6123,24.2001,23.4232,596.267,552.082,616.236,541.679,0
6124,290.909,200.284,468.917,547.615,613.321,612.403,0
6125,226.005,281.764,335.099,409.996,251.907,184.302,0
6126,101.899,86.3414,566.299,129.576,653.542,130.044,0
6127,372.113,261.966,433.73,445.917,615.499,540.07,0
6128,218.104,111.941,200.371,263.5,248.425,184.805,0
6129,524.319,273.765,300.651,563.4,150.32,706.12,0
6130,97.9991,77.1055,586.529,672.696,613.291,612.436,0
6131,65.5996,70.6892,606.46,241.851,648.291,198.129,0
6132,63.0996,56.9969,575.85,637.541,613.312,612.434,0
6133,261.407,208.309,394.035,316.233,350.101,174.783,0
6134,200.403,173.379,544.328,421.532,615.455,539.792,0
6135,346.412,279.855,298.616,452.879,67.2958,403.899,0
6136,176.902,162.937,479.845,713.919,612.538,751.892,0
6137,273.007,284.299,328.412,550.373,312.795,817.997,0
6138,20,19.309,336.07,187.657,349.875,174.695,0
6139,407.916,238.802,239.041,449.687,67.4173,406.3,0
6140,297.609,196.204,481.015,392.13,630.333,334.136,0
6141,14,17.5591,314.605,800.818,312.788,818.01,0
6142,174.701,210.124,509.981,257.533,648.221,198.116,0
6143,55.0997,45.774,261.518,228.898,249.997,184.978,0
6144,517.721,269.153,412.875,602.985,613.211,613.029,0
6145,268.307,202.195,183.945,535.517,149.633,706.324,0
6146,238.105,222.463,323.374,607.933,312.514,817.98,0
6147,461.319,291.701,269.346,454.209,67.5883,404.721,0
6148,84.4993,89.7253,535.902,747.623,611.116,755.17,0
6149,148.6,119.161,535.853,659.6,613.297,613.104,0
6150,146.5,126.922,534.984,134.404,653.514,129.8,0
6151,109.799,81.3278,150.415,399.935,67.6784,405.609,0
6152,3.6,2.97368,70.7354,405.272,67.7644,405.26,0
6153,335.611,248.589,307.872,371.781,249.06,185.118,0
6154,383.914,216.541,444.615,332.632,355.641,174.396,0
6155,508.622,338.461,403.584,492.879,615.507,540.225,0
6156,203.303,172.476,484.314,117.201,653.708,130.462,0
6157,50.3998,51.7793,613.481,147.213,653.51,130.016,0
6158,58.8997,31.9047,249.356,218.532,249.826,185.083,0
6159,23.8001,20.2249,610.874,334.528,630.419,334.354,0
6160,86.5993,74.0171,265.219,256.027,249.531,185.249,0
6161,310.21,197.211,185.133,469.629,67.6892,405.624,0
6162,47.7998,48.8544,404.157,174.645,355.744,174.196,0
6163,143.8,116.541,271.223,745.016,310.459,818.859,0
6164,2.5,1.40074,255.749,180.035,254.388,180.363,0
6165,99.3991,88.4396,304.007,227.559,349.707,174.612,0
6166,208.804,155.795,234.125,327.271,249.775,185.1,0
6167,116.699,144.312,319.96,697.712,312.176,818.214,0
6168,142.399,120.939,309.692,256.373,349.348,174.53,0
6169,534.017,307.024,410.533,470.926,615.68,539.49,0
6170,30.1001,31.2056,602.625,723.625,612.358,752.016,0
6171,332.911,203.207,478.339,277.629,356.184,173.316,0
6172,302.709,250.871,217.234,520.811,150.561,706.219,0
6173,440.318,271.594,425.262,404.296,630.29,334.111,0
6174,157.3,128.239,144.539,581.032,150.24,706.059,0
6175,54.1997,62.4241,602.566,367.781,630.287,334.113,0
6176,235.605,169.285,274.133,337.555,250.718,184.832,0
6177,116.599,92.6377,244.498,781.721,310.322,818.87,0
6178,16,14.0788,606.222,550.677,616.471,542.224,0
6179,22.4,22.9907,378.298,176.903,356.065,173.448,0
6180,320.41,194.635,172.559,298.406,248.219,184.741,0
6181,622.995,340.188,316.132,518.713,150.317,706.157,0
6182,101.699,88.6186,526.685,608.779,613.313,612.404,0
6183,261.807,158.822,184.881,306.871,248.173,184.729,0
6184,280.808,181.294,503.939,541.344,613.337,612.501,0
6185,209.104,150.876,486.475,587.994,613.298,613.116,0
6186,543.014,331.84,286.711,499.594,150.264,706.165,0
6187,309.81,155.89,241.554,640.578,150.008,706.159,0
6188,477.02,265.613,258.092,574.021,150.28,706.175,0
6189,132.099,125.592,252.618,701.718,152.714,706.996,0
6190,283.608,160.145,189.81,315.576,248.629,184.89,0
6191,60.4996,51.7394,602.378,133.997,653.557,129.6,0
6192,50.5998,57.4377,276.66,787.621,311.073,818.612,0
6193,588.103,253.872,295.065,586.77,150.342,706.074,0
6194,125.699,150.103,391.505,707.06,313.607,818.321,0
6195,290.309,177.914,167.285,494.661,67.649,405.78,0
6196,229.505,241.226,326.658,593.912,312.395,818.127,0
6197,321.51,311.531,389.771,571.892,313,818.114,0
6198,456.519,267.744,227.735,566.261,150.292,706.137,0
6199,384.514,226.033,472.936,408.767,630.357,334.146,0
6200,278.708,132.917,496.976,623.403,613.329,613.167,0
6201,26.5001,29.1635,598.909,776.582,611.128,755.022,0
6202,233.705,141.752,283.459,313.724,250.481,184.783,0
6203,83.2993,75.7744,592.323,187.887,647.562,192.054,0
6204,161.601,125.077,351.296,272.008,349.814,174.745,0
6205,187.202,111.427,513.418,635.589,613.293,612.53,0
6206,265.307,110.89,205.131,631.398,150.514,706.051,0
6207,387.914,279.428,420.9,437.741,615.589,540.253,0
6208,40.8999,44.1613,593.367,712.984,612.28,752.108,0
6209,263.107,137.718,490.901,177.305,355.964,173.897,0
6210,0,0,656.665,132.327,656.665,132.327,0
6211,385.614,241.796,461.672,455.841,615.532,539.769,0
6212,235.205,164.617,167.464,560.194,150.88,706.307,0
6213,1,0.351322,630.344,335.422,630.674,335.302,0
6214,110.599,137.239,543.137,183.41,648.042,191.148,0
6215,248.206,185.973,159.67,538.241,149.677,706.306,0
6216,589.003,391.564,410.524,525.194,615.514,539.967,0
6217,397.415,279.914,361.17,425.211,349.662,174.603,0
6218,59.3997,45.785,567.984,617.933,613.193,612.61,0
6219,352.512,220.758,454.445,337.236,355.637,174.35,0
6220,98.9991,119.646,361.517,713.584,313.222,818.204,0
6221,194.303,161.966,472.732,579.51,613.253,612.554,0
6222,73.3995,70.3685,550.433,745.791,611.813,753.359,0
6223,57.6997,49.9777,402.992,178.824,355.755,174.19,0
6224,559.51,296.305,302.737,556.067,150.326,706.071,0
6225,113.799,99.9688,171.716,211.06,248.288,184.8,0
6226,101.199,87.7069,566.374,126.265,653.469,129.756,0
6227,438.718,260.3,482.331,360.455,630.358,334.056,0
6228,327.311,164.525,551.552,557.723,613.253,612.479,0
6229,276.608,146.372,507.873,668.364,613.323,613.198,0
6230,267.507,202.241,512.315,462.636,615.633,539.604,0
6231,299.209,185.375,292.445,344.641,249.797,185.099,0
6232,270.107,190.359,251.773,396.79,67.4555,404.251,0
6233,216.904,239.881,323.762,377.32,252.245,184.13,0
6234,60.0997,48.0118,605.033,129.376,653.628,130.43,0
6235,43.4999,47.612,401.748,167.833,355.754,174.218,0
6236,87.7992,63.2745,302.627,766.414,311.613,818.426,0
6237,19.7,20.0404,613.988,326.129,630.295,334.108,0
6238,91.1992,90.6857,247.681,258.518,250.441,184.849,0
6239,35.5,25.2087,251.913,209.834,249.08,185.117,0
6240,53.5998,50.6196,586.083,714.984,612.19,752.562,0
6241,374.714,256.436,464.491,500.867,613.322,613.126,0
6242,596.002,376.796,377.825,489.316,615.562,539.717,0
6243,142.9,114.927,517.737,593.31,613.347,612.497,0
6244,258.907,156.997,278.43,328.868,250.233,184.917,0
6245,180.402,138.285,143.834,571.155,150.89,706.267,0
6246,282.708,170.542,236.241,345.31,250.011,185.023,0
6247,39.4,46.4408,323.177,201.707,350.316,174.924,0
6248,368.213,261.491,384.448,389.805,349.688,174.637,0
6249,40.4,35.9877,392.237,177.118,355.773,174.286,0
6250,167.201,150.212,515.073,693.423,612.314,752.132,0
6251,129.899,118.354,588.995,443.138,615.539,539.792,0
6252,398.715,223.704,463.597,329.421,356.328,173.192,0
6253,176.002,137.72,358.851,272.175,349.654,174.575,0
6254,194.503,196.559,514.296,231.194,647.639,191.858,0
6255,461.019,308.698,422.576,416.539,630.317,334.082,0
6256,332.511,230.974,296.148,379.915,249.213,185.103,0
6257,199.703,172.087,275.562,684.065,152.279,706.858,0
6258,32.1001,24.9889,275.06,194.525,253.144,183.461,0
6259,0,0,649.062,194.54,649.062,194.54,0
6260,427.817,221.308,445.194,676.699,613.189,613.04,0
6261,160.701,135.538,125.219,586.339,149.824,706.33,0
6262,323.911,189.31,195.823,477.505,67.7436,405.593,0
6263,438.518,317.202,359.008,441.294,349.674,174.666,0
6264,621.295,334.514,319.946,522.169,150.272,706.099,0
6265,220.304,166.931,135.828,548.881,149.925,706.242,0
6266,191.803,190.831,431.721,713.673,313.299,818.183,0
6267,325.111,239.689,458.941,425.462,615.493,539.951,0
6268,9.5,9.31325,601.899,754.847,611.178,755.522,0
6269,47.8998,66.5149,331.413,754.595,312.779,818.061,0
6270,94.7991,114.357,583.42,273.227,647.88,197.677,0
6271,68.9995,81.1693,562.29,503.642,615.586,539.581,0
6272,147.7,99.4424,235.036,279.285,249.258,185.172,0
6273,383.514,241.25,215.911,496.597,67.5178,405.936,0
6274,210.704,193.52,275.685,643.007,152.719,706.955,0
6275,205.103,132.47,546.187,565.394,613.158,612.757,0
6276,442.018,246.802,468.936,363.411,630.334,334.1,0
6277,416.916,239.348,239.334,454.504,67.4716,406.136,0
6278,66.4996,58.9981,561.905,740.037,611.963,752.916,0
6279,35.5,31.8661,598.517,779.994,611.124,754.987,0
6280,337.511,274.123,299.835,412.141,250.274,184.892,0
6281,104.499,96.5218,141.188,613.422,149.679,706.338,0
6282,250.506,209.659,351.92,624.833,313.074,818.098,0
6283,4.6,4.47388,603.155,807.877,607.365,809.381,0
6284,104.099,118.555,566.008,178.712,653.622,130.346,0
6285,10.6,9.73419,261.755,188.86,253.032,183.688,0
6286,3.3,2.30495,313.096,815.816,312.588,818.059,0
6287,138.299,117.296,242.359,758.248,310.388,818.905,0
6288,226.005,166.39,233.361,337.219,250.675,184.821,0
6289,176.902,161.18,273.462,673.456,152.123,706.751,0
6290,1.4,0.542237,649.868,189.575,650.102,190.064,0
6291,77.4994,66.6553,415.439,153.442,356.14,173.5,0
6292,449.018,265.021,466.09,463.377,615.471,539.752,0
6293,292.909,194.59,461.748,275.19,355.393,174.405,0
6294,334.911,137.231,491.563,620.155,613.234,612.958,0
6295,118.699,89.5535,418.587,215.164,355.767,174.308,0
6296,88.8992,77.0035,577.999,128.428,653.502,129.791,0
6297,230.805,125.141,501.771,623.773,613.328,612.42,0
6298,139.299,156.45,398.003,707.708,313.004,818.09,0
6299,325.411,147.383,449.25,139.075,356.234,173.266,0
6300,187.502,113.834,513.977,593.86,613.236,613.024,0
6301,55.6997,60.9854,326.526,215.464,350.492,174.997,0
6302,82.2993,64.2151,201.029,211.457,248.445,184.848,0
6303,135.399,151.72,343.913,675.265,312.392,818.072,0
6304,144.8,110.717,407.233,237.816,355.952,173.947,0
6305,195.203,132.087,515.347,365.189,630.282,334.108,0
6306,7,6.8531,641.902,200.704,648.48,198.204,0
6307,187.202,151.626,371.975,264.082,349.677,174.564,0
6308,45.0999,45.8151,595.956,709.915,612.161,752.404,0
6309,242.706,210.177,611.234,382.233,615.551,539.639,0
6310,362.813,140.406,165.092,442.102,67.5769,405.82,0
6311,235.405,123.419,198.555,259.333,248.05,184.614,0
6312,162.501,133.888,175.028,260.568,248.116,184.675,0
6313,348.912,219.431,423.557,322.021,355.403,174.488,0
6314,92.8992,67.9567,585.107,662.267,613.287,613.079,0
6315,58.8997,38.8796,107.467,403.957,67.8431,405.19,0
6316,223.904,152.506,519.876,388.036,630.358,334.305,0
6317,213.104,165.618,195.658,591.918,150.373,706.312,0
6318,179.202,116.331,525.649,347.656,630.298,334.064,0
6319,25.7001,29.1731,258.276,212.362,250.174,184.989,0
6320,441.218,277.055,352.06,367.587,349.535,174.628,0
6321,25.1001,25.8056,613.036,321.236,630.279,334.158,0
6322,127.499,135.54,225.76,707.062,151.734,706.627,0
6323,411.516,218.422,290.31,614.842,150.261,706.2,0
6324,154.5,126.338,250.118,302.882,249.475,185.231,0
6325,8.7,9.88825,603.613,614.006,613.284,612.824,0
6326,181.602,105.485,219.176,281.007,248.533,184.824,0
6327,89.3992,68.6289,588.925,662.1,613.216,612.929,0
6328,32.7001,29.5484,407.39,107.238,405.612,78.0565,0
6329,72.6995,72.7222,196.757,672.284,150.611,706.156,0
6330,438.218,332.745,321.237,487.378,67.3058,403.916,0
6331,162.201,127.354,498.972,590.578,613.232,612.756,0
6332,541.215,331.122,386.06,458.551,615.503,539.813,0
6333,19.1,16.4846,635.285,207.389,647.837,197.636,0
6334,53.5998,63.6592,610.619,236.761,648.405,198.124,0
6335,36.1,47.9866,325.669,771.95,312.656,818.07,0
6336,0,0,651.675,190.517,651.675,190.517,0
6337,19.1,21.3478,629.854,207.797,648.384,198.096,0
6338,339.712,172.309,221.732,605.121,150.344,706.078,0
6339,460.519,211.528,295.07,634.191,150.254,706.145,0
6340,378.814,182.97,248.189,641.344,150.34,706.064,0
6341,0,0,614.802,615.656,614.802,615.656,0
6342,12.3,12.9312,341.033,183.674,349.669,174.581,0
6343,99.999,117.488,552.235,197.152,648.376,190.832,0
6344,602.4,342.068,422.839,493.483,615.453,540.099,0
6345,34.1001,27.5353,586.761,614.956,613.335,613.109,0
6346,384.114,241.084,479.482,470.048,615.535,539.818,0
6347,38.3,42.6761,579.08,736.631,612.061,752.552,0
6348,46.1999,39.6943,105.119,398.351,67.7384,404.824,0
6349,130.399,106.206,523.02,595.274,613.286,612.55,0
6350,165.001,159.665,277.815,700.639,311.604,818.409,0
6351,247.306,149.183,192.595,313.358,248.58,184.89,0
6352,148,120.674,544.072,688.693,612.176,752.585,0
6353,312.11,185.904,183.152,474.086,67.6046,405.774,0
6354,289.308,200.101,207.698,340.145,67.4117,404.05,0
6355,67.3995,58.5905,561.311,738.552,611.862,753.129,0
6356,360.913,217.2,457.357,332.399,355.561,174.354,0
6357,167.101,130.195,532.95,140.403,653.586,130.408,0
6358,18.9,17.1204,596.002,613.32,613.191,612.915,0
6359,319.81,236.765,507.633,476.796,615.661,540.273,0
6360,197.503,135.97,534.796,562.188,613.227,612.577,0
6361,93.0992,69.5677,592.133,686.917,612.398,752.062,0
6362,6.3,5.38929,641.78,192.934,646.843,194.064,0
6363,144.7,102.92,237.689,742.971,152.436,706.863,0
6364,33.9001,38.7926,301.244,790.561,311.259,818.617,0
6365,457.819,225.92,246.321,645.37,150.262,706.128,0
6366,447.318,196.401,224.529,430.82,67.8063,405.437,0
6367,284.008,126.543,224.78,305.089,249.357,185.215,0
6368,411.916,224.148,438.734,638.647,613.233,612.594,0
6369,440.818,216.113,277.552,603.67,150.343,706.176,0
6370,304.509,156.002,220.475,652.02,150.029,706.15,0
6371,244.706,227.348,499.346,500.751,615.49,540.175,0
6372,88.5992,100.579,522.512,762.335,611.166,755.109,0
6373,206.803,117.011,204.767,625.589,150.683,706.228,0
6374,814.948,418.966,283.047,515.199,150.332,706.173,0
6375,50.3998,38.9642,579.314,596.89,613.605,611.75,0
6376,218.804,215.906,434.261,679.695,313.488,818.303,0
6377,391.315,274.027,430.937,425.954,615.501,540.192,0
6378,476.22,236.885,429.049,622.265,613.343,613.197,0
6379,269.707,158.339,525.683,548.061,613.252,612.456,0
6380,349.912,207.259,477.743,396.238,630.328,334.054,0
6381,0,0,651.627,199.238,651.627,199.238,0
6382,448.518,223.766,304,646.083,150.268,706.085,0
6383,235.005,254.575,326.393,388.624,251.155,184.506,0
6384,401.615,201.933,233.805,429.757,67.7854,405.205,0
6385,452.518,206.024,286.158,624.301,150.35,706.06,0
6386,490.621,279.732,455.782,468.58,615.598,539.747,0
6387,21.5,25.7346,175.742,709.407,151.682,706.596,0
6388,334.811,236.94,502.796,477.516,615.6,540.256,0
6389,193.403,162.182,391.037,263.432,355.578,174.399,0
6390,125.799,164.335,550.796,253.356,648.164,198.121,0
6391,221.604,160.024,349.966,305.526,349.57,174.644,0
6392,220.104,124.318,218.786,303.356,248.277,184.834,0
6393,338.411,213.706,215.967,479.574,67.271,406.437,0
6394,185.102,146.561,580.905,395.723,630.3,334.047,0
6395,102.599,125.12,553.909,188.332,648.391,190.754,0
6396,128.999,108.232,264.145,289.139,249.543,185.23,0
6397,364.413,250.887,371.754,389.323,349.491,174.565,0
6398,58.4997,38.8405,229.39,214.791,248.932,185.031,0
6399,26.2001,21.5377,271.919,193.344,253.225,183.27,0
6400,208.104,214.769,283.115,667.697,151.876,706.714,0
6401,245.206,233.104,329.205,603.003,312.68,818.036,0
6402,138.999,119.709,590.268,443.749,615.596,539.699,0
6403,354.612,217.746,490.71,250.723,356.106,173.409,0
6404,165.901,173.782,512.422,202.389,648.369,190.792,0
6405,244.406,169.971,272.44,338.172,250.341,184.907,0
6406,426.117,199.67,459.758,672.158,613.224,612.62,0
6407,105.899,81.4919,585.765,675.873,612.269,752.24,0
6408,244.606,171.22,149.724,534.21,150.036,706.211,0
6409,253.806,143.417,449.218,248.67,356.118,173.514,0
6410,430.317,207.331,261.385,629.725,150.305,706.171,0
6411,128.199,116.1,189.435,259.854,248.007,184.615,0
6412,73.9994,78.28,355.22,198.869,349.314,174.514,0
6413,417.016,237.234,458.305,374.338,630.303,334.061,0
6414,174.901,122.604,421.205,245.09,355.619,174.353,0
6415,39.4,49.6595,312.551,775.793,312.715,817.997,0
6416,72.2995,89.0452,332.635,732.63,312.207,818.224,0
6417,337.311,211.992,473.682,386.973,630.262,334.055,0
6418,256.806,307.526,332.631,438.191,251.154,184.517,0
6419,351.712,224.454,485.837,255.491,356.234,173.354,0
6420,256.506,136.769,519.674,655.351,613.335,613.146,0
6421,550.713,384.787,369.532,509.452,615.457,540.123,0
6422,162.901,124.606,531.872,657.923,613.378,613.243,0
6423,549.513,236.05,276.88,601.579,150.254,706.182,0
6424,183.102,189.73,295.067,718.428,311.157,818.601,0
6425,462.719,329.686,282.302,492.599,67.6622,405.535,0
6426,16.9,21.0972,615.062,283.94,635.935,282.423,0
6427,301.809,162.569,228.144,650.366,149.984,706.189,0
6428,426.217,258.719,287.965,441.85,67.6441,404.524,0
6429,100.299,89.3293,269.713,270.436,249.706,185.213,0
6430,39.8,40.6765,604.511,286.923,635.837,282.319,0
6431,141.399,116.237,187.987,260.178,248.609,184.936,0
6432,106.799,92.9455,562.104,124.712,653.6,129.654,0
6433,571.108,353.002,408.598,523.861,615.572,540.009,0
6434,75.4994,75.0428,313.665,222.844,349.4,174.541,0
6435,0.8,0.227876,410.62,72.2656,410.406,72.3427,0
6436,373.514,263.401,249.986,502.283,67.3863,406.421,0
6437,100.099,131.104,331.332,695.651,312.304,818.073,0
6438,74.7994,51.8874,120.565,401.533,67.7449,405.626,0
6439,132.999,117.058,538.673,123.529,653.544,129.783,0
6440,184.102,122.803,414.651,239.257,355.81,174.142,0
6441,168.801,166.978,537.682,463.773,615.669,540.24,0
6442,6.6,5.89032,349.933,180.641,351.46,175.377,0
6443,2.1,1.2525,657.644,194.851,656.411,194.633,0
6444,313.41,310.04,393.326,565.224,313.03,818.05,0
6445,144.9,113.066,156.854,610.515,150.595,706.153,0
6446,10.8,11.451,358.423,185.565,354.07,174.977,0
6447,247.106,152.13,279.849,324.038,249.777,185.137,0
6448,269.907,192.721,286.015,345.06,251.147,184.628,0
6449,366.213,237.885,468.101,255.272,355.864,173.939,0
6450,248.006,122.946,192.613,624.261,150.326,706.256,0
6451,91.3992,95.4911,571.755,156.077,653.551,130.28,0
6452,34.3,33.1861,266.565,212.54,252.308,183.976,0
6453,21.8,24.0284,153.668,682.665,150.261,706.103,0
6454,470.219,334.158,323.212,485.337,67.8486,404.968,0
6455,66.8996,74.0522,554.851,784.276,611.127,755.192,0
6456,132.299,103.73,167.218,389.119,67.7356,405.582,0
6457,322.81,203.367,477.184,274.092,356.336,173.098,0
6458,255.106,180.949,155.661,504.877,67.4715,405.94,0
6459,37.9,30.1179,240.193,212.787,249.216,185.081,0
6460,198.303,139.776,296.416,300.139,250.492,184.791,0
6461,309.31,156.987,492.118,649.875,613.265,613.079,0
6462,61.3996,64.6238,564.377,782.519,611.164,755.458,0
6463,461.819,243.697,229.797,537.779,150.322,706.085,0
6464,44.0999,43.6001,601.787,289.145,635.974,282.429,0
6465,185.202,185.663,513.412,224.441,647.794,191.379,0
6466,368.913,195.056,224.87,583.23,150.254,706.083,0
6467,421.517,173.531,196.983,437.773,67.8347,405.303,0
6468,126.999,102.409,263.081,284.774,249.941,185.035,0
6469,250.706,166.999,430.619,294.282,356.248,173.255,0
6470,29.6001,27.4916,265.134,207.129,252.515,184.013,0
6471,59.9997,55.3085,597.093,700.107,612.482,751.858,0
6472,156.9,86.0686,286.882,789.959,310.535,818.902,0
6473,284.908,164.665,455.594,599.307,613.352,612.417,0
6474,36.6,43.5843,187.281,704.03,151.312,706.534,0
6475,288.708,184.132,251.204,348.831,249.352,185.177,0
6476,194.803,141.427,467.175,205.539,355.806,174.2,0
6477,7.6,7.83622,257.195,190.067,253.018,183.58,0
6478,263.707,188.307,158.317,545.583,150.184,706.085,0
6479,166.901,133.273,247.342,309.117,249.653,185.243,0
6480,309.31,174.81,171.619,320.007,67.5919,404.604,0
6481,67.0995,71.2376,409.063,144.899,405.939,78.1773,0
6482,367.813,196.769,255.039,387.551,67.721,404.778,0
6483,244.806,128.536,496.188,635.447,613.332,613.102,0
6484,85.5993,68.3401,584.927,692.284,612.304,752.12,0
6485,8.8,8.65425,75.9716,406.977,67.741,405.137,0
6486,106.899,128.444,579.79,284.195,647.919,197.651,0
6487,19.8,23.4708,327.747,183.65,349.259,174.493,0
6488,248.506,153.392,190.434,313.104,247.829,184.483,0
6489,110.099,90.4762,197.474,646.015,150.661,706.225,0
6490,92.0992,86.3746,225.281,265.358,248.861,184.991,0
6491,28.0001,33.3107,618.743,201.545,647.706,197.096,0
6492,187.902,149.599,181.159,590.064,150.737,706.299,0
6493,213.904,140.197,543.376,552.323,613.338,612.456,0
6494,137.899,150.606,316.713,688.147,312.676,817.974,0
6495,181.202,130.599,282.318,292.571,250.166,184.982,0
6496,512.922,335.601,403.524,580.663,613.203,612.665,0
6497,530.917,334.775,402.42,579.858,613.154,612.56,0
6498,249.806,132.972,475.072,156.167,355.822,174.303,0
6499,329.211,154.856,480.188,649.795,613.323,612.497,0
6500,46.2999,32.1793,234.714,213.181,249.112,185.084,0
6501,309.11,169.651,225.852,627.82,150.333,706.054,0
6502,32.8001,23.6474,593.872,620.28,613.332,613.116,0
6503,151,143.171,605.524,448.672,615.59,540.356,0
6504,190.202,167.353,527.482,440.207,615.489,540.25,0
6505,437.117,299.446,378.065,424.805,350.025,174.771,0
6506,296.109,169.704,192.574,330.874,248.798,185.038,0
6507,2.2,1.20803,612.158,613.155,613.159,612.975,0
6508,363.813,186.2,236.231,372.996,67.7432,404.857,0
6509,187.202,109.675,213.883,255.301,248.145,184.743,0
6510,240.505,144.793,439.604,260.269,355.633,174.402,0
6511,56.2997,47.8858,602.409,290.54,635.954,282.417,0
6512,382.114,271.218,463.885,487.864,613.253,612.457,0
6513,22.6,25.5767,615.804,274.595,635.957,282.44,0
6514,167.701,122.206,510.426,641.313,613.293,612.424,0
6515,59.3997,60.0767,612.763,155.496,653.607,130.382,0
6516,100.799,119.368,355.411,707.574,313.316,818.155,0
6517,125.099,127.309,511.939,730.638,611.872,753.173,0
6518,302.009,296.842,347.108,540.989,313.362,818.213,0
6519,35.9,42.1611,597.71,713.534,612.36,751.885,0
6520,420.416,186.539,212.438,447.519,67.6868,405.513,0
6521,71.4995,58.9611,571.392,635.979,613.316,612.529,0
6522,120.999,143.937,543.075,177.69,648.033,191.056,0
6523,211.404,113.438,213.447,249.177,248.251,184.819,0
6524,271.007,281.328,347.525,563.018,312.371,818.066,0
6525,130.199,109.113,298.257,728.316,311.807,818.284,0
6526,372.514,271.228,196.135,506.268,67.4081,406.306,0
6527,135.899,103.213,292.175,739.172,311.269,818.554,0
6528,6,5.60375,352.189,181.333,352.332,175.622,0
6529,105.899,87.0465,152.18,395.119,67.6996,404.841,0
6530,9.5,7.15476,351.116,183.094,352.052,175.674,0
6531,191.402,108.677,176.807,404.829,67.5957,405.683,0
6532,12.5,11.5431,599.163,803.695,606.662,811.058,0
6533,45.5999,45.6938,609.323,135.864,653.526,130.19,0
6534,397.015,226.712,240.814,440.947,67.8017,404.956,0
6535,31.6001,36.9754,259.474,220.919,250.189,185.002,0
6536,492.621,357.699,363.94,471.616,349.605,174.565,0
6537,290.709,172.177,217.146,352.269,67.7053,404.864,0
6538,97.9991,78.0017,588.528,669.588,613.278,613.151,0
6539,449.318,184.294,216.13,433.039,67.7382,405.533,0
6540,273.707,171.788,288.508,333.173,250.245,184.906,0
6541,164.001,139.298,143.435,474.153,67.6861,405.573,0
6542,372.013,202.37,524.692,546.375,613.286,612.385,0
6543,294.709,163.673,178.42,305.554,248.87,185.046,0
6544,215.604,174.211,190.603,601.67,150.878,706.266,0
6545,278.508,166.897,487.014,210.021,355.858,174.099,0
6546,278.908,164.174,458.071,599.581,613.26,612.549,0
6547,410.816,269.867,287.603,451.638,67.8136,405.183,0
6548,356.513,213.42,499.614,538.641,613.294,612.503,0
6549,282.908,163.973,488.995,157.525,355.761,174.203,0
6550,999.903,380.032,472.365,336.433,470.564,330.09,1
6551,160.801,130.588,352.167,271.652,349.492,174.621,0
6552,66.8996,43.5701,254.222,226.53,249.663,185.199,0
6553,167.601,116.259,522.605,337.411,630.257,334.093,0
6554,124.599,135.553,350.286,690.622,312.51,817.984,0
6555,459.619,284.905,425.987,415.138,630.368,334.066,0
6556,429.917,275.799,426.138,392.325,630.318,334.126,0
6557,289.708,173.117,171.513,311.014,248.822,185.024,0
6558,157.5,130.37,526.152,708.208,612.419,752.088,0
6559,108.199,85.6283,553.778,332.311,630.365,333.666,0
6560,211.504,201.264,418.707,684.831,313.133,818.051,0
6561,328.211,198.124,404.017,309.41,355.381,174.473,0
6562,452.718,312.433,392.845,415.459,349.234,174.51,0
6563,246.606,182.161,362.226,333.023,349.855,174.821,0
6564,193.703,114.345,215.413,252.145,248.165,184.707,0
6565,266.607,194.641,300.405,344.43,251.067,184.584,0
6566,31.4001,25.5243,92.3383,402.473,67.6516,404.951,0
6567,602,416.845,369.203,510.071,615.559,539.617,0
6568,179.302,170.222,256.78,645.484,151.68,706.628,0
6569,292.209,186.686,229.921,351.216,250.58,184.805,0
6570,504.022,348.158,407.955,538.298,613.167,612.572,0
6571,468.019,285.176,422.657,403.697,630.299,334.131,0
6572,448.318,320.579,356.477,466.252,349.457,174.594,0
6573,109.499,132.994,541.923,187.086,647.571,192,0
6574,256.706,174.721,268.566,338.679,250.479,184.842,0
6575,115.799,105.013,551.096,665.993,613.253,613.11,0
6576,147.7,127.735,527.108,118.838,653.547,129.908,0
6577,185.602,161.225,128.613,511.465,67.6791,405.599,0
6578,647.389,341.996,309.261,516.62,150.327,706.163,0
6579,112.799,110.511,579.149,446.078,615.483,539.753,0
6580,92.8992,86.455,540.617,601.155,613.27,612.479,0
6581,457.019,309.133,426.838,416.514,630.367,334.031,0
6582,264.207,207.26,287.872,366.642,251.627,184.409,0
6583,443.718,307.646,413.861,409.322,349.736,174.68,0
6584,33.1001,42.9143,190.882,717.247,151.288,706.475,0
6585,85.7993,66.765,177.439,657.033,149.934,706.243,0
6586,123.299,161.696,539.566,286.96,647.883,197.661,0
6587,188.002,144.384,350.315,289.452,349.496,174.513,0
6588,36.6,35.2645,408.848,113.407,406.244,78.1352,0
6589,62.6996,52.8695,601.628,131.942,653.643,129.727,0
6590,189.402,158.287,185.529,589.733,150.647,706.161,0
6591,456.019,320.92,425.127,416.027,630.273,334.107,0
6592,539.715,277.521,399.146,631.152,613.181,612.589,0
6593,427.917,307.28,358.821,451.297,349.832,174.685,0
6594,317.01,207.012,278.571,377.996,249.899,185.13,0
6595,190.202,119.382,422.563,245.988,356.336,173.157,0
6596,265.707,166.858,500.682,362.005,630.273,334.149,0
6597,150.1,122.543,178.751,260.934,248.006,184.628,0
6598,231.005,173.595,364.315,307.762,349.856,174.767,0
6599,33.4001,23.0247,249.435,208.988,249.348,185.217,0
6600,8.2,6.96676,629.57,283.85,636.151,282.83,0
6601,34.2001,37.7238,314.075,186.283,349.542,174.618,0
6602,316.11,231.11,273.503,396.059,251.155,184.549,0
6603,240.005,147.608,194.324,305.482,248.087,184.718,0
6604,177.002,96.9408,184.612,655.617,150.707,706.214,0
6605,588.503,384.55,378.244,513.829,615.654,539.69,0
6606,179.102,130.532,281.076,291.734,249.809,185.109,0
6607,37.2,37.6977,144.428,669.383,150.253,706.058,0
6608,228.505,222.95,332.444,371.867,250.627,184.849,0
6609,142.299,132.258,579.925,380.949,630.457,334.433,0
6610,25.5001,28.9194,320.463,790.435,312.776,817.973,0
6611,281.608,164.226,444.776,149.703,356.145,173.524,0
6612,135.199,116.536,538.109,121.954,653.546,129.835,0
6613,201.103,159.268,146.032,550.881,150.343,706.064,0
6614,62.7996,68.2964,589.676,220.905,647.848,197.586,0
6615,163.201,133.126,296.095,292.842,251.146,184.509,0
6616,25.5001,27.0215,381.958,171.278,355.999,173.698,0
6617,449.318,356.18,323.407,490.486,67.4237,404.044,0
6618,393.715,197.519,272.204,614.65,150.258,706.203,0
6619,110.399,131,296.597,290.586,250.727,184.791,0
6620,32.6001,31.9363,613.512,296.992,636.041,282.7,0
6621,46.2999,41.1147,143.861,665.858,150.312,706.103,0
6622,341.912,235.385,477.277,424.584,630.379,334.085,0
6623,305.509,301.15,349.105,537.641,312.393,818.055,0
6624,148.4,117.203,268.908,296.999,249.939,185.012,0
6625,60.1997,43.1787,576.395,622.086,613.288,613.092,0
6626,415.516,271.192,427.337,428.928,615.467,539.83,0
6627,3.4,2.56569,600.624,830.846,602.991,831.835,0
6628,89.5992,84.9401,318.519,232.677,349.862,174.804,0
6629,370.213,212.436,472.225,377.142,630.302,334.132,0
6630,21.1,21.387,599.434,735.639,612.172,752.577,0
6631,537.616,342.323,438.275,528.482,613.279,613.064,0
6632,210.004,197.409,276.491,653.643,151.728,706.708,0
6633,336.011,291.228,301.495,453.393,67.3042,403.852,0
6634,308.81,248.472,275.415,414.349,67.3772,404.032,0
6635,343.212,242.571,369.493,375.014,349.841,174.666,0
6636,339.612,146.076,150.567,440.248,67.8088,405.068,0
6637,111.899,102.602,221.215,753.549,153.012,707.237,0
6638,54.1997,32.0377,593.997,627.408,613.4,613.437,0
6639,456.119,306.626,315.164,441.497,67.5193,406.092,0
6640,362.713,242.808,349.702,378.543,349.496,174.54,0
6641,108.999,91.9788,144.258,616.381,149.911,706.201,0
6642,226.905,198.669,396.363,298.384,355.379,174.442,0
6643,149,133.893,130.428,482.845,67.7077,405.509,0
6644,435.417,267.357,424.619,594.712,613.249,612.718,0
6645,15.1,13.2187,262.366,193.096,253.129,183.511,0
6646,16.5,17.9448,414.398,93.6569,408.834,76.9475,0
6647,103.499,100.723,150.899,618.55,149.739,706.31,0
6648,154.1,129.163,350.038,271.673,349.728,174.703,0
6649,525.719,248.791,290.123,611.804,150.274,706.064,0
6650,226.805,145.475,279.562,317.277,249.707,185.198,0
6651,36.6,35.68,590.626,778.273,611.095,755.438,0
6652,303.809,305.585,390.133,564.789,312.386,818.129,0
6653,86.2993,83.965,228.245,264.971,248.811,184.97,0
6654,389.015,266.015,392.874,393.074,349.947,174.798,0
6655,167.901,154.881,494.741,711.107,612.114,752.733,0
6656,46.8999,52.6989,586.696,522.703,615.743,540.655,0
6657,94.4991,80.541,145.94,400.179,67.6894,404.774,0
6658,136.899,113.001,524.822,350.957,630.441,334.374,0
6659,515.321,304.292,424.989,550.519,613.164,612.751,0
6660,466.919,308.988,413.39,439.021,615.547,539.973,0
6661,147,150.854,546.048,441.158,615.569,540.267,0
6662,189.002,148.79,180.219,351.552,67.7068,404.912,0
6663,778.257,393.231,284.573,507.607,150.337,706.164,0
6664,359.413,151.949,183.332,438.358,67.8331,405.123,0
6665,181.902,125.966,425.924,248.895,355.669,174.307,0
6666,52.6998,43.6419,235.782,226.096,249.089,185.093,0
6667,146.9,115.924,259.016,296.876,250.364,184.883,0
6668,20.8,23.7053,413.81,100.348,407.657,77.4617,0
6669,64.4996,45.8455,219.341,206.611,248.259,184.719,0
6670,21.3,19.6362,599.364,550.963,617.076,543.63,0
6671,260.007,189.976,415.874,295.707,355.567,174.335,0
6672,109.399,123.398,565.043,182.513,653.642,130.274,0
6673,40.3,43.8773,415.229,120.56,405.654,78.0678,0
6674,106.699,123.405,517.658,726.141,611.71,753.584,0
6675,157.4,112.996,465.29,180.715,356.267,173.032,0
6676,259.407,187.936,177.81,547.456,151.082,706.392,0
6677,100.899,65.1836,608.544,646.865,613.303,613.155,0
6678,390.915,272.07,425.659,359.059,356.268,173.157,0
6679,3.8,2.98635,69.7205,408.116,66.8392,407.331,0
6680,58.9997,46.1501,293.797,204.546,253.002,183.777,0
6681,19.9,26.5728,258.323,210.133,250.728,184.676,0
6682,121.899,114.464,609.594,458.628,615.587,539.659,0
6683,415.216,230.642,449.903,678.899,613.163,612.67,0
6684,356.913,199.344,474.465,391.756,630.253,334.055,0
6685,9,7.90691,640.954,201.227,648.126,198.033,0
6686,75.9994,76.7017,548.534,743.715,611.804,753.257,0
6687,464.819,250.618,415.926,626.104,613.266,613.142,0
6688,49.3998,62.3165,269.266,243.774,250.773,184.672,0
6689,173.901,117.857,414.96,238.779,355.811,174.277,0
6690,52.3998,33.8571,593.323,629.1,613.426,613.404,0
6691,111.099,88.2779,155.432,395.899,67.647,404.895,0
6692,142.299,126.697,175.422,630.812,150.828,706.3,0
6693,358.413,185.363,225.532,595.476,150.329,706.2,0
6694,311.01,299.431,383.219,567.314,312.932,817.976,0
6695,357.913,220.109,473.989,386.911,630.33,334.148,0
6696,404.515,216.034,277.363,637.535,150.254,706.164,0
6697,30.5001,37.7219,615.593,188.585,647.942,191.332,0
6698,23.0001,21.7459,330.802,185.231,349.893,174.749,0
6699,34.6,37.7434,301.763,791.722,311.805,818.324,0
6700,238.405,238.424,322.001,377.406,251.106,184.596,0
6701,204.803,114.653,202.312,260.553,248.262,184.715,0
6702,61.2996,65.2815,189.732,672.99,150.245,706.15,0
6703,244.306,299.187,331.553,427.304,251.666,184.279,0
6704,222.404,138.105,170.973,352.41,67.8093,405.025,0
6705,129.099,110.545,260.933,293.022,250.182,185.015,0
6706,15.9,19.8356,259.228,202.717,251.084,184.64,0
6707,7.5,7.81129,604.092,751.743,611.485,754.255,0
6708,282.008,181.447,224.869,346.217,249.544,185.224,0
6709,222.604,140.985,198.072,308.026,249.435,185.206,0
6710,283.708,207.254,506.098,579.027,613.255,612.424,0
6711,256.606,150.374,482.287,166.167,356.283,173.012,0
6712,72.8995,56.1062,215.099,215.683,248.327,184.827,0
6713,318.31,299.776,341.492,538.096,312.979,818.137,0
6714,48.1998,45.4663,140.266,663.296,150.308,706.12,0
6715,999.903,355.901,415.92,522.894,425.823,542.922,1
6716,30.2001,36.6169,616.233,214.264,648.402,198.082,0
6717,118.299,145.675,387.072,707.126,313.539,818.253,0
6718,19.8,21.7307,599.55,769.969,611.087,755.246,0
6719,278.308,259.196,380.523,610.476,313.496,818.253,0
6720,52.7998,38.7912,104.079,399.782,67.8217,405.435,0
6721,69.5995,77.5921,550.787,784.52,611.213,755.514,0
6722,671.283,355.621,324.15,500.346,150.328,706.068,0
6723,469.919,288.309,426.83,428.697,615.594,539.632,0
6724,183.902,139.653,119.977,584.619,149.617,706.319,0
6725,257.907,158.213,520.597,390.771,630.373,334.067,0
6726,137.499,96.096,234.033,277.48,249.106,185.073,0
6727,195.403,141.31,350.448,292.277,349.854,174.713,0
6728,224.705,127.274,189.831,391.541,67.7407,405.49,0
6729,353.112,164.171,202.556,431.882,67.7388,404.854,0
6730,217.704,159.384,160.106,563.644,150.149,706.113,0
6731,293.309,187.522,534.069,523.239,613.191,612.99,0
6732,447.818,290.424,423.025,415.158,630.259,334.088,0
6733,25.6001,28.2615,590.093,768.197,611.149,755.011,0
6734,126.199,111.27,248.679,742.454,152.899,707.077,0
6735,69.5995,71.3729,316.639,755.583,311.674,818.377,0
6736,17.6,20.0795,375.645,174.761,356.017,173.616,0
6737,201.903,134.37,518.968,568.875,613.294,612.508,0
6738,92.5992,63.7111,299.969,767.718,311.512,818.432,0
6739,252.906,313.654,330.334,441.691,251.853,184.296,0
6740,396.315,177.458,268.232,635.858,150.251,706.187,0
6741,236.205,162.747,189.664,344.543,67.5697,404.69,0
6742,152.7,169.284,310.59,714.79,311.97,818.179,0
6743,254.906,174.939,417.871,294.976,355.622,174.382,0
6744,53.0998,68.2585,574.094,502.286,615.668,540.542,0
6745,123.799,95.5033,215.89,263.551,248.276,184.791,0
6746,56.8997,58.5973,593.654,697.587,612.358,751.862,0
6747,281.108,191.541,287.511,344.006,250.008,184.996,0
6748,178.802,159.171,274.182,690.717,152.221,706.92,0
6749,370.013,165.144,500.557,160.193,355.898,174.061,0
6750,161.901,143.567,523.003,693.842,612.133,752.564,0
6751,60.7996,81.3973,548.254,798.58,602.432,833.272,0
6752,222.704,130.699,212.658,243.011,248.02,184.565,0
6753,84.1993,63.6776,564.685,730.628,612.187,752.568,0
6754,412.816,301.159,347.817,420.457,349.734,174.731,0
6755,119.099,96.6898,160.045,395.023,67.765,404.969,0
6756,267.307,255.788,349.079,586.484,312.394,818.109,0
6757,462.019,251.056,394.9,632.246,613.159,612.772,0
6758,157.7,120.172,221.955,763.118,152.918,707.206,0
6759,287.808,179.754,265.33,343.318,249.676,185.238,0
6760,336.311,197.036,454.148,303.025,355.864,174.058,0
6761,68.9995,44.7891,258.422,229.585,249.678,185.192,0
6762,319.41,135.968,494.28,640.896,613.256,613.145,0
6763,38.2,35.8515,579.321,817.957,602.375,833.334,0
6764,489.721,298.171,448.767,479.287,615.505,540.171,0
6765,100.999,93.0788,243.727,257.21,250.313,184.886,0
6766,205.103,167.101,244.26,654.755,152.221,706.764,0
6767,122.999,142.342,531.707,183.723,647.701,191.714,0
6768,298.409,128.928,197.34,261.754,248.251,184.778,0
6769,4.6,3.78569,598.666,832.638,602.382,833.331,0
6770,108.099,89.4166,401.903,211.13,356.131,173.621,0
6771,50.7998,46.5556,305.86,186.529,349.44,174.537,0
6772,104.099,76.9129,574.554,694.012,612.117,752.646,0
6773,999.903,101.429,337.555,316.818,338.32,316.966,1
6774,78.8994,74.8386,593.604,187.709,647.626,191.915,0
6775,423.517,193.464,215.298,449.723,67.8278,405.396,0
6776,102.499,113.425,552.15,480.178,615.509,540.042,0
6777,349.912,160.045,218.163,416.373,67.8068,405.02,0
6778,37.4,44.1412,188.083,704.614,151.534,706.569,0
6779,27.6001,20.0567,87.6902,403.538,67.6888,404.874,0
6780,149.1,108.969,166.18,383.899,67.6798,404.908,0
6781,61.8996,40.8173,110.083,402.004,67.7356,405.559,0
6782,33.6001,37.1903,574.743,806.351,606.657,811.21,0
6783,210.004,154.553,424.831,277.69,355.675,174.313,0
6784,46.4999,33.797,233.701,212.997,248.285,184.8,0
6785,342.412,206.721,499.979,248.192,356.077,173.445,0
6786,27.0001,23.2262,274.084,193.893,253.121,183.597,0
6787,188.702,187.061,513.339,225.291,647.62,191.87,0
6788,226.905,182.883,145.767,521.732,67.6328,405.832,0
6789,70.0995,75.337,202.554,701.136,151.555,706.59,0
6790,24.9001,16.4387,265.436,192.451,253.209,183.429,0
6791,324.611,205.314,281.806,371.307,250.358,184.941,0
6792,291.409,144.402,199.191,382.38,67.8012,405.288,0
6793,129.999,143.42,250.202,667.809,151.711,706.655,0
6794,4,3.43599,359.283,174.835,356.164,173.395,0
6795,137.799,94.6176,195.479,643.882,150.807,706.29,0
6796,485.52,254.767,434.671,607.028,613.293,613.132,0
6797,153,136.848,109.092,495.717,67.6857,405.58,0
6798,395.615,228.172,263.672,426.591,67.847,405.248,0
6799,196.403,186.302,332.67,642.208,312.44,818.127,0
6800,469.419,265.272,446.219,576.952,613.229,612.804,0
6801,161.101,125.921,277.411,295.773,249.95,185.113,0
6802,116.899,89.5184,273.983,770.511,311.233,818.58,0
6803,219.804,138.857,482.307,185.26,355.986,173.913,0
6804,165.101,162.919,322.497,310.906,251.379,184.542,0
6805,287.608,221.864,393.238,326.008,349.672,174.631,0
6806,148.8,138.544,316.854,284.419,251.198,184.546,0
6807,186.602,222.816,499.452,259.669,648.102,197.987,0
6808,96.6991,116.358,591.324,269.956,647.94,197.602,0
6809,13.9,13.5967,589.575,830.202,602.368,833.179,0
6810,142.6,161.652,392.736,698.059,313.64,818.264,0
6811,25.0001,28.0367,590.936,768.419,611.099,755.4,0
6812,170.701,128.184,394.572,241.617,355.831,174.287,0
6813,463.219,272.733,421.761,583.067,613.342,612.398,0
6814,60.9996,43.9031,589.665,637.614,613.252,613.087,0
6815,54.8997,48.2372,113.652,396.476,67.6975,404.787,0
6816,500.321,231.007,287.189,620.768,150.254,706.166,0
6817,138.099,154.392,489.654,718.491,611.813,753.535,0
6818,86.2993,110.967,338.755,710.627,313.028,818.077,0
6819,340.112,337.349,379.318,537.714,312.681,817.989,0
6820,527.518,348.339,429.114,535.13,613.233,612.705,0
6821,73.0995,98.025,571.977,240.742,648.422,198.083,0
6822,98.4991,91.0467,177.011,210.085,248.254,184.773,0
6823,25.6001,21.7554,601.237,599.537,613.401,612.299,0
6824,378.714,165.732,198.634,437.875,67.726,404.851,0
6825,251.106,180.93,275.159,350.672,250.725,184.789,0
6826,338.111,334.205,376.203,526.032,312.725,817.977,0
6827,195.503,185.541,356.524,649.999,313.381,818.198,0
6828,157.8,170.025,513.201,205.593,648.406,190.917,0
6829,262.407,248.07,349.388,592.724,312.125,818.157,0
6830,107.899,91.1451,155.908,398.487,67.8359,405.004,0
6831,174.701,143.099,510.526,116.909,653.626,129.684,0
6832,486.32,255.943,401.911,614.025,613.208,613.009,0
6833,376.714,244.115,460.12,344.298,355.358,174.486,0
6834,29.9001,27.3976,406.09,105.148,405.601,78.0659,0
6835,19,20.673,272.392,190.245,253.341,183.068,0
6836,242.006,218.009,385.379,640.963,312.833,818.012,0
6837,252.206,155.896,186.406,345.744,67.5631,404.604,0
6838,514.022,288.041,460.324,478.488,615.598,540.261,0
6839,194.103,140.676,299.514,302.284,251.016,184.637,0
6840,10.4,11.6995,604.178,540.51,615.652,539.559,0
6841,128.399,149.322,535.059,212.205,648.01,191.113,0
6842,126.799,164.352,540.206,280.323,647.936,197.769,0
6843,405.216,313.412,259.637,527.324,67.6051,405.67,0
6844,37.1,33.457,598.318,781.97,607.345,809.675,0
6845,468.019,276.229,488.099,485.453,615.606,539.562,0
6846,510.022,269.431,268.707,558.281,150.268,706.117,0
6847,5.1,4.7402,72.4786,404.393,67.7445,405.324,0
6848,266.607,172.497,246.728,339.052,249.46,185.211,0
6849,71.5995,54.973,587.158,649.468,613.313,613.2,0
6850,256.206,225.315,202.116,536.95,149.645,706.272,0
6851,180.302,178.391,295.328,711.043,311.061,818.73,0
6852,75.4994,75.0084,558.097,340.347,630.374,333.775,0
6853,11.2,9.76706,601.046,754.542,611.068,755.243,0
6854,463.819,304.426,411.26,421.808,630.261,334.085,0
6855,0,0,403.804,69.9745,403.804,69.9745,0
6856,299.509,195.261,405.252,304.828,355.501,174.406,0
6857,37.9,29.6352,246.713,213.865,250.393,184.872,0
6858,381.914,275.646,365.318,404.059,349.627,174.636,0
6859,172.501,108.348,174.513,401.346,67.716,405.49,0
6860,125.999,113.079,260.872,295.19,250.41,184.896,0
6861,10.9,11.026,644.369,136.28,653.998,131.301,0
6862,276.508,216.83,176.546,523.462,150.844,706.311,0
6863,300.509,227.447,502.103,477.78,615.551,540.068,0
6864,24.8001,27.3456,153.567,679.122,150.331,706.096,0
6865,227.505,156.915,158.964,481.922,67.7972,405.401,0
6866,131.399,88.9954,608.671,678.579,612.385,751.992,0
6867,366.213,172.303,467.56,645.092,613.182,612.988,0
6868,147.4,125.752,572.256,431.801,615.575,539.697,0
6869,184.402,142.834,299.892,303.265,251.26,184.492,0
6870,146.4,122.08,181.845,261.296,248.153,184.694,0
6871,47.4998,44.6751,582.872,779.576,611.283,755.673,0
6872,355.112,242.716,475.971,504.134,613.308,613.086,0
6873,94.4991,78.8086,587.6,365.493,630.351,334.222,0
6874,4.7,3.48348,645.172,189.372,648.292,190.917,0
6875,288.508,167.167,460.411,595.985,613.339,613.043,0
6876,208.504,172.35,255.027,645.203,152.758,707.105,0
6877,243.806,171.038,148.769,537.032,150.369,706.066,0
6878,101.099,78.2709,588.358,363.991,630.258,334.204,0
6879,172.001,172.888,311.55,313.847,251.138,184.534,0
6880,170.801,180.907,504.253,202.414,648.452,190.827,0
6881,307.41,305.795,377.051,557.554,313.014,818.129,0
6882,54.3997,57.4316,559.397,749.46,612.01,752.763,0
6883,198.303,202.631,420.004,688.272,313.447,818.209,0
6884,416.216,198.32,223.976,428.784,67.8248,405.072,0
6885,245.006,150.47,482.888,164.723,356.192,173.38,0
6886,193.403,191.447,278.734,650.794,151.803,706.734,0
6887,117.999,147.9,315.977,699.472,312.071,818.184,0
6888,219.604,165.373,536.143,452.133,615.588,539.678,0
6889,392.815,247.152,286.856,431.433,67.4551,404.261,0
6890,17,16.7961,596.744,612.832,613.17,612.848,0
6891,389.015,220.337,467.875,370.831,630.281,334.064,0
6892,139.199,105.574,516.336,600.2,613.257,612.611,0
6893,434.417,205.324,287.557,625.078,150.251,706.191,0
6894,167.201,173.108,524.495,222.278,648.431,190.805,0
6895,85.4993,70.2066,417.565,155.32,355.599,174.318,0
6896,64.7996,79.4742,327.281,742.089,312.256,818.082,0
6897,106.599,76.8351,415.531,200.972,355.629,174.302,0
6898,136.999,179.807,542.961,239.351,647.917,197.774,0
6899,167.501,171.947,303.326,683.563,312.456,818.083,0
6900,166.401,114.637,453.618,161.781,356.179,173.277,0
6901,353.512,228.753,482.292,248.275,356.25,173.106,0
6902,121.299,117.791,250.595,709.952,152.408,706.918,0
6903,36.7,37.5234,616.602,135.923,653.501,130.186,0
6904,133.299,174.957,543.827,244.374,647.859,197.688,0
6905,28.8001,26.5866,236.233,204.384,248.792,185.014,0
6906,82.2993,58.1913,605.341,642.906,613.279,613.15,0
6907,0,0,615.978,614.898,615.978,614.898,0
6908,136.399,82.6312,176.545,659.969,150.51,706.141,0
6909,204.103,192.039,434.212,712.831,312.738,817.959,0
6910,400.015,334.437,332.021,477.617,67.2742,403.917,0
6911,316.51,239.015,464.956,426.162,615.498,539.795,0
6912,170.501,149.599,515.021,693.508,612.084,752.717,0
6913,169.501,145.917,518.668,146.63,653.525,130.166,0
6914,77.9994,72.0182,96.6169,448.163,67.8403,405.218,0
6915,51.1998,50.8021,409.126,129.46,405.88,78.198,0
6916,209.904,152.482,496.31,343.37,630.338,334.137,0
6917,374.914,265.591,236.607,508.918,67.3013,406.457,0
6918,347.412,252.146,453.223,415.285,615.454,540.029,0
6919,225.805,135.296,432.963,257.041,355.823,174.128,0
6920,107.199,87.5548,568.586,666.286,613.166,612.72,0
6921,235.205,196.788,132.165,529.293,149.509,706.434,0
6922,344.812,256.8,471.833,345.311,630.345,334.094,0
6923,129.899,106.942,138.734,602.465,149.984,706.212,0
6924,17.1,17.6038,148.201,688.963,150.314,706.089,0
6925,89.2992,99.962,528.739,758.538,611.101,755.128,0
6926,218.304,218.362,317.933,619.523,312.382,818.102,0
6927,267.007,116.716,163.944,424.92,67.6789,404.934,0
6928,48.4998,55.7919,307.004,771.758,311.566,818.446,0
6929,117.099,95.7764,191.298,239.439,248.977,185.037,0
6930,629.693,349.82,334.234,511.281,150.349,706.138,0
6931,143.2,124.945,540.837,680.026,613.339,613.099,0
6932,157.9,99.0452,218.981,276.054,248.58,184.884,0
6933,757.462,289.653,282.263,577.048,150.333,706.075,0
6934,213.904,212.485,323.13,617.968,312.349,818.092,0
6935,541.415,282.791,286.765,622.611,150.331,706.088,0
6936,59.8997,62.0252,340.876,196.85,349.196,174.512,0
6937,0,0,611.636,809.35,611.636,809.35,0
6938,570.408,367.573,385.622,515.764,615.563,539.634,0
6939,125.799,102.347,560.215,676.914,613.279,613.13,0
6940,457.219,328.625,321.013,482.669,67.527,404.261,0
6941,39.4,41.0191,613.04,133.499,653.453,129.839,0
6942,154.8,96.6803,218.941,274.415,248.89,185.038,0
6943,174.401,184.096,424.422,711.36,313.615,818.311,0
6944,302.509,213.051,368.318,355.441,350.105,174.83,0
6945,125.899,145.18,509.857,708.648,611.786,753.29,0
6946,300.009,297.554,348.944,544.472,313.143,818.064,0
6947,247.706,172.759,229.7,384.589,67.5376,404.393,0
6948,71.5995,95.728,340.264,726.288,312.976,818.068,0
6949,189.902,136.365,574.287,397.813,630.253,334.062,0
6950,269.907,280.328,331.298,549.064,312.687,817.996,0
6951,59.7997,39.7636,234.185,220.051,248.805,184.991,0
6952,36.8,38.2525,610.871,185.917,647.794,191.47,0
6953,196.203,144.691,235.376,770.828,152.744,706.995,0
6954,70.2995,95.3233,340.269,727.222,312.998,818.141,0
6955,725.97,378.279,338.376,504.34,150.333,706.157,0
6956,210.504,223.217,313.971,621.08,312.653,818.043,0
6957,233.605,143.33,475.184,153.025,356.227,173.319,0
6958,132.399,108.319,261.322,289.229,249.492,185.21,0
6959,51.7998,63.9321,211.323,721.158,151.331,706.521,0
6960,680.081,351.592,311.394,516.785,150.327,706.051,0
6961,510.822,301.51,436.444,554.196,613.195,612.937,0
6962,253.606,129.516,195.118,402.623,67.7367,405.588,0
6963,343.512,252.709,309.381,368.695,249.236,185.078,0
6964,186.502,186.585,518.36,221.642,648.057,191.132,0
6965,579.006,350.906,304.451,503.5,150.336,706.107,0
6966,261.107,179.212,490.085,309.166,630.357,334.05,0
6967,49.0998,50.756,280.288,792.966,310.849,818.698,0
6968,402.015,285.115,361.388,430.102,349.44,174.509,0
6969,58.6997,61.3782,338.623,198.029,349.915,174.769,0
6970,211.304,109.033,544.302,651.904,613.305,613.157,0
6971,392.315,231.411,476.186,473.069,615.506,540.138,0
6972,126.199,96.7143,249.508,771.155,310.677,818.823,0
6973,160.501,116.775,525.745,347.835,630.352,334.068,0
6974,87.5992,83.9403,333.748,237.089,349.458,174.537,0
6975,177.302,118.027,421.682,243.37,356.116,173.529,0
6976,182.102,130.547,453.865,151.746,356.157,173.213,0
6977,285.108,158.751,190.425,349.583,67.716,404.761,0
6978,106.599,92.3841,268.31,274.492,249.974,184.993,0
6979,417.816,260.277,445.669,395.058,630.305,334.119,0
6980,349.112,216.867,492.668,424.912,630.319,334.141,0
6981,230.405,119.677,222.84,299.929,248.927,184.999,0
6982,128.099,78.9617,601.072,679.983,612.353,752.033,0
6983,218.604,164.398,333.774,301.234,349.536,174.58,0
6984,37,38.3302,313.121,183.07,349.185,174.47,0
6985,20,21.7753,418.259,93.0825,406.444,77.9511,0
6986,155.8,143.403,142.444,469.291,67.7115,405.591,0
6987,277.908,206.54,494.372,452.672,615.465,539.773,0
6988,228.105,150.751,484.167,193.193,356.153,173.267,0
6989,497.921,264.8,415.366,623.168,613.186,612.812,0
6990,330.311,161.908,246.454,621.471,150.25,706.175,0
6991,29.5001,33.9915,620.479,136.639,653.58,129.972,0
6992,116.899,106.712,559.496,150.144,653.668,130.503,0
6993,161.201,157.079,515.674,693.772,612.385,751.974,0
6994,243.706,154.878,521.88,390.42,630.368,334.093,0
6995,14.1,16.2778,259.093,198.792,252.78,183.879,0
6996,164.901,126.515,354.702,261.019,349.787,174.677,0
6997,69.8995,84.8339,581.08,246.754,648.4,198.101,0
6998,275.008,190.667,273.321,358.027,250.684,184.78,0
6999,296.709,244.139,460.856,435.326,615.62,540.424,0
7000,204.303,154.158,240.055,327.945,249.609,185.215,0
7001,75.0994,66.4761,560.87,731.377,611.885,753.133,0
7002,268.407,149.221,240.021,632.564,150.714,706.203,0
7003,166.501,125.016,214.339,302.691,248.165,184.743,0
7004,122.299,150.123,344.763,676.916,313.549,818.287,0
7005,79.2994,92.8917,550.59,496.877,615.59,540.401,0
7006,45.1999,36.7371,103.38,399.425,67.675,404.829,0
7007,54.6997,44.6108,602.774,580.58,613.518,611.927,0
7008,227.805,117.896,228.452,286.405,249.105,185.143,0
7009,304.009,200.395,480.749,393.479,630.268,334.058,0
7010,525.919,292.68,479.457,492.258,615.492,539.775,0
7011,299.509,167.861,193.866,324.504,248.988,185.015,0
7012,300.509,175.339,237.895,345.943,250.179,185.031,0
7013,294.609,281.149,380.225,586.042,313.139,818.087,0
7014,233.605,161.944,165.909,558.968,150.021,706.18,0
7015,25.2001,27.366,327.746,188.352,349.837,174.696,0
7016,661.985,308.693,318.435,543.459,150.337,706.067,0
7017,187.102,166.372,118.91,565.699,149.68,706.308,0
7018,89.3992,75.3413,577.566,126.986,653.617,130.329,0
7019,409.816,300.247,446.815,346.882,356.048,173.422,0
7020,24.2001,27.6283,574.896,835.174,602.389,833.339,0
7021,48.2998,46.9393,580.022,780.031,611.152,755.466,0
7022,420.316,330.445,326.813,462.892,67.4288,404.21,0
7023,220.004,162.188,187.132,583.56,150.696,706.17,0
7024,318.61,205.8,492.813,415.522,630.384,334.102,0
7025,382.114,170.863,249.342,611.844,150.296,706.11,0
7026,55.7997,41.6158,257.952,225.041,250.45,184.783,0
7027,3.6,2.86044,253.139,173.792,251.93,176.384,0
7028,320.81,212.24,494.1,412.072,630.259,334.115,0
7029,29.2001,23.3052,594.948,602.091,613.192,612.605,0
7030,341.112,244.473,225.698,498.28,67.4283,406.149,0
7031,260.807,162.669,210.537,319.44,248.01,184.581,0
7032,31.3001,29.1009,409.842,106.888,406.191,78.1208,0
7033,265.307,177.193,268.499,343.542,249.852,185.103,0
7034,543.114,328.558,397.662,549.385,613.254,612.867,0
7035,168.801,176.959,513.858,200.773,648.505,190.82,0
7036,89.2992,87.0271,227.45,268.265,249.694,185.199,0
7037,128.599,153.334,393.917,706.692,313.43,818.254,0
7038,524.719,301.788,479.45,492.671,615.659,540.306,0
7039,57.6997,71.3556,549.179,809.111,602.393,833.289,0
7040,111.599,136.175,533.448,189.551,647.8,191.668,0
7041,192.503,147.708,321.464,280.479,349.873,174.803,0
7042,477.72,334.708,378.906,455.931,349.402,174.517,0
7043,437.317,268.578,456.021,477.332,615.633,540.252,0
7044,174.901,102.603,209.187,263.633,248.568,184.857,0
7045,27.9001,26.6102,277.427,191.9,253.184,183.319,0
7046,355.812,235.666,220.755,490.663,67.3166,406.522,0
7047,41.0999,29.5693,97.3801,400.843,67.7346,404.811,0
7048,319.11,206.568,477.75,537.216,613.259,612.522,0
7049,183.902,130.253,281.916,295.726,249.908,185.097,0
7050,163.201,141.769,487.699,588.348,613.339,612.435,0
7051,157.4,128.348,277.253,299.757,249.653,185.226,0
7052,209.404,128.951,488.72,606.303,613.287,612.522,0
7053,284.008,171.286,495.715,313.553,630.273,334.068,0
7054,223.204,192.964,164.882,535.69,149.73,706.332,0
7055,0,0,650.016,190.39,650.016,190.39,0
7056,8.7,9.32369,252.956,193.796,249.959,184.968,0
7057,278.508,193.274,129.972,529.042,150.485,706.058,0
7058,5.1,4.13599,602.289,810.898,606.26,812.055,0
7059,4.3,3.73554,607.72,756.635,611.274,755.489,0
7060,167.501,167.865,323.835,318.754,251.697,184.328,0
7061,30.9001,27.7091,601.62,727.671,612.222,752.467,0
7062,294.409,170.854,234.78,394.996,67.6977,404.86,0
7063,252.606,155.438,480.126,153.315,356.12,173.558,0
7064,309.41,217.243,478.245,536.323,613.257,612.468,0
7065,171.601,168.14,285.028,690.011,311.607,818.378,0
7066,318.61,158.807,247.984,630.83,150.054,706.116,0
7067,342.212,264.906,309.89,356.024,250.037,184.983,0
7068,308.91,194.996,480.656,391.988,630.337,334.058,0
7069,254.106,129.986,195.001,395.086,67.8117,405.168,0
7070,113.399,128.523,352.494,698.074,312.978,818.123,0
7071,289.108,217.855,373.629,343.087,349.696,174.59,0
7072,416.216,246.683,445.735,388.108,630.265,334.152,0
7073,296.009,205.422,304.309,348.432,250.241,185.033,0
7074,837.842,315.44,307.518,653.456,150.321,706.171,0
7075,66.7996,62.2152,604.629,155.067,653.615,130.261,0
7076,52.5998,61.8346,601.418,367.782,630.371,334.129,0
7077,231.105,138.777,224.805,633.147,150.818,706.266,0
7078,411.716,240.828,444.853,391.078,630.356,334.052,0
7079,803.751,413.484,296.119,526.298,150.341,706.166,0
7080,0,0,635.85,334.567,635.85,334.567,0
7081,24.3001,25.8402,380.621,178.922,356.048,173.545,0
7082,172.601,145.44,369.684,267.283,349.517,174.593,0
7083,394.415,221.705,460.342,334.037,355.874,174.082,0
7084,147,137.939,529.495,146.088,653.489,130.17,0
7085,43.0999,27.3168,95.5744,403.201,67.8269,404.966,0
7086,381.514,240.998,494.419,484.752,615.576,539.685,0
7087,112.499,140.834,561.565,283.518,648.273,198.07,0
7088,143.2,136.857,314.99,281.3,250.898,184.69,0
7089,44.3999,48.0841,402.114,166.029,356.005,173.696,0
7090,469.219,326.027,378.425,455.456,349.281,174.523,0
7091,184.302,129.079,512.348,338.256,630.299,334.097,0
7092,184.402,171.213,360.211,664.596,312.956,818.1,0
7093,54.0997,56.6584,413.317,133.898,405.895,78.1874,0
7094,74.6994,78.9196,269.894,259.306,250.451,184.761,0
7095,72.3995,77.3577,211.631,694.526,151.684,706.57,0
7096,246.906,127.532,496.041,629.873,613.291,613.062,0
7097,38.8,47.1107,618.442,254.282,635.822,282.235,0
7098,23.1001,24.2304,591.368,743.113,612.187,752.565,0
7099,153.1,140.719,582.438,423.498,615.62,539.616,0
7100,31.1001,39.9271,598.995,511.939,615.779,540.614,0
7101,361.513,238.135,467.609,371.952,630.265,334.129,0
7102,148.7,117.024,524.469,336.895,630.412,333.824,0
7103,363.213,253.132,465.772,500.958,613.351,613.058,0
7104,319.81,197.802,268.315,358.623,250.571,184.808,0
7105,212.704,231.202,324.676,373.88,251.362,184.499,0
7106,265.307,170.399,532.631,536.373,613.183,612.74,0
7107,474.32,275.328,258.112,470.605,67.7057,405.478,0
7108,65.2996,46.1101,589.98,641.728,613.265,613.148,0
7109,156.8,124.412,347.534,274.68,350.01,174.819,0
7110,8.7,9.56156,621.109,337.106,630.457,334.743,0
7111,37.4,39.3872,300.362,791.945,311.827,818.265,0
7112,204.903,238.004,347.086,376.082,251.982,184.206,0
7113,250.706,158.533,499.543,354.411,630.382,334.054,0
7114,303.509,205.917,367.384,353.249,349.793,174.745,0
7115,248.606,153.054,198.826,314.557,248.517,184.779,0
7116,39.8,46.3244,607.57,302.189,630.338,334.076,0
7117,213.004,137.548,283.449,312.052,250.536,184.832,0
7118,203.403,140.671,320.105,258.054,349.763,174.676,0
7119,323.01,220.088,423.881,314.725,355.407,174.493,0
7120,259.707,123.344,230.804,300.179,248.339,184.713,0
7121,44.8999,55.2063,557.233,759.063,611.151,754.874,0
7122,86.5993,110.851,583.876,269.736,647.914,197.748,0
7123,61.3996,82.7197,335.596,738.535,312.846,817.994,0
7124,145.8,107.256,426.367,227.851,356.111,173.485,0
7125,67.7995,72.4148,559.417,342.676,630.293,334.053,0
7126,327.611,136.739,490.095,636.251,613.261,613.099,0
7127,175.301,175.899,513.46,201.792,648.403,190.818,0
7128,38.5,47.4679,278.627,796.755,311.647,818.445,0
7129,102.399,87.1294,272.677,768.939,310.688,818.805,0
7130,237.105,155.217,470.678,612.53,613.342,612.517,0
7131,279.708,192.982,443.402,310.769,355.573,174.411,0
7132,220.404,156.613,334.395,297.22,349.436,174.529,0
7133,24.9001,26.6182,382.568,174.222,355.8,174.17,0
7134,64.9996,54.8961,301.165,184.821,253.344,183.115,0
7135,141.999,132.113,513.654,718.332,611.905,753.119,0
7136,423.717,300.368,268.133,462.202,67.3804,406.296,0
7137,12.2,10.759,640.649,206.193,647.984,197.785,0
7138,33.9001,36.4182,391.42,179.613,355.83,174.188,0
7139,88.3992,86.5738,580.881,291.004,630.26,333.969,0
7140,216.304,141.209,289.84,309.22,250.545,184.848,0
7141,436.017,291.667,419.88,437.532,615.666,539.657,0
7142,181.702,216.215,504.117,262.959,648.231,198.094,0
7143,74.4994,59.5913,140.466,646.944,150.274,706.108,0
7144,201.403,120.852,187.742,391.438,67.7128,405.624,0
7145,48.0998,61.141,268.997,242.721,250.715,184.783,0
7146,583.105,336.492,419.955,490.405,615.574,539.775,0
7147,166.601,148.681,558.759,417.535,615.656,539.652,0
7148,207.103,134.792,281.832,290.944,249.557,185.209,0
7149,2.8,1.96594,649.648,200.843,650.443,199.045,0
7150,455.219,244.373,304.721,644.371,150.339,706.186,0
7151,39,41.0984,412.984,117.938,405.832,78.1841,0
7152,42.4999,48.8949,605.209,299.377,630.303,334.086,0
7153,399.015,239.465,464.691,349.303,355.373,174.491,0
7154,7.2,7.89946,147.692,698.485,150.377,706.095,0
7155,386.014,187.089,453.205,639.374,613.183,612.989,0
7156,154.2,103.753,198.18,637.821,151.009,706.336,0
7157,193.103,104.55,227.588,285.587,249.134,185.133,0
7158,545.014,281.912,402.84,609.081,613.315,613.047,0
7159,159.601,155.848,126.164,509.554,67.6684,405.534,0
7160,135.499,131.749,514.439,719.31,611.817,753.288,0
7161,193.803,194.15,328.498,343.834,251.88,184.269,0
7162,240.906,161.428,173.247,334.438,67.5362,404.395,0
7163,115.299,98.3071,555.861,123.396,653.488,129.777,0
7164,206.303,163.047,160.587,559.239,149.867,706.151,0
7165,14.7,14.4582,404.99,92.4819,405.907,78.1966,0
7166,224.104,168.997,152.524,496.657,67.5208,405.936,0
7167,446.418,333.103,259.802,540.56,67.6245,405.794,0
7168,197.803,149.686,504.277,118.753,653.61,130.399,0
7169,0,0,644.263,284.563,644.263,284.563,0
7170,310.01,175.72,449.612,277.734,355.778,174.331,0
7171,275.408,258.382,384.024,602.114,313.298,818.243,0
7172,454.118,270.447,484.507,484.305,615.519,540.061,0
7173,111.899,66.041,300.02,762.289,310.97,818.694,0
7174,999.903,97.4806,534.051,279.371,533.387,279.442,1
7175,97.7991,73.3985,599.218,685.535,612.412,751.972,0
7176,60.5996,53.6972,99.0089,433.291,67.707,405.514,0
7177,7.99999,7.81054,639.024,195.802,646.622,194.359,0
7178,37.2,37.0556,408.577,114.723,405.854,78.2393,0
7179,217.204,191.549,387.815,668.839,312.663,817.975,0
7180,15.8,18.438,85.6294,400.363,67.7434,404.769,0
7181,0,0,62.2831,402.306,62.2831,402.306,0
7182,30.0001,34.2163,316.477,183.7,349.055,174.429,0
7183,143.1,140.673,367.565,255.681,350.131,174.762,0
7184,419.216,224.892,267.117,615.996,150.332,706.197,0
7185,164.401,172.415,540.796,234.664,648.369,190.796,0
7186,285.508,180.865,216.566,331.333,249.536,185.223,0
7187,464.519,241.354,230.481,540.423,150.345,706.093,0
7188,346.312,210.993,423.58,321.133,355.358,174.524,0
7189,163.001,134.719,234.53,771.902,152.509,706.966,0
7190,177.102,182.489,296.752,710.11,310.439,818.94,0
7191,116.999,92.3581,534.232,600.16,613.199,612.812,0
7192,162.801,144.29,511.47,119.961,653.561,129.717,0
7193,40.4,41.2847,576.216,771.598,611.152,755.566,0
7194,287.008,295.606,370.539,562.751,312.571,817.962,0
7195,552.412,365.049,373.552,500.715,615.536,539.957,0
7196,344.412,191.053,545.052,509.295,613.27,612.44,0
7197,31.6001,32.1687,597.523,726.179,612.09,752.587,0
7198,66.5996,59.2397,596.56,697.183,612.361,751.91,0
7199,364.813,233.866,464.824,255.831,355.437,174.435,0
7200,75.2994,101.518,571.157,237.188,648.035,198.009,0
7201,319.81,167.855,246.912,643.594,150.006,706.169,0
7202,48.3998,46.8266,556.149,830.222,602.429,833.237,0
7203,87.8992,92.0174,213.904,678.906,151.865,706.663,0
7204,139.499,118.909,179.729,255.399,248.581,184.867,0
7205,367.213,252.439,467.179,500.396,613.304,613.168,0
7206,188.202,120.002,497.145,602.825,613.287,612.514,0
7207,377.414,211.122,252.384,377.082,67.702,404.807,0
7208,321.11,213.402,457.831,298.66,355.368,174.475,0
7209,252.106,156.62,465.195,600.442,613.261,613.221,0
7210,223.904,132.849,489.207,610.526,613.273,613.073,0
7211,38,37.3233,616.556,132.905,653.527,130.023,0
7212,238.405,177.788,208.004,352.468,67.4756,404.469,0
7213,51.1998,44.0155,259.63,228.146,250.163,185.019,0
7214,246.406,222.758,352.138,621.29,313.253,818.181,0
7215,83.0993,83.6195,333.282,237.133,349.479,174.562,0
7216,258.307,123.335,195.042,263.122,248.429,184.813,0
7217,115.899,91.1212,310.371,741.244,311.675,818.588,0
7218,432.217,268.299,447.168,399.907,630.292,334.076,0
7219,275.408,214.724,386.606,337.417,349.56,174.565,0
7220,291.609,174.129,267.495,342.513,249.78,185.138,0
7221,449.918,247.05,237.871,471.183,67.7402,404.802,0
7222,48.9998,39.8537,292.146,183.894,253.459,182.484,0
7223,39.1,36.4823,576.296,817.093,602.452,833.364,0
7224,159.601,173.341,409.559,701.714,313.952,818.463,0
7225,34.5,38.4932,610.371,184.877,647.775,191.732,0
7226,188.702,144.119,508.174,120.723,653.453,129.774,0
7227,359.513,216.902,489.538,273.125,355.974,173.772,0
7228,206.903,208.15,419.929,692.856,313.173,818.21,0
7229,143.3,119.805,159.229,602.937,150.039,706.226,0
7230,393.715,332.608,315.484,489.024,67.3462,403.952,0
7231,59.0997,40.3552,590.915,636.197,613.365,613.346,0
7232,33.3001,29.9189,585.05,604.465,613.282,612.976,0
7233,79.2994,107.623,351.961,719.66,313.375,818.234,0
7234,193.803,167.755,502.382,136.639,653.51,130.011,0
7235,26.7001,22.0333,594.563,603.825,613.295,612.35,0
7236,241.206,176.842,296.267,333.079,250.56,184.8,0
7237,169.201,147.973,545.623,460.044,615.627,539.658,0
7238,169.601,106.21,219.665,284.031,249.461,185.193,0
7239,156.2,107.268,426.835,227.867,356.005,173.784,0
7240,247.106,304.1,339.89,430.607,251.586,184.384,0
7241,32.5001,30.4119,386.076,175.143,355.802,174.147,0
7242,55.5997,67.3254,552.437,812.237,602.432,833.27,0
7243,275.808,224.792,204.685,534.22,150.464,706.089,0
7244,586.404,328.757,277.196,527.963,150.322,706.088,0
7245,290.108,222.647,482.416,462.536,615.635,540.346,0
7246,179.602,160.244,272.192,675.673,152.433,706.855,0
7247,100.599,81.4985,540.464,607.975,613.328,612.549,0
7248,57.3997,36.7496,284.09,201.342,252.596,183.908,0
7249,302.109,173.917,233.679,344.53,249.772,185.105,0
7250,418.216,248.607,484.686,488.226,615.531,539.97,0
7251,308.11,239.868,483.205,348.645,630.359,334.082,0
7252,472.92,268.396,459.451,469.045,615.479,539.778,0
7253,215.904,167.209,463.506,575.779,613.318,612.45,0
7254,61.4996,73.3885,542.019,761.591,611.175,754.836,0
7255,165.801,165.189,274.576,673.842,151.639,706.63,0
7256,384.214,185.798,553.367,549,613.252,613.154,0
7257,106.399,90.3241,117.131,455.651,67.7963,405.31,0
7258,564.609,329.731,417.773,511.214,615.561,539.859,0
7259,191.702,96.7365,188.275,656.523,149.983,706.181,0
7260,177.702,146.045,571.233,413.816,615.59,539.69,0
7261,272.507,208.794,497.652,452,615.473,539.786,0
7262,63.3996,76.3116,588.483,476.688,615.644,539.583,0
7263,405.716,238.811,267.517,410.433,67.7267,404.961,0
7264,497.521,281.175,453.445,462.327,615.578,539.714,0
7265,568.208,341.171,398.446,509.468,615.473,539.829,0
7266,310.81,154.574,252.126,287.268,249.055,185.017,0
7267,113.499,105.129,348.888,240.433,349.746,174.702,0
7268,164.901,167.627,338.653,659.615,312.929,817.958,0
7269,147.7,111.795,156.917,610.586,150.594,706.237,0
7270,101.599,76.1624,601.794,684.371,612.392,751.929,0
7271,50.0998,64.4094,268.839,246.121,250.873,184.661,0
7272,314.21,305.483,387.497,569.396,312.407,818.12,0
7273,309.01,293.286,359.031,552.971,312.983,818.113,0
7274,146.7,105.076,166.054,383.75,67.7479,405.588,0
7275,11.8,10.9594,600.151,803.456,607.078,810.193,0
7276,237.405,158.974,207.173,360.743,67.544,404.357,0
7277,84.6993,98.6369,276.85,278.38,250.44,184.933,0
7278,142.399,116.429,280.182,739.359,311.742,818.412,0
7279,138.599,97.9269,608.352,708.613,612.518,751.89,0
7280,403.715,233.679,481.224,368.314,630.276,334.053,0
7281,125.899,123.458,243.495,684.721,151.759,706.729,0
7282,194.803,131.435,482.548,181.626,356.222,173.403,0
7283,582.405,351.639,419.042,509.768,615.577,540.081,0
7284,303.109,158.859,507.182,680.777,613.313,612.482,0
7285,303.209,310.038,390.986,566.722,312.117,818.176,0
7286,61.7996,56.5645,611.743,159.629,647.551,192.232,0
7287,330.211,196.36,163.833,513.156,67.299,406.488,0
7288,24.8001,27.8867,316.277,790.646,312.725,818.016,0
7289,293.309,224.288,389.551,339.839,349.674,174.687,0
7290,59.2997,71.5827,589.528,482.433,615.583,539.936,0
7291,146.7,110.527,549.346,576.974,613.33,612.366,0
7292,397.515,325.391,325.33,460.81,67.1854,403.748,0
7293,116.499,106.399,226.306,754.478,152.153,706.791,0
7294,186.902,156.773,613.598,425.553,615.658,539.707,0
7295,407.316,205.777,427.36,633.143,613.256,612.546,0
7296,237.105,179.246,342.371,316.02,349.614,174.597,0
7297,116.399,92.6575,381.733,203.901,355.8,174.274,0
7298,269.307,214.971,390.037,326.887,349.69,174.56,0
7299,25.8001,30.4024,623.387,213.893,648.269,198.132,0
7300,162.801,130.995,297.076,293.977,250.534,184.818,0
7301,209.604,151.332,327.345,268.996,350.066,174.76,0
7302,356.113,149.224,217.386,405.538,67.7389,405.471,0
7303,604.1,343.06,289.764,495.983,150.3,706.121,0
7304,19.2,21.3964,413.914,98.0017,406.175,78.1467,0
7305,486.52,366.895,359.773,490.611,349.196,174.523,0
7306,296.209,284.515,346.511,550.51,312.345,818.088,0
7307,105.399,72.9697,422.647,153.736,356.238,173.359,0
7308,371.013,215.983,471.567,399.315,630.344,334.059,0
7309,382.914,277.299,436.059,367.534,355.399,174.544,0
7310,78.3994,71.1152,418.042,150.64,355.745,174.343,0
7311,112.599,95.96,307.057,738.397,311.648,818.394,0
7312,143.1,151.433,537.257,216.085,647.774,191.69,0
7313,294.709,226.243,499.03,476.711,615.515,539.924,0
7314,52.7998,53.0655,408.912,130.615,405.912,78.2288,0
7315,170.001,143.899,368.448,268.707,349.873,174.787,0
7316,337.711,217.914,476.125,267.548,355.24,174.538,0
7317,336.011,260.158,450.438,411.804,615.604,540.398,0
7318,102.799,123.277,365.558,713.587,313.403,818.228,0
7319,16.1,16.3986,83.8136,406.716,67.8361,405.278,0
7320,238.905,123.183,188.393,401.554,67.7094,405.619,0
7321,233.305,131.779,526.298,648.555,613.168,613.011,0
7322,151.1,157.365,360.272,676.319,313.052,818.071,0
7323,117.799,79.6447,603.574,684.056,612.368,751.97,0
7324,4.9,4.53004,608.54,612.61,613.2,612.77,0
7325,110.899,140.718,558.037,276.933,648.21,197.996,0
7326,23.9001,19.5849,261.852,200.952,252.366,184.01,0
7327,536.816,300.281,451.697,480.983,615.672,539.732,0
7328,15.4,16.1502,614.293,332.183,630.31,334.033,0
7329,333.711,194.205,250.481,405.516,67.592,404.586,0
7330,299.509,244.85,460.832,430.127,615.523,540.191,0
7331,44.5999,43.1137,407.014,121.2,405.718,78.1853,0
7332,66.8996,68.5005,329.298,222.622,349.651,174.678,0
7333,405.816,249.202,483.06,357.429,630.343,334.059,0
7334,106.499,96.12,313.706,237.212,349.952,174.758,0
7335,271.607,193.988,205.111,341.658,67.5141,404.411,0
7336,71.6995,41.2383,253.753,227.833,249.873,185.085,0
7337,170.601,162.979,285.847,690.416,311.106,818.6,0
7338,371.613,192.739,225.828,591.307,150.259,706.078,0
7339,300.409,212.782,404.604,307.846,355.424,174.479,0
7340,130.899,150.144,312.868,695.65,312.526,817.994,0
7341,309.71,197.68,473.091,304.702,630.259,334.132,0
7342,335.911,226.135,348.893,352.057,349.288,174.516,0
7343,22,24.1576,587.579,754.866,611.141,755.413,0
7344,427.817,316.882,277.281,488.647,67.3458,403.875,0
7345,43.9999,51.3656,561.46,759.852,611.214,754.925,0
7346,31.5001,21.0209,248.65,207.085,249.475,185.224,0
7347,387.914,214.039,532.409,523.82,613.414,612.32,0
7348,175.802,147.609,518.256,136.053,653.641,129.618,0
7349,294.109,245.038,261.055,441.015,67.3956,404.252,0
7350,354.112,245.382,458.998,461.89,615.628,540.344,0
7351,95.0991,83.0565,576.698,141.647,653.611,129.615,0
7352,135.599,111.715,560.127,384.855,630.285,334.108,0
7353,65.6996,45.2269,283.017,210.86,252.632,184.016,0
7354,122.699,102.821,155.697,620.112,150.62,706.194,0
7355,315.31,179.465,189.595,320.394,248.807,185.005,0
7356,458.519,255.175,392.754,633.686,613.241,612.958,0
7357,409.716,191.904,493.595,649.461,613.25,612.385,0
7358,156.5,141.175,584.24,423.22,615.551,539.924,0
7359,95.7991,123.333,337.144,698.768,312.361,818.065,0
7360,193.903,175.946,358.249,659.403,312.978,818.104,0
7361,50.9998,52.5876,576.592,784.26,606.86,810.896,0
7362,228.405,176.229,518.128,440.329,615.707,539.543,0
7363,114.099,147.045,556.391,271.139,648.225,198.009,0
7364,35.1,31.6021,282.142,194.73,253.331,183.133,0
7365,300.209,193.284,450.795,623.35,613.301,613.096,0
7366,326.711,218.902,216.609,479.471,67.4371,406.249,0
7367,29.0001,30.2161,602.015,333.346,630.463,334.381,0
7368,414.116,252.429,482.453,484.573,615.534,540.133,0
7369,4,2.88823,603.133,813.019,606.015,812.83,0
7370,338.211,129.545,162.227,439.075,67.83,405.277,0
7371,374.914,230.08,458.494,377.123,630.37,334.15,0
7372,174.901,164.858,281.837,689.56,310.756,818.707,0
7373,327.611,236.792,462.514,434.825,615.548,539.905,0
7374,58.1997,58.041,136.495,652.622,149.98,706.153,0
7375,294.409,155.259,219.887,651.607,149.878,706.264,0
7376,131.899,145.24,533.179,181.047,647.762,191.369,0
7377,184.302,143.001,244.734,318.654,249.473,185.243,0
7378,328.111,193.796,260.595,355.912,249.631,185.221,0
7379,444.118,255.947,484.642,486.026,615.673,539.696,0
7380,415.916,289.144,410.726,396.159,349.432,174.47,0
7381,196.803,151.58,179.058,348.976,67.6611,404.806,0
7382,100.799,110.61,568.306,171.372,653.611,130.248,0
7383,18.9,18.5568,612.116,334.353,630.3,334.147,0
7384,272.207,150.135,478.991,162.222,356.254,173.196,0
7385,322.51,195.037,478.79,392.393,630.37,334.059,0
7386,2.6,1.81374,69.0886,407.094,67.4161,406.393,0
7387,258.607,185.182,186.967,560.634,149.746,706.276,0
7388,999.903,806.461,90.2113,458.76,89.2893,460.844,1
7389,71.9995,93.7074,577.034,254.558,647.967,197.983,0
7390,345.212,191.543,217.87,604.645,150.35,706.054,0
7391,204.403,118.471,538.724,658.253,613.294,613.23,0
7392,193.803,146.38,349.103,289.482,349.866,174.804,0
7393,91.7992,112.759,324.793,712.991,312.326,818.13,0
7394,66.3996,64.1071,411.208,143.869,405.918,78.2317,0
7395,348.412,249.411,364.235,397.041,349.629,174.635,0
7396,269.307,194.965,408.351,297.945,355.562,174.424,0
7397,408.716,218.396,238.118,572.384,150.257,706.181,0
7398,315.01,189.61,230.68,350.548,249.864,185.087,0
7399,318.41,172.658,506.937,673.476,613.344,613.114,0
7400,271.807,153.806,187.524,307.596,249.028,185.024,0
7401,338.811,243.558,459.708,459.085,615.455,540.237,0
7402,330.711,211.05,476.864,270.399,355.507,174.415,0
7403,87.1992,74.1538,271.001,779.418,310.452,818.937,0
7404,175.602,183.683,311.395,324.008,251.843,184.3,0
7405,260.707,134.203,501.971,651.074,613.265,612.436,0
7406,340.112,242.767,368.196,387.312,349.727,174.668,0
7407,311.01,234.214,466.162,426.458,615.571,539.672,0
7408,221.404,264.8,333.802,394.767,251.893,184.261,0
7409,539.615,350.313,405.285,487.722,615.569,540.096,0
7410,379.614,171.456,464.092,643.226,613.253,612.847,0
7411,147.6,124.041,174.601,632.547,149.938,706.215,0
7412,498.621,291.139,434.561,562.728,613.203,612.617,0
7413,171.101,190.157,388.214,672.279,313.546,818.275,0
7414,275.008,144.683,481.654,164.471,356.199,173.216,0
7415,57.5997,36.2907,592.409,631.237,613.523,613.586,0
7416,352.212,209.957,468.991,385.801,630.381,334.124,0
7417,63.3996,69.9082,269.918,250.134,250.776,184.663,0
7418,79.1994,67.0057,269.152,248.744,250.226,185.039,0
7419,416.716,306.005,358.534,443.753,349.669,174.601,0
7420,0,0,61.6882,407.275,61.6882,407.275,0
7421,156.6,130.355,612.592,739.655,612.48,751.868,0
7422,79.4994,69.8407,596.153,688.245,612.37,752.027,0
7423,420.816,235.064,231.63,569.844,150.336,706.132,0
7424,317.11,136.985,226.509,299.003,249.061,185.115,0
7425,198.903,200.718,525.399,506.124,615.475,540.107,0
7426,552.912,261.387,585.828,320.234,630.289,334.13,0
7427,179.502,138.653,355.099,270.18,349.888,174.679,0
7428,451.218,206.359,286.063,625.77,150.297,706.112,0
7429,200.603,168.656,277.51,675.759,152.727,707.088,0
7430,111.599,90.1391,555.002,324.63,630.431,334.547,0
7431,121.699,117.928,131.586,464.508,67.773,405.407,0
7432,264.607,177.998,430.475,303.629,355.897,174.072,0
7433,324.011,187.826,254.553,354.33,249.702,185.182,0
7434,217.104,218.939,278.857,662.987,152.537,706.968,0
7435,2.7,1.88146,606.448,817.819,607.586,816.323,0
7436,73.3995,51.3857,593.24,647.212,613.331,613.125,0
7437,199.003,143.803,522.69,672.733,613.322,613.055,0
7438,44.5999,37.3122,287.734,193.99,253.296,183.139,0
7439,73.3995,70.3859,554.42,606.438,613.251,612.395,0
7440,338.511,251.711,289.434,431.75,67.3062,403.796,0
7441,95.1991,90.9263,334.98,243.486,349.532,174.575,0
7442,114.499,82.7451,431.835,182.78,355.703,174.327,0
7443,427.717,265.66,428.774,393.613,630.372,334.109,0
7444,34.5,45.4958,193.848,716.53,151.403,706.456,0
7445,170.501,127.582,527.22,667.589,613.336,613.232,0
7446,6.6,5.69016,607.87,611.555,613.25,612.533,0
7447,102.299,131.72,343.753,695.995,312.104,818.183,0
7448,678.381,375.88,326.707,493.843,150.303,706.103,0
7449,378.114,267.635,470.544,517.088,613.257,612.507,0
7450,156.8,115.167,376.608,217.912,355.619,174.345,0
7451,42.2999,49.2044,280.999,794.299,311.711,818.353,0
7452,334.811,169.808,500.249,160.469,356.002,173.642,0
7453,189.302,152.344,119.448,572.995,149.878,706.203,0
7454,185.802,224.364,499.153,258.581,648.17,197.965,0
7455,442.018,257.912,478.212,480.421,615.674,539.698,0
7456,174.901,154.423,507.536,695.765,612.222,752.463,0
7457,262.607,180.242,157.159,536.358,149.938,706.183,0
7458,270.307,163.625,232.922,629.942,151.077,706.357,0
7459,150.1,169.059,391.7,689.373,313.643,818.306,0
7460,86.0993,74.1601,576.241,348.948,630.295,334.081,0
7461,118.999,153.395,547.656,287.095,648.184,198.006,0
7462,40.5,31.4652,234.249,211.052,248.97,184.999,0
7463,57.8997,42.5949,294.414,187.004,253.215,183.318,0
7464,181.502,108.249,224.504,288.537,249.208,185.092,0
7465,17.2,18.1185,593.122,754.149,611.083,755.242,0
7466,241.006,214.823,382.446,641.317,313.302,818.152,0
7467,68.3995,81.7491,537.166,776.856,611.136,755.393,0
7468,62.3996,55.8546,407.163,182.625,355.75,174.269,0
7469,386.714,250.913,490.227,484.61,615.576,539.658,0
7470,218.504,166.007,194.175,590.509,150.562,706.224,0
7471,41.3999,42.7074,409.962,120.12,406.18,78.0754,0
7472,65.2996,61.1978,573.767,640.034,613.382,612.179,0
7473,410.316,270.297,492.639,488.293,615.556,540.297,0
7474,281.508,211.189,479.418,274.65,355.435,174.504,0
7475,134.699,158.807,394.079,700.655,313.644,818.296,0
7476,126.799,120.403,186.359,259.715,248.175,184.701,0
7477,261.707,200.002,197.087,562.028,150.963,706.269,0
7478,133.199,146.586,527.567,194.314,648.159,190.863,0
7479,23.8001,27.0622,614.597,292.585,635.885,282.529,0
7480,164.201,160.885,285.693,698.552,310.993,818.707,0
7481,149.7,125.073,275.816,299.926,250.001,185.031,0
7482,104.299,106.067,284.717,282.23,250.42,184.9,0
7483,23.4001,24.5356,380.704,175.356,356.133,173.446,0
7484,149.1,151.398,540.724,213.437,647.767,191.469,0
7485,102.799,91.7324,230.449,272.373,249.476,185.235,0
7486,86.6992,72.9301,598.651,355.922,630.315,334.216,0
7487,6.4,6.49076,357.961,180.429,355.519,174.423,0
7488,231.905,257.335,331.303,389.019,251.077,184.577,0
7489,479.62,281.808,460.809,469.63,615.589,539.694,0
7490,265.407,163.037,195.988,354.152,67.5821,404.451,0
7491,238.605,142.329,199.842,370.785,67.6891,404.947,0
7492,382.114,176.914,494.147,683.617,613.294,613.103,0
7493,13.6,16.5105,638.086,135.664,653.72,130.528,0
7494,144.5,125.664,572.21,433.93,615.571,539.581,0
7495,2.8,1.90716,654.212,200.475,653.44,198.731,0
7496,191.202,149.278,178.767,349.588,67.6826,404.824,0
7497,175.502,207.119,512.824,259.682,647.856,197.678,0
7498,340.912,332.136,393.743,590.205,312.735,818.017,0
7499,467.819,322.954,328.772,473.696,67.5758,404.452,0
7500,98.6991,113.919,563.166,209.288,648.399,190.821,0
7501,70.8995,83.0941,536.073,778.264,611.126,755.383,0
7502,96.1991,78.2334,556.639,339.142,630.427,333.764,0
7503,68.6995,69.4169,135.853,640.732,149.978,706.196,0
7504,191.002,188.548,428.866,712.883,312.602,818.034,0
7505,65.7996,46.3956,256.24,229.82,249.319,185.234,0
7506,275.908,163.619,193.637,341.552,67.7947,405.025,0
7507,179.302,183.002,513.566,220.305,647.77,191.901,0
7508,184.202,182.119,541.917,238.034,647.966,190.968,0
7509,297.609,159.529,230.221,652.823,150.729,706.201,0
7510,53.6998,52.943,263.598,234.619,250.422,184.866,0
7511,6.9,7.33651,259.511,186.843,252.868,183.793,0
7512,74.5994,60.9003,125.978,397.428,67.708,404.831,0
7513,288.108,234.179,269.755,425.542,67.4613,404.301,0
7514,263.907,170.908,408.174,270.135,355.408,174.467,0
7515,359.613,233.949,477.002,472.194,615.554,539.72,0
7516,79.1994,77.7511,312.185,220.631,349.863,174.724,0
7517,329.111,258.397,455.296,417.434,615.584,540.258,0
7518,0,0,607.311,815.382,607.311,815.382,0
7519,123.899,102.939,142.763,605.189,150.076,706.101,0
7520,254.206,270.722,330.856,563.458,312.249,818.193,0
7521,229.905,128.823,508.838,655.008,613.194,613.019,0
7522,104.599,80.3036,570.508,359.412,630.352,333.841,0
7523,219.504,236.582,329.793,602.507,312.236,818.182,0
7524,28.2001,28.0548,602.254,727.028,612.338,752.148,0
7525,276.308,168.321,506.662,387.793,630.362,334.089,0
7526,124.099,161.179,552.472,256.377,648.14,197.987,0
7527,457.819,274.525,400.629,612.877,613.2,612.727,0
7528,91.4992,84.7698,546.477,633.454,613.312,613.085,0
7529,125.699,95.7174,567.8,683.932,612.208,752.454,0
7530,136.299,127.821,554.57,454.564,615.654,539.684,0
7531,85.7993,61.761,607.532,647.052,613.329,613.218,0
7532,61.2996,50.7108,295.535,204.28,253.016,183.802,0
7533,306.81,190.101,446.127,297.15,355.939,174.077,0
7534,315.41,190.572,509.068,533.13,613.186,612.678,0
7535,273.707,134.054,492.43,636.4,613.341,613.201,0
7536,528.618,314.202,411.146,469.982,615.627,539.677,0
7537,420.716,293.501,437.427,447.554,615.454,540.148,0
7538,45.6999,52.8168,563.366,747.626,611.974,752.814,0
7539,255.006,176.228,200.387,341.63,67.6445,404.503,0
7540,20.6,23.6364,588.003,754.642,611.061,755.268,0
7541,869.135,395.374,281.355,560.266,150.331,706.076,0
7542,471.52,254.474,251.107,555.044,150.251,706.19,0
7543,551.712,328.879,440.351,507.298,615.573,539.699,0
7544,40.1,44.1234,609.208,175.239,648.45,190.848,0
7545,395.615,257.226,441.867,386.476,630.32,334.104,0
7546,29.0001,34.4083,308.235,790.767,311.324,818.47,0
7547,83.2993,71.3978,137.717,635.999,149.961,706.205,0
7548,102.099,84.372,542.603,601.288,613.377,613.261,0
7549,144.7,126.434,540.274,150.686,653.564,130.244,0
7550,365.113,194.557,157.7,514.869,67.7711,405.324,0
7551,99.3991,94.6747,162.785,647.976,150.706,706.154,0
7552,242.806,244.738,332.364,594.845,312.366,818.141,0
7553,98.5991,73.6626,588.11,667.986,613.212,612.88,0
7554,156.8,127.691,131.641,586.388,149.573,706.306,0
7555,65.9996,78.5916,586.773,475.124,615.632,539.703,0
7556,61.3996,66.973,340.659,203.039,349.185,174.508,0
7557,60.8996,56.3592,591.807,700.724,612.295,752.122,0
7558,0,0,653.263,195.681,653.263,195.681,0
7559,147.9,115.761,255.855,751.381,310.87,818.727,0
7560,274.808,189.278,188.413,478.537,67.5253,405.969,0
7561,152.7,131.845,296.069,293.286,251.725,184.289,0
7562,202.203,174.409,133.488,520.308,67.7325,405.55,0
7563,459.019,307.565,424.747,439.348,615.529,539.842,0
7564,493.821,282.695,475.571,490.423,615.518,539.856,0
7565,25.8001,27.1579,600.267,786.89,607.281,809.566,0
7566,70.4995,53.9473,112.374,418.102,67.6274,404.706,0
7567,85.8993,80.3883,582.35,185.232,647.716,191.795,0
7568,380.614,221.712,500.274,519.265,613.323,612.387,0
7569,138.799,139.842,268.484,711.244,151.915,706.781,0
7570,93.9991,108.66,559.518,200.803,648.168,190.976,0
7571,352.312,232.504,351.853,371.854,349.596,174.63,0
7572,253.106,174.304,506.207,388.125,630.322,334.054,0
7573,35.7,41.2325,614.424,175.142,648.179,190.966,0
7574,53.2998,61.9606,597.706,201.635,647.883,197.771,0
7575,37.8,46.1383,277.915,797.294,311.068,818.687,0
7576,71.5995,54.8866,598.516,128.429,653.599,129.677,0
7577,218.104,140.77,286.81,311.867,250.82,184.679,0
7578,30.9001,27.5583,403.824,105.123,405.624,78.0556,0
7579,248.206,182.897,416.818,294.926,355.537,174.436,0
7580,210.604,150.349,495.792,337.874,630.299,334.063,0
7581,600.4,342.693,419.377,494.24,615.597,539.661,0
7582,0,0,350.996,174.725,350.996,174.725,0
7583,38.9,50.1567,326.381,770.258,313.003,818.074,0
7584,129.399,109.937,544.668,124.055,653.653,129.677,0
7585,247.506,203.527,178.938,535.686,149.948,706.207,0
7586,383.414,233.224,265.43,430.02,67.7235,404.914,0
7587,6.5,6.71829,347.218,180.944,349.531,174.637,0
7588,427.517,261.967,484.879,486.743,615.47,540.068,0
7589,389.015,246.953,459.223,459.375,615.617,539.583,0
7590,43.4999,47.6031,310.273,778.818,311.777,818.427,0
7591,307.41,225.58,389.859,335.127,349.835,174.729,0
7592,40.7,39.0528,579.492,796.083,606.673,811.088,0
7593,24.8001,29.9204,622.814,212.59,648.614,198.198,0
7594,422.217,292.01,235.282,508.388,67.3629,406.343,0
7595,312.41,160.574,211.007,359.729,67.7836,405.079,0
7596,7.1,6.85425,639.826,194.759,646.622,194.608,0
7597,31.1001,32.7865,569.725,834.515,602.365,833.266,0
7598,448.318,259.786,409.526,602.328,613.159,612.679,0
7599,16.7,17.9315,84.8714,409.496,67.8332,405.257,0
7600,52.4998,51.7265,302.969,187.136,349.167,174.391,0
7601,167.901,136.919,355.373,269.019,349.962,174.778,0
7602,19.9,21.3128,581.096,831.502,602.404,833.279,0
7603,73.1995,67.1482,282.417,776.766,311.032,818.743,0
7604,239.005,283.809,334.234,410.882,251.644,184.261,0
7605,423.917,310.537,323.568,458.134,67.4653,404.466,0
7606,139.799,176.102,534.041,296.425,648.199,197.977,0
7607,488.221,270.076,430.978,593.146,613.224,612.916,0
7608,403.915,169.008,218.99,418.016,67.6491,405.649,0
7609,59.0997,64.7085,561.188,789.916,606.763,811.126,0
7610,124.599,109.826,546.375,662.333,613.307,613.119,0
7611,290.208,216.012,485.324,458.318,615.726,539.434,0
7612,311.41,311.034,338.606,533.31,312.251,818.22,0
7613,168.101,117.992,229.377,755.388,152.754,707.097,0
7614,253.106,193.281,405.103,296.01,355.358,174.481,0
7615,0.9,0.288613,65.9672,401.216,65.8134,401.46,0
7616,499.021,301.76,423.029,558.234,613.209,613.03,0
7617,554.612,376.347,371.366,506.222,615.586,539.597,0
7618,330.011,303.51,342.51,541.528,313.04,818.073,0
7619,538.516,232.439,280.312,586.171,150.325,706.184,0
7620,199.903,144.714,567.741,412.845,630.383,334.051,0
7621,344.612,136.545,487.54,627.642,613.297,613.051,0
7622,387.814,187.433,449.012,638.496,613.313,613.244,0
7623,167.501,199.607,517.224,265.736,647.93,197.764,0
7624,347.212,251.451,308.714,370.288,249.501,185.249,0
7625,128.499,117.176,548.315,153.878,653.553,130.284,0
7626,51.5998,62.0763,595.293,201.464,647.988,197.969,0
7627,62.3996,67.2785,191.949,681.335,151.536,706.61,0
7628,407.016,205.141,460.658,667.285,613.26,613.115,0
7629,385.214,210.815,472.773,406.571,630.311,334.069,0
7630,303.309,147.95,445.342,142.641,356.216,173.22,0
7631,441.518,312.885,323.183,457.277,67.3747,404.087,0
7632,458.719,295.482,419.212,416.256,630.278,334.123,0
7633,177.802,189.466,427.62,711.925,313.498,818.329,0
7634,124.699,104.289,549.26,127.555,653.592,129.738,0
7635,231.705,140.874,474.628,155.627,356.251,173.149,0
7636,451.318,333.184,351.501,476.343,349.356,174.522,0
7637,176.302,208.842,518.738,258.75,648.298,198.082,0
7638,266.907,219.816,384.866,333.921,349.793,174.72,0
7639,469.519,328.166,285.244,492.52,67.4759,406.042,0
7640,177.602,139.781,331.908,276.89,349.732,174.655,0
7641,290.509,243.265,271.977,414.322,67.5207,404.292,0
7642,28.8001,35.1947,319.499,189.908,350.254,174.948,0
7643,74.1994,78.3849,538.531,613.521,613.21,612.68,0
7644,166.001,155.835,93.2042,495.498,67.7583,405.405,0
7645,339.912,226.722,485.428,272.747,356.018,173.635,0
7646,176.502,148.491,507.566,121.642,653.48,129.773,0
7647,71.1995,49.1985,118.772,399.397,67.7711,404.957,0
7648,122.599,96.0735,139.317,609.849,149.871,706.186,0
7649,228.005,135.934,212.815,310.43,248.091,184.664,0
7650,459.619,256.337,460.976,470.372,615.506,539.825,0
7651,176.602,167.88,538.222,228.028,647.706,191.725,0
7652,112.499,139.272,323.475,697.728,312.344,818.091,0
7653,195.503,154.179,161.226,567.459,150.745,706.241,0
7654,108.599,95.064,191.545,234.775,248.498,184.801,0
7655,449.018,204.737,465.675,648.689,613.239,612.835,0
7656,243.206,180.593,462.293,575.364,613.322,612.497,0
7657,71.8995,64.5494,408.618,152.058,356.059,173.51,0
7658,0,0,610.41,809.477,610.41,809.477,0
7659,0,0,618.485,538.541,618.485,538.541,0
7660,268.607,170.012,219.274,357.688,67.7136,404.88,0
7661,154.2,138.868,312.645,294.101,251.141,184.603,0
7662,386.814,220.038,475.373,406.103,630.377,334.1,0
7663,79.0994,59.4794,125.505,401.164,67.7183,404.795,0
7664,110.799,84.69,532.372,614.226,613.254,612.564,0
7665,467.319,220.84,303.104,638.327,150.347,706.143,0
7666,196.903,113.214,513.415,637.772,613.251,613.152,0
7667,42.2999,34.095,240.431,218.423,249.254,185.139,0
7668,218.704,169.298,147.754,544.578,149.994,706.161,0
7669,0.7,0.165359,406.01,78.2219,406.198,78.1155,0
7670,229.405,219.52,509.031,505.693,615.525,540.14,0
7671,154,161.245,272.189,697.312,151.56,706.636,0
7672,252.606,123.868,194.263,261.906,248.2,184.657,0
7673,315.21,125.247,164.133,432.435,67.7293,405.641,0
7674,584.904,364.869,393.581,518.396,615.551,540.094,0
7675,177.502,140.082,244.436,314.584,249.511,185.205,0
7676,362.713,262.993,435.466,441.82,615.569,540.103,0
7677,105.699,82.5737,137.471,624.87,149.911,706.214,0
7678,139.899,125.869,362.801,240.816,349.645,174.589,0
7679,471.42,270.6,457.222,479.764,615.46,540.029,0
7680,502.021,307.843,407.425,567.759,613.323,612.494,0
7681,181.102,140.831,171.3,590.587,150.737,706.17,0
7682,83.2993,71.7985,413.843,146.785,356.21,173.232,0
7683,83.5993,93.5302,283.998,261.438,250.486,184.811,0
7684,158.3,155.034,309.044,689.946,312.769,817.999,0
7685,124.499,111.203,307.225,246.064,349.647,174.55,0
7686,31.3001,40.4447,322.119,779.139,312.96,818.074,0
7687,1,0.33676,640.889,287.338,640.802,287.012,0
7688,6.7,6.38259,599.614,812.905,605.979,812.848,0
7689,154.1,115.161,546.421,572.032,613.307,612.365,0
7690,177.702,130.359,525.69,666.519,613.294,613.153,0
7691,354.512,248.29,471.051,501.649,613.28,612.494,0
7692,420.516,298.239,408.105,407.653,349.483,174.519,0
7693,117.799,100.291,553.405,127.916,653.625,130.346,0
7694,115.399,88.7638,548.264,333.705,630.359,333.764,0
7695,130.399,124.885,264.62,727.385,152.648,707.028,0
7696,165.101,186.028,388.787,676.005,313.741,818.376,0
7697,46.3999,61.9513,210.118,720.652,151.352,706.469,0
7698,156,128.006,527.133,708.116,612.145,752.572,0
7699,286.408,245.432,215.863,524.328,151.086,706.387,0
7700,296.209,195.022,440.336,312.462,355.738,174.302,0
7701,300.709,220.97,492.08,423.66,630.27,334.05,0
7702,53.8997,61.4632,279.972,781.886,310.792,818.748,0
7703,39.4,30.2529,232.415,206.306,248.449,184.845,0
7704,7.2,8.01038,622.854,336.942,630.474,334.476,0
7705,163.101,162.209,284.566,695.662,311.359,818.453,0
7706,102.599,83.8164,116.936,450.254,67.677,404.848,0
7707,52.2998,64.6632,212.332,722.712,151.923,706.834,0
7708,113.699,91.0667,553.795,710.615,612.133,752.675,0
7709,180.102,140.038,169.374,355.275,67.709,404.862,0
7710,52.7998,38.8521,277.581,210.189,252.355,184.041,0
7711,58.7997,61.5972,614.541,240.29,635.949,282.484,0
7712,21.2,20.8153,593.446,608.119,613.306,613.192,0
7713,90.8992,70.6165,418.702,149.765,355.935,174.11,0
7714,54.0997,45.9836,111.652,396.344,67.6537,404.753,0
7715,58.3997,56.1755,610.826,160.757,648.446,190.807,0
7716,129.299,149.143,344.862,677.293,313.11,818.104,0
7717,362.413,205.28,293.738,634.335,150.258,706.198,0
7718,14.3,13.4618,637.778,206.046,648.401,198.218,0
7719,69.2995,70.1648,583.393,309.307,630.318,334.151,0
7720,0,0,313.986,824.737,313.986,824.737,0
7721,472.82,331.67,364.428,472.246,349.595,174.597,0
7722,17.1,16.2763,606.522,554.331,616.888,543.389,0
7723,342.212,242.389,502.13,484.215,615.524,539.842,0
7724,131.599,91.8515,524.011,608.361,613.186,612.678,0
7725,132.999,102.216,534.359,354.425,630.403,334.494,0
7726,999.903,406.103,478.959,634.864,476.297,634.951,1
7727,67.6995,82.5373,540.819,754.014,611.206,754.915,0
7728,233.405,155.915,523.612,389.796,630.296,334.065,0
7729,47.9998,51.9499,608.097,168.004,647.875,191.594,0
7730,165.801,133.061,160.904,589.364,150.785,706.257,0
7731,481.32,269.083,473.968,480.887,615.665,539.737,0
7732,225.105,202.499,352.534,635.387,312.386,818.119,0
7733,199.103,131.55,452.387,223.209,355.894,173.978,0
7734,36.4,39.7088,311.948,187.301,349.52,174.604,0
7735,116.199,85.6025,577.661,681.531,612.375,751.94,0
7736,14.6,13.7522,364.347,184.737,355.434,174.459,0
7737,111.599,93.0974,234.584,272.94,249.11,185.136,0
7738,35.3,43.7899,610.508,218.139,648.383,198.235,0
7739,232.705,182.677,395.144,290.337,355.909,174.057,0
7740,19.8,26.046,614.918,291.289,636.031,282.557,0
7741,227.205,178.945,462.158,574.682,613.185,612.771,0
7742,426.917,241.985,242.573,460.36,67.5796,405.747,0
7743,328.111,200.697,199.586,473.391,67.6316,405.866,0
7744,365.013,226.317,475.273,411.686,630.321,334.073,0
7745,40.3,47.2484,195.206,716.641,151.489,706.494,0
7746,105.199,106.13,564.117,470.381,615.563,540.021,0
7747,252.206,151.797,483.556,606.442,613.36,612.339,0
7748,290.008,194.156,474.786,545.413,613.305,612.503,0
7749,285.908,174.172,565.671,527.982,613.277,612.518,0
7750,106.899,89.0636,564.277,361.11,630.266,333.884,0
7751,104.499,86.0641,179.698,210.668,248.502,184.792,0
7752,325.911,176.353,224.747,397.657,67.8084,405.076,0
7753,229.605,139.635,422.509,267.405,355.909,174.107,0
7754,283.708,172.385,446.111,276.626,355.623,174.405,0
7755,113.999,92.2516,553.049,710.199,611.77,753.305,0
7756,93.6991,74.9322,142.399,395.995,67.7145,405.513,0
7757,213.104,187.257,356.858,649.714,312.925,817.975,0
7758,571.707,367.808,373.865,500.113,615.556,539.75,0
7759,123.199,112.582,562.217,380.865,630.437,334.407,0
7760,114.399,85.8665,307.65,742.826,311.118,818.594,0
7761,251.506,165.61,242.033,339.946,250.068,185.018,0
7762,27.5001,29.711,572.835,832.424,602.451,833.275,0
7763,284.008,212.873,286.155,378.219,251.158,184.457,0
7764,135.399,116.983,542.484,670.11,613.248,612.901,0
7765,335.111,254.998,291.578,430.967,67.4453,404.135,0
7766,182.702,145.998,241.657,318.198,249.362,185.201,0
7767,246.906,185.811,206.519,572.919,150.454,706.123,0
7768,13.3,12.2996,590.346,834.934,602.423,833.537,0
7769,328.411,223.253,370.232,370.247,349.949,174.783,0
7770,331.011,136.446,164.493,438.631,67.8184,405.245,0
7771,150.7,146.482,253.278,664.202,151.831,706.709,0
7772,288.808,183.002,519.17,532.29,613.181,612.641,0
7773,191.102,127.889,417.708,248.605,355.835,174.325,0
7774,390.515,214.558,426.999,627.797,613.167,612.656,0
7775,251.306,119.87,224.315,298.969,248.853,185.028,0
7776,42.8999,34.6041,286.415,189.35,253.611,182.321,0
7777,339.011,174.743,507.127,684.128,613.28,613.223,0
7778,280.108,245.293,267.431,404.11,251.43,184.494,0
7779,73.8994,71.0227,194.497,677.899,150.762,706.281,0
7780,21.3,26.3378,627.266,129.477,653.556,130.072,0
7781,150.7,133.029,531.945,681.63,613.306,613.079,0
7782,158.3,104.512,238.209,279.812,249.121,185.059,0
7783,633.992,320.438,316.614,526.265,150.338,706.119,0
7784,120.099,101.602,403.549,223.339,355.691,174.334,0
7785,118.199,91.6564,223.594,271.8,249.116,185.118,0
7786,482.02,342.201,350.412,455.94,349.554,174.613,0
7787,332.111,222.866,222.226,475.777,67.4032,406.346,0
7788,69.2995,51.6613,119.049,403.949,67.6623,405.596,0
7789,299.209,252.549,281.575,432.35,67.3534,404.055,0
7790,615.297,323.147,228.884,541.249,150.284,706.051,0
7791,258.507,176.244,157.398,505.481,67.4863,405.948,0
7792,99.899,109.894,538.102,714.294,611.86,753.182,0
7793,5.2,4.6908,643.012,198.096,647.461,196.609,0
7794,47.4998,52.0838,610.133,165.049,648.412,190.901,0
7795,358.113,172.999,487.497,663.313,613.304,613.228,0
7796,165.501,102.582,231.963,282.75,249.574,185.209,0
7797,76.8994,91.9256,527.77,779.977,611.155,755.495,0
7798,1.9,1.007,402.244,68.8685,402.798,69.7097,0
7799,15.2,17.0166,84.0057,409.964,67.8043,405.269,0
7800,102.699,123.636,584.83,282.479,648.21,197.969,0
7801,8.8,9.34319,645.6,207.032,648.902,198.445,0
7802,85.4993,73.7388,573.841,353.426,630.305,334.13,0
7803,29.3001,40.1236,188.901,715.579,151.494,706.493,0
7804,277.208,126.836,176.178,420.537,67.6769,405.371,0
7805,411.516,211.494,482.91,685.246,613.292,613.045,0
7806,222.904,180.009,474.14,563.667,613.258,612.423,0
7807,115.799,101.244,553.892,121.772,653.641,130.252,0
7808,261.107,175.657,204.673,583.033,150.179,706.159,0
7809,287.408,202.202,283.834,365.26,250.708,184.828,0
7810,271.807,243.665,507.38,489.136,615.471,540.06,0
7811,209.904,156.27,234.265,327.244,249.67,185.212,0
7812,29.9001,34.7341,319.322,784.39,312.722,817.972,0
7813,163.801,97.7831,166.143,406.84,67.7199,404.921,0
7814,98.7991,103.12,598.645,461.465,615.652,539.658,0
7815,198.403,147.781,566.028,412.461,630.33,334.074,0
7816,170.901,172.109,297.668,697.747,310.359,818.903,0
7817,129.199,140.635,502.223,719.64,611.772,753.334,0
7818,195.403,148.522,199.577,372.49,67.6569,404.915,0
7819,264.607,164.914,459.087,598.21,613.305,613.084,0
7820,182.302,150.864,517.85,138.603,653.564,129.567,0
7821,351.812,177.241,224.057,359.436,67.6955,405.484,0
7822,95.4991,70.4521,423.479,177.862,356.212,173.402,0
7823,438.418,285.967,267.514,469.415,67.6877,404.9,0
7824,10.8,12.69,345.978,186.754,350.674,175.003,0
7825,24.1001,26.9529,323.562,181.126,349.252,174.506,0
7826,96.2991,119.009,361.129,715.173,313.591,818.274,0
7827,87.2992,106.498,325.576,717.838,312.43,818.09,0
7828,528.218,378.633,388.526,533.039,613.202,612.71,0
7829,198.703,161.529,194.028,590.718,150.703,706.159,0
7830,259.107,190.391,344.436,321.624,349.655,174.738,0
7831,273.207,174.619,504.127,393.49,630.317,334.119,0
7832,155.3,110.371,158.07,609.841,149.923,706.154,0
7833,233.205,159.717,229.304,324.763,249.49,185.244,0
7834,189.302,223.749,498.435,258.667,647.949,197.716,0
7835,138.699,117.521,352.243,255.013,349.68,174.612,0
7836,88.5992,74.1953,267.322,255.607,249.177,185.138,0
7837,231.205,176.081,515.815,445.941,615.569,539.703,0
7838,146.6,138.416,307.06,299.37,250.938,184.606,0
7839,276.608,176.674,248.519,347.042,249.785,185.136,0
7840,424.117,274.783,423.868,431.962,615.542,540.205,0
7841,17.7,17.2133,260.247,199.651,252.817,183.918,0
7842,221.104,223.584,314.524,622.43,312.326,818.083,0
7843,78.7994,102.669,577.14,238.299,648.064,198.028,0
7844,250.106,222.285,606.347,383.405,615.615,539.567,0
7845,237.605,183.876,275.721,352.146,251.723,184.346,0
7846,166.401,132.205,333.218,277.028,349.746,174.733,0
7847,187.602,165.148,317.334,311.786,251.085,184.595,0
7848,178.102,135.855,300.159,297.317,250.773,184.729,0
7849,31.9001,39.5881,615.186,176.713,647.796,191.369,0
7850,202.603,150.835,335.183,291.127,349.71,174.664,0
7851,51.5998,38.5588,290.307,190.657,253.324,182.977,0
7852,131.999,116.91,564.433,384.982,630.414,334.347,0
7853,345.612,229.937,483.713,510.198,613.284,613.176,0
7854,521.22,281.768,395.778,633.709,613.283,613.201,0
7855,60.9996,66.3944,426.084,132.966,405.944,78.1881,0
7856,59.4997,65.3036,604.159,251.422,635.931,282.393,0
7857,271.607,188.427,182.223,474.075,67.4698,406.14,0
7858,112.999,140.328,380.774,706.599,313.523,818.265,0
7859,194.203,124.61,215.774,303.305,248.754,184.965,0
7860,116.599,101.667,562.124,370.911,630.429,334.451,0
7861,380.114,223.164,472.281,369.906,630.354,334.059,0
7862,165.601,143.627,585.673,423.154,615.72,539.557,0
7863,210.604,109.15,176.138,406.605,67.6614,404.91,0
7864,269.307,183.465,170.055,494.377,67.4781,406.107,0
7865,113.899,92.6874,535.173,599.418,613.215,612.676,0
7866,306.409,215.458,348.862,349.374,350.101,174.806,0
7867,187.202,176.51,271.306,655.213,151.758,706.706,0
7868,23.3001,24.3596,412.212,101.356,406.273,78.089,0
7869,285.408,229.795,265.236,426.529,67.3617,404.224,0
7870,265.507,213.229,294.446,365.522,251.502,184.424,0
7871,7.5,6.79604,606.523,613.468,613.208,612.821,0
7872,111.399,87.7968,567.383,665.339,613.334,613.078,0
7873,147.5,106.366,421.105,233.635,355.56,174.366,0
7874,240.906,207.264,490.471,441.393,615.55,540.148,0
7875,94.9991,84.4928,354.905,202.215,350.084,174.765,0
7876,456.619,280.48,414.316,600.466,613.158,612.601,0
7877,87.8992,88.5807,533.783,753.4,611.074,755.42,0
7878,305.809,230.618,469.233,427.747,615.644,539.595,0
7879,27.0001,31.6394,620.099,202.317,647.667,197.16,0
7880,378.014,255.576,445.222,438.568,615.574,540.295,0
7881,34.4,33.2311,389.207,176.139,356.098,173.635,0
7882,451.618,295.114,445.856,568.688,613.279,612.539,0
7883,305.809,202.485,284.617,366.445,250.417,184.899,0
7884,88.0992,64.1848,113.325,430.284,67.6902,404.818,0
7885,316.51,227.181,393.521,337.485,349.886,174.703,0
7886,127.399,103.889,156.252,618.408,150.567,706.187,0
7887,279.408,135.705,482.566,184.834,356.337,173.166,0
7888,493.821,266.059,445.305,575.622,613.351,613.235,0
7889,158.8,124.144,277.39,728.532,311.212,818.581,0
7890,355.712,166.939,251.683,617.53,150.263,706.157,0
7891,51.2998,62.8622,550.943,762.363,611.24,754.757,0
7892,284.108,197.018,298.105,349.981,250.55,184.788,0
7893,416.216,181.271,460.314,637.524,613.337,613.093,0
7894,39.3,35.2631,602.424,586.063,613.554,611.822,0
7895,188.402,142.831,244.548,318.774,249.486,185.213,0
7896,40.7999,50.4506,602.3,213.983,648.304,198.141,0
7897,215.504,161.47,354.321,304.614,349.895,174.751,0
7898,253.806,167.206,499.19,353.784,630.359,334.133,0
7899,406.116,279.446,515.908,483.922,615.51,540.206,0
7900,28.2001,29.4606,573.234,835.8,602.404,833.324,0
7901,33.5001,44.3929,321.33,774.976,312.815,818.041,0
7902,204.303,147.164,123.793,576.624,150.599,706.158,0
7903,999.903,86.2172,563.54,548.132,561.494,554.763,1
7904,216.804,150.751,521.76,558.997,613.333,612.528,0
7905,97.2991,79.5928,186.261,211.977,248.246,184.684,0
7906,10.2,9.39388,354.439,184.404,352.661,175.62,0
7907,55.0997,54.9855,179.913,673.553,150.291,706.141,0
7908,284.708,162.931,178.274,300.592,248.384,184.799,0
7909,370.713,270.349,347.878,391.012,349.458,174.479,0
7910,99.1991,90.2394,229.395,271.947,249.099,185.124,0
7911,403.115,302.194,259.364,517.294,67.3923,406.338,0
7912,231.005,292.713,332.045,420.979,251.795,184.329,0
7913,321.11,314.51,349.102,525.529,312.439,818.137,0
7914,94.9991,115.095,350.908,711.013,312.797,818.021,0
7915,18.1,18.2864,591.734,802.809,607.056,810.337,0
7916,140.199,108.357,293.13,735.018,311.483,818.38,0
7917,452.918,268.925,455.245,457.938,615.5,539.833,0
7918,282.908,162.256,167.189,482.253,67.492,406.007,0
7919,21.5,22.6556,594.875,766.363,611.177,754.908,0
7920,148.9,169.661,409.757,707.397,313.635,818.427,0
7921,97.5991,108.461,568.068,168.397,653.605,130.31,0
7922,438.218,281.893,432.396,425.569,615.659,539.715,0
7923,361.613,248.987,421.938,344.739,355.387,174.523,0
7924,299.909,223.21,395.142,336.051,349.489,174.584,0
7925,0,0,617.469,542.449,617.469,542.449,0
7926,311.31,182.667,506.661,535.723,613.299,612.417,0
7927,303.409,200.926,193.963,478.044,67.491,405.937,0
7928,13.6,15.1348,369.159,181.004,355.917,174.022,0
7929,93.6991,97.6006,579.742,457.185,615.596,539.562,0
7930,302.009,179.682,541.894,526.88,613.181,612.745,0
7931,439.518,262.655,450.195,408.094,630.359,334.119,0
7932,360.313,307.358,288.672,475.672,67.2582,403.806,0
7933,477.22,353.488,356.981,472.667,350.001,174.813,0
7934,262.807,166.614,230.278,339.523,249.857,185.134,0
7935,295.609,226.979,475.737,459.34,615.664,539.674,0
7936,191.702,113.553,222.517,752.222,152.813,707.092,0
7937,35.5,36.8281,413.882,113.617,406.259,78.0743,0
7938,91.1992,85.7173,340.244,230.792,349.796,174.702,0
7939,371.713,215.742,477.369,414.64,630.253,334.133,0
7940,53.9997,51.717,323.612,206.86,349.466,174.465,0
7941,130.699,113.726,541.804,701.248,611.991,753.04,0
7942,183.402,140.943,174.092,592.032,150.74,706.157,0
7943,108.899,78.6049,286.091,768.212,311.463,818.468,0
7944,32.9001,27.1134,235.439,204.911,248.991,185.011,0
7945,217.304,197.868,132.35,528.759,149.391,706.385,0
7946,63.8996,82.7816,332.707,738.183,312.853,818.015,0
7947,77.0994,85.1936,234,726.657,152.227,706.857,0
7948,274.908,205.128,485.37,439.616,615.575,539.829,0
7949,162.101,112.941,142.813,594.506,150.033,706.202,0
7950,80.7993,79.9599,536.671,615.432,613.248,612.595,0
7951,75.8994,101.992,582.973,260.503,647.961,197.926,0
7952,235.505,186.132,398.535,292.173,355.587,174.406,0
7953,210.904,144.897,434.859,260.137,355.379,174.416,0
7954,414.916,275.01,428.18,429.577,615.573,539.711,0
7955,200.803,166.728,489.415,115.64,653.544,129.879,0
7956,100.799,70.7,416.479,195.146,356.27,173.141,0
7957,121.999,144.205,535.432,208.183,647.882,191.692,0
7958,256.606,163.327,211.096,359.198,67.7914,404.974,0
7959,61.9996,57.5178,606.575,161.305,648.265,190.861,0
7960,127.699,107.985,406.78,229.404,355.519,174.413,0
7961,5.6,5.57052,254.563,189.236,252.833,183.946,0
7962,228.505,182.107,203.649,580.868,151.13,706.372,0
7963,580.705,339.222,301.285,517.923,150.318,706.19,0
7964,134.099,149.137,535.694,213.619,647.923,191.285,0
7965,467.019,242.202,436.327,603.38,613.181,612.949,0
7966,304.609,223.817,481.663,461.451,615.55,539.762,0
7967,142.199,124.974,556.242,451.935,615.638,539.608,0
7968,420.016,222.669,469.434,367.03,630.345,334.13,0
7969,337.411,186.439,250.167,396.245,67.5888,404.693,0
7970,168.801,138.248,292.506,295.684,250.912,184.744,0
7971,103.499,88.3224,118.296,453.129,67.7203,404.755,0
7972,319.51,327.625,366.183,523.997,312.331,818.056,0
7973,53.8997,50.2755,604.936,296,635.921,282.395,0
7974,170.601,150.648,176.93,590.743,150.953,706.257,0
7975,51.9998,58.7197,279.304,783.988,310.568,818.773,0
7976,167.001,99.9738,518.819,627.056,613.208,612.886,0
7977,16,20.3508,318.287,798.605,312.566,817.957,0
7978,109.399,126.091,351.929,700.381,312.976,818.086,0
7979,221.904,162.304,148.193,542.211,150.248,706.088,0
7980,100.499,110.918,553.927,481.327,615.481,540.139,0
7981,335.911,330.439,379.578,538.493,313.002,818.059,0
7982,265.807,247.256,347.52,596.377,312.949,818.117,0
7983,383.914,251.674,234.214,493.47,67.3052,406.472,0
7984,354.312,162.705,249.356,618.816,150.281,706.052,0
7985,241.406,190.788,274.286,358.978,251.612,184.397,0
7986,344.712,229.76,453.94,331.544,355.36,174.509,0
7987,407.016,266.965,417.19,373.255,355.84,174.31,0
7988,73.7994,67.574,139.939,641.549,149.842,706.27,0
7989,238.605,193.573,379,306.653,349.802,174.655,0
7990,123.799,91.0504,555.341,324.466,630.296,333.909,0
7991,101.799,101.553,238.912,740.285,152.442,706.932,0
7992,327.511,180.529,249.392,350.978,249.861,185.089,0
7993,46.2999,55.7293,598.091,208.066,647.67,197.115,0
7994,231.205,115.51,167.662,420.763,67.788,405.301,0
7995,0,0,356.296,168.964,356.296,168.964,0
7996,390.415,287.085,392.201,393.641,349.631,174.576,0
7997,413.216,179.791,210.368,434.51,67.7436,405.476,0
7998,68.7995,61.2271,299.518,771.508,311.099,818.613,0
7999,200.103,130.04,467.514,172.373,356.046,173.625,0
8000,388.815,295.758,279.38,476.771,67.2665,403.943,0
8001,130.399,129.422,116.359,493.715,67.6556,405.494,0
8002,15,17.0067,414.551,92.5426,407.768,77.4979,0
8003,126.199,110.225,557.541,157.053,653.533,130.116,0
8004,457.019,284.551,305.544,453.935,67.7039,404.84,0
8005,119.699,144.811,386.499,708.796,313.484,818.292,0
8006,0,0,408.171,71.5394,408.171,71.5394,0
8007,77.0994,74.2836,136.404,636.538,149.944,706.223,0
8008,102.299,84.227,183.06,208.172,248.753,184.911,0
8009,58.7997,35.2704,276.818,208.583,252.494,183.999,0
8010,19.2,25.0963,288.074,811.813,311.866,818.348,0
8011,537.016,277.64,301.144,559.279,150.264,706.083,0
8012,504.122,314.499,406.938,479.604,615.656,539.549,0
8013,189.902,146.197,330.438,289.137,349.639,174.59,0
8014,88.1992,96.3139,565.755,482.201,615.568,540.337,0
8015,49.0998,52.3237,411.705,128.034,405.935,78.2254,0
8016,113.599,93.748,217.784,264.887,248.88,185.034,0
8017,155.8,190.488,511.499,293.684,647.963,197.762,0
8018,542.615,323.587,406.439,577.341,613.35,612.553,0
8019,228.605,158.243,160.163,560.474,150.262,706.086,0
8020,6.4,6.11698,306.543,815.125,311.549,818.394,0
8021,461.619,321.896,310.842,475.276,67.4866,406.14,0
8022,550.513,350.096,377.082,491.703,615.619,539.678,0
8023,283.508,287.291,326.161,548.282,312.852,818.034,0
8024,247.806,146.293,223.997,638.419,150.965,706.29,0
8025,228.205,143.729,497.008,339.596,630.316,334.054,0
8026,130.199,88.53,605.812,701.188,612.357,751.906,0
8027,275.608,137.256,201.686,397.549,67.6903,405.629,0
8028,49.8998,48.8223,302.477,182.434,349.164,174.432,0
8029,131.099,114.218,183.373,253.26,248.321,184.824,0
8030,521.42,306.649,280.59,523.849,150.321,706.137,0
8031,342.912,233.029,427.996,334.765,355.36,174.452,0
8032,160.001,157.223,274.889,699.764,152.928,707.158,0
8033,322.21,311.663,363.522,538.84,312.361,818.143,0
8034,59.3997,55.8597,600.261,139.833,653.569,129.638,0
8035,277.008,219.47,487.521,459.552,615.57,540.267,0
8036,145.6,109.817,555.737,685.318,612.369,752.081,0
8037,254.106,129.461,212.236,247.379,248.473,184.717,0
8038,219.304,111.669,228.923,290.673,249.308,185.167,0
8039,316.31,175.736,217.504,226.096,248.265,184.681,0
8040,176.702,128.201,177.368,374.807,67.701,404.778,0
8041,243.406,236.615,323.378,375.655,250.845,184.734,0
8042,57.6997,46.3414,141.87,660.959,150.59,706.173,0
8043,217.904,215.185,512.767,507.894,615.583,540.27,0
8044,107.899,87.6144,566.96,695.936,611.918,753.216,0
8045,116.399,98.3713,138.067,610.074,149.883,706.159,0
8046,156.7,177.899,418.351,710.956,313.716,818.362,0
8047,0,0,315.616,825.494,315.616,825.494,0
8048,365.613,266.334,406.328,376.84,350.121,174.84,0
8049,105.799,131.05,538.79,190.699,647.898,191.193,0
8050,125.799,113.76,574.042,442.128,615.531,539.808,0
8051,511.322,287.7,477.13,493.677,615.669,539.58,0
8052,299.909,180.499,147.789,514.839,67.6691,405.589,0
8053,286.208,161.259,496.74,171.3,356.058,173.581,0
8054,167.401,145.315,570.174,414.082,615.629,539.709,0
8055,6.1,6.23877,645.176,203.28,647.983,197.761,0
8056,325.611,187.956,255.535,354.499,250.249,185.013,0
8057,174.701,136.527,299.218,300.519,251.5,184.384,0
8058,179.602,182.961,297.563,685.284,311.491,818.354,0
8059,142.7,153.805,308.496,699.744,312.605,817.997,0
8060,103.299,85.9741,181.051,209.504,248.751,184.875,0
8061,328.611,234.143,482.118,511.471,613.346,613.202,0
8062,139.399,155.246,308.337,702.003,312.257,818.211,0
8063,215.104,137.283,534.868,658.072,613.253,613.23,0
8064,81.2993,78.3499,424.52,146.786,356.127,173.499,0
8065,322.81,203.878,262.569,356.378,249.45,185.191,0
8066,136.299,125.275,303.15,285.817,250.104,184.996,0
8067,279.208,176.787,160.593,501.644,67.687,405.472,0
8068,36.1,36.2451,258.011,220.196,249.791,185.134,0
8069,132.799,110.241,260.065,292.847,250.248,184.93,0
8070,331.111,206.268,247.198,366.002,249.545,185.208,0
8071,332.011,273.057,296.246,423.059,67.2627,403.899,0
8072,142.399,115.687,464.881,180.594,356.299,173.233,0
8073,261.407,176.378,431.783,302.132,355.412,174.431,0
8074,190.102,229.148,493.578,259.21,648.196,197.999,0
8075,73.0995,60.9957,593.335,132.489,653.583,130.324,0
8076,211.904,162.578,146.521,547.848,150.872,706.313,0
8077,0,0,150.131,707.253,150.131,707.253,0
8078,91.7992,72.1167,396.941,195.993,355.821,174.301,0
8079,999.903,194.809,300.76,670.633,308.281,671.952,1
8080,335.111,157.205,213.937,413.881,67.8437,405.372,0
8081,443.718,261.382,433.307,390.195,630.373,334.084,0
8082,226.705,241.598,400.791,668.801,313.289,818.216,0
8083,187.702,109.284,240.61,281.419,249.086,185.127,0
8084,45.5999,29.8867,594.34,625.811,613.513,613.582,0
8085,200.803,144.135,501.673,338.906,630.377,334.057,0
8086,350.312,227.389,460.169,333.365,355.403,174.546,0
8087,43.8999,45.7038,413.901,122.206,406.194,78.1295,0
8088,129.799,106.588,547.015,123.982,653.654,130.298,0
8089,271.007,176.397,493.281,317.572,630.311,334.079,0
8090,169.301,141.077,103.841,495.178,67.6493,405.518,0
8091,152.6,154.171,541.336,214.207,647.893,191.34,0
8092,70.5995,68.4316,547.23,615.024,613.343,612.463,0
8093,249.406,154.472,190.245,306.195,248.219,184.674,0
8094,395.015,199.422,273.809,615.32,150.347,706.189,0
8095,499.721,323.265,397.513,581.699,613.261,612.578,0
8096,291.809,233.741,465.387,427.509,615.563,540.307,0
8097,133.299,146.36,565.8,413.964,615.588,540.248,0
8098,75.4994,56.9851,112.943,420.086,67.6885,404.907,0
8099,381.914,249.917,417.716,345.402,355.102,174.534,0
8100,325.411,231.997,265.141,417.684,67.2924,403.891,0
8101,205.203,202.639,383.872,698.525,312.321,818.129,0
8102,39.2,49.0543,604.92,212.268,648.351,198.127,0
8103,172.101,112.657,215.084,283.92,248.108,184.727,0
8104,28.4001,33.4264,415.01,109.979,406.144,78.1054,0
8105,166.301,195.039,526.661,252.324,647.856,197.61,0
8106,70.5995,55.5372,598.644,131.686,653.537,129.793,0
8107,55.8997,54.7129,324.487,210.192,349.852,174.781,0
8108,75.8994,66.7123,287.691,791.31,310.725,818.787,0
8109,250.906,153.709,204.981,317.888,248.286,184.76,0
8110,181.502,142.723,330.119,283.42,349.863,174.761,0
8111,442.118,224.287,304.535,625.277,150.291,706.199,0
8112,190.702,171.806,597.691,408.998,615.664,539.676,0
8113,77.5994,79.4518,540.297,610.006,613.294,612.389,0
8114,818.847,444.251,289.584,523.946,150.33,706.19,0
8115,84.6993,67.4855,264.313,250.477,249.365,185.177,0
8116,384.314,258.401,384.926,388.654,349.864,174.831,0
8117,254.706,226.899,350.103,612.374,312.824,818.021,0
8118,5,4.80681,348.948,179.509,350.289,174.894,0
8119,78.4994,74.9629,589.949,366.127,630.367,334.44,0
8120,118.799,104.928,560.327,151.486,653.626,130.322,0
8121,323.511,177.33,204.753,349.365,67.6458,404.752,0
8122,31.6001,35.7009,306.948,789.28,310.976,818.718,0
8123,145.6,99.9979,563.312,318.693,630.322,333.887,0
8124,595.202,311.623,277.769,528.425,150.337,706.069,0
8125,412.216,179.594,212.801,436.487,67.7059,404.936,0
8126,375.814,253.928,369.404,366.131,349.671,174.56,0
8127,6.7,7.56788,646.598,205.657,649.375,198.618,0
8128,230.405,264.488,337.29,391.478,251.252,184.533,0
8129,202.503,158.48,182.834,348.428,67.7125,404.93,0
8130,177.202,122.422,525.485,344.657,630.307,334.04,0
8131,150.6,113.754,527.01,336.149,630.317,333.933,0
8132,246.506,180.78,151.805,525.488,149.913,706.17,0
8133,148.7,119.577,185.618,259.769,248.635,184.93,0
8134,208.504,113.18,203.514,634.24,150.546,706.186,0
8135,87.3992,87.2044,581.926,291.157,630.329,333.859,0
8136,461.619,244.509,402.561,632.223,613.265,613.144,0
8137,432.617,267.024,300.46,425.39,67.643,404.577,0
8138,189.902,97.7698,541.782,636.505,613.381,613.252,0
8139,480.42,359.761,345.762,487.52,349.542,174.603,0
8140,176.902,144.291,360.298,269.118,349.829,174.707,0
8141,333.511,149.699,214.729,405.123,67.799,405.248,0
8142,104.299,84.1564,278.789,765.893,310.55,818.816,0
8143,31.7001,41.7076,185.738,706.275,151.243,706.539,0
8144,42.0999,41.3993,396.324,171.532,356.037,173.674,0
8145,572.707,366.662,372.968,479.458,615.654,539.71,0
8146,109.099,116.428,521.375,726.092,611.855,753.164,0
8147,356.113,185.092,498.891,677.955,613.251,613.106,0
8148,245.506,181.548,509.757,444.077,615.578,539.747,0
8149,5.8,5.47616,601.816,817.256,606.774,814.931,0
8150,374.514,239.749,514.844,474.938,615.646,539.688,0
8151,22.4,26.3267,317.177,792.482,312.375,818.084,0
8152,282.208,143.1,232.658,620.113,150.577,706.194,0
8153,47.6998,46.4442,305.714,188.78,349.411,174.475,0
8154,98.4991,88.6433,318.999,235.558,349.673,174.608,0
8155,207.903,156.663,350.79,305.489,349.693,174.72,0
8156,3.9,2.6868,634.114,284.623,636.467,283.751,0
8157,79.7994,67.8461,600.31,360.823,630.301,334.187,0
8158,9.8,9.15297,76.4093,407.229,67.5778,405.656,0
8159,110.199,119.341,563.354,458.081,615.464,539.934,0
8160,80.9993,61.4584,587.016,656.885,613.291,613.2,0
8161,44.5999,43.3916,574.702,796.754,606.944,810.471,0
8162,123.799,146.245,386.577,708.599,313.48,818.301,0
8163,257.907,121.36,222.352,301.181,249.088,185.132,0
8164,289.708,168.347,174.112,304.552,248.264,184.689,0
8165,453.118,329.284,319.34,485.483,67.3932,404.248,0
8166,206.603,191.118,481.794,124.29,653.554,130.049,0
8167,15.8,15.605,597.924,610.198,613.258,613.164,0
8168,119.499,110.629,582.38,446.384,615.608,539.706,0
8169,330.411,205.822,478.38,274.547,355.963,173.686,0
8170,58.5997,69.055,573.328,502.97,615.787,540.682,0
8171,173.201,123.584,176.357,376.162,67.6856,404.812,0
8172,612.098,307.914,318.983,547.959,150.332,706.189,0
8173,410.116,299.186,358.482,432.507,349.712,174.692,0
8174,175.001,123.602,133.109,589.184,149.892,706.185,0
8175,547.813,232.28,291.907,602.983,150.327,706.058,0
8176,219.504,162.078,160.049,472.743,67.6037,405.733,0
8177,172.001,118.666,164.657,371.091,67.8054,404.987,0
8178,51.6998,53.2301,326.882,205.61,350.275,174.887,0
8179,433.617,212.705,441.02,645.255,613.16,612.971,0
8180,12.1,11.6024,408.145,89.4134,406.219,78.1214,0
8181,280.308,182.583,158.027,507.643,67.5909,405.661,0
8182,123.299,107.444,546.755,666.667,613.238,612.943,0
8183,299.709,162.41,226.859,654.552,150.728,706.219,0
8184,3.2,2.46183,616.753,808.677,614.466,809.582,0
8185,590.003,391.77,392.886,518.751,615.657,539.706,0
8186,262.707,246.146,369.855,607.745,313.118,818.106,0
8187,317.21,175.921,201.556,344.275,67.5897,404.524,0
8188,414.916,295.063,281.488,476.817,67.6319,404.623,0
8189,60.3997,65.3854,407.564,149.4,356.146,173.356,0
8190,375.914,193.812,260.902,626.587,150.34,706.194,0
8191,42.7999,57.8551,598.89,227.34,648.106,197.981,0
8192,45.6999,45.0017,400.441,173.434,356.158,173.351,0
8193,134.399,97.3795,226.911,279.349,249.401,185.229,0
8194,314.61,240.406,285.853,396.614,250.933,184.598,0
8195,434.817,209.668,424.945,632.869,613.314,613.189,0
8196,523.419,333.024,408.722,468.856,615.543,540.023,0
8197,311.01,217.201,393.175,336.697,349.688,174.693,0
8198,0,0,350.649,168.89,350.649,168.89,0
8199,404.715,287.268,378.191,419.464,349.905,174.751,0
8200,9.8,9.90225,404.086,87.7648,406.202,78.0599,0
8201,182.802,147.343,135.142,493.277,67.7568,405.389,0
8202,180.702,98.7033,523.721,625.263,613.227,612.642,0
8203,69.0995,71.8126,549.323,747.458,611.837,753.552,0
8204,231.605,206.543,168.26,530.004,149.866,706.203,0
8205,238.905,158.109,465.579,601.154,613.378,613.331,0
8206,77.3994,79.7287,331.593,233.848,349.334,174.491,0
8207,236.805,166.295,225.426,322.633,249.139,185.143,0
8208,15,19.7919,616.334,281.986,635.985,282.437,0
8209,276.508,199.232,264.332,356.248,251.526,184.435,0
8210,47.5998,52.0891,176.57,672.696,150.327,706.078,0
8211,356.713,210.216,483.361,272.21,356.334,173.125,0
8212,283.308,220.74,391.613,325.83,349.621,174.59,0
8213,185.702,123.606,211.454,302.324,249.084,185.123,0
8214,205.603,182.519,529.651,492.625,615.582,539.741,0
8215,22.1,23.0901,600.093,733.483,612.187,752.594,0
8216,263.107,219.517,486.578,459.616,615.57,540.369,0
8217,213.204,163.073,149.551,493.491,67.7384,405.575,0
8218,325.711,241.065,470.173,453.132,615.492,539.805,0
8219,419.716,253.539,462.962,461.32,615.529,540.221,0
8220,27.9001,24.8617,599.24,596.954,613.45,612.216,0
8221,145.9,161.249,391.828,697.525,313.703,818.388,0
8222,128.599,149.455,318.469,692.003,312.134,818.18,0
8223,337.411,321.13,391.28,577.831,312.697,817.975,0
8224,183.202,173.752,285.01,689.289,310.427,818.892,0
8225,39.4,44.4327,591.852,714.205,612.115,752.664,0
8226,68.9995,82.6852,560.324,500.484,615.657,540.437,0
8227,151.1,99.3745,168.54,402.845,67.7438,405.603,0
8228,4,3.50394,643.406,195.701,646.673,194.455,0
8229,133.299,130.3,129.846,478.303,67.6707,405.491,0
8230,216.504,164.311,208.967,361.375,67.4671,404.439,0
8231,64.5996,76.1843,541.077,760.035,611.064,755.226,0
8232,13.4,12.6419,640.977,129.598,653.554,129.699,0
8233,245.506,176.325,191.704,338.592,67.6339,404.473,0
8234,333.211,308.873,337.824,540.255,312.303,818.099,0
8235,122.899,141.81,509.789,712.796,611.794,753.488,0
8236,400.515,187.928,220.914,430.622,67.7002,404.85,0
8237,75.7994,70.4588,101.621,450.215,67.6689,405.457,0
8238,441.218,260.558,482.229,359.034,630.312,334.074,0
8239,287.908,180.2,566.352,531.561,613.288,612.473,0
8240,186.502,184.809,426.488,711.55,313.038,818.086,0
8241,395.015,293.63,416.381,374.897,349.272,174.495,0
8242,528.018,308.292,433.407,471.282,615.674,540.224,0
8243,320.41,204.929,477.557,536.798,613.281,612.46,0
8244,188.202,162.787,133.325,509.67,67.6557,405.549,0
8245,8.2,9.24731,251.537,193.795,249.071,185.021,0
8246,465.519,331.494,376.133,461.084,350.02,174.816,0
8247,109.499,102.633,337.818,256.109,349.831,174.643,0
8248,4.4,3.66038,250.223,188.62,249.23,185.13,0
8249,248.906,179.078,264.876,340.928,250.437,184.878,0
8250,410.916,231.548,423.421,648.762,613.239,612.73,0
8251,195.903,196.902,324.958,636.496,312.946,818.031,0
8252,4.5,3.65447,314.244,814.739,313.308,818.278,0
8253,168.601,118.95,161.768,373.812,67.8469,404.983,0
8254,301.709,178.281,175.018,304.268,248.232,184.707,0
8255,46.2999,52.1864,310.558,772.986,311.655,818.404,0
8256,163.001,185.152,458.675,714.991,611.828,753.425,0
8257,55.6997,53.77,604.053,168.338,647.764,191.64,0
8258,90.5992,104.917,563.954,196.27,648.074,191.092,0
8259,117.399,91.5007,384.911,202.523,355.647,174.355,0
8260,348.612,209.316,475.762,267.349,356.213,173.288,0
8261,45.3999,45.8365,400.769,170.563,355.742,174.302,0
8262,451.618,278.835,420.167,388.698,630.275,334.095,0
8263,505.022,352.236,388.232,538.882,613.284,612.542,0
8264,349.912,254.752,377.282,390.62,349.787,174.701,0
8265,140.399,112.494,513.688,592.832,613.338,612.532,0
8266,322.21,225.887,347.647,359.241,349.542,174.592,0
8267,307.31,204.218,470.476,297.603,630.317,334.141,0
8268,508.422,312.534,402.527,464.395,615.625,539.555,0
8269,89.1992,81.6892,139.247,628.164,150.079,706.089,0
8270,161.401,159.464,344.303,668.648,313.047,818.077,0
8271,239.105,208.057,369.908,638.339,313.133,818.066,0
8272,0,0,647.654,191.77,647.654,191.77,0
8273,328.711,184.325,261.581,623.251,150.327,706.06,0
8274,730.869,397.061,324.879,501.923,150.326,706.152,0
8275,127.199,133.61,548.573,454.799,615.47,540.102,0
8276,46.5999,49.9776,415.018,126.548,406.163,78.0607,0
8277,124.099,106.262,423.224,227.762,356.148,173.505,0
8278,529.118,312.222,410.443,555.636,613.214,612.99,0
8279,404.315,326.777,317.722,430.739,67.3018,403.83,0
8280,43.6999,47.7135,565.288,807.797,606.601,811.265,0
8281,275.508,193.358,508.827,422.069,630.359,334.138,0
8282,274.208,257.356,360.805,595.451,313.16,818.195,0
8283,143.6,113.832,376.367,216.505,355.507,174.425,0
8284,65.4996,63.0114,602.02,152.77,653.555,130.294,0
8285,264.907,259.203,385.507,605.868,312.383,818.059,0
8286,292.109,220.98,368.949,367.777,349.643,174.554,0
8287,341.312,156.467,484.447,648.604,613.286,613.159,0
8288,422.417,239.49,239.484,461.042,67.694,404.883,0
8289,63.3996,68.3781,564.174,343.096,630.337,334.023,0
8290,384.614,154.755,162.163,452.702,67.6748,405.577,0
8291,140.599,138.543,309.209,296.827,251.307,184.54,0
8292,10.8,11.8129,338.943,178.238,350.096,174.818,0
8293,7.89999,8.4075,150.473,697.736,150.322,706.11,0
8294,175.502,147.806,533.078,690.827,612.39,751.851,0
8295,168.601,122.244,521.047,359.539,630.308,334.06,0
8296,218.304,137.232,288.46,308.036,249.976,185.003,0
8297,49.6998,62.9678,190.16,684.635,151.395,706.543,0
8298,198.803,173.144,485.939,114.596,653.645,129.63,0
8299,296.109,201.198,468.874,544.15,613.261,612.429,0
8300,285.308,217.746,386.639,331.69,349.685,174.739,0
8301,206.803,135.212,453.948,223.292,356.338,173.21,0
8302,92.1992,79.9077,578.307,139.314,653.63,129.687,0
8303,76.9994,73.7282,96.9645,450.943,67.7088,405.457,0
8304,271.407,130.208,225.099,626.785,150.798,706.282,0
8305,285.608,255.078,349.138,584.239,313.02,818.132,0
8306,10.5,10.7017,254.086,194.974,250.66,184.837,0
8307,114.199,118.573,261.448,739.622,151.718,706.731,0
8308,215.704,175.698,383.313,256.704,349.336,174.537,0
8309,205.303,164.419,491.612,115.118,653.596,129.743,0
8310,317.61,129.275,162.539,435.221,67.6062,405.789,0
8311,450.218,262.772,457.575,467.876,615.708,539.437,0
8312,41.0999,49.4787,587.2,520.215,615.646,540.319,0
8313,105.399,79.5709,430.249,178.526,355.806,174.319,0
8314,138.599,116.996,158.546,606.391,149.682,706.266,0
8315,245.806,203.064,391.669,310.984,349.49,174.57,0
8316,319.81,189.939,253.326,347.831,249.389,185.23,0
8317,155.9,114.696,166.855,376.44,67.7415,404.917,0
8318,639.191,363.341,313.298,502.017,150.308,706.075,0
8319,51.2998,50.2885,569.081,738.65,612.181,752.429,0
8320,314.81,303.893,361.966,543.166,312.908,817.971,0
8321,59.2997,71.8157,219.422,724.703,151.928,706.719,0
8322,187.602,148.218,178.116,352.038,67.7364,404.79,0
8323,258.007,183.967,433.748,301.474,355.371,174.387,0
8324,389.915,190.686,485.328,670.5,613.188,613.024,0
8325,376.914,259.404,434.931,442.214,615.6,539.581,0
8326,151.6,133.805,174.828,261.623,247.943,184.647,0
8327,222.204,163.585,532.273,437.903,615.738,539.523,0
8328,35.8,38.0089,145.846,669.083,150.328,706.102,0
8329,281.208,181.018,454.1,607.401,613.268,613.06,0
8330,472.22,329.232,376.025,453.188,350.206,174.909,0
8331,101.899,89.5141,261.375,268.651,249.977,185.003,0
8332,194.603,138.324,522.15,669.397,613.3,613.166,0
8333,0,0,152.136,709.495,152.136,709.495,0
8334,65.2996,73.7382,591.161,191.228,647.864,197.639,0
8335,364.613,259.926,293.992,435.786,67.5309,404.317,0
8336,312.21,206.521,524.234,513.572,613.262,612.444,0
8337,98.6991,108.448,556.556,480.25,615.597,540.377,0
8338,217.604,171.928,121.556,556.972,151.078,706.38,0
8339,51.5998,30.8698,277.677,202.354,252.656,183.931,0
8340,311.51,185.81,490.555,309.036,630.298,334.057,0
8341,487.121,339.306,357.03,472.979,349.841,174.742,0
8342,84.1993,70.508,265.868,253.313,249.827,185.129,0
8343,464.819,295.335,262.44,481.656,67.6453,405.684,0
8344,194.903,145.735,130.888,498.638,67.8221,405.387,0
8345,239.505,150.526,562.152,552.449,613.26,612.523,0
8346,297.009,213.588,492.701,451.972,615.615,539.598,0
8347,69.0995,60.886,597.116,172.709,648.438,190.775,0
8348,61.1996,50.6168,301.357,189.389,253.5,182.559,0
8349,143.7,111.398,222.602,760.421,152.921,707.088,0
8350,26.5001,31.1875,620.92,211.688,648.383,198.181,0
8351,156.2,141.162,310.482,296.404,251.832,184.325,0
8352,173.901,184.913,515.946,192.586,648.448,190.844,0
8353,264.307,172.546,500.01,358.485,630.312,334.074,0
8354,164.401,130.342,176.612,262.425,248.089,184.722,0
8355,658.786,342.853,336.074,517.249,150.339,706.138,0
8356,343.912,163.492,256.347,635.883,150.309,706.115,0
8357,2.6,1.83107,656.461,189.853,655.047,191.017,0
8358,176.102,143.073,397.113,256.253,355.791,174.114,0
8359,48.5998,60.7198,613.639,234.17,648.396,198.139,0
8360,41.1999,32.8442,249.416,217.318,250.309,184.911,0
8361,410.816,239.472,474.941,468.926,615.611,539.694,0
8362,13.8,15.3372,615.009,334.584,630.321,334.065,0
8363,437.017,244.998,481.931,357.039,630.316,334.05,0
8364,53.9997,55.9354,553.699,823.603,602.372,833.268,0
8365,71.0995,73.8309,207.568,695.015,151.669,706.578,0
8366,286.808,257.633,225.319,522.449,149.641,706.315,0
8367,71.2995,58.3837,308.365,767.052,311.378,818.539,0
8368,154.1,134.855,547.968,454.187,615.634,539.616,0
8369,235.005,165.183,357.002,314.056,349.787,174.716,0
8370,146.1,120.927,240.646,758.391,310.318,818.912,0
8371,94.4991,102.015,222.415,678.783,151.945,706.65,0
8372,8.5,8.36837,342.542,178.81,349.465,174.612,0
8373,214.104,137.65,289.615,305.833,249.777,185.107,0
8374,493.121,375.269,347.258,486.61,349.65,174.69,0
8375,318.01,188.291,198.656,325.967,248.708,184.933,0
8376,134.199,109.109,226.504,754.409,152.747,707.008,0
8377,102.699,86.6919,569.77,136.313,653.657,129.548,0
8378,90.3992,60.5982,301.562,768.644,311.279,818.485,0
8379,209.604,217.698,420.523,698.411,313.398,818.227,0
8380,342.012,138.432,488.411,621.603,613.169,612.947,0
8381,113.999,141.445,383.04,707.28,313.369,818.209,0
8382,165.201,167.703,540.335,232.916,647.747,191.832,0
8383,478.32,247.601,295.392,585.624,150.331,706.084,0
8384,120.199,98.3917,568.98,674.038,613.282,613.138,0
8385,357.213,248.201,367.841,379.355,349.906,174.805,0
8386,346.712,229.493,495.449,517.844,613.34,612.439,0
8387,136.299,92.6547,607.794,703.907,612.363,751.882,0
8388,566.209,335.574,430.419,510.289,615.644,539.646,0
8389,27.6001,29.0438,384.824,173.646,355.808,174.207,0
8390,124.799,92.1448,546.738,334.135,630.304,333.861,0
8391,293.309,249.393,275.998,415.007,67.3791,404.252,0
8392,345.412,196.214,251.029,403.466,67.5418,404.447,0
8393,163.401,103.412,210.074,264.54,248.552,184.889,0
8394,383.214,277.749,425.228,436.484,615.482,540.101,0
8395,43.0999,43.1134,309.143,185.016,349.329,174.506,0
8396,171.501,180.53,311.174,320.97,251.658,184.329,0
8397,285.808,215.987,499.284,467.439,615.48,539.918,0
8398,115.399,89.0049,272.836,770.549,310.786,818.704,0
8399,268.907,234.706,502.119,492.045,615.606,540.368,0
8400,113.299,141.405,561.714,284.618,647.865,197.68,0
8401,128.599,102.692,240.439,793.537,310.574,818.81,0
8402,426.117,244.846,448.439,396.396,630.301,334.144,0
8403,73.5994,82.7936,229.449,726.167,151.7,706.584,0
8404,345.812,240.592,503.234,482.481,615.602,539.703,0
8405,147.5,118.91,272.585,742.511,311.46,818.365,0
8406,294.909,245.306,282.211,393.222,251.339,184.519,0
8407,567.608,295.188,315.65,555.762,150.288,706.158,0
8408,459.219,249.286,253.714,585.682,150.3,706.205,0
8409,327.011,177.997,215.613,227.713,248.385,184.764,0
8410,3.3,2.57416,347.609,165.076,348.882,167.305,0
8411,41.6999,46.6061,307.282,191.458,350.078,174.789,0
8412,176.202,141.939,512.428,117.41,653.57,130.384,0
8413,159.601,111.479,424.587,237.393,356.294,173.228,0
8414,255.306,169.391,221.655,323.292,250.057,184.98,0
8415,586.904,359.92,376.995,492.236,615.526,540.031,0
8416,62.5996,36.2461,246.574,221.126,249.677,185.228,0
8417,62.6996,68.4646,549.683,747.782,611.905,753.16,0
8418,11.4,11.839,340.068,181.342,349.623,174.62,0
8419,7.99999,7.60555,641.138,200.364,647.545,196.943,0
8420,720.871,362.793,330.942,515.643,150.342,706.127,0
8421,465.419,335.166,307.504,492.232,67.3882,406.162,0
8422,35.1,33.7805,579.973,819.054,602.408,833.315,0
8423,138.399,108.587,157.786,613.352,150.56,706.157,0
8424,51.7998,47.6547,578.875,779.81,611.081,755.228,0
8425,468.619,285.759,266.55,468.533,67.704,404.885,0
8426,291.109,165.567,512.287,567.205,613.279,613.232,0
8427,234.105,191.138,379.654,307.969,349.732,174.65,0
8428,342.612,179.258,268.826,634.844,150.255,706.202,0
8429,61.1996,33.6581,250.746,220.5,249.931,185.135,0
8430,59.2997,61.714,413.24,138.542,405.662,78.2218,0
8431,62.6996,43.5155,589.662,639.948,613.314,613.113,0
8432,47.9998,49.738,568.851,799.218,607.452,809.477,0
8433,133.999,112.005,142.512,597.641,149.951,706.21,0
8434,172.301,115.857,422.539,242.184,356.296,173.066,0
8435,601.2,310.46,287.061,546.92,150.274,706.155,0
8436,393.415,223.59,471.988,367.223,630.294,334.08,0
8437,20.8,25.2796,174.702,710.759,151.259,706.462,0
8438,324.511,211.8,475.633,403.815,630.309,334.183,0
8439,7.5,6.68467,73.9124,402.61,67.528,404.267,0
8440,26.9001,30.5606,320.906,183.332,349.644,174.625,0
8441,549.613,333.584,404.097,469.305,615.555,539.902,0
8442,298.309,268.797,301.745,411.296,251.333,184.506,0
8443,389.815,238.24,229.796,493.014,67.4185,406.141,0
8444,361.113,267.574,350.476,397.212,349.461,174.473,0
8445,430.617,306.726,359.69,438.565,349.749,174.724,0
8446,304.509,233.139,387.166,338.883,349.254,174.486,0
8447,81.0993,81.5285,359.763,193.427,349.736,174.712,0
8448,381.014,259.442,384.864,392.668,349.555,174.581,0
8449,63.5996,42.619,226.255,217.69,249.112,185.104,0
8450,343.912,229.692,374.552,366.929,349.453,174.518,0
8451,181.302,109.146,176.747,401.724,67.7544,405.045,0
8452,529.618,375.653,447.869,520.046,613.242,612.559,0
8453,153.9,140.15,146.724,477.1,67.7288,405.568,0
8454,71.9995,82.9416,560.464,498.61,615.575,540.048,0
8455,232.805,151.88,496.908,340.161,630.376,334.17,0
8456,245.206,127.873,193.182,390.754,67.7049,405.59,0
8457,295.209,138.948,447.964,140.914,356.168,173.306,0
8458,15,16.5128,150.651,689.67,150.283,706.145,0
8459,32.0001,32.2834,598.99,336.945,630.259,333.923,0
8460,203.503,151.841,120.526,575.175,150.444,706.127,0
8461,132.499,151.825,355.02,678.674,313.125,818.064,0
8462,164.401,136.561,142.006,571.858,149.679,706.251,0
8463,147.9,139.443,115.837,502.83,67.7212,405.496,0
8464,48.8998,53.9129,407.783,164.609,355.822,174.284,0
8465,131.699,117.11,539.688,702.175,611.876,753.15,0
8466,211.404,132.615,188.972,624.983,149.692,706.283,0
8467,673.183,341.047,320.197,518.382,150.309,706.051,0
8468,148.7,132.273,524.103,119.116,653.504,129.761,0
8469,357.813,249.323,367.105,389.819,349.532,174.648,0
8470,440.018,303.765,269.566,460.585,67.2879,406.482,0
8471,303.109,175.599,251.316,341.254,249.875,185.136,0
8472,93.2991,114.698,292.862,280.864,251.058,184.586,0
8473,155,101.825,565.434,318.736,630.319,333.916,0
8474,317.81,226.425,199.085,460.952,67.3487,406.504,0
8475,1.3,0.595701,67.5909,403.014,67.0295,403.213,0
8476,297.109,203.123,281.444,372.044,250.728,184.848,0
8477,368.513,204.311,471.244,389.8,630.369,334.106,0
8478,174.501,108.737,169.259,381.694,67.6969,405.52,0
8479,3.4,2.53015,69.5275,402.644,66.9802,403.125,0
8480,30.2001,26.8031,254.921,210.269,249.956,185.027,0
8481,264.307,116.617,224.703,296.917,248.493,184.795,0
8482,260.407,173.706,512.759,399.464,630.385,334.115,0
8483,287.408,143.298,520.606,654.994,613.427,613.2,0
8484,666.184,358.453,307.72,516.542,150.337,706.115,0
8485,136.699,143.531,319.62,280.584,251.189,184.496,0
8486,49.3998,54.4072,577.065,339.884,630.323,334.07,0
8487,321.91,176.168,237.147,656.512,150.103,706.15,0
8488,306.81,298.28,381.801,568.024,313.27,818.222,0
8489,322.61,140.99,200.345,409.174,67.7061,404.913,0
8490,62.2996,60.9629,274.984,230.794,250.21,184.99,0
8491,153.4,143.476,366.68,254.441,349.842,174.653,0
8492,470.019,330.727,367.507,465.702,349.7,174.616,0
8493,0,0,310.636,819.705,310.636,819.705,0
8494,212.204,130.31,463.937,163.484,356.058,173.48,0
8495,524.819,277.425,436.257,593.7,613.279,613.045,0
8496,283.208,180.303,491.423,309.65,630.33,334.053,0
8497,53.3998,52.6022,554.141,824.585,602.471,833.313,0
8498,91.7992,111.263,289.572,279.628,250.913,184.69,0
8499,155.1,101.979,546.524,585.3,613.344,613.181,0
8500,11,13.6138,315.272,804.872,312.474,818.004,0
8501,208.904,137.41,423.022,265.563,355.747,174.306,0
8502,44.5999,58.5952,206.803,719.046,151.5,706.61,0
8503,7,5.43338,608.21,612.226,613.282,613.113,0
8504,347.212,246.738,365.894,394.593,349.85,174.724,0
8505,11.4,11.8024,147.875,695.004,150.373,706.088,0
8506,501.621,260.303,403.121,626.923,613.34,613.166,0
8507,402.415,269.503,424.929,437.106,615.618,539.731,0
8508,177.902,129.254,191.201,391.604,67.6741,404.803,0
8509,212.504,152.233,159.789,476.698,67.7757,405.272,0
8510,25.8001,32.6987,592.71,528.043,615.649,540.359,0
8511,3.8,3.21708,247.407,187.801,248.403,184.743,0
8512,300.909,168.017,505.549,187.857,356.339,173.099,0
8513,502.521,264.728,403.022,604.194,613.32,613.071,0
8514,16.2,17.2201,413.207,93.891,406.815,77.8917,0
8515,855.638,450.42,295.364,495.669,150.342,706.187,0
8516,101.999,78.5357,571.441,356.592,630.431,333.783,0
8517,86.3993,61.3546,128.404,401.06,67.697,405.497,0
8518,746.265,351.589,321.969,510.892,150.342,706.068,0
8519,186.502,162.894,276.328,688.546,151.989,706.83,0
8520,0,0,64.9135,408.313,64.9135,408.313,0
8521,186.602,107.889,177.929,400.732,67.6924,404.864,0
8522,155.9,122.129,238.33,761.449,151.938,706.826,0
8523,112.699,105.317,189.135,247.069,248.431,184.803,0
8524,371.413,262.973,288.646,444.374,67.7131,404.834,0
8525,24.8001,27.0632,257.024,211.117,250.036,184.975,0
8526,79.4994,91.0598,587.683,463.513,615.728,539.524,0
8527,358.813,226.469,492.688,422.812,630.261,334.065,0
8528,522.819,294.23,275.894,535.476,150.273,706.05,0
8529,159.001,134.43,337.273,275.377,349.459,174.605,0
8530,144.3,160.213,521.15,209.697,647.658,191.803,0
8531,310.01,265.002,297.369,435.861,67.3783,404.052,0
8532,168.901,198.613,445.083,714.311,611.941,753.181,0
8533,300.109,182.417,409.11,296.895,356.052,173.492,0
8534,280.308,117.583,230.322,297.07,248.868,185.012,0
8535,481.22,249.308,402.435,631.256,613.282,613.105,0
8536,193.203,129.12,453.937,150.43,356.199,173.221,0
8537,163.401,112.989,431.356,226.635,356.079,173.62,0
8538,161.501,119.582,167.382,375.426,67.8314,404.988,0
8539,67.0995,66.6708,601.318,362.748,630.362,334.085,0
8540,329.411,150.958,503.904,181.522,355.864,173.943,0
8541,95.9991,90.372,546.285,722.663,611.798,753.275,0
8542,169.101,99.5104,517.762,627.561,613.34,612.506,0
8543,46.3999,41.268,615.487,190.254,647.672,191.748,0
8544,459.919,343.272,387.922,448.737,349.692,174.701,0
8545,2.6,1.72475,634.579,284.304,636.356,283.625,0
8546,105.099,125.39,368.241,712.379,313.268,818.167,0
8547,228.705,230.838,432.024,696.921,312.596,817.965,0
8548,284.608,139.957,449.735,139.18,356.147,173.498,0
8549,291.409,270.814,193.552,522.08,150.896,706.333,0
8550,224.805,152.608,293.571,314.099,249.312,185.21,0
8551,11.9,11.3159,606.481,546.896,616.242,541.636,0
8552,275.508,191.34,206.182,339.914,67.5317,404.368,0
8553,174.901,161.253,273.457,677.167,152.056,706.771,0
8554,10.1,9.7079,645.072,134.607,653.868,130.934,0
8555,273.807,153.065,214.921,385.558,67.7339,405.475,0
8556,351.512,231.845,506.569,477.141,615.601,539.643,0
8557,255.506,166.219,156.525,497.547,67.8304,405.299,0
8558,123.799,126.215,303.773,278.021,250.637,184.799,0
8559,20.7,27.2189,621.71,184.113,647.861,191.501,0
8560,851.439,397.358,320.499,554.499,150.32,706.13,0
8561,301.709,229.154,298.272,379.441,251.295,184.502,0
8562,137.799,120.871,573.891,434.901,615.605,539.657,0
8563,331.811,205.337,458.033,298.907,355.379,174.427,0
8564,266.207,129.838,543.469,587.723,613.307,612.446,0
8565,190.402,131.706,284.42,294.401,249.347,185.238,0
8566,111.499,129.974,308.375,282.383,250.851,184.667,0
8567,21.9,23.8619,413.232,100.817,406.621,77.8976,0
8568,329.511,219.698,292.309,377.206,249.155,185.13,0
8569,195.603,173.416,143.902,513.098,67.8341,405.447,0
8570,145,130.842,295.399,290.671,250.982,184.596,0
8571,591.603,349.677,303.924,505.685,150.319,706.11,0
8572,197.003,164.369,491.091,114.338,653.594,129.629,0
8573,9.6,11.2993,638.475,186.111,648.504,190.813,0
8574,84.7993,60.7723,609.39,643.507,613.3,613.088,0
8575,361.313,147.295,491.454,638.409,613.29,613.134,0
8576,312.81,192.201,446.855,621.029,613.285,613.149,0
8577,54.5997,38.5521,275.233,209.256,252.333,184.117,0
8578,358.813,246.395,462.21,432.647,615.62,539.664,0
8579,80.9993,65.2709,138.756,642.258,150.038,706.164,0
8580,460.319,310.284,426.839,415.356,630.287,334.1,0
8581,207.103,160.969,613.743,421.64,615.551,539.678,0
8582,11.3,13.0927,603.228,544.75,615.46,540.121,0
8583,166.801,164.018,342.606,662.953,313.027,818.071,0
8584,431.917,302.79,410.833,407.531,349.747,174.682,0
8585,208.404,168.763,481.506,117.127,653.546,130.035,0
8586,213.404,157.343,208.095,364.267,67.6843,404.866,0
8587,12.7,14.0019,640.069,133.791,653.534,130.12,0
8588,0,0,618.13,754.671,618.13,754.671,0
8589,200.503,195.814,329.592,634.433,313.009,818.105,0
8590,159.901,122.408,532.196,671.2,613.181,613.043,0
8591,183.502,171.748,310.969,313.608,251.174,184.528,0
8592,241.606,139.775,215.443,626.443,150.532,706.05,0
8593,20,17.2602,84.4632,406.821,67.6935,404.882,0
8594,187.002,158.002,91.3295,495.62,67.6506,405.46,0
8595,133.299,138.929,314.038,290.539,251.257,184.497,0
8596,18.4,16.3585,605.255,738.195,612.271,752.054,0
8597,77.4994,101.522,292.367,260.77,250.707,184.846,0
8598,232.405,242.172,323.552,590.715,312.208,818.23,0
8599,88.5992,70.5683,386.666,187.348,355.753,174.302,0
8600,241.006,167.322,159.226,489.912,67.6118,405.922,0
8601,255.506,146.1,561.789,556.115,613.423,613.299,0
8602,114.599,91.3057,560.265,361.324,630.437,333.719,0
8603,3.8,2.94642,256.117,183.977,253.364,182.929,0
8604,554.612,238.758,502.711,678.238,613.174,612.842,0
8605,999.903,409.1,470.724,632.527,475.625,634.342,1
8606,130.499,122.966,177.81,621.541,150.618,706.174,0
8607,90.4992,109.68,324.736,715.285,312.373,818.135,0
8608,314.31,207.86,509.063,520.985,613.189,612.681,0
8609,253.106,260.558,328.01,571.132,312.09,818.194,0
8610,378.714,219.797,220.256,473.195,67.6487,405.912,0
8611,160.401,108.45,220.353,286.294,249.545,185.218,0
8612,15.7,18.3843,635.461,128.459,653.578,129.953,0
8613,341.812,205.695,256.149,382.234,67.4814,404.336,0
8614,330.011,137.681,488.457,635.565,613.266,612.412,0
8615,118.199,79.6034,282.879,764.348,311.517,818.377,0
8616,316.01,161.476,248.963,638.136,150.779,706.288,0
8617,198.903,132.291,212.563,305.282,248.178,184.671,0
8618,387.914,295.275,310.372,460.103,67.2705,403.885,0
8619,81.4993,79.9124,582.721,147.785,653.558,130.38,0
8620,173.501,104.712,217.999,255.949,248.245,184.689,0
8621,186.502,139.321,246.229,315.397,249.693,185.21,0
8622,201.703,169.024,487.333,116.162,653.647,130.288,0
8623,4,3.4593,608.396,752.666,611.729,753.589,0
8624,581.605,404.588,366.717,511.302,615.67,539.654,0
8625,223.404,152.754,520.203,388.836,630.357,333.932,0
8626,143.4,152.744,310.933,689.713,311.938,818.257,0
8627,42.3999,39.3914,153.402,667.71,150.302,706.127,0
8628,274.108,295.436,347.7,545.721,312.314,818.069,0
8629,80.8993,108.018,350.161,718.687,313.306,818.214,0
8630,329.111,330.882,367.399,522.743,312.678,817.994,0
8631,180.302,106.862,215.299,281.149,248.719,184.88,0
8632,171.801,122.779,525.339,346.328,630.369,334.139,0
8633,28.3001,22.3146,596.459,600.538,613.23,612.55,0
8634,56.2997,42.2058,147.881,662.799,149.976,706.217,0
8635,391.215,252.063,456.652,366.65,630.375,334.107,0
8636,368.213,238.967,494.639,484.267,615.518,539.758,0
8637,223.904,114.381,199.694,258.523,248.283,184.844,0
8638,71.2995,84.4085,529.788,767.578,611.055,755.013,0
8639,49.2998,47.523,555.167,834.124,602.439,833.52,0
8640,147,150.063,271.756,700.3,152.174,706.827,0
8641,72.6995,85.0353,583.422,469.576,615.576,539.677,0
8642,3.1,2.1131,255.133,176.519,253.175,177.313,0
8643,394.415,222.527,188.577,457.04,67.585,404.53,0
8644,46.0999,46.3389,305.988,184.705,349.002,174.422,0
8645,23.1001,18.6907,86.3967,407.986,67.7188,404.85,0
8646,192.903,132.882,487.762,606.752,613.34,612.351,0
8647,2.4,1.28599,351.832,176.75,351.861,175.513,0
8648,251.206,312.406,330.139,439.413,251.872,184.297,0
8649,158.2,118.633,525.467,337.253,630.357,334.187,0
8650,309.11,206.922,445.591,323.955,355.37,174.486,0
8651,67.7995,63.4113,307.352,761.97,311.703,818.374,0
8652,65.4996,69.5429,418.901,145.122,405.718,78.2325,0
8653,132.599,153.491,308.681,699.885,312.502,818.009,0
8654,99.5991,89.7951,119.51,452.829,67.7362,404.852,0
8655,173.401,142.757,131.607,494.741,67.7041,405.614,0
8656,82.5993,59.3,126.995,401.076,67.7605,405.006,0
8657,551.912,337.72,405.767,581.696,613.25,612.81,0
8658,183.002,164.899,536.749,452.534,615.498,540.218,0
8659,132.999,88.0564,525.124,611.888,613.154,612.722,0
8660,52.2998,61.7883,595.536,228.647,648.336,198.148,0
8661,407.716,169.926,152.97,459.368,67.7256,404.794,0
8662,6.1,5.48903,643.429,188.526,648.361,190.774,0
8663,17.7,18.8173,244.785,203.429,249.265,185.242,0
8664,11.1,13.2465,602.023,608.926,613.251,612.944,0
8665,30.4001,27.1571,236.192,206.269,249.103,185.111,0
8666,116.299,99.941,267.692,283.725,250.465,184.82,0
8667,169.601,147.393,175.592,591.146,149.435,706.425,0
8668,119.899,155.061,554.857,261.652,647.912,197.687,0
8669,535.616,278.984,273.993,553.09,150.348,706.11,0
8670,46.0999,46.3588,325.483,199.911,349.853,174.842,0
8671,334.511,213.574,502.601,414.045,630.31,334.074,0
8672,76.2994,63.4914,590.316,128.148,653.556,130.33,0
8673,0,0,348.465,169.497,348.465,169.497,0
8674,125.799,117.789,364.04,236.521,349.897,174.699,0
8675,400.515,249.388,491.847,484.336,615.642,539.705,0
8676,539.315,310.649,419.215,498.168,615.573,539.605,0
8677,285.208,132.016,497.444,638.131,613.346,613.12,0
8678,159.201,165.276,309.378,712.628,312.352,818.12,0
8679,90.9992,76.2965,557.154,338.297,630.343,333.919,0
8680,466.519,250.015,417.358,627.068,613.239,612.688,0
8681,202.903,198.329,526.949,505.616,615.543,540.224,0
8682,138.899,180.263,542.357,239.387,647.909,197.71,0
8683,147.7,157.654,314.529,684.303,312.386,818.078,0
8684,173.501,173.388,288.532,686.6,310.335,818.882,0
8685,294.409,187.986,403.904,297.206,355.347,174.485,0
8686,221.104,176.541,203.167,587.654,150.56,706.198,0
8687,999.903,373.038,472.506,333.995,471.428,329.822,1
8688,208.204,152.378,148.157,554.425,149.92,706.174,0
8689,1.7,0.881071,354.349,175.856,354.117,175.006,0
8690,212.104,187.272,153.888,514.587,67.5978,405.795,0
8691,104.299,107.881,577.482,448.476,615.463,539.766,0
8692,59.1997,76.1387,548.844,803.761,602.419,833.287,0
8693,603.5,386.23,406.888,522.927,615.55,539.649,0
8694,13.3,12.2747,602.484,745.906,612.177,752.459,0
8695,77.0994,66.7599,588.278,134.203,653.606,129.586,0
8696,436.217,167.627,195.648,446.967,67.5791,405.701,0
8697,382.714,222.292,199.652,460.011,67.8137,405.439,0
8698,33.7001,33.1465,152.222,672.717,150.252,706.096,0
8699,182.002,166.442,367.263,681.636,312.708,817.958,0
8700,235.105,149.397,475.231,604.698,613.265,613.098,0
8701,369.413,226.973,474.847,418.075,630.253,334.076,0
8702,59.9997,59.978,310.229,766.239,311.726,818.4,0
8703,34.1001,44.8027,596.846,507.108,615.469,540.176,0
8704,399.215,280.197,433.493,366.934,355.838,174.257,0
8705,61.1996,56.066,609.296,150.663,653.562,130.326,0
8706,182.302,149.637,297.882,304.872,251.654,184.256,0
8707,192.503,194.477,313.406,337.583,251.543,184.389,0
8708,19.9,21.9416,601.873,529.428,615.452,539.862,0
8709,327.611,252.1,286.293,405.846,250.534,184.817,0
8710,96.2991,70.8849,397.704,196.108,355.82,174.309,0
8711,434.617,237.627,457.091,373.333,630.365,334.125,0
8712,188.402,146.78,390.366,222.072,355.362,174.405,0
8713,1.7,0.90335,253.888,176.757,253.094,177.188,0
8714,104.099,128.207,369.011,710.331,313.545,818.263,0
8715,143.9,118.498,191.696,260.133,248.719,184.908,0
8716,62.0996,66.3746,192.466,680.951,152.366,706.917,0
8717,103.299,133.181,344.05,693.445,312.212,818.172,0
8718,196.303,196.454,526.384,502.153,615.75,540.462,0
8719,34.4,34.6069,152.664,672.313,150.336,706.124,0
8720,429.817,322.659,358.202,457.964,349.601,174.628,0
8721,325.711,162.411,249.083,639.832,150.338,706.113,0
8722,41.2999,23.5333,272.743,197.378,252.811,183.913,0
8723,206.203,152.55,332.389,290.005,349.894,174.794,0
8724,476.22,310.547,425.363,429.361,615.632,539.73,0
8725,46.8999,44.7609,557.398,832.863,602.447,833.167,0
8726,151.7,192.834,529.946,244.072,648.233,197.982,0
8727,115.199,139.643,533.846,734.133,611.105,755.198,0
8728,180.102,181.473,311.413,321.87,251.573,184.377,0
8729,325.711,204.722,491.796,413.133,630.318,334.198,0
8730,373.914,243.647,411.234,342.775,355.845,174.344,0
8731,7.7,8.69763,159.482,703.639,151.468,706.451,0
8732,240.105,218.28,505.679,505.09,615.56,540.285,0
8733,91.5992,106.279,518.776,753.984,611.169,755.214,0
8734,237.405,168.858,239.893,341.342,249.619,185.216,0
8735,597.101,302.8,288.147,547.981,150.336,706.17,0
8736,401.715,226.859,238.665,651.286,150.263,706.197,0
8737,54.7997,41.6255,234.696,222.81,248.912,185.045,0
8738,258.707,186.86,515.493,405.396,630.309,334.093,0
8739,180.202,118.905,212.719,295.427,248.004,184.587,0
8740,295.709,145.092,224.601,312.077,249.504,185.2,0
8741,52.5998,45.5496,607.371,132.737,653.551,130.187,0
8742,203.103,154.64,473.993,603.258,613.329,612.406,0
8743,318.71,195.167,198.715,480.111,67.6147,405.836,0
8744,265.007,195.971,508.908,421.461,630.301,334.143,0
8745,398.615,330.465,316.628,487.025,67.2748,403.808,0
8746,33.9001,31.7826,597.236,779.334,611.143,755.426,0
8747,123.699,113.466,169.764,623.348,150.67,706.185,0
8748,437.017,279.563,430.361,430.598,615.744,539.498,0
8749,177.902,141.684,512.047,122.212,653.624,129.753,0
8750,74.9994,60.1091,266.949,243.837,249.813,185.115,0
8751,443.518,283.218,424.419,431.164,615.513,540.09,0
8752,124.599,130.578,266.453,723.101,151.824,706.712,0
8753,156.6,136.16,527.473,151.825,653.455,130.147,0
8754,258.707,200.208,243.185,365.6,67.5767,404.464,0
8755,317.81,233.29,469.963,445.333,615.667,539.653,0
8756,312.31,222.121,387.651,341.222,350.08,174.789,0
8757,341.512,347.642,395.763,595.022,312.68,818.017,0
8758,97.1991,102.562,277.902,282.035,250.665,184.819,0
8759,115.799,111.489,361.422,228.861,349.522,174.629,0
8760,36.1,34.836,286.156,194.464,253.439,182.899,0
8761,81.7993,106.113,296.221,259.604,251.003,184.606,0
8762,11.9,11.2037,599.9,756.931,611.124,755.263,0
8763,201.403,166.556,139.106,549.669,149.691,706.318,0
8764,290.509,210.677,347.355,346.973,349.671,174.579,0
8765,112.099,84.3388,430.769,183.58,355.75,174.222,0
8766,86.1993,81.9327,533.401,614.803,613.405,612.341,0
8767,171.401,143.752,521.674,145.201,653.55,129.981,0
8768,279.708,200.506,279.309,365.524,250.921,184.664,0
8769,43.7999,48.1262,568.263,747.456,612.02,752.889,0
8770,55.5997,54.6102,597.142,701.055,612.292,752.113,0
8771,298.709,294.66,368.118,562.75,312.311,818.064,0
8772,202.103,130.538,423.417,255.598,355.48,174.413,0
8773,434.117,278.659,260.649,472.323,67.6903,404.876,0
8774,171.601,140.312,161.247,584.612,150.629,706.177,0
8775,345.412,251.518,470.848,500.634,613.259,612.437,0
8776,172.801,141.813,145.865,567.935,149.871,706.192,0
8777,433.017,257.465,429.856,392.549,630.269,334.053,0
8778,98.0991,74.7202,185.844,657.171,150.706,706.227,0
8779,106.699,94.2512,140.839,613.759,150.586,706.188,0
8780,338.911,217.536,480.297,521.299,613.273,612.495,0
8781,63.7996,64.6606,269.482,786.492,310.665,818.783,0
8782,250.706,131.409,494.638,628.101,613.296,613.071,0
8783,215.604,203.273,414.647,675.56,312.708,818.002,0
8784,163.601,174.798,307.762,671.788,311.962,818.206,0
8785,183.302,184.612,511.663,219.904,647.568,192.057,0
8786,61.6996,65.3154,415.583,141.156,405.867,78.1659,0
8787,24.9001,20.7302,87.9038,402.599,67.7087,404.805,0
8788,340.512,223.815,273.637,392.212,249.263,185.222,0
8789,180.802,190.694,387.014,671.843,313.082,818.085,0
8790,7.7,8.53129,314.696,810.046,312.4,818.152,0
8791,221.804,178.721,517.31,438.173,615.637,540.309,0
8792,323.211,241.814,462.893,455.78,615.515,540.216,0
8793,415.616,338.097,256.737,539.998,67.3951,406.445,0
8794,79.8994,68.0194,586.517,125.232,653.632,129.631,0
8795,399.615,163.146,162.048,465.037,67.8414,405.103,0
8796,377.814,269.112,254.489,501.521,67.41,406.365,0
8797,80.0993,73.6883,200.429,674.394,150.303,706.067,0
8798,317.71,213.636,491.03,415.86,630.339,334.108,0
8799,356.113,246.193,416.66,344.967,355.349,174.495,0
8800,173.401,136.332,359.436,271.735,349.818,174.734,0
8801,186.202,128.475,465.262,156.139,355.469,174.422,0
8802,328.611,208.457,481.276,289.548,630.322,334.06,0
8803,71.7995,70.9612,101.044,449.63,67.7462,405.565,0
8804,50.7998,50.9473,81.568,442.547,67.6744,405.547,0
8805,171.801,205.426,519.582,244.97,648.27,198.116,0
8806,240.305,144.466,196.123,308.318,248.949,184.999,0
8807,4,3.309,603.27,814.685,606.466,813.827,0
8808,318.11,190.705,255.218,352.735,249.413,185.202,0
8809,286.808,229.471,477.226,430.832,615.493,539.832,0
8810,169.901,151.767,513.618,691.377,612.436,752.035,0
8811,244.406,188.464,521.109,422.09,630.307,334.145,0
8812,363.413,246.08,452.821,443.026,615.595,539.706,0
8813,167.301,164.533,287.692,697.095,310.338,818.856,0
8814,26.7001,29.5498,573.352,836.058,602.41,833.327,0
8815,313.11,161.278,223.935,314.073,249.088,185.108,0
8816,377.514,150.093,181.722,440.419,67.7412,405.573,0
8817,161.301,101.019,228.815,281.891,248.833,185.016,0
8818,108.599,104.651,368.312,212.188,349.702,174.633,0
8819,468.819,286.155,425.219,407.006,630.355,334.14,0
8820,241.606,150.329,541.153,552.443,613.38,612.222,0
8821,295.409,141.864,200.608,414.162,67.7142,404.754,0
8822,295.109,294.327,367.441,562.042,312.424,818.063,0
8823,105.699,95.1034,146.031,619.264,150.675,706.205,0
8824,293.009,206.382,177.935,528.403,150.699,706.219,0
8825,273.908,176.128,507.081,542.608,613.331,612.552,0
8826,385.214,277.235,427.681,366.638,356.253,173.211,0
8827,228.605,124.112,500.387,626.212,613.217,613.03,0
8828,575.706,363.89,376.06,493.9,615.453,540.002,0
8829,190.102,117.781,215.53,295.166,248.596,184.947,0
8830,246.506,178.116,475.325,561.252,613.228,612.557,0
8831,176.002,112.975,222.783,292.368,249.491,185.219,0
8832,106.899,74.579,421.309,157.528,356.174,173.259,0
8833,144.9,117.333,286.389,730.721,311.409,818.487,0
8834,184.702,143.813,509.333,117.097,653.614,129.676,0
8835,323.511,256.804,290.83,427.796,67.3407,403.924,0
8836,35.2,40.0563,572.014,806.963,606.754,811.197,0
8837,379.914,278.839,414.743,376.313,349.347,174.523,0
8838,67.5995,71.872,590.06,237.189,647.889,197.804,0
8839,88.7992,65.9189,587.561,662.372,613.288,613.114,0
8840,43.5999,57.3232,191.949,691.566,151.744,706.751,0
8841,217.804,134.696,452.315,141.072,355.819,174.206,0
8842,452.218,343.237,347.754,485.14,349.872,174.781,0
8843,402.815,214.353,467.642,375.06,630.317,334.156,0
8844,170.401,139.73,295.609,300.856,250.916,184.698,0
8845,999.903,1056.17,654.192,115.705,796.944,1001.26,1
8846,30.6001,28.8318,599.28,777.281,611.211,755.446,0
8847,197.603,161.87,532.916,450.487,615.632,540.385,0
8848,401.515,176.033,463.265,655.542,613.273,613.181,0
8849,0,0,617.406,541.566,617.406,541.566,0
8850,447.218,289.897,263.687,478.709,67.6272,404.76,0
8851,100.799,80.4452,563.594,709.672,612.061,752.588,0
8852,277.308,153.634,188.381,314.235,248.396,184.814,0
8853,314.81,155.774,200.935,426.115,67.8046,405.067,0
8854,430.517,260.587,457.948,476.111,615.607,539.677,0
8855,404.515,277.178,443.103,445.467,615.494,539.791,0
8856,0,0,253.735,179.451,253.746,179.273,0
8857,50.3998,57.5525,597.423,208.739,648.198,198.003,0
8858,128.399,109.72,558.896,154.883,653.659,129.701,0
8859,311.01,182.13,245.895,395.418,67.5816,404.542,0
8860,0,0,63.3358,402.763,63.3358,402.763,0
8861,164.801,201.595,444.523,714.076,611.873,753.295,0
8862,318.01,190.86,255.255,354.806,250.393,184.885,0
8863,490.821,264.241,440.564,692.72,613.179,612.736,0
8864,147.6,189.85,531.168,246.102,648.147,197.994,0
8865,451.718,350.699,322.748,494.167,67.4417,404.237,0
8866,38.5,44.4263,606.523,302.837,630.269,333.95,0
8867,333.511,216.594,490.698,414.336,630.291,334.059,0
8868,15.6,19.2033,635.402,136.125,653.874,130.877,0
8869,29.8001,30.0236,281.339,192.898,253.364,182.81,0
8870,122.599,99.0796,530.447,598.128,613.17,612.598,0
8871,267.607,241.413,214.698,524.508,150.276,706.067,0
8872,184.602,142.84,510.845,119.308,653.619,130.334,0
8873,203.603,115.039,240.869,281.502,248.712,184.91,0
8874,255.406,181.893,374.788,304.967,349.888,174.713,0
8875,177.102,132.032,522.421,668.451,613.371,613.326,0
8876,477.12,310.218,315.501,471.4,67.7957,405.263,0
8877,171.201,201.068,523.75,247.128,647.86,197.639,0
8878,5.5,4.59034,658.279,188.281,654.566,190.916,0
8879,128.999,96.9431,217.999,269.255,248.75,184.869,0
8880,734.068,376.579,288.863,494.197,150.316,706.106,0
8881,402.915,229.933,237.926,449.794,67.8217,405.022,0
8882,230.805,141.922,187.711,624.859,149.946,706.195,0
8883,79.2994,73.0996,261.368,783.705,310.746,818.822,0
8884,121.699,122.399,263.889,728.55,151.546,706.544,0
8885,139.799,114.448,269.514,746.945,310.789,818.731,0
8886,54.8997,55.4583,612.378,160.761,648.143,190.966,0
8887,30.4001,27.6176,614.034,273.254,635.93,282.353,0
8888,52.8998,42.912,110.09,398.312,67.6962,404.758,0
8889,553.212,333.636,438.026,549.094,613.163,613.027,0
8890,270.407,163.759,458.973,600.446,613.343,613.076,0
8891,295.209,141.259,202.372,388.814,67.6798,405.467,0
8892,38.5,46.184,187.837,701.193,151.367,706.528,0
8893,135.699,139.976,319.382,278.765,251.283,184.459,0
8894,234.605,131.469,211.223,306.82,249.16,185.086,0
8895,172.401,134.016,164.967,592.094,150.657,706.163,0
8896,469.219,346.223,318.33,494.486,67.6128,404.549,0
8897,204.503,145.481,552.481,403.328,630.316,334.145,0
8898,209.104,150.637,529.479,391.467,630.285,334.061,0
8899,233.605,174.997,432.391,295.876,355.554,174.407,0
8900,187.902,140.851,287.406,293.313,250.516,184.792,0
8901,96.6991,63.1598,301.957,766.514,311.725,818.354,0
8902,148.6,157.674,307.27,702.984,312.669,817.965,0
8903,191.702,153.452,332.587,296.003,349.5,174.608,0
8904,35,32.5789,582.352,605.464,613.269,613.058,0
8905,270.107,180.647,298.965,334.819,250.297,184.931,0
8906,587.604,363.264,410.17,510.826,615.618,539.652,0
8907,323.311,307.718,346.784,533.137,312.447,818.135,0
8908,174.501,130.161,319.554,254.364,349.531,174.583,0
8909,234.305,207.575,351.493,627.038,313.223,818.201,0
8910,252.806,232.164,348.788,606.755,313.108,818.116,0
8911,135.599,98.7659,212.206,262.371,248.165,184.679,0
8912,508.422,369.587,392.1,529.667,613.404,612.319,0
8913,522.12,307.855,450.131,482.88,615.531,540.158,0
8914,253.306,237.889,488.706,502.281,615.514,540.102,0
8915,73.8994,67.9752,102.348,448.121,67.6961,405.597,0
8916,81.8993,66.4284,130.902,398.953,67.7292,405.505,0
8917,217.904,146.041,478.385,604.899,613.298,613.24,0
8918,66.6996,49.5038,590.634,643.913,613.402,613.252,0
8919,20.5,16.2911,605.09,554.137,616.661,542.715,0
8920,127.299,112.353,552.442,152.809,653.586,130.257,0
8921,335.411,213.365,422.219,315.556,355.394,174.386,0
8922,143.6,108.755,297.68,727.197,311.057,818.666,0
8923,128.999,95.5581,163.193,400.375,67.7158,404.814,0
8924,62.2996,62.4943,270.199,787.496,310.579,818.941,0
8925,353.312,161.212,190.488,437.945,67.6932,405.554,0
8926,37.9,23.3283,272.595,194.862,252.818,183.893,0
8927,47.2999,54.6606,617.067,244.332,635.893,282.406,0
8928,563.01,324.224,393.718,461.035,615.559,539.712,0
8929,291.309,212.948,390.236,332.463,349.904,174.72,0
8930,388.514,285.6,268.799,512.69,67.5101,406.068,0
8931,12.6,11.8187,599.61,753.284,611.05,755.217,0
8932,302.409,229.682,268.288,424.776,67.3852,403.993,0
8933,178.202,124.766,420.427,249.125,355.59,174.353,0
8934,321.01,170.69,514.402,180.242,356.099,173.543,0
8935,216.604,173.032,517.301,439.998,615.473,539.875,0
8936,248.406,220.534,503.221,507.563,615.515,540.016,0
8937,274.508,139.383,231.643,631.16,149.915,706.198,0
8938,125.899,137.304,345.777,691.427,312.968,818.109,0
8939,87.7992,63.7167,586.986,658.192,613.265,613.113,0
8940,51.9998,44.4717,573.581,597.399,613.301,612.55,0
8941,50.5998,48.1138,555.688,829.432,602.422,833.342,0
8942,230.905,145.722,211.981,390.162,67.5635,404.477,0
8943,358.713,256.999,408.563,343.918,356.326,173.098,0
8944,286.108,214.082,407.972,308.457,355.363,174.414,0
8945,88.8992,75.9297,266.537,258.472,250.14,184.969,0
8946,49.6998,45.2675,608.801,128.597,653.485,129.769,0
8947,150.6,120.296,277.661,731.836,311.428,818.471,0
8948,0,0,65.4246,409.137,65.4246,409.137,0
8949,151.7,170.903,411.1,711.473,313.713,818.4,0
8950,16,15.9759,586.753,830.23,602.403,833.291,0
8951,366.613,260.708,236.123,504.449,67.3106,406.429,0
8952,15.7,16.8263,147.48,689.641,150.433,706.076,0
8953,39,25.7378,265.532,205.416,252.48,184.036,0
8954,40.9999,41.5055,310.066,186.846,349.603,174.593,0
8955,124.999,97.4151,545.294,590.361,613.248,612.67,0
8956,179.002,156.056,162.181,570.184,150.463,706.078,0
8957,105.399,102.576,359.762,220.77,349.667,174.714,0
8958,232.005,131.367,224.312,629.964,150.64,706.241,0
8959,397.315,162.21,478.625,657.214,613.283,613.242,0
8960,54.2997,58.4349,304.035,770.688,311.547,818.432,0
8961,323.111,200.433,470.634,541.87,613.209,612.97,0
8962,186.802,208.679,317.091,639.962,312.23,818.156,0
8963,370.313,173.946,268.033,633.831,150.318,706.152,0
8964,0,0,619.978,541.527,619.978,541.527,0
8965,486.52,222.464,289.626,607.893,150.261,706.069,0
8966,141.499,139.331,116.73,500.592,67.6763,405.603,0
8967,81.3993,73.3513,592.933,188.238,647.697,191.789,0
8968,55.1997,62.3412,557.313,773.725,611.174,755.498,0
8969,54.1997,56.0418,609.822,161.527,648.333,190.891,0
8970,195.803,157.616,615.44,424.398,615.621,539.644,0
8971,152.8,125.687,539.701,153.429,653.649,129.716,0
8972,197.603,153.917,239.997,326.658,249.849,185.095,0
8973,419.316,276.373,234.473,473.756,67.5005,406.09,0
8974,197.803,131.774,423.65,255.772,355.563,174.408,0
8975,120.899,122.892,570.888,433.665,615.454,539.933,0
8976,132.899,126.237,365.194,243.288,349.427,174.515,0
8977,389.715,279.587,379.543,413.242,349.682,174.711,0
8978,205.403,145.811,294.432,297.696,251.095,184.633,0
8979,30.4001,27.4698,278.009,194.742,253.181,183.388,0
8980,172.301,204.755,445.073,714.832,612.019,752.956,0
8981,17.9,18.668,85.8006,400.74,67.7234,404.932,0
8982,118.899,87.3334,154.452,403.091,67.7458,405.557,0
8983,107.699,83.8441,303.775,748.472,311.45,818.467,0
8984,18.3,22.2332,376.962,180.692,355.932,174.138,0
8985,201.503,202.397,414.149,677.021,313.411,818.208,0
8986,178.802,188.082,331.501,641.806,312.254,818.233,0
8987,152.3,139.817,527.449,146.521,653.486,130.206,0
8988,293.009,195.829,483.661,391.471,630.359,334.146,0
8989,89.6992,113.919,353.097,713.705,313.465,818.265,0
8990,48.0998,61.6982,592.158,491.251,615.631,540.32,0
8991,347.412,156.845,479.244,653.199,613.186,612.974,0
8992,422.917,333.822,323.794,488.242,67.2898,403.922,0
8993,319.71,177.91,168.654,305.805,248.713,184.907,0
8994,410.916,232.013,465.235,361.729,630.257,334.149,0
8995,81.4993,91.5383,587.788,462.239,615.584,539.703,0
8996,70.9995,93.9498,337.034,727.214,312.283,818.102,0
8997,194.203,180.585,379.577,679.809,312.369,818.101,0
8998,73.6994,52.2558,262.202,235.085,249.874,185.118,0
8999,356.913,201.681,200.401,471.64,67.6197,405.859,0
9000,117.099,120.093,517.802,726.27,611.819,753.295,0
9001,109.399,90.5969,543.771,595.564,613.215,612.592,0
9002,46.8999,48.5132,577.126,788.98,606.855,810.792,0
9003,513.222,273.905,471.079,478.909,615.641,539.705,0
9004,256.706,183.652,374.408,305.154,349.728,174.659,0
9005,117.899,93.2815,247.352,773.668,310.751,818.722,0
9006,293.209,272.103,346.688,564.886,312.767,818.01,0
9007,229.005,176.349,523.035,418.922,630.296,334.076,0
9008,312.61,158.456,501.635,172.85,356.018,173.69,0
9009,309.21,176.09,207.689,326.69,249.094,185.087,0
9010,305.309,178.108,183.915,482.491,67.5982,405.943,0
9011,298.909,134.899,167.684,439.99,67.5876,405.695,0
9012,111.099,110.334,371.483,216.33,349.908,174.669,0
9013,119.899,138.137,541.747,181.97,647.723,191.674,0
9014,216.904,163.093,347.807,303.33,349.673,174.589,0
9015,233.205,161.347,150.492,495.821,67.7035,405.634,0
9016,274.708,182.544,521.831,422.942,630.306,334.099,0
9017,289.808,203.415,479.124,392.822,630.311,334.056,0
9018,226.005,162.084,507.448,379.576,630.328,334.052,0
9019,30.0001,36.0345,317.918,188.651,350.402,175.006,0
9020,361.413,229.889,342.348,359.739,349.883,174.846,0
9021,270.307,174.337,502.815,366.791,630.328,334.117,0
9022,240.205,253.058,326.919,580.932,312.306,818.087,0
9023,148.7,110.277,403.742,232.794,355.715,174.329,0
9024,354.712,243.533,450.618,337.815,355.406,174.512,0
9025,57.8997,58.4847,614.071,154.887,653.588,130.309,0
9026,331.211,138.023,488.593,637.784,613.25,613.22,0
9027,274.108,177.968,435.723,303.938,355.695,174.323,0
9028,0,0,612.708,753.139,612.708,753.139,0
9029,150.7,186.087,527.813,268.02,647.911,197.707,0
9030,31.4001,27.678,235.726,203.664,248.838,184.997,0
9031,291.009,219.598,480.493,433.028,615.555,539.776,0
9032,315.31,241.312,469.2,456.028,615.61,540.429,0
9033,426.117,273.268,422.414,439.163,615.509,540.24,0
9034,343.212,172.289,504.825,198.76,356.245,173.242,0
9035,93.9991,80.7547,254.86,789.607,310.925,818.722,0
9036,56.0997,62.151,555.035,749.126,611.921,753.119,0
9037,364.113,230.082,500.285,418.143,630.27,334.142,0
9038,53.4998,54.3091,408.446,131.829,405.778,78.1658,0
9039,27.9001,34.5123,320.613,784.392,312.706,817.989,0
9040,296.109,168.245,240.808,631.277,150.077,706.137,0
9041,59.2997,54.0302,589.978,703.468,612.201,752.399,0
9042,256.906,195.65,523.455,455.977,615.645,539.564,0
9043,584.304,358.818,387.854,499.982,615.715,539.637,0
9044,63.5996,72.6565,593.26,192.495,647.875,197.584,0
9045,193.003,192.112,513.675,226.537,647.861,191.686,0
9046,124.599,131.933,306.09,272.171,250.991,184.648,0
9047,159.601,135.89,160.079,590.827,150.67,706.169,0
9048,149.3,120.933,270.767,743.805,310.461,818.854,0
9049,236.805,211.411,352.099,624.844,312.797,817.994,0
9050,72.0995,59.6258,576.36,716.744,612.006,752.775,0
9051,138.299,95.842,219.599,273.434,248.823,185.041,0
9052,210.404,140.084,552.768,550.89,613.312,612.542,0
9053,57.0997,68.7974,553.545,768.52,611.055,755.235,0
9054,86.6992,70.4022,418.726,154.181,355.559,174.32,0
9055,396.915,258.495,243.395,499.463,67.4023,406.14,0
9056,369.813,154.369,493.064,618.561,613.349,612.449,0
9057,139.099,103.967,453.295,180.104,356.073,173.557,0
9058,244.506,180.804,358.646,324.656,349.616,174.59,0
9059,175.702,197.364,327.763,635.371,311.773,818.315,0
9060,104.699,120.921,354.602,705.941,312.305,818.127,0
9061,193.303,170.288,522.667,444.197,615.495,540.028,0
9062,436.717,323.834,390.477,440.493,349.43,174.508,0
9063,76.1994,75.3768,557.313,341.337,630.275,334.103,0
9064,18.4,24.1753,173.73,710.211,151.263,706.455,0
9065,403.915,285.444,414.939,377.168,349.524,174.545,0
9066,174.901,147.77,232.908,777.929,152.863,707.125,0
9067,233.205,215.48,379.674,641.936,313.311,818.192,0
9068,48.6998,39.6748,287.429,199.655,253.228,183.367,0
9069,27.2001,26.8162,412.459,103.715,406.237,78.1317,0
9070,325.811,248.739,305.661,392.774,250.918,184.702,0
9071,160.601,192.608,527.949,254.186,648.235,197.961,0
9072,33.9001,43.0623,610.29,216.386,648.364,198.246,0
9073,61.4996,57.7017,305.626,767.603,311.226,818.587,0
9074,291.409,192.23,488.283,390.514,630.33,334.13,0
9075,134.199,166.74,539.57,277.673,648.157,197.958,0
9076,18.4,23.5939,304.046,801.466,312.084,818.234,0
9077,107.399,88.2875,565.104,128.032,653.619,130.294,0
9078,330.911,203.824,476.369,388.538,630.251,334.057,0
9079,143.5,118.237,525.006,351.06,630.38,333.749,0
9080,184.402,141.569,171.813,357.353,67.7378,404.928,0
9081,293.009,145.39,199.419,374.257,67.8069,405.252,0
9082,324.011,239.112,311.014,383.769,250.822,184.697,0
9083,412.816,193.211,449.178,654.14,613.252,613.082,0
9084,398.715,263.203,437.003,443.478,615.647,539.637,0
9085,317.31,220.71,392.392,337.679,349.33,174.481,0
9086,374.614,222.201,224.994,480.105,67.6247,405.83,0
9087,90.8992,72.2818,597.644,686.082,612.407,752.044,0
9088,198.003,113.45,211.71,253.993,248.183,184.737,0
9089,153.3,136.15,528.816,151.467,653.555,130.235,0
9090,95.0991,81.4233,570.775,359.49,630.258,333.879,0
9091,338.711,235.99,457.186,333.755,355.395,174.537,0
9092,26.6001,24.1974,405.105,102.264,405.496,78.0957,0
9093,165.201,152.248,261.654,675.202,152.239,706.822,0
9094,380.214,286.007,269.151,507.827,67.3548,406.412,0
9095,281.908,231.004,265.939,423.813,67.6385,404.541,0
9096,113.199,86.0228,432.168,184.406,356.269,173.227,0
9097,83.3993,59.443,607.582,643.419,613.28,613.181,0
9098,75.5994,53.0544,599.459,646.136,613.242,612.679,0
9099,171.901,144.272,241.608,319.772,250.546,184.82,0
9100,400.415,167.968,475.983,661.579,613.314,613.063,0
9101,274.208,168.839,220.922,323.075,249.758,185.084,0
9102,327.611,198.835,404.897,309.891,355.767,174.209,0
9103,345.112,213.103,482.359,273.195,355.997,173.69,0
9104,28.9001,27.1923,279.71,189.087,253.431,182.892,0
9105,353.112,163.608,478.635,654.865,613.257,613.123,0
9106,110.399,89.1018,562.817,129.428,653.56,130.287,0
9107,367.113,263.291,350.377,400.377,349.613,174.643,0
9108,254.006,141.261,529.819,648.685,613.285,613.086,0
9109,195.703,201.624,311.812,344.516,251.812,184.29,0
9110,145.2,158.748,275.794,699.45,151.749,706.713,0
9111,233.805,154.854,564.274,545.831,613.434,612.293,0
9112,602.6,301.509,288.325,548.266,150.323,706.082,0
9113,182.002,104.302,203.949,634.403,150.722,706.161,0
9114,33.5001,33.9576,568.402,834.093,602.47,833.252,0
9115,29.6001,29.7411,615.056,294.616,636.049,282.614,0
9116,407.316,191.988,261.013,634.475,150.341,706.156,0
9117,0,0,607.458,836.453,607.458,836.453,0
9118,49.5998,35.5191,281.223,203.712,252.23,184.14,0
9119,265.807,171.988,276.398,342.262,249.115,185.074,0
9120,159.101,157.656,546.939,432.874,615.595,540.323,0
9121,137.099,99.6944,220.33,273.331,248.105,184.671,0
9122,169.501,176.638,305.429,672.773,312.458,818.082,0
9123,197.303,104.684,207.322,260.824,248.453,184.805,0
9124,171.201,126.986,550.017,560.182,613.291,612.535,0
9125,328.411,264.481,452.419,412.346,615.569,540.339,0
9126,377.114,266.092,464.081,490.316,613.286,613.19,0
9127,403.815,214.257,429.592,622.472,613.198,612.551,0
9128,284.508,209.296,366.595,350.02,349.638,174.609,0
9129,268.307,202.991,296.949,356.624,250.996,184.601,0
9130,31.0001,22.7908,592.436,603.026,613.25,612.54,0
9131,173.801,183.549,334.861,646.435,312.034,818.225,0
9132,323.611,172.621,170.415,300.698,248.322,184.759,0
9133,465.919,268.002,251.799,470.5,67.8451,405.338,0
9134,393.715,268.162,435.451,457.726,615.483,539.752,0
9135,175.101,108.36,173.613,390.549,67.7382,404.832,0
9136,222.104,168.371,138.362,548.147,149.552,706.267,0
9137,0,0,611.989,752.687,612.431,752.698,0
9138,27.6001,28.0731,599.035,786.891,607.075,810.26,0
9139,251.306,158.931,191.631,346.554,67.6688,404.777,0
9140,255.006,126.157,196.553,264.412,248.061,184.707,0
9141,83.5993,104.206,323.98,722.267,312.847,817.992,0
9142,100.199,96.2613,357.586,212.292,349.724,174.72,0
9143,18.7,24.3161,321.517,795.372,314.326,818.585,0
9144,237.805,186.381,363.595,290.141,349.718,174.678,0
9145,0,0,611.603,812.84,611.603,812.84,0
9146,261.007,258.199,328.775,572.258,312.824,817.988,0
9147,48.8998,52.855,611.737,163.515,647.967,191.34,0
9148,43.8999,41.6737,560.697,832.867,602.453,833.338,0
9149,136.499,150.116,314.196,694.039,312.583,817.985,0
9150,190.502,123.349,520.227,584.535,613.305,612.436,0
9151,755.763,405.176,343.129,493.383,150.327,706.155,0
9152,336.011,281.612,314.599,400.85,250.462,184.818,0
9153,97.3991,75.5464,554.166,731.328,611.96,752.75,0
9154,151.4,160.727,548.341,213.494,647.885,191.452,0
9155,322.81,144.203,225.072,300.905,248.403,184.798,0
9156,282.708,125.56,164.857,433.948,67.8232,405.236,0
9157,30.9001,33.4878,145.669,673.762,150.306,706.17,0
9158,85.8993,70.5505,135.62,396.092,67.71,404.855,0
9159,510.322,312.019,420.664,490.964,615.56,539.627,0
9160,56.4997,50.1066,402.69,179.467,355.805,174.183,0
9161,66.9995,43.2951,294.859,204.958,252.762,183.918,0
9162,298.409,199.188,478.502,313.65,630.357,334.072,0
9163,459.019,285.752,451.641,562.954,613.231,612.696,0
9164,372.113,147.582,486.751,638.08,613.331,613.195,0
9165,224.705,154.229,148.315,553.278,150.623,706.206,0
9166,171.301,137.056,247.652,311.332,249.769,185.133,0
9167,167.001,161.018,289.066,697.416,310.857,818.654,0
9168,56.4997,55.6884,570.321,790.225,607.342,809.667,0
9169,112.799,84.7636,191.133,657.187,150.483,706.131,0
9170,277.008,247.237,347.353,589.628,312.303,818.066,0
9171,137.199,156.759,344.966,671.395,313.163,818.165,0
9172,21.5,20.7337,253.059,205.526,249.869,185.131,0
9173,185.002,168.888,247.842,655.59,151.709,706.621,0
9174,393.315,272.643,442.657,365.452,355.428,174.392,0
9175,68.6995,50.0681,590.224,645.973,613.343,613.085,0
9176,40.8999,39.6205,395.056,176.069,355.978,173.608,0
9177,332.511,186.515,247.397,396.572,67.8102,405.055,0
9178,68.3995,73.0112,205.926,695.594,151.714,706.591,0
9179,315.71,187.387,236.566,606.15,150.109,706.098,0
9180,452.618,239.44,402.577,642.839,613.289,613.236,0
9181,705.375,331.459,310.792,541.555,150.312,706.072,0
9182,73.2995,65.0618,231.373,246.21,249.065,185.095,0
9183,784.156,397.525,318.582,527.255,150.332,706.089,0
9184,52.4998,58.5228,310.54,767.584,311.902,818.264,0
9185,77.8994,61.9628,309.615,763.835,311.182,818.618,0
9186,0,0,615.075,614.957,615.075,614.957,0
9187,0,0,62.0763,408.039,62.0763,408.039,0
9188,283.008,173.265,218.781,660.117,150.781,706.327,0
9189,459.219,315.095,356.277,459.118,349.513,174.58,0
9190,231.305,138.119,480.485,172.38,355.638,174.395,0
9191,21.3,20.6477,272.641,188.333,253.192,183.117,0
9192,197.303,165.786,609.728,416.426,615.614,539.591,0
9193,52.4998,51.391,569.997,592.908,613.391,612.102,0
9194,27.4001,26.3993,601.104,728.192,612.412,751.959,0
9195,193.003,159.785,549.327,420.499,615.632,539.671,0
9196,119.499,92.4349,243.998,781.757,310.328,818.941,0
9197,375.814,231.233,465.726,254.481,356.138,173.443,0
9198,298.609,163.459,489.548,650.218,613.338,613.094,0
9199,123.099,133.405,246.42,677.599,151.606,706.578,0
9200,332.111,177.071,508.529,678.094,613.215,612.951,0
9201,83.7993,72.9685,593.292,186.188,648.392,190.758,0
9202,77.9994,62.9051,590.081,131.357,653.6,129.595,0
9203,98.6991,110.477,567.801,171.043,653.586,130.283,0
9204,26.5001,33.3244,319.886,186.442,350.366,175.048,0
9205,54.8997,58.7467,614.65,242.275,635.974,282.355,0
9206,258.607,179.483,507.877,541.076,613.324,612.406,0
9207,444.618,334.622,320.751,493.18,67.5756,404.748,0
9208,596.501,417.039,374.797,512.924,615.534,539.893,0
9209,715.472,355.929,317.969,523.019,150.32,706.19,0
9210,108.499,129.096,524.598,736.814,611.112,755.173,0
9211,26.7001,21.7114,593.156,615.971,613.424,613.275,0
9212,50.5998,65.0684,588.547,490.049,615.613,540.441,0
9213,130.999,102.737,304.532,236.135,349.358,174.467,0
9214,44.3999,46.2202,596.145,709.551,612.389,751.868,0
9215,18,18.8912,597.714,741.518,612.051,752.674,0
9216,495.021,294.307,440.917,504.059,615.579,539.61,0
9217,71.9995,84.8527,529.666,765.897,611.142,755.179,0
9218,45.1999,58.2596,597.601,224.843,647.899,197.839,0
9219,109.199,99.5457,569.724,293.789,630.419,333.81,0
9220,301.609,189.572,501.495,547.19,613.365,612.206,0
9221,311.61,139.54,495.379,619.452,613.353,613.134,0
9222,119.499,113.732,184.268,252.299,248.795,184.977,0
9223,158.9,121.828,135.588,587.582,150.178,706.062,0
9224,401.215,242.696,435.038,346.975,356.257,173.234,0
9225,43.9999,57.7728,597.487,224.473,648.34,198.145,0
9226,40.1,38.5469,143.323,668.643,150.269,706.061,0
9227,3.6,2.60895,648.801,201.156,649.52,198.648,0
9228,215.504,164.119,148.968,544.453,149.888,706.183,0
9229,120.199,145.92,317.932,694.727,312.354,818.084,0
9230,247.606,269.02,330.508,564.811,312.381,818.082,0
9231,407.316,237.112,469.199,362.222,630.328,334.095,0
9232,178.302,113.433,215.14,286.084,248.034,184.611,0
9233,844.041,316.074,276.47,583.181,150.328,706.084,0
9234,182.802,145.027,533.171,388.104,630.279,334.125,0
9235,253.906,315.258,337.403,441.217,251.751,184.253,0
9236,277.308,175.079,267.57,339.686,250.281,184.911,0
9237,172.501,149.609,506.948,117.841,653.598,129.607,0
9238,34.7,32.6928,284.903,188.133,253.499,182.575,0
9239,228.005,180.293,153.186,534.971,149.932,706.206,0
9240,515.721,304.559,444.649,466.464,615.625,539.666,0
9241,461.119,264.664,461.985,467.436,615.619,539.566,0
9242,0,0,59.7675,404.658,59.7675,404.658,0
9243,39.9,35.2247,580.196,601.469,613.171,612.976,0
9244,242.806,142.408,522.12,646.09,613.322,613.084,0
9245,418.516,254.977,439.448,387.085,630.318,334.079,0
9246,43.1999,41.5174,560.99,834.401,602.411,833.254,0
9247,289.608,248.03,213.757,524.949,151.087,706.386,0
9248,379.314,253.188,482.294,347.645,630.299,334.117,0
9249,230.805,144.469,436.801,260.42,356.13,173.486,0
9250,354.212,141.48,173.396,438.435,67.7822,405.165,0
9251,22.5,23.9587,600.465,771.613,611.067,755.021,0
9252,389.715,245.572,410.52,353.878,355.346,174.497,0
9253,395.615,165.142,163.292,464.266,67.5325,406.066,0
9254,147.5,119.051,468.825,179.615,356.088,173.487,0
9255,6.9,6.14084,352.7,181.7,352.302,175.708,0
9256,13.4,13.2065,365.519,183.269,355.398,174.548,0
9257,268.507,288.447,331.045,548.421,312.37,818.138,0
9258,45.3999,59.7882,582.547,505.606,615.649,540.399,0
9259,324.411,325.788,342.768,522.292,312.386,818.096,0
9260,57.1997,64.9982,213.063,721.75,151.737,706.725,0
9261,52.9998,66.7324,213.935,726.203,151.909,706.742,0
9262,51.8998,49.4599,553.917,831.385,602.489,833.734,0
9263,558.511,333.655,402.906,497.483,615.51,539.976,0
9264,225.005,161.943,227.389,324.093,249.951,185.01,0
9265,104.899,114.764,261.487,736.284,152.518,706.957,0
9266,486.921,283.416,402.04,606.385,613.3,612.492,0
9267,25.1001,27.0146,278.252,192.003,253.405,182.822,0
9268,140.099,123.731,180.417,622.964,150.658,706.216,0
9269,405.316,231.582,547.561,514.768,613.3,612.413,0
9270,26.4001,29.1609,413.43,105.866,406.275,78.1469,0
9271,252.706,179.614,159.378,503.596,67.5598,405.731,0
9272,370.213,143.837,162.954,450.627,67.7909,405.083,0
9273,199.403,110.737,165.001,420.55,67.7021,405.46,0
9274,419.716,187.742,211.992,440.156,67.8107,405.009,0
9275,223.304,194.792,324.215,342.562,250.849,184.746,0
9276,175.802,111.697,546.415,654.722,613.334,612.354,0
9277,334.111,138.67,159.243,438.924,67.5425,406.054,0
9278,223.204,185.895,144.236,522.065,67.7309,405.537,0
9279,237.705,154.212,510.734,378.573,630.268,334.09,0
9280,223.704,111.428,167.589,421.044,67.7164,404.938,0
9281,403.815,266.255,431.648,444.967,615.476,539.853,0
9282,264.307,200.965,500.897,576.539,613.274,612.514,0
9283,88.0992,110.046,353.984,719.258,313.35,818.159,0
9284,52.2998,52.2093,406.965,170.22,356.041,173.557,0
9285,0,0,652.206,198.841,652.206,198.841,0
9286,388.715,278.311,402.871,377.23,349.335,174.495,0
9287,74.3994,70.5513,570.583,350.067,630.313,333.98,0
9288,291.709,182.172,444.884,286.606,355.104,174.561,0
9289,5.9,5.32437,608.33,748.79,612.18,752.498,0
9290,346.112,197.097,490.144,226.048,356.125,173.644,0
9291,0,0,253.7,180.031,253.69,180.21,0
9292,116.499,99.9099,275.467,280.893,249.744,185.218,0
9293,328.211,215.095,207.979,334.545,248.334,184.844,0
9294,28.2001,24.0134,603.614,561.692,616.555,542.806,0
9295,288.108,235.292,472.634,460.491,615.605,540.435,0
9296,67.9995,56.7119,299.763,202.282,253.091,183.592,0
9297,18.3,16.5297,613.665,334.302,630.365,334.109,0
9298,177.202,128.568,218.335,299.746,248.198,184.685,0
9299,54.9997,55.288,410.139,132.881,405.842,78.2154,0
9300,351.912,184.195,214.129,439.63,67.6878,404.808,0
9301,336.111,190.676,246.417,374.811,67.6091,404.673,0
9302,1.9,0.970484,610.828,757.482,611.562,756.607,0
9303,242.106,239.456,490.781,506.022,615.636,540.309,0
9304,127.199,121.47,364.714,240.216,349.571,174.594,0
9305,214.504,187.577,161.101,534.511,149.659,706.261,0
9306,117.699,104.534,516.097,603.643,613.165,612.692,0
9307,210.704,165.587,524.811,443.522,615.556,540.037,0
9308,94.8991,109.444,559.884,199.194,647.782,191.627,0
9309,89.2992,103.435,237.937,708.13,151.888,706.716,0
9310,141.799,118.993,175.852,625.23,150.324,706.097,0
9311,397.915,281.708,436.734,368.427,356.101,173.41,0
9312,325.411,308.639,377.348,556.404,312.573,818.039,0
9313,228.005,160.578,233.931,334.143,249.764,185.11,0
9314,95.0991,88.5823,224.151,266.635,248.769,185.036,0
9315,406.416,303.727,311.534,467.224,67.2869,403.953,0
9316,420.116,291.898,402.197,376.522,349.945,174.782,0
9317,401.815,249.659,479.662,482.29,615.622,540.35,0
9318,209.804,255.852,326.639,391.216,252.051,184.2,0
9319,50.4998,45.6576,581.2,779.932,611.075,755.375,0
9320,17.4,21.8356,632.798,136.526,653.509,129.794,0
9321,249.906,166.478,241.397,340.438,249.833,185.136,0
9322,433.317,226.44,438.556,679.052,613.349,612.461,0
9323,999.903,789.078,88.6716,454.184,92.563,459.859,1
9324,13.2,11.3648,641.735,207.238,648.383,198.115,0
9325,511.822,323.789,394.35,461.855,615.568,540.186,0
9326,50.1998,58.6368,594.962,306.25,630.326,334.133,0
9327,160.201,154.813,506.717,697.729,611.964,752.853,0
9328,310.81,160.55,231.955,606.597,149.96,706.162,0
9329,70.9995,63.6293,590.069,308.213,630.36,334.115,0
9330,29.8001,28.3449,602.436,565.305,616.538,542.504,0
9331,132.999,151.691,493.118,717.777,611.785,753.526,0
9332,101.099,104.203,600.242,460.607,615.601,539.677,0
9333,50.7998,39.4102,290.7,192.38,253.177,183.436,0
9334,2.8,1.99726,406.111,80.1408,405.834,78.1646,0
9335,241.806,146.032,410.837,260.874,356.013,173.92,0
9336,147.7,113.621,514.078,594.471,613.258,612.503,0
9337,421.016,306.19,375.059,438.928,349.931,174.78,0
9338,54.3997,41.5975,572.693,619.815,613.18,612.666,0
9339,30.7001,36.7282,318.504,782.159,312.36,818.051,0
9340,445.918,233.541,253.168,443.402,67.8159,405.178,0
9341,137.599,139.335,307.391,297.895,251.141,184.544,0
9342,183.302,104.802,162.805,414.369,67.8127,405.156,0
9343,81.3993,68.6477,135.611,639.017,150.53,706.06,0
9344,86.4993,70.8967,582.938,129.593,653.458,129.801,0
9345,141.799,102.629,450.807,176.961,355.442,174.43,0
9346,20.7,21.0155,376.904,174.805,356.115,173.455,0
9347,145.9,140.247,308.078,299.342,251.548,184.41,0
9348,121.399,107.448,547.236,700.472,612.023,752.942,0
9349,9.8,9.92758,620.769,336.699,630.283,334.175,0
9350,268.007,127.786,225.385,304.258,249.036,185.014,0
9351,203.803,159.917,612.68,422.031,615.553,539.572,0
9352,207.203,123.783,499.121,628.665,613.361,613.549,0
9353,263.607,146.08,211.423,390.152,67.7372,404.761,0
9354,238.505,141.821,433.424,260.505,355.795,174.103,0
9355,0,0,153.224,710.571,153.224,710.571,0
9356,351.412,215.478,476.849,407.007,630.337,334.056,0
9357,308.01,237.013,288.185,396.176,251.546,184.383,0
9358,99.0991,116.699,356.493,713.935,312.403,818.119,0
9359,216.804,208.234,276.501,649.977,152.037,706.769,0
9360,645.789,298.364,300.067,549.776,150.33,706.163,0
9361,521.02,305.487,406.914,565.911,613.299,612.375,0
9362,116.799,102.295,346.815,238.699,349.848,174.71,0
9363,294.409,178.878,225.8,343.782,249.704,185.237,0
9364,65.5996,69.2626,563.139,343.018,630.269,334.145,0
9365,117.699,101.608,552.622,125.001,653.636,129.736,0
9366,187.802,161.091,272.332,691.353,152.537,707.033,0
9367,326.111,180.506,182.057,471.006,67.5244,405.933,0
9368,505.822,232.024,274.58,584.779,150.295,706.058,0
9369,30.5001,31.692,601.832,566.994,616.221,541.907,0
9370,1.4,0.569542,254.94,179.495,254.346,179.898,0
9371,9.6,10.9223,344.036,183.827,349.693,174.688,0
9372,183.102,135.987,311.906,265.056,349.416,174.477,0
9373,45.8999,47.5906,571.578,799.324,607.342,809.545,0
9374,174.801,133.343,572.454,396.728,630.378,334.12,0
9375,65.0996,65.1115,135.901,645.117,150.196,706.159,0
9376,144.6,108.198,119.806,613.871,149.997,706.184,0
9377,0,0,644.654,282.207,644.654,282.207,0
9378,395.915,330.166,313.951,487.856,67.2881,403.913,0
9379,255.706,189.183,512.604,454.119,615.599,539.574,0
9380,448.418,205.053,217.652,459.176,67.8066,405.22,0
9381,72.5995,62.0876,137.284,645.268,149.9,706.163,0
9382,121.299,123.231,300.755,280.525,250.418,184.912,0
9383,42.3999,28.0646,95.2757,403.461,67.6763,405.472,0
9384,380.914,204.059,565.85,530.153,613.289,613.119,0
9385,252.106,155.38,447.229,257.735,355.492,174.421,0
9386,171.501,160.797,513.069,688.024,612.335,752.075,0
9387,258.107,152.769,218.505,392.335,67.7781,405.011,0
9388,217.904,140.593,509.842,656.438,613.406,612.327,0
9389,288.508,192.117,156.715,513.856,67.5476,406.13,0
9390,301.509,265.334,382.253,596.793,312.064,818.37,0
9391,593.402,306.846,318.127,538.385,150.336,706.129,0
9392,220.504,144.408,467.535,208.935,356.223,173.393,0
9393,128.999,113.693,562.397,383.845,630.405,334.503,0
9394,56.5997,69.2836,594.664,193.212,647.791,197.451,0
9395,82.9993,76.4305,229.546,257.706,249.362,185.218,0
9396,137.799,156.533,308.319,702.268,312.033,818.206,0
9397,164.101,148.41,517.148,694.957,611.956,752.822,0
9398,4,3.36578,599.157,834.136,602.433,833.376,0
9399,40.8999,46.068,569.876,747.279,611.987,752.795,0
9400,70.0995,82.7815,224.234,734.953,152.443,706.866,0
9401,206.503,204.389,276.649,663.273,151.723,706.719,0
9402,454.819,332.067,366.563,465.047,349.436,174.528,0
9403,190.902,119.761,497.34,602.944,613.336,613.138,0
9404,399.615,253.256,454.049,461.835,615.594,539.562,0
9405,297.009,188.244,273.76,358.597,249.925,185.104,0
9406,549.213,328.485,405.729,578.397,613.263,612.579,0
9407,71.5995,52.0346,145.651,653.046,149.952,706.247,0
9408,17.2,22.6792,321.245,797.112,315.157,818.957,0
9409,272.707,145.68,519.374,656.11,613.315,613.047,0
9410,262.407,156.417,218.296,391.414,67.395,404.192,0
9411,100.899,120.892,583.201,280.059,648.053,197.955,0
9412,52.1998,66.3259,281.737,232.321,250.965,184.602,0
9413,186.102,130.981,144.022,575.104,149.832,706.268,0
9414,248.606,147.621,536.229,550.259,613.314,613.13,0
9415,613.797,287.058,443.617,330.434,355.912,173.999,0
9416,175.001,134.004,349.461,283.959,349.851,174.787,0
9417,347.512,246.753,474.2,250.319,356.12,173.526,0
9418,124.199,98.0169,163.531,395.871,67.7141,404.897,0
9419,439.418,337.11,326.577,480.697,67.4165,404.124,0
9420,144.4,117.458,525.914,360.323,630.469,334.562,0
9421,3.6,2.61772,69.6784,402.888,67.5227,404.338,0
9422,258.107,242.508,486.125,504.784,615.595,540.443,0
9423,415.116,245.895,216.619,503.107,67.5993,405.88,0
9424,557.611,345.729,378.927,480.042,615.662,539.701,0
9425,52.0998,53.2819,87.5094,439.293,67.5989,405.688,0
9426,380.614,205.149,234.009,429.621,67.4627,404.254,0
9427,545.914,302.201,476.309,483.284,615.522,539.755,0
9428,171.001,115.161,522.577,349.87,630.37,334.147,0
9429,273.507,184.878,155.222,513.109,67.5295,406.144,0
9430,393.715,284.325,462.843,488.415,613.216,612.58,0
9431,264.707,188.857,371.799,322.78,349.776,174.738,0
9432,151.6,127.06,528.06,118.945,653.468,129.816,0
9433,68.1995,67.4745,345.58,197.068,350.025,174.783,0
9434,216.904,141.512,500.044,340.272,630.384,334.054,0
9435,169.501,163.723,274.277,687.655,151.729,706.554,0
9436,148,97.173,607.224,709.034,612.411,751.898,0
9437,385.614,285.225,431.04,367.93,355.193,174.492,0
9438,25.2001,33.229,262.552,215.64,251.291,184.51,0
9439,131.299,120.389,613.245,456.248,615.558,539.566,0
9440,364.013,168.804,487.436,662.985,613.274,613.145,0
9441,443.018,286.089,275.644,452.957,67.525,404.401,0
9442,294.209,179.721,164.252,504.956,67.6245,405.663,0
9443,386.514,225.014,426.631,334.409,356.112,173.474,0
9444,604.1,338.007,458.592,478.361,615.553,539.942,0
9445,77.7994,74.805,582.809,312.876,630.386,333.844,0
9446,102.599,78.9828,137.612,627.105,150.124,706.328,0
9447,238.305,146.883,438.585,259.841,355.441,174.465,0
9448,104.299,124.603,599.801,268.347,648.114,198.026,0
9449,173.201,175.411,513.142,198.926,647.616,192.018,0
9450,17.6,13.8101,601.465,743.269,612.565,752,0
9451,142.399,151.503,494.897,716.568,611.728,753.561,0
9452,310.71,194.87,492.818,403.77,630.324,334.141,0
9453,155.8,136.254,309.185,293.536,250.491,184.845,0
9454,51.0998,61.0006,596.356,204.09,647.863,197.627,0
9455,472.02,332.324,356.796,457.219,349.464,174.495,0
9456,224.805,236.746,318.172,372.941,251.116,184.575,0
9457,142.199,90.2193,543.824,634.177,613.252,613.025,0
9458,371.313,244.865,203.447,499.283,67.4386,406.169,0
9459,6.9,6.12767,73.6271,406.547,67.8069,405.228,0
9460,339.111,256.621,290.078,435.439,67.5254,404.305,0
9461,432.317,316.505,289.883,475.54,67.261,406.518,0
9462,174.401,150.305,177.953,590.171,151.105,706.4,0
9463,397.115,268.376,431.07,430.734,615.633,539.628,0
9464,135.999,107.849,515.862,595.929,613.182,612.705,0
9465,642.59,345.205,301.952,516.825,150.334,706.183,0
9466,27.9001,30.5795,623.307,133.648,653.555,129.947,0
9467,268.807,170.92,500.674,362.931,630.294,334.099,0
9468,273.607,227.711,484.965,459.037,615.552,540.386,0
9469,239.805,148.938,483.42,165.309,356.149,173.435,0
9470,160.301,139.032,360.728,270.224,349.872,174.682,0
9471,215.204,176.441,323.706,327.36,250.232,184.948,0
9472,143.7,112.354,350.77,248.296,349.45,174.504,0
9473,541.215,334.405,401.225,564.203,613.162,612.561,0
9474,37.5,33.3446,601.664,588.159,613.478,611.892,0
9475,104.499,89.2335,225.556,267.43,249.122,185.105,0
9476,133.899,96.7224,216.399,270.244,248.927,185.046,0
9477,135.299,145.134,528.304,192.323,647.84,191.484,0
9478,220.704,191.858,395.732,293.26,355.42,174.396,0
9479,87.5992,109.945,568.684,229.658,648.069,198.015,0
9480,252.206,182.313,523.184,424.411,630.313,334.139,0
9481,164.101,127.706,279.927,300.498,249.95,185.133,0
9482,310.41,135.037,493.123,622.633,613.267,613.135,0
9483,177.502,166.425,254.94,650.337,151.312,706.49,0
9484,158.4,98.0887,197.226,641.726,150.746,706.253,0
9485,207.303,170.294,374.803,292.943,349.549,174.552,0
9486,143.7,116.485,548.126,144.215,653.523,129.984,0
9487,37.1,28.8609,602.479,592.424,613.257,612.417,0
9488,296.809,206.396,468.447,545.015,613.157,612.641,0
9489,23.4001,23.2841,587.499,802.442,606.776,810.897,0
9490,51.5998,49.4017,554.22,829.398,602.582,832.891,0
9491,329.911,137.912,491.391,637.56,613.205,613.037,0
9492,64.9996,72.7636,428.459,140.23,406.129,78.1656,0
9493,107.699,132.614,566.058,278.055,648.242,197.967,0
9494,33.3001,40.3924,606.976,307.862,630.297,333.901,0
9495,15.8,16.6222,599.518,798.11,606.369,811.771,0
9496,64.0996,56.558,408.391,182.884,356.119,173.453,0
9497,505.422,276.169,432.918,593.393,613.307,613.107,0
9498,175.902,191.859,482.182,692.141,612.064,752.714,0
9499,650.588,328.635,324.883,527.574,150.348,706.089,0
9500,37.2,42.895,605.842,305.847,630.298,333.971,0
9501,55.8997,35.1464,255.628,219.903,249.876,185.089,0
9502,270.107,157.248,443.014,146,356.229,173.422,0
9503,13.5,15.5928,302.858,809.069,312.001,818.323,0
9504,82.6993,80.87,538.636,607.558,613.297,612.464,0
9505,174.301,134.657,522.693,656.284,613.288,613.069,0
9506,378.214,295.062,313.345,456.689,67.512,404.251,0
9507,443.318,258.752,422.827,661.296,613.256,612.44,0
9508,0,0,661.168,130.865,661.168,130.865,0
9509,111.699,140.129,561.213,283.445,647.851,197.726,0
9510,417.216,186.269,470.212,643.355,613.346,613.048,0
9511,126.099,100.587,374.46,206.662,355.504,174.402,0
9512,361.213,250.389,217.702,509.138,67.3043,406.632,0
9513,302.809,194.125,446.878,619.765,613.341,613.146,0
9514,158.3,129.611,195.552,260.104,248.021,184.575,0
9515,148.1,141.103,269.132,710.836,152.39,706.895,0
9516,47.7998,50.7915,613.556,367.122,630.324,334.07,0
9517,82.1993,104.686,568.642,234.871,647.892,197.671,0
9518,387.814,258.896,438.638,438.599,615.586,539.593,0
9519,66.7996,80.4544,585.42,474.542,615.482,540.17,0
9520,375.814,234.439,267.439,433.158,67.6053,404.53,0
9521,329.611,239.399,462.194,428.038,615.646,539.739,0
9522,221.904,171.352,473.976,575.244,613.319,613.227,0
9523,31.5001,26.4787,600.222,595.828,613.422,612.111,0
9524,300.309,163.562,175.208,303.957,249.501,185.226,0
9525,288.408,197.237,277.491,364.277,250.394,184.884,0
9526,362.913,199.241,248.116,376.087,67.5371,404.293,0
9527,100.399,100.972,98.0687,473.097,67.6716,405.627,0
9528,519.22,321.365,425.193,541.658,613.252,612.389,0
9529,17.2,15.8051,246.74,200.981,249.803,185.146,0
9530,331.811,225.496,368.777,373.302,349.303,174.538,0
9531,55.2997,68.6119,591.012,484.43,615.629,540.354,0
9532,317.61,201.024,219.114,658.186,149.966,706.22,0
9533,286.808,171.244,165.68,494.552,67.4787,406.02,0
9534,396.615,280.522,417.489,376.102,349.755,174.702,0
9535,397.615,198.37,285.442,641.89,150.282,706.156,0
9536,444.418,328.197,411.535,422.529,630.283,334.072,0
9537,103.599,99.1848,570.838,291.923,630.421,333.852,0
9538,128.399,103.49,552.965,666.298,613.183,612.787,0
9539,106.099,121.611,565.26,182.023,653.55,130.192,0
9540,226.305,174.987,122.474,551.745,149.694,706.285,0
9541,23.4001,25.0879,600.427,773.313,611.122,755.209,0
9542,372.414,235.73,262.091,435.203,67.4052,404.16,0
9543,171.201,158.941,92.6963,495.139,67.7956,405.362,0
9544,369.013,262.46,484.133,504.434,613.27,612.542,0
9545,370.113,198.479,543.762,526.526,613.168,613.024,0
9546,72.8995,71.1618,413.461,145.916,356.069,173.642,0
9547,60.1997,62.8543,187.336,675.453,150.434,706.148,0
9548,152.6,121.415,345.456,272.401,349.573,174.559,0
9549,81.6993,80.3804,330.71,233.466,349.473,174.648,0
9550,12.5,13.9075,81.0812,402.714,67.7961,405.138,0
9551,207.303,119.253,225.208,293.767,248.118,184.663,0
9552,96.8991,122.084,516.24,738.14,611.136,755.13,0
9553,117.299,98.2196,138.501,610.627,149.933,706.16,0
9554,41.2999,39.9813,404.738,118.121,405.558,78.0473,0
9555,126.799,102.436,127.683,614.01,150.038,706.184,0
9556,334.911,231.903,215.932,486.922,67.4422,406.237,0
9557,40.9999,39.4979,579.178,796.266,607.344,809.666,0
9558,775.858,293.947,282.598,583.694,150.327,706.123,0
9559,202.803,166.714,186.075,602.514,150.886,706.276,0
9560,195.003,177.903,122.879,552.123,149.971,706.219,0
9561,260.607,310.068,334.197,440.256,251.483,184.432,0
9562,35.5,33.4603,584.438,795.479,607.288,809.535,0
9563,135.899,108.978,549.765,136.938,653.65,130.246,0
9564,457.619,343.919,327.811,483.525,67.4401,406.336,0
9565,27.4001,28.0983,613.65,293.885,635.862,282.399,0
9566,185.802,131.214,547.999,299.042,630.334,334.131,0
9567,652.288,311.005,300.528,550.696,150.289,706.193,0
9568,220.504,167.55,212.659,358.161,67.7174,404.754,0
9569,229.705,231.572,339.775,374.144,250.613,184.84,0
9570,57.3997,52.8855,591.065,705.086,612.207,752.473,0
9571,168.801,159.944,270.895,676.216,152.192,706.802,0
9572,39.5,20.0224,267.355,198.27,252.984,183.812,0
9573,264.607,134.74,202.451,405.347,67.7132,405.499,0
9574,199.203,152.206,502.611,125.102,653.559,130.386,0
9575,494.821,258.275,231.135,523.717,150.295,706.149,0
9576,446.818,311.151,406.328,416.744,630.263,334.055,0
9577,151,114.272,546.437,579.131,613.209,612.554,0
9578,11.9,12.3302,641.397,131.377,653.546,129.764,0
9579,288.308,135.891,213.941,240.893,248.875,184.992,0
9580,245.806,142.598,528.591,648.208,613.292,612.421,0
9581,60.2997,80.6639,546.999,790.305,606.753,811.106,0
9582,198.003,147.228,290.768,315.435,251.318,184.506,0
9583,263.607,170.106,504.446,325.303,630.356,334.121,0
9584,9.6,9.81558,606.001,745.033,612.181,752.553,0
9585,433.817,305.058,260.549,520.1,67.5435,406.067,0
9586,98.0991,80.2937,556.932,332.863,630.358,334.28,0
9587,427.017,278.954,431.092,421.913,615.635,539.626,0
9588,170.901,100.096,231.792,283.511,248.959,185.035,0
9589,145.2,126.574,595.736,440.486,615.579,539.691,0
9590,225.705,197.538,382.538,695.603,312.888,817.983,0
9591,375.114,267.4,303.888,438.435,67.211,403.617,0
9592,320.21,306.708,379.278,553.938,312.706,818.019,0
9593,362.713,168.39,201.245,433.288,67.8194,405.209,0
9594,36.1,40.9961,299.405,788.034,311.979,818.286,0
9595,121.099,108.869,547.216,120.403,653.454,129.776,0
9596,108.999,100.177,554.954,121.537,653.641,129.702,0
9597,390.615,293.904,313.781,448.243,67.4684,404.301,0
9598,211.404,165.359,530.823,446.345,615.632,539.746,0
9599,396.215,252.694,454.54,457.056,615.508,539.871,0
9600,386.214,256.044,453.442,457.184,615.562,540.221,0
9601,17.1,14.0367,264.961,191.142,253.1,183.587,0
9602,245.306,157.547,499.206,356.132,630.35,334.089,0
9603,185.602,135.269,549.702,555.194,613.217,612.588,0
9604,37.5,40.3506,592.93,718.265,612.14,752.561,0
9605,260.407,115.889,196.115,262.843,248.902,185.012,0
9606,0,0,251.004,182.088,251.036,182.284,0
9607,23.3001,27.8947,285.265,810.97,311.683,818.438,0
9608,177.102,103.535,208.892,267.309,248.863,185.021,0
9609,324.511,216.461,508.972,518.772,613.252,612.411,0
9610,354.112,224.555,264.41,423.582,67.5089,404.264,0
9611,13.6,12.728,260.387,194.505,253.003,183.69,0
9612,186.602,108.538,512.049,634.174,613.234,613.011,0
9613,259.807,228.338,474.442,432.33,615.629,540.295,0
9614,123.299,101.361,551.29,124.192,653.607,130.344,0
9615,48.2998,48.5031,608.527,141.573,653.507,129.87,0
9616,233.705,118.958,231.369,295.85,248.23,184.681,0
9617,199.803,114.908,511.753,641.888,613.274,612.537,0
9618,290.108,196.39,265.756,358.721,251.198,184.516,0
9619,10.5,12.6049,623.483,282.144,635.933,282.347,0
9620,105.599,84.509,150.881,397.758,67.7012,405.547,0
9621,249.706,273.007,333.212,566.164,312.132,818.155,0
9622,544.014,304.725,410.457,565.204,613.342,612.501,0
9623,58.0997,62.11,566.876,782.154,611.191,754.811,0
9624,383.014,235.588,469.345,451.75,615.607,539.643,0
9625,284.808,152.729,242.309,633.439,151.039,706.371,0
9626,383.314,261.838,479.667,505.095,613.295,612.461,0
9627,241.706,166.559,172.301,331.727,67.6743,404.776,0
9628,101.199,80.4778,140.748,625.947,150.02,706.201,0
9629,156,123.712,278.058,729.318,310.942,818.727,0
9630,422.217,250.382,445.606,389.949,630.321,334.099,0
9631,159.801,117.376,168.737,376.028,67.5988,404.723,0
9632,34.6,37.646,313.338,183.262,348.979,174.448,0
9633,155.2,117.128,143.196,590.201,150.713,706.212,0
9634,318.11,311.195,362.455,541.259,312.383,818.129,0
9635,110.699,118.593,91.1122,484.154,67.7579,405.431,0
9636,206.003,139.889,523.905,378.862,630.339,334.129,0
9637,339.111,196.482,445.174,318.929,355.836,174.186,0
9638,98.6991,94.8245,138.406,614.751,149.87,706.194,0
9639,475.42,265.717,462.751,477.17,615.65,539.702,0
9640,348.512,169.241,495.717,677.559,613.328,613.168,0
9641,70.5995,64.4023,589.345,693.275,612.281,752.25,0
9642,310.81,213.411,407.849,317.001,355.456,174.428,0
9643,411.716,273.96,424.764,441.673,615.578,539.573,0
9644,36.8,42.8424,609.399,214.215,647.857,197.783,0
9645,28.2001,27.9993,604.929,566.305,617.055,543.595,0
9646,233.005,209.809,613.383,382.478,615.658,539.496,0
9647,2.3,1.55578,356.711,175.486,355.698,174.305,0
9648,176.202,167.704,285.203,687.415,311.128,818.61,0
9649,74.4994,60.7001,560.255,740.286,612.073,752.666,0
9650,254.806,229.308,381.471,631.72,313.432,818.167,0
9651,70.5995,88.3205,577.109,247.876,647.847,197.632,0
9652,49.8998,38.7786,224.764,206.252,248.152,184.667,0
9653,429.917,262.485,433.617,608.482,613.243,612.799,0
9654,67.1995,55.6404,573.971,635.556,613.33,612.382,0
9655,208.104,127.023,491.286,600.687,613.277,613.153,0
9656,35.1,36.5701,596.185,720.399,612.234,752.533,0
9657,31.5001,34.3165,600.083,721.43,612.394,752.078,0
9658,292.609,178.251,416.862,296.693,356.224,173.373,0
9659,234.205,148.662,187.087,351.812,67.8143,405.04,0
9660,444.918,316.597,392.966,417.274,349.765,174.644,0
9661,35.9,39.1031,616.485,262.018,635.839,282.27,0
9662,263.707,155.855,243.914,632.744,150.849,706.306,0
9663,15.7,15.1012,249.64,200.025,249.204,185.111,0
9664,83.8993,63.7345,203.164,213.104,248.953,184.985,0
9665,252.106,194.966,364.998,340.904,349.747,174.663,0
9666,40.9999,33.2667,242.491,218.31,249.541,185.23,0
9667,179.402,141.589,242.636,316.907,250.567,184.844,0
9668,7.79999,8.44524,315.873,810.295,313.68,818.45,0
9669,450.518,331.389,318.287,487.48,67.3748,406.201,0
9670,507.222,276.522,465.335,478.289,615.623,540.282,0
9671,163.301,145.79,520.88,145.613,653.48,130.221,0
9672,57.3997,65.9862,588.487,488.996,615.451,539.785,0
9673,288.408,169.099,243.636,632.987,150.667,706.222,0
9674,248.306,306.743,333.314,436.138,251.701,184.336,0
9675,266.307,195.283,235.126,364.042,67.5424,404.279,0
9676,98.0991,87.1758,566.344,125.063,653.587,129.675,0
9677,409.616,244.096,482.416,479.449,615.491,539.844,0
9678,132.499,98.8698,545.153,351.957,630.351,333.833,0
9679,347.212,277.985,285.135,456.751,67.2738,403.794,0
9680,739.167,322.335,319.513,538.655,150.336,706.194,0
9681,135.099,101.623,606.687,710.346,612.392,751.963,0
9682,43.4999,42.3823,611.703,132.908,653.578,129.668,0
9683,146.5,107.086,422.632,232.284,355.849,174.143,0
9684,183.502,216.784,503.954,265.416,647.939,197.564,0
9685,331.411,240.727,472.616,461.02,615.593,539.679,0
9686,72.4995,98.1956,344.042,725.922,313.324,818.197,0
9687,215.004,147.144,133.701,567.13,150.612,706.218,0
9688,321.71,214.041,198.961,465.133,67.3634,406.192,0
9689,182.602,148.961,162.827,572.421,150.307,706.091,0
9690,6.5,7.02232,609.859,544.855,616.331,542.132,0
9691,278.208,170.219,195.55,326.038,247.988,184.569,0
9692,103.099,114.866,250.15,712.979,152.519,706.997,0
9693,79.5994,80.0393,210.633,689.178,151.531,706.615,0
9694,999.903,69.9014,603.159,289.366,609.351,284.333,1
9695,197.403,140.745,151.533,573.174,150.072,706.078,0
9696,17.8,17.9783,595.945,608.324,613.158,612.809,0
9697,114.099,90.9581,156.886,395.912,67.6653,404.908,0
9698,287.708,132.905,150.973,428.131,67.7798,405.011,0
9699,50.2998,43.3368,146.357,662.809,150.233,706.165,0
9700,376.114,323.237,321.513,472.712,67.2907,403.759,0
9701,301.609,240.215,471.367,449.396,615.645,540.318,0
9702,253.106,176.571,275.909,345.243,250.439,184.93,0
9703,113.499,144.299,318.673,697.735,312.277,818.091,0
9704,220.204,138.963,286.49,311.824,250.032,185.05,0
9705,135.899,152.598,355.779,677.67,313.271,818.177,0
9706,61.5996,33.4158,233.596,214.008,248.764,184.959,0
9707,67.1995,52.3049,300.447,190.609,253.183,183.246,0
9708,155.2,159.279,313.607,682.194,312.626,817.969,0
9709,5.6,5.13868,642.682,190.324,647.485,192.146,0
9710,137.699,101.453,452.544,179.675,356.274,173.136,0
9711,105.599,81.0386,571.108,359.392,630.297,333.867,0
9712,258.707,225.493,379.032,631.49,313.298,818.21,0
9713,681.881,322.684,321.144,532.19,150.345,706.056,0
9714,177.202,121.226,203.969,626.158,149.915,706.199,0
9715,43.8999,51.669,309.498,773.5,311.363,818.505,0
9716,196.703,156.971,368.43,264.839,349.708,174.672,0
9717,130.999,107.197,534.72,335.509,630.404,334.49,0
9718,259.107,192.458,508.493,453.921,615.586,539.632,0
9719,88.8992,106.885,325.232,717.735,312.357,818.057,0
9720,119.399,97.3477,221.724,269.361,248.265,184.677,0
9721,230.405,192.839,377.122,305.483,349.394,174.457,0
9722,207.603,112.254,234.135,290.204,248.863,185.016,0
9723,38,39.5339,571.852,807.702,606.78,810.943,0
9724,169.401,155.079,368.563,259.705,349.508,174.607,0
9725,255.306,184.029,280.623,351.107,251.308,184.475,0
9726,160.701,116.613,169.593,375.194,67.7081,404.849,0
9727,343.712,140.71,173.381,438.053,67.8008,405.391,0
9728,92.1992,108.196,560.038,198.814,648.029,191.036,0
9729,413.016,280.996,435.948,458.805,615.473,540.074,0
9730,181.502,78.1322,187.486,656.406,150.073,706.068,0
9731,92.0992,98.3526,218.324,679.293,151.912,706.725,0
9732,157.7,177.865,310.28,723.224,312.207,818.191,0
9733,65.2996,80.498,538.527,776.737,611.096,755.256,0
9734,295.309,274.307,192.655,520.196,149.889,706.216,0
9735,141.899,154.506,261.293,674.342,151.712,706.66,0
9736,39.7,54.3699,595.142,497.951,615.673,540.401,0
9737,180.102,140.727,392.257,229.35,355.784,174.295,0
9738,241.606,119.328,232.204,297.827,249.126,185.107,0
9739,260.907,177.623,273.213,346.987,250.908,184.735,0
9740,271.807,170.011,290.213,333.425,250.325,184.949,0
9741,134.199,130.358,294.343,289.564,250.622,184.822,0
9742,264.007,207.651,387.39,329.607,349.352,174.518,0
9743,253.906,174.459,203.021,587.661,151.03,706.268,0
9744,162.901,166.821,342.622,661.468,313.077,818.116,0
9745,245.106,184.166,204.305,576.883,150.713,706.18,0
9746,437.617,307.801,358.885,452.029,349.377,174.486,0
9747,74.2994,84.8025,537.269,753.393,611.166,754.898,0
9748,221.004,165.497,226.642,323.707,249.057,184.99,0
9749,44.1999,58.7403,328.994,762.02,312.714,817.974,0
9750,143.2,142.557,544.378,462.385,615.497,539.855,0
9751,554.412,259.456,291.649,602.87,150.331,706.17,0
9752,110.099,139.605,560.858,281.774,647.883,197.71,0
9753,328.211,288.914,316.006,404.699,250.701,184.834,0
9754,13.1,13.6948,151.051,692.539,150.626,706.196,0
9755,104.599,73.5691,418.37,159.945,355.988,173.723,0
9756,648.989,337.798,308.891,515.802,150.329,706.109,0
9757,55.1997,53.8312,88.9748,439.058,67.7268,405.523,0
9758,90.1992,71.5391,420.823,151.911,356.243,173.355,0
9759,148.2,156.486,542.587,472.199,615.569,540.393,0
9760,81.9993,61.6598,558.75,740.574,612.022,752.9,0
9761,128.199,136.016,314.317,279.937,251.344,184.481,0
9762,107.699,80.7861,190.397,657.287,150.568,706.234,0
9763,170.701,154.051,555.749,420.632,615.521,540.078,0
9764,20.7,18.7667,260.42,200.485,252.635,183.955,0
9765,187.802,135.3,525.513,376.947,630.273,334.077,0
9766,381.414,194.874,252.98,399.082,67.7952,405.34,0
9767,445.618,268.745,455.58,478.301,615.572,540.254,0
9768,200.203,177.026,147.431,536.696,149.915,706.214,0
9769,48.5998,47.0971,406.832,124.44,405.868,78.1363,0
9770,133.899,92.8893,543.383,334.287,630.427,334.498,0
9771,339.612,257.207,481.795,355.251,630.306,334.11,0
9772,8.4,8.38044,607.62,541.531,615.553,539.952,0
9773,576.706,359.156,391.313,483.911,615.581,539.735,0
9774,162.101,144.914,118.294,508.899,67.7798,405.384,0
9775,170.201,135.554,584.133,381.351,630.319,334.138,0
9776,259.907,186.752,135.618,530.015,149.936,706.221,0
9777,404.915,199.298,482.752,690.38,613.313,613.158,0
9778,55.3997,30.8661,277.111,204.187,252.638,183.995,0
9779,526.419,329.069,429.537,531.428,613.182,612.649,0
9780,340.212,279.406,306.359,424.098,67.5309,404.271,0
9781,62.8996,79.2605,326.097,741.685,312.456,817.981,0
9782,126.199,121.042,174.046,623.219,150.588,706.235,0
9783,314.91,163.821,238.034,641.091,150.668,706.213,0
9784,64.4996,69.0752,316.39,758.187,311.738,818.352,0
9785,40.7,43.4447,309.542,781.693,311.634,818.363,0
9786,222.404,193.169,513.531,458.889,615.463,540.184,0
9787,215.804,159.279,532.638,449.528,615.557,539.787,0
9788,240.705,153.378,526.444,546.449,613.151,612.868,0
9789,0,0,63.0048,407.53,63.0048,407.53,0
9790,312.21,196.683,471.334,277.039,355.746,174.125,0
9791,311.61,161.665,250,635.235,150.058,706.182,0
9792,657.187,328.025,285.649,562.445,150.306,706.195,0
9793,90.3992,77.3901,576.609,126.374,653.548,130.226,0
9794,89.9992,92.6621,570.203,480.027,615.567,539.743,0
9795,97.0991,80.9708,258.771,779.785,310.392,818.899,0
9796,179.802,120.492,502.701,630.71,613.267,612.508,0
9797,141.099,132.798,266.849,718.161,151.977,706.787,0
9798,58.2997,51.1351,603.454,131.848,653.554,129.673,0
9799,49.2998,39.4439,105.829,402.925,67.7429,404.816,0
9800,375.014,240.223,476.356,471.875,615.527,540.13,0
9801,45.0999,62.9364,326.921,757.28,312.807,817.978,0
9802,0,0,252.586,177.309,252.586,177.309,0
9803,381.914,221.818,216.558,484.577,67.4942,405.944,0
9804,157.8,189.397,523.683,269.722,647.874,197.696,0
9805,164.401,134.227,583.988,380.28,630.326,334.06,0
9806,83.6993,67.6576,133.804,397.185,67.8089,404.968,0
9807,448.118,301.807,407.983,448.972,615.74,539.534,0
9808,101.299,115.368,561.34,209.568,648.495,190.795,0
9809,468.719,214.731,302.238,637.762,150.252,706.146,0
9810,293.709,252.662,308.664,364.574,251.32,184.514,0
9811,305.209,170.037,229.017,649.244,150.675,706.22,0
9812,156.8,78.5707,187.813,656.326,150.857,706.323,0
9813,286.108,215.672,394.889,327.34,349.78,174.705,0
9814,138.499,103.465,550.281,322.653,630.382,334.51,0
9815,168.101,154.686,536.79,447.375,615.645,539.71,0
9816,254.606,125.365,232.867,294.635,249.055,185.089,0
9817,80.9993,104.971,584.222,263.241,648.068,198.027,0
9818,90.1992,71.2731,138.669,395.341,67.6812,404.856,0
9819,528.618,328.945,233.127,519.266,150.265,706.14,0
9820,148.8,123.133,254.723,301.697,249.579,185.249,0
9821,240.605,164.195,492.646,319.936,630.28,334.151,0
9822,256.006,206.602,393.41,312.096,349.768,174.665,0
9823,272.407,165.543,505.46,325.66,630.257,334.108,0
9824,175.301,123.917,524.093,340.617,630.252,334.142,0
9825,211.604,146.079,331.582,285.742,349.406,174.471,0
9826,1.8,0.965435,652.491,129.92,653.451,130.016,0
9827,233.505,178.846,515.271,446.591,615.482,540.043,0
9828,40.5,47.6568,583.706,339.257,630.331,334.296,0
9829,319.01,170.382,501.395,165.836,356.248,173.364,0
9830,15.8,14.5447,366.276,183.409,355.463,174.449,0
9831,42.1999,49.8902,423.752,119.866,406.205,78.1382,0
9832,274.308,158.496,180.037,304.561,249.096,185.136,0
9833,27.4001,27.4186,412.045,103.862,405.478,78.082,0
9834,244.006,125.442,460.421,159.361,356.045,173.789,0
9835,26.3001,28.2629,383.682,179.147,355.804,174.202,0
9836,10.5,9.75264,77.5843,405.832,67.82,405.287,0
9837,524.019,322.141,401.517,581.622,613.192,612.717,0
9838,15.5,16.5956,597.281,745.449,612.296,752.399,0
9839,303.209,245.391,308.827,368.734,251.375,184.476,0
9840,161.601,189.352,519.367,297.432,647.905,197.758,0
9841,73.5994,65.3615,411.554,152.692,355.785,174.278,0
9842,79.0994,74.9967,572.251,354.21,630.448,333.759,0
9843,41.7999,42.7065,610.38,127.821,653.455,129.905,0
9844,63.8996,58.0757,606.85,150.875,653.603,129.62,0
9845,52.5998,63.4692,550.585,762.819,611.187,754.875,0
9846,206.603,208.622,326.491,624.442,312.277,818.113,0
9847,19.3,25.9002,628.259,133.796,653.548,129.969,0
9848,368.813,157.944,161.142,458.087,67.8404,405.159,0
9849,17.5,18.1531,584.327,835.597,602.46,833.25,0
9850,55.9997,57.6134,334.772,199.432,349.189,174.543,0
9851,45.7999,49.2948,611.334,167.877,648.427,190.869,0
9852,161.901,123.437,377.441,228.65,355.583,174.333,0
9853,224.304,235.968,344.406,374.624,251.652,184.305,0
9854,426.917,254.927,438.104,389.189,630.331,334.071,0
9855,417.016,174.392,204.974,436.44,67.7045,405.545,0
9856,256.406,144.112,447.388,245.647,355.965,173.673,0
9857,57.9997,37.7751,575.616,618.276,613.229,612.843,0
9858,110.199,102.66,153.482,617.652,149.89,706.184,0
9859,112.599,104.317,360.794,221.923,349.703,174.651,0
9860,84.0993,87.5162,565.994,489.423,615.617,539.578,0
9861,251.906,227.214,497.634,502.048,615.595,539.601,0
9862,153.5,134.647,310.664,289.562,250.675,184.824,0
9863,362.513,219.42,474.527,257.397,356.191,173.273,0
9864,132.099,158.886,399.433,710.453,313.681,818.434,0
9865,80.7993,73.2945,267.096,255.199,250.337,184.873,0
9866,34.5,37.6815,596.025,718.695,612.422,751.939,0
9867,294.809,146.083,499.603,179.713,355.824,174.187,0
9868,53.8997,55.3761,571.577,789.519,606.723,811.114,0
9869,248.406,189.326,150.37,521.561,67.4742,406.1,0
9870,73.4995,60.6241,594.311,126.671,653.572,129.718,0
9871,334.111,246.921,290.349,393.115,248.31,184.785,0
9872,60.6996,66.8475,590.695,230.266,647.892,197.636,0
9873,26.5001,33.0459,262.131,215.66,250.232,184.922,0
9874,40.8999,46.3222,171.327,674.542,150.28,706.178,0
9875,114.599,100.107,554.364,122.78,653.58,130.31,0
9876,262.607,162.808,188.278,313.444,248.253,184.838,0
9877,494.121,345.812,373.382,446.952,349.588,174.545,0
9878,110.799,84.5848,430.191,149.637,356.233,173.248,0
9879,320.61,220.154,218.345,474.296,67.4455,406.133,0
9880,32.9001,36.9394,308.327,788.141,311.459,818.386,0
9881,391.815,262.525,440.41,437.534,615.606,539.589,0
9882,488.921,366.128,364.22,479.152,349.92,174.82,0
9883,360.513,145.967,157.97,438.972,67.8398,405.192,0
9884,161.001,120.265,452.542,159.43,356.19,173.362,0
9885,150.4,119.799,271.517,743.053,310.571,818.894,0
9886,268.907,162.572,179.526,299.503,248.241,184.747,0
9887,0,0,66.3673,407.739,66.3673,407.739,0
9888,76.2994,77.8128,193.248,663.674,150.436,706.101,0
9889,35.4,34.2024,405.843,111.623,405.472,78.0922,0
9890,481.82,317.832,402.952,563.934,613.221,612.586,0
9891,249.406,168.212,171.935,326.881,67.4917,404.346,0
9892,203.803,111.878,178.011,389.661,67.6736,405.634,0
9893,346.212,241.26,269.796,403.609,249.258,185.249,0
9894,276.908,219.1,202.77,535.066,150.303,706.133,0
9895,124.499,88.5608,589.534,355.427,630.42,334.5,0
9896,503.021,300.721,229.89,542.208,150.289,706.05,0
9897,140.099,152.259,533.159,212.85,648.005,190.97,0
9898,40.4,50.3479,325.123,769.669,312.745,817.975,0
9899,428.517,264.63,244.75,498.796,67.6428,405.84,0
9900,196.703,151.428,614.957,431.546,615.604,539.637,0
9901,418.916,244.057,414.347,616.544,613.155,612.578,0
9902,49.6998,48.1097,401.631,178.549,355.753,174.259,0
9903,376.314,269.01,429.462,437.34,615.544,540.18,0
9904,132.599,95.0257,606.831,706.62,612.352,751.93,0
9905,457.119,329.123,428.084,419.776,615.554,540.195,0
9906,213.904,160.023,194.125,589.316,150.1,706.077,0
9907,166.201,155.903,514.216,689.417,612.359,751.941,0
9908,46.6999,48.6583,278.445,794.998,310.872,818.723,0
9909,114.199,110.215,605.254,458.357,615.641,539.605,0
9910,195.703,174.617,484.559,112.544,653.652,129.543,0
9911,351.912,168.214,493.208,679.737,613.228,613.018,0
9912,108.899,101.659,162.364,629.468,150.689,706.163,0
9913,397.815,239.445,458.016,375.002,630.276,334.054,0
9914,65.8996,61.2895,265.765,242.118,250.186,184.971,0
9915,84.5993,65.7626,587.547,132.914,653.643,129.673,0
9916,198.303,177.045,531.681,488.838,615.628,539.638,0
9917,73.5994,92.8951,332.755,728.402,312.201,818.195,0
9918,27.7001,23.5851,252.54,208.226,249.573,185.196,0
9919,31.8001,28.7741,85.0268,421.302,67.6796,405.525,0
9920,407.116,290.545,362.069,421.189,349.682,174.633,0
9921,119.899,99.6623,435.184,196.221,356.188,173.423,0
9922,411.816,323.208,256.55,539.539,67.5886,405.681,0
9923,129.999,98.9841,449.386,177.692,355.57,174.382,0
9924,188.602,163.995,271.372,666.87,152.97,707.166,0
9925,42.8999,27.8433,587.673,619.509,613.488,613.631,0
9926,451.218,235.319,434.841,602.367,613.257,613.12,0
9927,27.2001,28.9388,601.846,336.644,630.292,334.303,0
9928,26.6001,27.708,280.016,187.327,253.439,182.791,0
9929,78.0994,94.3781,525.312,781.493,611.215,755.598,0
9930,204.803,160.089,147.061,494.243,67.6495,405.757,0
9931,16.1,17.8743,613.228,330.276,630.363,334.156,0
9932,58.5997,41.6364,108.722,406.071,67.5764,404.711,0
9933,296.309,172.005,228.918,400.098,67.839,404.981,0
9934,26.2001,30.1358,624.531,135.116,653.559,130.024,0
9935,161.901,120.378,455.359,157.696,356.333,173.197,0
9936,139.899,126.319,530.077,118.783,653.651,129.555,0
9937,162.201,129.722,545.327,387.4,630.305,334.081,0
9938,82.7993,71.9103,412.928,196.724,355.727,174.305,0
9939,525.319,311.463,426.107,545.13,613.292,612.553,0
9940,95.8991,93.8481,143.429,616.645,149.985,706.25,0
9941,93.6991,78.5768,153.214,642.139,150.654,706.233,0
9942,24.2001,24.4131,412.025,101.346,405.629,78.0839,0
9943,182.702,105.291,207.453,267.31,248.338,184.81,0
9944,162.701,115.208,169.02,378.115,67.7323,404.83,0
9945,185.302,145.29,517.005,667.452,613.268,613.14,0
9946,465.919,259.035,297.453,575.869,150.26,706.129,0
9947,75.8994,65.3966,309.775,760.622,311.7,818.406,0
9948,162.601,104.044,238.217,283.285,249.012,185.024,0
9949,135.599,112.593,257.791,291.42,249.411,185.231,0
9950,467.719,248.715,464.689,690.487,613.157,612.657,0
9951,33.4001,29.6609,598.89,725.318,612.251,752.23,0
9952,127.499,109.799,545.381,700.565,612.023,752.856,0
9953,56.1997,44.9762,290.029,205.493,252.378,184.026,0
9954,488.321,344.739,397.06,419.239,349.651,174.696,0
9955,455.719,277.28,422.724,582.67,613.2,612.571,0
9956,119.199,140.082,528.811,187.73,648.217,190.958,0
9957,84.2993,71.9336,415.916,194.65,355.614,174.322,0
9958,155,145.252,104.275,495.625,67.6446,405.537,0
9959,20.5,22.6944,628.484,207.975,647.874,197.633,0
9960,146.6,126.591,130.888,480.41,67.674,404.785,0
9961,473.82,321.873,309.986,485.053,67.7276,404.769,0
9962,119.899,88.8332,285.497,759.799,311.211,818.553,0
9963,17.7,21.3207,258.016,204.774,251.139,184.609,0
9964,122.999,84.2123,604.346,689.112,612.295,752.066,0
9965,145.9,159.087,342.554,667.053,313.114,818.082,0
9966,359.713,207.599,231.384,606.333,150.262,706.142,0
9967,182.002,194.694,331.889,634.616,311.889,818.253,0
9968,37.3,43.8649,617.657,257.735,635.865,282.304,0
9969,157,146.519,542.791,443.636,615.527,540.134,0
9970,94.1991,99.2584,221.277,750.449,152.502,706.988,0
9971,170.401,145.192,120.674,508.745,67.6575,405.567,0
9972,102.199,81.7924,557.713,331.078,630.513,334.594,0
9973,446.118,258.643,428.577,621.468,613.246,612.568,0
9974,419.216,296.965,289.949,473.906,67.3604,403.968,0
9975,138.499,118.008,536.19,120.515,653.464,129.845,0
9976,7.4,8.04654,652.762,207.041,651.189,199.23,0
9977,13.2,15.0636,256.553,198.118,251.522,184.433,0
9978,370.413,231.862,268.261,433.38,67.4347,404.105,0
9979,0,0,637.251,336.178,637.251,336.178,0
9980,163.501,162.907,285.982,699.662,310.408,818.869,0
9981,117.999,90.8152,563.972,697.556,612.067,752.681,0
9982,9.3,9.38677,639.19,201.057,647.826,197.384,0
9983,68.9995,46.3424,220.229,212.362,248.329,184.761,0
9984,3.8,3.16699,354.595,178.282,353.532,175.299,0
9985,425.317,230.515,408.919,643.588,613.225,613.032,0
9986,281.308,142.058,223.628,314.188,249.124,185.105,0
9987,185.402,193.056,413.051,685.358,313.507,818.319,0
9988,366.813,212.064,475.261,408.325,630.388,334.127,0
9989,546.714,315.144,407.847,583.781,613.319,612.395,0
9990,445.418,220.004,242.181,440.849,67.6378,405.8,0
9991,111.599,130.079,511.108,725.533,611.679,753.554,0
9992,105.699,87.0814,253.331,794.612,310.693,818.793,0
9993,383.414,245.642,281.95,432.057,67.4053,404.145,0
9994,179.502,148.738,614.631,444.443,615.677,539.529,0
9995,258.007,184.802,158.855,540.954,150.233,706.118,0
9996,152.6,119.761,563.698,388.569,630.263,334.092,0
9997,89.2992,69.723,137.048,400.35,67.6707,404.833,0
9998,397.115,237.727,478.853,368.009,630.335,334.145,0
9999,250.906,180.817,121.847,545.536,150.25,706.084,0
