Generation,Run_ID,Final_Fitness,Evac_Score,Cost_Score,Solution_Widths
1,1,1784.5691879857513,1381.2641879857513,4033.05,"[2.0, 2.0, 2.0, 4.0, 4.0, 0.0, 2.0, 4.0, 0.0, 2.0, 2.0, 4.0, 0.0, 2.0, 2.0]"
1,2,1684.6178057804404,1304.0368057804403,3805.81,"[0.0, 4.0, 4.0, 4.0, 2.0, 0.0, 0.0, 4.0, 2.0, 2.0, 2.0, 2.0, 4.0, 2.0, 0.0]"
1,3,1617.9035037148005,1311.9945037148004,3059.09,"[0.0, 0.0, 4.0, 2.0, 0.0, 2.0, 4.0, 0.0, 0.0, 4.0, 4.0, 2.0, 4.0, 4.0, 0.0]"
1,4,1724.4578708221147,1409.2728708221146,3151.8500000000004,"[0.0, 0.0, 0.0, 4.0, 0.0, 4.0, 2.0, 4.0, 2.0, 4.0, 0.0, 4.0, 4.0, 2.0, 0.0]"
1,5,1679.6652196578602,1360.6702196578601,3189.9500000000003,"[2.0, 0.0, 0.0, 0.0, 0.0, 4.0, 4.0, 2.0, 2.0, 2.0, 0.0, 2.0, 4.0, 4.0, 2.0]"
1,6,1733.270218158635,1304.569218158635,4287.010000000001,"[4.0, 4.0, 2.0, 4.0, 4.0, 2.0, 4.0, 0.0, 0.0, 0.0, 0.0, 0.0, 4.0, 4.0, 0.0]"
1,7,1712.1364020564306,1364.4564020564305,3476.8,"[0.0, 2.0, 2.0, 4.0, 0.0, 2.0, 2.0, 4.0, 0.0, 2.0, 2.0, 4.0, 4.0, 0.0, 4.0]"
1,8,1743.5500903754682,1382.047090375468,3615.0300000000007,"[0.0, 4.0, 0.0, 2.0, 0.0, 4.0, 4.0, 2.0, 2.0, 2.0, 0.0, 4.0, 4.0, 0.0, 4.0]"
1,9,1620.610282486791,1316.718282486791,3038.92,"[2.0, 0.0, 4.0, 4.0, 4.0, 0.0, 0.0, 0.0, 0.0, 4.0, 4.0, 0.0, 4.0, 2.0, 0.0]"
1,10,1604.6565048895548,1363.2935048895547,2413.6300000000006,"[2.0, 0.0, 4.0, 0.0, 2.0, 0.0, 0.0, 4.0, 2.0, 2.0, 0.0, 0.0, 2.0, 0.0, 4.0]"
1,11,1584.3725108816682,1297.7075108816682,2866.65,"[2.0, 2.0, 4.0, 0.0, 2.0, 0.0, 2.0, 2.0, 0.0, 2.0, 2.0, 0.0, 4.0, 2.0, 0.0]"
1,12,1773.4250962441315,1266.7590962441313,5066.660000000001,"[2.0, 2.0, 4.0, 0.0, 4.0, 2.0, 2.0, 0.0, 4.0, 2.0, 4.0, 4.0, 4.0, 4.0, 4.0]"
1,13,1851.477122331276,1337.5771223312759,5139.0,"[4.0, 2.0, 2.0, 0.0, 4.0, 4.0, 4.0, 2.0, 0.0, 0.0, 4.0, 2.0, 2.0, 4.0, 4.0]"
1,14,1697.3499734407578,1385.3879734407578,3119.6200000000003,"[2.0, 4.0, 4.0, 4.0, 0.0, 2.0, 0.0, 0.0, 4.0, 4.0, 0.0, 0.0, 0.0, 2.0, 4.0]"
1,15,1684.1017843478612,1359.6467843478613,3244.55,"[2.0, 4.0, 4.0, 0.0, 0.0, 0.0, 2.0, 2.0, 2.0, 0.0, 4.0, 0.0, 0.0, 4.0, 0.0]"
1,16,1771.6491326259948,1537.3501326259948,2342.9900000000002,"[2.0, 0.0, 0.0, 0.0, 0.0, 2.0, 2.0, 4.0, 0.0, 2.0, 4.0, 0.0, 0.0, 0.0, 4.0]"
1,17,1844.0007189403598,1380.0757189403598,4639.25,"[4.0, 4.0, 0.0, 4.0, 4.0, 2.0, 0.0, 4.0, 4.0, 0.0, 0.0, 2.0, 4.0, 2.0, 0.0]"
1,18,1778.001344888997,1307.466344888997,4705.35,"[2.0, 4.0, 4.0, 2.0, 4.0, 4.0, 2.0, 0.0, 2.0, 4.0, 0.0, 2.0, 2.0, 4.0, 4.0]"
1,19,1794.0381493745701,1376.52014937457,4175.18,"[0.0, 2.0, 0.0, 0.0, 4.0, 4.0, 0.0, 2.0, 4.0, 2.0, 4.0, 2.0, 4.0, 4.0, 0.0]"
1,20,1733.9531216806995,1313.1361216806993,4208.170000000001,"[0.0, 2.0, 2.0, 4.0, 4.0, 4.0, 4.0, 0.0, 2.0, 0.0, 0.0, 0.0, 4.0, 4.0, 4.0]"
1,21,1724.7946532054007,1376.3316532054007,3484.6300000000006,"[2.0, 4.0, 0.0, 0.0, 0.0, 2.0, 4.0, 2.0, 0.0, 2.0, 4.0, 2.0, 4.0, 2.0, 0.0]"
1,22,1685.621529754676,1340.632529754676,3449.8900000000003,"[0.0, 4.0, 4.0, 0.0, 2.0, 0.0, 0.0, 4.0, 4.0, 4.0, 2.0, 4.0, 2.0, 0.0, 0.0]"
1,23,1700.1336265052928,1281.0056265052926,4191.280000000001,"[4.0, 2.0, 2.0, 4.0, 2.0, 2.0, 4.0, 0.0, 2.0, 2.0, 2.0, 2.0, 4.0, 2.0, 2.0]"
1,24,1726.0638921818697,1407.9868921818697,3180.7700000000004,"[4.0, 2.0, 0.0, 0.0, 0.0, 4.0, 4.0, 2.0, 2.0, 4.0, 0.0, 4.0, 2.0, 0.0, 0.0]"
1,25,1751.074569670223,1448.380569670223,3026.9400000000005,"[4.0, 0.0, 0.0, 4.0, 0.0, 0.0, 2.0, 0.0, 4.0, 4.0, 2.0, 4.0, 0.0, 2.0, 4.0]"
1,26,1671.981322724328,1445.1803227243279,2268.01,"[2.0, 0.0, 0.0, 0.0, 0.0, 0.0, 4.0, 0.0, 0.0, 0.0, 4.0, 4.0, 0.0, 2.0, 2.0]"
1,27,1661.9850543938137,1319.4870543938137,3424.9800000000005,"[2.0, 0.0, 2.0, 2.0, 4.0, 0.0, 2.0, 0.0, 0.0, 2.0, 4.0, 4.0, 4.0, 0.0, 4.0]"
1,28,1842.6499889709603,1351.0229889709601,4916.27,"[4.0, 2.0, 0.0, 4.0, 4.0, 4.0, 0.0, 0.0, 2.0, 4.0, 4.0, 4.0, 4.0, 2.0, 4.0]"
1,29,1749.8076942195598,1368.2756942195597,3815.3200000000006,"[2.0, 2.0, 2.0, 4.0, 0.0, 0.0, 0.0, 4.0, 4.0, 4.0, 2.0, 2.0, 2.0, 4.0, 4.0]"
1,30,1636.4891170003846,1367.7971170003846,2686.92,"[4.0, 0.0, 0.0, 0.0, 0.0, 2.0, 4.0, 2.0, 0.0, 2.0, 0.0, 2.0, 4.0, 2.0, 2.0]"
1,31,1742.7336241800954,1429.1336241800955,3136.0,"[2.0, 2.0, 0.0, 2.0, 4.0, 0.0, 2.0, 2.0, 0.0, 2.0, 2.0, 0.0, 0.0, 4.0, 2.0]"
1,32,1694.8739041237322,1379.4879041237323,3153.8600000000006,"[4.0, 0.0, 2.0, 0.0, 4.0, 2.0, 2.0, 2.0, 0.0, 0.0, 4.0, 0.0, 2.0, 0.0, 0.0]"
1,33,1732.9026173589184,1354.3756173589184,3785.2700000000004,"[4.0, 0.0, 4.0, 0.0, 4.0, 0.0, 2.0, 4.0, 4.0, 2.0, 0.0, 2.0, 2.0, 0.0, 4.0]"
1,34,1848.5213968102978,1402.6663968102978,4458.55,"[2.0, 0.0, 2.0, 4.0, 4.0, 4.0, 4.0, 2.0, 0.0, 4.0, 4.0, 2.0, 0.0, 2.0, 4.0]"
1,35,1773.953364387055,1339.5443643870549,4344.09,"[4.0, 4.0, 4.0, 0.0, 0.0, 2.0, 2.0, 2.0, 2.0, 2.0, 4.0, 0.0, 2.0, 4.0, 4.0]"
1,36,1781.6240623191045,1393.1030623191045,3885.21,"[0.0, 2.0, 0.0, 2.0, 2.0, 2.0, 4.0, 2.0, 4.0, 2.0, 4.0, 0.0, 2.0, 4.0, 2.0]"
1,37,1703.5411538212438,1276.3001538212436,4272.410000000001,"[2.0, 2.0, 2.0, 0.0, 2.0, 2.0, 4.0, 4.0, 2.0, 2.0, 0.0, 2.0, 4.0, 4.0, 4.0]"
1,38,1781.739614274437,1418.2516142744369,3634.8800000000006,"[4.0, 4.0, 0.0, 2.0, 2.0, 4.0, 2.0, 0.0, 2.0, 0.0, 2.0, 0.0, 0.0, 2.0, 2.0]"
1,39,1802.8164474941302,1428.9234474941302,3738.9300000000003,"[2.0, 4.0, 2.0, 0.0, 4.0, 4.0, 0.0, 4.0, 0.0, 4.0, 4.0, 0.0, 0.0, 0.0, 0.0]"
1,40,1691.8941457489877,1366.1621457489878,3257.32,"[0.0, 2.0, 4.0, 2.0, 2.0, 4.0, 0.0, 4.0, 0.0, 2.0, 2.0, 0.0, 2.0, 2.0, 0.0]"
1,41,1920.7571736420305,1425.2851736420303,4954.720000000001,"[2.0, 2.0, 0.0, 2.0, 4.0, 4.0, 4.0, 4.0, 4.0, 4.0, 2.0, 2.0, 0.0, 4.0, 2.0]"
1,42,1735.4046437535424,1367.8996437535423,3675.05,"[4.0, 4.0, 0.0, 2.0, 2.0, 0.0, 2.0, 0.0, 2.0, 0.0, 0.0, 4.0, 0.0, 4.0, 4.0]"
1,43,1645.3090484422762,1332.593048442276,3127.1600000000003,"[0.0, 2.0, 4.0, 0.0, 4.0, 2.0, 0.0, 0.0, 0.0, 2.0, 0.0, 2.0, 2.0, 4.0, 4.0]"
1,44,1825.4863687661918,1389.2853687661916,4362.010000000001,"[4.0, 0.0, 2.0, 0.0, 4.0, 4.0, 2.0, 2.0, 2.0, 0.0, 4.0, 2.0, 0.0, 2.0, 4.0]"
1,45,1736.0409367508908,1455.6469367508907,2803.9400000000005,"[0.0, 0.0, 0.0, 4.0, 4.0, 4.0, 0.0, 0.0, 0.0, 4.0, 0.0, 2.0, 2.0, 2.0, 4.0]"
1,46,1738.9939287564769,1350.1899287564768,3888.0400000000004,"[0.0, 2.0, 0.0, 4.0, 4.0, 0.0, 2.0, 2.0, 4.0, 2.0, 2.0, 2.0, 4.0, 4.0, 0.0]"
1,47,1654.8985522351797,1395.6975522351797,2592.01,"[4.0, 2.0, 2.0, 4.0, 2.0, 2.0, 0.0, 0.0, 2.0, 2.0, 0.0, 0.0, 0.0, 0.0, 2.0]"
1,48,1735.5373393453574,1393.8363393453574,3417.01,"[4.0, 4.0, 2.0, 4.0, 0.0, 0.0, 4.0, 2.0, 2.0, 2.0, 0.0, 2.0, 0.0, 0.0, 4.0]"
1,49,1817.860704164052,1493.285704164052,3245.75,"[2.0, 0.0, 0.0, 4.0, 2.0, 4.0, 0.0, 4.0, 4.0, 4.0, 2.0, 2.0, 0.0, 0.0, 0.0]"
1,50,1870.679295564908,1312.383295564908,5582.960000000001,"[4.0, 4.0, 4.0, 4.0, 2.0, 4.0, 0.0, 0.0, 4.0, 4.0, 4.0, 4.0, 2.0, 4.0, 4.0]"
2,51,1585.5399164895232,1298.8749164895232,2866.65,"[2.0, 2.0, 4.0, 0.0, 2.0, 0.0, 2.0, 2.0, 0.0, 2.0, 2.0, 0.0, 4.0, 2.0, 0.0]"
2,52,1603.55050759263,1362.18750759263,2413.6300000000006,"[2.0, 0.0, 4.0, 0.0, 2.0, 0.0, 0.0, 4.0, 2.0, 2.0, 0.0, 0.0, 2.0, 0.0, 4.0]"
2,53,1735.817255248932,1455.423255248932,2803.9400000000005,"[0.0, 0.0, 0.0, 4.0, 4.0, 4.0, 0.0, 0.0, 0.0, 2.0, 0.0, 2.0, 2.0, 2.0, 4.0]"
2,54,1702.6182926039157,1409.6282926039157,2929.9,"[0.0, 2.0, 0.0, 0.0, 4.0, 2.0, 4.0, 0.0, 0.0, 4.0, 2.0, 2.0, 2.0, 0.0, 4.0]"
2,55,1678.2662825184736,1359.2712825184735,3189.9500000000003,"[2.0, 0.0, 0.0, 0.0, 0.0, 4.0, 4.0, 2.0, 2.0, 2.0, 0.0, 2.0, 4.0, 4.0, 2.0]"
2,56,1683.2676032221502,1285.8626032221503,3974.05,"[0.0, 2.0, 2.0, 0.0, 2.0, 2.0, 4.0, 4.0, 2.0, 2.0, 0.0, 2.0, 4.0, 4.0, 4.0]"
2,57,1840.155048174237,1468.155048174237,3720.0,"[2.0, 0.0, 0.0, 4.0, 4.0, 2.0, 0.0, 2.0, 2.0, 0.0, 4.0, 2.0, 0.0, 2.0, 4.0]"
2,58,1725.7037223931347,1346.0517223931347,3796.5200000000004,"[4.0, 4.0, 2.0, 0.0, 0.0, 4.0, 2.0, 2.0, 0.0, 2.0, 4.0, 0.0, 4.0, 2.0, 0.0]"
2,59,1741.9244179470052,1412.1534179470052,3297.71,"[0.0, 4.0, 4.0, 2.0, 0.0, 4.0, 0.0, 2.0, 2.0, 0.0, 2.0, 0.0, 0.0, 2.0, 4.0]"
2,60,1643.159764845221,1357.554764845221,2856.05,"[0.0, 2.0, 4.0, 0.0, 0.0, 0.0, 2.0, 4.0, 0.0, 2.0, 4.0, 0.0, 2.0, 4.0, 0.0]"
2,61,1756.5846888232202,1361.12868882322,3954.560000000001,"[4.0, 2.0, 0.0, 2.0, 2.0, 4.0, 4.0, 4.0, 0.0, 2.0, 0.0, 0.0, 4.0, 2.0, 2.0]"
2,62,1616.102431912524,1457.542431912524,1585.6000000000001,"[0.0, 0.0, 0.0, 0.0, 0.0, 2.0, 0.0, 2.0, 0.0, 2.0, 2.0, 2.0, 2.0, 2.0, 0.0]"
2,63,1722.630752909507,1352.9437529095069,3696.870000000001,"[4.0, 2.0, 4.0, 4.0, 2.0, 2.0, 0.0, 0.0, 2.0, 2.0, 4.0, 2.0, 0.0, 2.0, 0.0]"
2,64,1640.3596796509628,1343.5106796509629,2968.4900000000002,"[0.0, 4.0, 2.0, 4.0, 2.0, 0.0, 0.0, 4.0, 2.0, 2.0, 0.0, 0.0, 4.0, 0.0, 2.0]"
2,65,1561.5101057842205,1358.1751057842205,2033.3500000000001,"[2.0, 0.0, 2.0, 0.0, 2.0, 0.0, 4.0, 0.0, 2.0, 2.0, 0.0, 0.0, 0.0, 2.0, 2.0]"
2,66,1806.661128639942,1331.1791286399418,4754.820000000001,"[4.0, 2.0, 4.0, 4.0, 2.0, 2.0, 0.0, 4.0, 2.0, 2.0, 2.0, 4.0, 2.0, 2.0, 4.0]"
2,67,1735.9574802881891,1301.2644802881891,4346.93,"[4.0, 2.0, 4.0, 4.0, 2.0, 0.0, 2.0, 4.0, 0.0, 2.0, 4.0, 2.0, 4.0, 2.0, 0.0]"
2,68,1615.7051247317922,1296.1191247317922,3195.8600000000006,"[2.0, 4.0, 4.0, 0.0, 2.0, 0.0, 0.0, 2.0, 2.0, 2.0, 2.0, 0.0, 4.0, 2.0, 0.0]"
2,69,1582.749696902207,1371.222696902207,2115.27,"[0.0, 0.0, 4.0, 0.0, 2.0, 0.0, 0.0, 4.0, 2.0, 2.0, 0.0, 0.0, 2.0, 0.0, 4.0]"
2,70,1750.0233722290827,1447.3293722290828,3026.9400000000005,"[4.0, 0.0, 0.0, 4.0, 0.0, 0.0, 2.0, 0.0, 4.0, 4.0, 2.0, 4.0, 0.0, 2.0, 4.0]"
2,71,1640.5938587623234,1332.2228587623233,3083.7100000000005,"[2.0, 2.0, 4.0, 0.0, 0.0, 4.0, 2.0, 2.0, 0.0, 2.0, 2.0, 0.0, 4.0, 2.0, 0.0]"
2,72,1574.4531576400557,1322.6541576400557,2517.9900000000002,"[2.0, 0.0, 0.0, 0.0, 2.0, 0.0, 2.0, 2.0, 0.0, 2.0, 0.0, 2.0, 4.0, 4.0, 2.0]"
2,73,1714.7023927761581,1446.175392776158,2685.2700000000004,"[4.0, 0.0, 0.0, 0.0, 0.0, 2.0, 4.0, 4.0, 2.0, 2.0, 0.0, 0.0, 2.0, 0.0, 4.0]"
2,74,1530.163676250253,1321.640676250253,2085.2300000000005,"[2.0, 0.0, 4.0, 0.0, 2.0, 0.0, 0.0, 2.0, 0.0, 2.0, 0.0, 2.0, 2.0, 2.0, 0.0]"
2,75,1657.6315303643723,1335.3975303643724,3222.34,"[0.0, 2.0, 4.0, 4.0, 2.0, 4.0, 4.0, 2.0, 0.0, 0.0, 0.0, 0.0, 4.0, 0.0, 0.0]"
2,76,1627.3447734367096,1297.0077734367094,3303.370000000001,"[2.0, 2.0, 2.0, 0.0, 4.0, 0.0, 2.0, 0.0, 2.0, 2.0, 2.0, 0.0, 4.0, 2.0, 4.0]"
2,77,1721.4928546157428,1325.3688546157427,3961.2400000000002,"[0.0, 2.0, 4.0, 4.0, 4.0, 2.0, 0.0, 0.0, 2.0, 2.0, 0.0, 4.0, 2.0, 4.0, 4.0]"
2,78,1693.1106941638495,1369.6916941638494,3234.1900000000005,"[0.0, 2.0, 2.0, 4.0, 0.0, 2.0, 2.0, 4.0, 0.0, 2.0, 2.0, 2.0, 4.0, 0.0, 4.0]"
2,79,1816.2310765526036,1295.9010765526034,5203.3,"[2.0, 2.0, 2.0, 0.0, 4.0, 2.0, 4.0, 4.0, 2.0, 2.0, 4.0, 4.0, 4.0, 2.0, 4.0]"
2,80,1640.5488981723238,1253.8328981723237,3867.16,"[2.0, 2.0, 4.0, 0.0, 2.0, 2.0, 2.0, 0.0, 4.0, 2.0, 0.0, 2.0, 4.0, 4.0, 4.0]"
2,81,1687.7666771921301,1298.0366771921301,3897.3,"[2.0, 2.0, 2.0, 0.0, 2.0, 4.0, 2.0, 2.0, 2.0, 2.0, 2.0, 2.0, 4.0, 2.0, 2.0]"
2,82,1579.1809481889413,1343.4489481889414,2357.32,"[2.0, 0.0, 0.0, 0.0, 2.0, 0.0, 4.0, 2.0, 0.0, 2.0, 0.0, 0.0, 4.0, 4.0, 0.0]"
2,83,1767.2979433198382,1408.1269433198381,3591.71,"[2.0, 0.0, 0.0, 0.0, 0.0, 2.0, 2.0, 4.0, 4.0, 2.0, 4.0, 4.0, 4.0, 0.0, 4.0]"
2,84,1680.4977420530472,1418.0657420530472,2624.32,"[2.0, 0.0, 2.0, 2.0, 4.0, 0.0, 0.0, 0.0, 0.0, 2.0, 4.0, 2.0, 0.0, 0.0, 4.0]"
2,85,1672.1124206466507,1411.8114206466505,2603.01,"[2.0, 2.0, 0.0, 0.0, 2.0, 0.0, 2.0, 2.0, 0.0, 0.0, 2.0, 4.0, 0.0, 2.0, 0.0]"
2,86,1600.697129484169,1304.6241294841689,2960.7300000000005,"[2.0, 0.0, 4.0, 0.0, 0.0, 0.0, 4.0, 0.0, 4.0, 4.0, 4.0, 0.0, 4.0, 2.0, 2.0]"
2,87,1647.7671107511642,1366.9771107511642,2807.9,"[4.0, 4.0, 4.0, 0.0, 0.0, 0.0, 0.0, 0.0, 0.0, 2.0, 2.0, 2.0, 0.0, 2.0, 4.0]"
2,88,1803.8537447282147,1324.0507447282146,4798.030000000001,"[2.0, 4.0, 0.0, 2.0, 2.0, 2.0, 4.0, 2.0, 2.0, 0.0, 4.0, 4.0, 4.0, 4.0, 0.0]"
2,89,1744.5272108513007,1445.5232108513005,2990.0400000000004,"[4.0, 2.0, 0.0, 4.0, 2.0, 2.0, 0.0, 2.0, 0.0, 2.0, 0.0, 2.0, 0.0, 2.0, 2.0]"
2,90,1602.9092711665387,1336.2492711665386,2666.6000000000004,"[4.0, 0.0, 2.0, 4.0, 0.0, 2.0, 4.0, 0.0, 2.0, 2.0, 0.0, 0.0, 4.0, 0.0, 2.0]"
2,91,1699.247545334926,1370.5395453349258,3287.0800000000004,"[4.0, 0.0, 2.0, 0.0, 0.0, 2.0, 4.0, 2.0, 0.0, 0.0, 4.0, 2.0, 2.0, 2.0, 2.0]"
2,92,1708.9486211489411,1362.257621148941,3466.91,"[2.0, 4.0, 0.0, 0.0, 4.0, 2.0, 2.0, 2.0, 0.0, 2.0, 0.0, 2.0, 4.0, 2.0, 0.0]"
2,93,1703.5908315516683,1409.7098315516682,2938.8100000000004,"[2.0, 0.0, 0.0, 0.0, 0.0, 2.0, 4.0, 0.0, 0.0, 2.0, 4.0, 2.0, 2.0, 4.0, 4.0]"
2,94,1607.3795696469065,1356.7425696469063,2506.3700000000003,"[2.0, 2.0, 4.0, 0.0, 4.0, 0.0, 0.0, 0.0, 0.0, 0.0, 0.0, 2.0, 0.0, 2.0, 2.0]"
2,95,1637.2611095590914,1337.9061095590914,2993.55,"[4.0, 2.0, 4.0, 0.0, 2.0, 0.0, 4.0, 2.0, 0.0, 2.0, 0.0, 0.0, 2.0, 0.0, 4.0]"
2,96,1627.5258862822097,1286.9058862822096,3406.2000000000003,"[2.0, 2.0, 4.0, 0.0, 2.0, 0.0, 2.0, 4.0, 0.0, 2.0, 2.0, 2.0, 4.0, 2.0, 0.0]"
2,97,1641.9974095371101,1270.9384095371101,3710.59,"[0.0, 4.0, 4.0, 4.0, 2.0, 0.0, 0.0, 0.0, 4.0, 0.0, 0.0, 4.0, 4.0, 2.0, 4.0]"
2,98,1842.9868493696758,1301.9758493696759,5410.110000000001,"[4.0, 4.0, 2.0, 4.0, 4.0, 2.0, 4.0, 4.0, 0.0, 2.0, 2.0, 2.0, 4.0, 4.0, 0.0]"
2,99,1791.6217091505255,1377.9097091505253,4137.120000000001,"[4.0, 0.0, 4.0, 2.0, 4.0, 4.0, 2.0, 4.0, 0.0, 2.0, 4.0, 0.0, 2.0, 0.0, 0.0]"
2,100,1594.5480171076874,1367.3350171076872,2272.1300000000006,"[0.0, 2.0, 2.0, 0.0, 2.0, 2.0, 0.0, 2.0, 0.0, 0.0, 2.0, 0.0, 2.0, 2.0, 0.0]"
3,101,1530.3578282075682,1321.834828207568,2085.2300000000005,"[2.0, 0.0, 4.0, 0.0, 2.0, 0.0, 0.0, 2.0, 0.0, 2.0, 0.0, 2.0, 2.0, 2.0, 0.0]"
3,102,1561.4045470834767,1358.0695470834767,2033.3500000000001,"[2.0, 0.0, 2.0, 0.0, 2.0, 0.0, 4.0, 0.0, 2.0, 2.0, 0.0, 0.0, 0.0, 2.0, 2.0]"
3,103,1614.1584453441294,1301.3904453441294,3127.6800000000003,"[2.0, 2.0, 2.0, 0.0, 2.0, 0.0, 4.0, 2.0, 2.0, 2.0, 2.0, 0.0, 4.0, 2.0, 0.0]"
3,104,1534.2042760770976,1358.1172760770976,1760.8700000000001,"[2.0, 0.0, 4.0, 0.0, 2.0, 0.0, 0.0, 0.0, 2.0, 2.0, 0.0, 0.0, 0.0, 2.0, 2.0]"
3,105,1775.3652846849766,1336.2262846849765,4391.39,"[4.0, 2.0, 4.0, 0.0, 4.0, 0.0, 4.0, 2.0, 4.0, 2.0, 4.0, 0.0, 2.0, 0.0, 4.0]"
3,106,1749.748442798154,1357.056442798154,3926.9200000000005,"[2.0, 0.0, 4.0, 0.0, 0.0, 2.0, 4.0, 4.0, 0.0, 2.0, 4.0, 2.0, 2.0, 4.0, 4.0]"
3,107,1644.7586632927794,1341.6666632927793,3030.92,"[2.0, 2.0, 4.0, 0.0, 0.0, 4.0, 2.0, 2.0, 2.0, 2.0, 2.0, 0.0, 4.0, 0.0, 0.0]"
3,108,1641.4122165445197,1369.0162165445195,2723.9600000000005,"[2.0, 0.0, 4.0, 0.0, 2.0, 2.0, 0.0, 4.0, 2.0, 2.0, 0.0, 0.0, 2.0, 0.0, 4.0]"
3,109,1792.7498198376882,1345.781819837688,4469.68,"[2.0, 4.0, 0.0, 4.0, 2.0, 4.0, 0.0, 4.0, 2.0, 2.0, 0.0, 2.0, 4.0, 4.0, 2.0]"
3,110,1507.1534221268323,1343.7044221268322,1634.4900000000002,"[0.0, 0.0, 2.0, 0.0, 2.0, 0.0, 2.0, 2.0, 0.0, 2.0, 0.0, 0.0, 4.0, 0.0, 2.0]"
3,111,1632.574182955719,1363.1761829557188,2693.9800000000005,"[2.0, 0.0, 4.0, 0.0, 2.0, 0.0, 0.0, 4.0, 2.0, 2.0, 2.0, 0.0, 2.0, 0.0, 4.0]"
3,112,1648.3245236225255,1318.3665236225254,3299.5800000000004,"[2.0, 2.0, 4.0, 0.0, 0.0, 0.0, 2.0, 4.0, 0.0, 2.0, 4.0, 2.0, 4.0, 2.0, 0.0]"
3,113,1684.229854161184,1374.531854161184,3096.9800000000005,"[2.0, 0.0, 4.0, 2.0, 4.0, 0.0, 0.0, 0.0, 0.0, 2.0, 4.0, 2.0, 0.0, 2.0, 4.0]"
3,114,1608.522648607062,1405.417648607062,2031.0500000000002,"[2.0, 2.0, 2.0, 0.0, 4.0, 0.0, 0.0, 0.0, 0.0, 4.0, 0.0, 2.0, 0.0, 0.0, 2.0]"
3,115,1590.9840739015997,1360.2150739015997,2307.69,"[2.0, 0.0, 4.0, 0.0, 2.0, 0.0, 0.0, 4.0, 4.0, 2.0, 0.0, 0.0, 2.0, 0.0, 0.0]"
3,116,1644.717649285454,1317.812649285454,3269.05,"[4.0, 2.0, 4.0, 0.0, 2.0, 0.0, 4.0, 2.0, 0.0, 2.0, 0.0, 0.0, 2.0, 2.0, 4.0]"
3,117,1587.5639348935138,1337.4209348935137,2501.4300000000003,"[2.0, 2.0, 2.0, 0.0, 2.0, 0.0, 0.0, 2.0, 0.0, 0.0, 2.0, 2.0, 2.0, 2.0, 0.0]"
3,118,1710.65971025994,1463.62171025994,2470.3800000000006,"[0.0, 2.0, 0.0, 0.0, 2.0, 2.0, 2.0, 2.0, 0.0, 0.0, 2.0, 0.0, 0.0, 2.0, 4.0]"
3,119,1639.4242054739057,1313.3252054739057,3260.9900000000002,"[2.0, 0.0, 4.0, 0.0, 0.0, 0.0, 4.0, 2.0, 4.0, 4.0, 4.0, 0.0, 4.0, 2.0, 2.0]"
3,120,1644.1690119418695,1279.7350119418695,3644.34,"[2.0, 2.0, 4.0, 0.0, 2.0, 0.0, 4.0, 4.0, 0.0, 2.0, 2.0, 2.0, 4.0, 2.0, 0.0]"
3,121,1639.9363646596753,1388.8023646596753,2511.34,"[0.0, 0.0, 0.0, 0.0, 0.0, 4.0, 4.0, 2.0, 0.0, 2.0, 0.0, 2.0, 4.0, 4.0, 0.0]"
3,122,1665.0480991052993,1318.6520991052994,3463.96,"[2.0, 2.0, 4.0, 0.0, 0.0, 4.0, 2.0, 2.0, 2.0, 2.0, 2.0, 0.0, 4.0, 2.0, 2.0]"
3,123,1636.2761118017454,1415.8581118017453,2204.1800000000003,"[2.0, 0.0, 0.0, 0.0, 0.0, 4.0, 0.0, 2.0, 0.0, 2.0, 0.0, 4.0, 4.0, 0.0, 2.0]"
3,124,1591.4887917282426,1286.6037917282426,3048.8500000000004,"[2.0, 0.0, 4.0, 0.0, 2.0, 0.0, 4.0, 2.0, 2.0, 2.0, 0.0, 2.0, 2.0, 4.0, 0.0]"
3,125,1610.0983286362166,1377.9793286362165,2321.19,"[0.0, 2.0, 4.0, 0.0, 0.0, 2.0, 4.0, 2.0, 0.0, 2.0, 0.0, 0.0, 2.0, 0.0, 4.0]"
3,126,1714.3318987308464,1368.7008987308463,3456.31,"[2.0, 2.0, 2.0, 4.0, 2.0, 0.0, 2.0, 4.0, 0.0, 0.0, 2.0, 2.0, 2.0, 0.0, 4.0]"
3,127,1590.5138370280392,1332.5898370280393,2579.2400000000002,"[2.0, 0.0, 4.0, 2.0, 2.0, 2.0, 0.0, 2.0, 0.0, 2.0, 0.0, 2.0, 2.0, 2.0, 0.0]"
3,128,1628.5034293002918,1340.2384293002917,2882.65,"[2.0, 0.0, 4.0, 2.0, 2.0, 4.0, 0.0, 2.0, 0.0, 2.0, 0.0, 2.0, 2.0, 2.0, 0.0]"
3,129,1601.562068839846,1391.390068839846,2101.7200000000003,"[2.0, 0.0, 0.0, 0.0, 2.0, 0.0, 4.0, 0.0, 2.0, 2.0, 0.0, 0.0, 0.0, 4.0, 2.0]"
3,130,1644.2935171359745,1292.9465171359743,3513.4700000000007,"[2.0, 0.0, 2.0, 0.0, 2.0, 4.0, 4.0, 2.0, 2.0, 2.0, 0.0, 2.0, 4.0, 2.0, 2.0]"
3,131,1604.7405947450457,1267.5195947450457,3372.21,"[2.0, 2.0, 4.0, 0.0, 2.0, 2.0, 0.0, 0.0, 2.0, 2.0, 2.0, 2.0, 4.0, 4.0, 0.0]"
3,132,1710.814884778077,1288.8768847780768,4219.38,"[2.0, 4.0, 4.0, 2.0, 2.0, 0.0, 2.0, 2.0, 4.0, 0.0, 0.0, 2.0, 2.0, 4.0, 4.0]"
3,133,1585.5677108555694,1298.9027108555695,2866.65,"[2.0, 2.0, 4.0, 0.0, 2.0, 0.0, 2.0, 2.0, 0.0, 2.0, 2.0, 0.0, 4.0, 2.0, 0.0]"
3,134,1584.035533454803,1297.370533454803,2866.65,"[2.0, 2.0, 4.0, 0.0, 2.0, 0.0, 2.0, 2.0, 0.0, 2.0, 2.0, 0.0, 4.0, 2.0, 0.0]"
3,135,1516.0134964062277,1314.2024964062277,2018.1100000000004,"[2.0, 0.0, 2.0, 0.0, 2.0, 0.0, 0.0, 0.0, 0.0, 2.0, 0.0, 2.0, 2.0, 4.0, 2.0]"
3,136,1650.0267390424133,1365.9817390424132,2840.4500000000003,"[0.0, 4.0, 2.0, 0.0, 2.0, 0.0, 4.0, 4.0, 2.0, 2.0, 0.0, 0.0, 0.0, 2.0, 0.0]"
3,137,1697.6272810589808,1300.6692810589807,3969.5800000000004,"[2.0, 2.0, 2.0, 4.0, 2.0, 2.0, 2.0, 2.0, 2.0, 2.0, 2.0, 2.0, 4.0, 2.0, 2.0]"
3,138,1671.0500396720981,1274.168039672098,3968.8200000000006,"[2.0, 2.0, 2.0, 0.0, 2.0, 4.0, 2.0, 0.0, 4.0, 2.0, 0.0, 2.0, 4.0, 4.0, 4.0]"
3,139,1553.0544715529459,1292.6894715529459,2603.65,"[2.0, 0.0, 4.0, 0.0, 2.0, 0.0, 0.0, 2.0, 0.0, 2.0, 0.0, 0.0, 4.0, 4.0, 4.0]"
3,140,1595.3496351488154,1352.8676351488155,2424.82,"[0.0, 0.0, 4.0, 0.0, 2.0, 0.0, 4.0, 4.0, 2.0, 2.0, 0.0, 0.0, 2.0, 0.0, 2.0]"
3,141,1788.5244908428617,1315.9034908428616,4726.210000000001,"[0.0, 2.0, 4.0, 4.0, 4.0, 4.0, 4.0, 0.0, 2.0, 2.0, 0.0, 4.0, 2.0, 4.0, 4.0]"
3,142,1628.1679712504051,1358.134971250405,2700.3300000000004,"[4.0, 0.0, 4.0, 0.0, 2.0, 0.0, 0.0, 4.0, 2.0, 2.0, 0.0, 0.0, 2.0, 0.0, 4.0]"
3,143,1613.9626445708732,1328.6046445708732,2853.5800000000004,"[0.0, 2.0, 4.0, 0.0, 2.0, 4.0, 4.0, 2.0, 0.0, 0.0, 0.0, 0.0, 4.0, 0.0, 0.0]"
3,144,1627.4900323129255,1353.9870323129253,2735.0300000000007,"[2.0, 0.0, 0.0, 4.0, 2.0, 0.0, 4.0, 2.0, 0.0, 2.0, 0.0, 0.0, 4.0, 4.0, 0.0]"
3,145,1598.8272152257543,1365.0332152257542,2337.94,"[2.0, 0.0, 2.0, 0.0, 2.0, 2.0, 4.0, 0.0, 2.0, 2.0, 0.0, 0.0, 0.0, 2.0, 2.0]"
3,146,1582.3885395829116,1364.6155395829114,2177.7300000000005,"[0.0, 0.0, 2.0, 0.0, 2.0, 2.0, 0.0, 2.0, 0.0, 0.0, 2.0, 2.0, 2.0, 2.0, 0.0]"
3,147,1665.5648192049227,1324.4328192049227,3411.3200000000006,"[2.0, 2.0, 0.0, 0.0, 2.0, 0.0, 4.0, 2.0, 2.0, 2.0, 2.0, 4.0, 4.0, 2.0, 0.0]"
3,148,1541.2443186686373,1289.3203186686374,2519.2400000000002,"[2.0, 0.0, 4.0, 0.0, 2.0, 0.0, 2.0, 2.0, 0.0, 2.0, 0.0, 0.0, 4.0, 4.0, 0.0]"
3,149,1643.5279275186265,1431.6149275186265,2119.1300000000006,"[2.0, 2.0, 0.0, 0.0, 2.0, 0.0, 2.0, 2.0, 0.0, 0.0, 2.0, 0.0, 0.0, 2.0, 0.0]"
3,150,1639.9923881905227,1316.6233881905225,3233.6900000000005,"[2.0, 2.0, 4.0, 0.0, 2.0, 0.0, 2.0, 4.0, 0.0, 2.0, 2.0, 2.0, 2.0, 2.0, 0.0]"
4,151,1506.313602737507,1342.8646027375069,1634.4900000000002,"[0.0, 0.0, 2.0, 0.0, 2.0, 0.0, 2.0, 2.0, 0.0, 2.0, 0.0, 0.0, 4.0, 0.0, 2.0]"
4,152,1513.6482512097837,1311.8372512097835,2018.1100000000004,"[2.0, 0.0, 2.0, 0.0, 2.0, 0.0, 0.0, 0.0, 0.0, 2.0, 0.0, 2.0, 2.0, 4.0, 2.0]"
4,153,1633.3569372469638,1301.5339372469637,3318.2300000000005,"[2.0, 4.0, 4.0, 0.0, 4.0, 0.0, 2.0, 2.0, 0.0, 2.0, 0.0, 0.0, 4.0, 2.0, 0.0]"
4,154,1561.3864860706187,1358.0514860706187,2033.3500000000001,"[2.0, 0.0, 2.0, 0.0, 2.0, 0.0, 4.0, 0.0, 2.0, 4.0, 0.0, 0.0, 0.0, 2.0, 2.0]"
4,155,1622.6060176514645,1280.9280176514644,3416.7800000000007,"[2.0, 0.0, 4.0, 2.0, 2.0, 0.0, 4.0, 2.0, 2.0, 2.0, 2.0, 2.0, 4.0, 2.0, 0.0]"
4,156,1631.62225213061,1315.4552521306098,3161.67,"[2.0, 2.0, 2.0, 0.0, 2.0, 0.0, 4.0, 2.0, 4.0, 2.0, 0.0, 0.0, 2.0, 4.0, 0.0]"
4,157,1612.2527951895045,1373.5727951895044,2386.8,"[2.0, 0.0, 4.0, 0.0, 2.0, 0.0, 4.0, 4.0, 2.0, 2.0, 0.0, 0.0, 0.0, 0.0, 0.0]"
4,158,1541.8613414584768,1326.9613414584767,2149.0,"[2.0, 0.0, 4.0, 0.0, 2.0, 0.0, 0.0, 0.0, 4.0, 2.0, 0.0, 0.0, 2.0, 2.0, 2.0]"
4,159,1612.2705911455698,1299.5025911455698,3127.6800000000003,"[2.0, 2.0, 2.0, 0.0, 2.0, 0.0, 4.0, 2.0, 2.0, 2.0, 2.0, 0.0, 4.0, 2.0, 0.0]"
4,160,1588.1894189427223,1308.9884189427223,2792.01,"[2.0, 0.0, 2.0, 0.0, 2.0, 0.0, 4.0, 2.0, 2.0, 2.0, 2.0, 0.0, 4.0, 2.0, 0.0]"
4,161,1596.2113273272057,1313.2283273272058,2829.8300000000004,"[0.0, 0.0, 4.0, 0.0, 2.0, 4.0, 2.0, 2.0, 0.0, 2.0, 0.0, 0.0, 4.0, 4.0, 0.0]"
4,162,1554.5019581502704,1294.1369581502704,2603.65,"[2.0, 0.0, 4.0, 0.0, 2.0, 0.0, 0.0, 2.0, 0.0, 2.0, 0.0, 0.0, 4.0, 4.0, 4.0]"
4,163,1628.9657645153454,1323.4167645153454,3055.4900000000002,"[2.0, 0.0, 4.0, 0.0, 2.0, 0.0, 4.0, 4.0, 4.0, 2.0, 0.0, 0.0, 2.0, 2.0, 0.0]"
4,164,1572.3461226258455,1409.4041226258455,1629.42,"[2.0, 0.0, 0.0, 0.0, 2.0, 0.0, 0.0, 0.0, 2.0, 2.0, 0.0, 0.0, 0.0, 4.0, 2.0]"
4,165,1670.7733487256312,1370.3423487256312,3004.3100000000004,"[2.0, 0.0, 4.0, 0.0, 2.0, 2.0, 0.0, 4.0, 2.0, 2.0, 2.0, 0.0, 2.0, 0.0, 4.0]"
4,166,1507.3265993682548,1343.8775993682548,1634.4900000000002,"[0.0, 0.0, 2.0, 0.0, 2.0, 0.0, 2.0, 2.0, 0.0, 2.0, 0.0, 0.0, 4.0, 0.0, 2.0]"
4,167,1718.5413089753451,1355.018308975345,3635.2300000000005,"[2.0, 0.0, 4.0, 2.0, 2.0, 0.0, 4.0, 4.0, 2.0, 2.0, 4.0, 0.0, 2.0, 0.0, 4.0]"
4,168,1541.672047905404,1358.706047905404,1829.6600000000003,"[2.0, 0.0, 2.0, 0.0, 2.0, 0.0, 0.0, 0.0, 2.0, 2.0, 0.0, 0.0, 0.0, 4.0, 2.0]"
4,169,1645.8715772275425,1405.6735772275424,2401.9800000000005,"[2.0, 0.0, 0.0, 0.0, 2.0, 0.0, 4.0, 2.0, 2.0, 2.0, 0.0, 0.0, 0.0, 4.0, 2.0]"
4,170,1613.756697572727,1314.286697572727,2994.7000000000003,"[2.0, 4.0, 2.0, 0.0, 2.0, 0.0, 0.0, 2.0, 0.0, 2.0, 0.0, 2.0, 2.0, 4.0, 2.0]"
4,171,1660.4218233900845,1334.1918233900844,3262.3,"[0.0, 0.0, 4.0, 4.0, 2.0, 0.0, 2.0, 4.0, 2.0, 4.0, 0.0, 0.0, 2.0, 4.0, 4.0]"
4,172,1507.2888443378079,1333.1918443378079,1740.9700000000003,"[2.0, 0.0, 4.0, 0.0, 2.0, 0.0, 0.0, 2.0, 0.0, 2.0, 0.0, 0.0, 4.0, 0.0, 0.0]"
4,173,1597.0127476514415,1324.4167476514415,2725.9600000000005,"[2.0, 0.0, 4.0, 2.0, 2.0, 0.0, 0.0, 0.0, 0.0, 2.0, 4.0, 0.0, 2.0, 4.0, 2.0]"
4,174,1594.2047508857172,1296.758750885717,2974.4600000000005,"[2.0, 0.0, 4.0, 2.0, 2.0, 2.0, 0.0, 2.0, 2.0, 2.0, 0.0, 2.0, 4.0, 2.0, 0.0]"
4,175,1674.3074425907555,1420.0404425907554,2542.67,"[2.0, 0.0, 2.0, 0.0, 0.0, 4.0, 0.0, 2.0, 4.0, 4.0, 0.0, 2.0, 0.0, 2.0, 2.0]"
4,176,1706.5731490507223,1307.4561490507224,3991.1700000000005,"[2.0, 4.0, 4.0, 0.0, 2.0, 0.0, 4.0, 2.0, 0.0, 2.0, 4.0, 0.0, 2.0, 4.0, 2.0]"
4,177,1681.552504888763,1348.841504888763,3327.11,"[2.0, 4.0, 2.0, 0.0, 4.0, 2.0, 0.0, 0.0, 4.0, 2.0, 0.0, 0.0, 2.0, 2.0, 2.0]"
4,178,1612.3931808058312,1373.7131808058311,2386.8,"[2.0, 0.0, 4.0, 0.0, 2.0, 0.0, 4.0, 4.0, 2.0, 2.0, 0.0, 0.0, 0.0, 0.0, 0.0]"
4,179,1620.4202758634653,1342.4212758634653,2779.9900000000002,"[2.0, 0.0, 4.0, 0.0, 2.0, 0.0, 4.0, 4.0, 4.0, 2.0, 0.0, 0.0, 2.0, 0.0, 0.0]"
4,180,1541.1784236142041,1289.2544236142041,2519.2400000000002,"[2.0, 0.0, 4.0, 0.0, 2.0, 0.0, 2.0, 2.0, 0.0, 2.0, 0.0, 0.0, 4.0, 4.0, 0.0]"
4,181,1536.6199246841595,1312.5349246841595,2240.85,"[2.0, 0.0, 2.0, 2.0, 2.0, 0.0, 4.0, 0.0, 0.0, 2.0, 0.0, 2.0, 2.0, 2.0, 0.0]"
4,182,1630.7087694550166,1322.3277694550166,3083.8100000000004,"[2.0, 0.0, 4.0, 0.0, 2.0, 0.0, 0.0, 2.0, 0.0, 2.0, 4.0, 2.0, 2.0, 4.0, 2.0]"
4,183,1647.6042676601,1452.5802676601,1950.2400000000002,"[0.0, 0.0, 0.0, 0.0, 2.0, 2.0, 2.0, 2.0, 0.0, 2.0, 0.0, 0.0, 0.0, 4.0, 2.0]"
4,184,1498.603472859428,1319.095472859428,1795.08,"[0.0, 0.0, 2.0, 0.0, 2.0, 0.0, 4.0, 0.0, 2.0, 0.0, 0.0, 0.0, 4.0, 0.0, 2.0]"
4,185,1676.3226113360324,1324.8826113360324,3514.4,"[2.0, 0.0, 4.0, 0.0, 2.0, 4.0, 0.0, 2.0, 0.0, 2.0, 4.0, 0.0, 4.0, 2.0, 4.0]"
4,186,1597.8252609179808,1355.3432609179808,2424.82,"[0.0, 0.0, 4.0, 0.0, 2.0, 0.0, 4.0, 4.0, 2.0, 2.0, 0.0, 0.0, 2.0, 0.0, 2.0]"
4,187,1580.7882651995221,1354.5572651995221,2262.3100000000004,"[2.0, 0.0, 4.0, 0.0, 0.0, 2.0, 2.0, 2.0, 0.0, 2.0, 0.0, 0.0, 2.0, 4.0, 0.0]"
4,188,1560.3798235818117,1305.0308235818115,2553.4900000000002,"[0.0, 2.0, 4.0, 0.0, 2.0, 0.0, 4.0, 0.0, 0.0, 2.0, 2.0, 0.0, 4.0, 0.0, 4.0]"
4,189,1569.5797903751545,1356.9777903751544,2126.02,"[0.0, 0.0, 4.0, 0.0, 0.0, 4.0, 4.0, 2.0, 0.0, 2.0, 0.0, 0.0, 4.0, 0.0, 0.0]"
4,190,1679.2135243588964,1302.9995243588965,3762.1400000000003,"[2.0, 2.0, 4.0, 0.0, 2.0, 4.0, 2.0, 4.0, 0.0, 2.0, 0.0, 0.0, 4.0, 4.0, 0.0]"
4,191,1548.6141294946551,1309.587129494655,2390.27,"[2.0, 0.0, 4.0, 0.0, 2.0, 0.0, 0.0, 0.0, 4.0, 2.0, 0.0, 2.0, 2.0, 2.0, 2.0]"
4,192,1486.123652627316,1327.902652627316,1582.21,"[2.0, 0.0, 2.0, 0.0, 2.0, 0.0, 0.0, 0.0, 0.0, 2.0, 0.0, 2.0, 2.0, 2.0, 0.0]"
4,193,1591.6413195667576,1333.7173195667576,2579.2400000000002,"[2.0, 0.0, 4.0, 2.0, 2.0, 2.0, 0.0, 2.0, 0.0, 2.0, 0.0, 2.0, 2.0, 2.0, 0.0]"
4,194,1589.1955399364258,1339.0525399364258,2501.4300000000003,"[2.0, 2.0, 2.0, 0.0, 2.0, 0.0, 0.0, 2.0, 0.0, 0.0, 2.0, 2.0, 2.0, 2.0, 0.0]"
4,195,1600.668711717548,1353.8147117175479,2468.5400000000004,"[2.0, 2.0, 2.0, 0.0, 2.0, 0.0, 0.0, 2.0, 0.0, 0.0, 2.0, 4.0, 2.0, 0.0, 0.0]"
4,196,1528.0475698898608,1339.5065698898607,1885.4100000000003,"[2.0, 0.0, 2.0, 0.0, 2.0, 0.0, 0.0, 2.0, 0.0, 0.0, 0.0, 2.0, 2.0, 2.0, 0.0]"
4,197,1593.240479400749,1335.3164794007491,2579.2400000000002,"[2.0, 0.0, 4.0, 2.0, 2.0, 2.0, 0.0, 2.0, 0.0, 2.0, 0.0, 2.0, 2.0, 2.0, 0.0]"
4,198,1621.2760335270182,1359.4080335270182,2618.6800000000003,"[0.0, 0.0, 2.0, 0.0, 2.0, 2.0, 0.0, 2.0, 4.0, 0.0, 2.0, 2.0, 2.0, 2.0, 0.0]"
4,199,1504.6758687615152,1304.2018687615152,2004.7400000000002,"[2.0, 0.0, 4.0, 0.0, 2.0, 0.0, 0.0, 0.0, 2.0, 2.0, 0.0, 2.0, 2.0, 2.0, 0.0]"
4,200,1619.642500941467,1339.438500941467,2802.0400000000004,"[2.0, 0.0, 4.0, 0.0, 2.0, 0.0, 4.0, 2.0, 2.0, 2.0, 0.0, 0.0, 0.0, 4.0, 2.0]"
5,201,1486.3534869396185,1328.1324869396185,1582.21,"[2.0, 0.0, 2.0, 0.0, 2.0, 0.0, 0.0, 0.0, 0.0, 2.0, 0.0, 2.0, 2.0, 2.0, 0.0]"
5,202,1499.7885166933247,1320.2805166933247,1795.08,"[0.0, 0.0, 2.0, 0.0, 2.0, 0.0, 4.0, 0.0, 2.0, 0.0, 0.0, 0.0, 4.0, 0.0, 2.0]"
5,203,1553.0434922762336,1353.0454922762335,1999.9800000000005,"[2.0, 0.0, 2.0, 4.0, 0.0, 0.0, 0.0, 0.0, 0.0, 2.0, 0.0, 2.0, 2.0, 4.0, 2.0]"
5,204,1557.7830449272135,1273.2910449272135,2844.92,"[2.0, 0.0, 4.0, 0.0, 2.0, 0.0, 0.0, 2.0, 0.0, 2.0, 0.0, 2.0, 4.0, 4.0, 4.0]"
5,205,1618.935876192019,1338.2648761920188,2806.7100000000005,"[2.0, 0.0, 4.0, 0.0, 2.0, 2.0, 0.0, 0.0, 2.0, 0.0, 4.0, 0.0, 2.0, 2.0, 2.0]"
5,206,1538.8474233159886,1332.9124233159887,2059.35,"[0.0, 0.0, 2.0, 0.0, 2.0, 0.0, 4.0, 2.0, 0.0, 2.0, 0.0, 2.0, 2.0, 2.0, 0.0]"
5,207,1680.266684127434,1294.200684127434,3860.66,"[2.0, 4.0, 2.0, 4.0, 2.0, 0.0, 4.0, 2.0, 0.0, 2.0, 2.0, 2.0, 4.0, 2.0, 0.0]"
5,208,1590.764169906058,1347.374169906058,2433.9,"[4.0, 0.0, 2.0, 0.0, 2.0, 0.0, 0.0, 2.0, 2.0, 0.0, 2.0, 0.0, 2.0, 2.0, 0.0]"
5,209,1584.7939893701025,1397.7249893701025,1870.6900000000003,"[2.0, 0.0, 0.0, 0.0, 2.0, 0.0, 0.0, 0.0, 2.0, 2.0, 0.0, 2.0, 0.0, 4.0, 2.0]"
5,210,1543.020007815189,1360.054007815189,1829.6600000000003,"[2.0, 0.0, 2.0, 0.0, 2.0, 0.0, 0.0, 0.0, 2.0, 2.0, 0.0, 0.0, 0.0, 4.0, 2.0]"
5,211,1532.0837511692412,1295.1897511692412,2368.94,"[2.0, 0.0, 2.0, 0.0, 2.0, 0.0, 4.0, 0.0, 2.0, 0.0, 0.0, 0.0, 4.0, 2.0, 2.0]"
5,212,1577.505498218335,1358.126498218335,2193.7900000000004,"[0.0, 0.0, 4.0, 0.0, 2.0, 0.0, 0.0, 4.0, 2.0, 2.0, 0.0, 2.0, 2.0, 0.0, 2.0]"
5,213,1499.805673523933,1320.2976735239329,1795.08,"[0.0, 0.0, 2.0, 0.0, 2.0, 0.0, 4.0, 0.0, 2.0, 0.0, 0.0, 0.0, 4.0, 0.0, 2.0]"
5,214,1626.4742365373713,1319.7712365373714,3067.0300000000007,"[0.0, 4.0, 2.0, 0.0, 2.0, 0.0, 4.0, 4.0, 2.0, 0.0, 0.0, 0.0, 4.0, 0.0, 2.0]"
5,215,1569.517354564412,1344.6593545644118,2248.5800000000004,"[2.0, 0.0, 2.0, 2.0, 2.0, 0.0, 0.0, 0.0, 4.0, 2.0, 2.0, 0.0, 2.0, 2.0, 0.0]"
5,216,1533.8186636770395,1315.7836636770394,2180.35,"[2.0, 0.0, 4.0, 0.0, 2.0, 0.0, 4.0, 0.0, 0.0, 2.0, 0.0, 0.0, 2.0, 2.0, 2.0]"
5,217,1635.3965587764935,1299.8035587764934,3355.9300000000003,"[2.0, 0.0, 2.0, 0.0, 2.0, 4.0, 4.0, 2.0, 2.0, 2.0, 0.0, 2.0, 4.0, 2.0, 0.0]"
5,218,1569.883472384192,1394.929472384192,1749.5400000000002,"[2.0, 0.0, 2.0, 0.0, 2.0, 0.0, 0.0, 2.0, 0.0, 0.0, 2.0, 0.0, 0.0, 2.0, 0.0]"
5,219,1501.3435650307742,1320.8515650307743,1804.92,"[2.0, 0.0, 2.0, 0.0, 2.0, 0.0, 0.0, 0.0, 2.0, 2.0, 0.0, 2.0, 2.0, 2.0, 0.0]"
5,220,1622.5253917532036,1280.8473917532035,3416.7800000000007,"[2.0, 0.0, 4.0, 2.0, 2.0, 0.0, 4.0, 2.0, 2.0, 2.0, 2.0, 2.0, 4.0, 2.0, 0.0]"
5,221,1522.4912078879172,1336.7712078879172,1857.2,"[0.0, 0.0, 2.0, 0.0, 2.0, 0.0, 2.0, 2.0, 2.0, 2.0, 0.0, 0.0, 4.0, 0.0, 2.0]"
5,222,1491.725019034505,1367.465019034505,1242.6000000000001,"[0.0, 0.0, 2.0, 0.0, 0.0, 0.0, 2.0, 2.0, 0.0, 2.0, 0.0, 0.0, 4.0, 0.0, 2.0]"
5,223,1571.0410381694846,1408.0990381694846,1629.42,"[2.0, 0.0, 0.0, 0.0, 2.0, 0.0, 0.0, 0.0, 2.0, 2.0, 0.0, 0.0, 0.0, 4.0, 2.0]"
5,224,1523.7226656408802,1327.3546656408803,1963.68,"[2.0, 0.0, 4.0, 0.0, 2.0, 0.0, 0.0, 2.0, 2.0, 2.0, 0.0, 0.0, 4.0, 0.0, 0.0]"
5,225,1534.0185811617973,1332.6735811617973,2013.45,"[2.0, 0.0, 2.0, 0.0, 2.0, 0.0, 4.0, 2.0, 0.0, 2.0, 0.0, 0.0, 4.0, 0.0, 0.0]"
5,226,1580.3224319695528,1317.7464319695528,2625.76,"[4.0, 2.0, 4.0, 0.0, 2.0, 0.0, 0.0, 0.0, 0.0, 2.0, 4.0, 0.0, 4.0, 0.0, 0.0]"
5,227,1500.0934456074992,1319.6014456074993,1804.92,"[2.0, 0.0, 2.0, 0.0, 2.0, 0.0, 0.0, 0.0, 2.0, 2.0, 0.0, 2.0, 2.0, 2.0, 0.0]"
5,228,1575.9342184431623,1291.0982184431623,2848.3600000000006,"[2.0, 4.0, 4.0, 0.0, 2.0, 0.0, 0.0, 0.0, 2.0, 2.0, 0.0, 2.0, 2.0, 2.0, 2.0]"
5,229,1625.9435926225858,1336.2625926225858,2896.8100000000004,"[2.0, 2.0, 2.0, 0.0, 2.0, 0.0, 4.0, 2.0, 0.0, 4.0, 2.0, 0.0, 2.0, 2.0, 2.0]"
5,230,1598.5281334278193,1379.1691334278194,2193.59,"[2.0, 0.0, 2.0, 0.0, 4.0, 0.0, 0.0, 0.0, 2.0, 0.0, 0.0, 2.0, 0.0, 2.0, 2.0]"
5,231,1549.3281872532546,1277.5071872532544,2718.2100000000005,"[2.0, 0.0, 4.0, 2.0, 2.0, 0.0, 4.0, 0.0, 2.0, 0.0, 0.0, 2.0, 4.0, 0.0, 2.0]"
5,232,1508.1323748000566,1312.9013748000566,1952.3100000000004,"[0.0, 0.0, 2.0, 0.0, 2.0, 0.0, 2.0, 0.0, 2.0, 2.0, 2.0, 0.0, 4.0, 2.0, 0.0]"
5,233,1571.1985099420888,1408.2565099420888,1629.42,"[2.0, 0.0, 0.0, 0.0, 2.0, 0.0, 0.0, 0.0, 2.0, 2.0, 0.0, 0.0, 0.0, 4.0, 2.0]"
5,234,1508.3838885649498,1334.2868885649498,1740.9700000000003,"[2.0, 0.0, 4.0, 0.0, 2.0, 0.0, 0.0, 2.0, 0.0, 2.0, 0.0, 0.0, 4.0, 0.0, 0.0]"
5,235,1529.3733176287178,1340.8323176287179,1885.4100000000003,"[2.0, 0.0, 2.0, 0.0, 2.0, 0.0, 0.0, 2.0, 0.0, 4.0, 0.0, 2.0, 2.0, 2.0, 0.0]"
5,236,1564.8981585681893,1337.6791585681892,2272.19,"[0.0, 2.0, 2.0, 0.0, 2.0, 4.0, 0.0, 0.0, 2.0, 0.0, 0.0, 0.0, 4.0, 0.0, 2.0]"
5,237,1560.5653868969287,1357.2303868969286,2033.3500000000001,"[2.0, 0.0, 2.0, 0.0, 2.0, 0.0, 4.0, 0.0, 2.0, 4.0, 0.0, 0.0, 0.0, 2.0, 2.0]"
5,238,1580.358107952705,1353.804107952705,2265.5400000000004,"[0.0, 0.0, 4.0, 0.0, 2.0, 0.0, 2.0, 2.0, 2.0, 2.0, 0.0, 0.0, 0.0, 4.0, 2.0]"
5,239,1540.9507448677978,1301.9327448677977,2390.1800000000003,"[2.0, 2.0, 2.0, 0.0, 2.0, 0.0, 4.0, 0.0, 0.0, 4.0, 0.0, 2.0, 2.0, 2.0, 0.0]"
5,240,1520.0463738079327,1358.3423738079327,1617.0400000000002,"[2.0, 0.0, 2.0, 0.0, 2.0, 2.0, 0.0, 0.0, 0.0, 2.0, 0.0, 2.0, 2.0, 0.0, 0.0]"
5,241,1573.5361514648419,1295.5091514648418,2780.2700000000004,"[2.0, 0.0, 2.0, 0.0, 2.0, 0.0, 4.0, 2.0, 2.0, 2.0, 0.0, 0.0, 4.0, 4.0, 0.0]"
5,242,1580.672175979916,1358.4741759799158,2221.9800000000005,"[2.0, 0.0, 2.0, 4.0, 2.0, 0.0, 0.0, 0.0, 0.0, 2.0, 0.0, 2.0, 0.0, 4.0, 2.0]"
5,243,1599.8965751158978,1278.2035751158978,3216.9300000000003,"[2.0, 0.0, 4.0, 0.0, 2.0, 2.0, 0.0, 2.0, 2.0, 2.0, 0.0, 2.0, 4.0, 4.0, 2.0]"
5,244,1509.1261830090502,1332.2711830090502,1768.5500000000002,"[2.0, 0.0, 2.0, 2.0, 2.0, 0.0, 0.0, 0.0, 0.0, 2.0, 0.0, 2.0, 2.0, 2.0, 0.0]"
5,245,1575.317079850988,1331.018079850988,2442.9900000000002,"[2.0, 0.0, 4.0, 0.0, 2.0, 0.0, 0.0, 2.0, 0.0, 2.0, 0.0, 0.0, 2.0, 4.0, 4.0]"
5,246,1613.6340358321356,1293.0900358321355,3205.4400000000005,"[2.0, 0.0, 4.0, 4.0, 2.0, 2.0, 0.0, 2.0, 0.0, 2.0, 0.0, 2.0, 4.0, 4.0, 0.0]"
5,247,1588.70204946045,1319.64904946045,2690.5300000000007,"[2.0, 0.0, 4.0, 0.0, 2.0, 0.0, 0.0, 2.0, 4.0, 2.0, 0.0, 2.0, 2.0, 2.0, 2.0]"
5,248,1516.2159605183238,1314.4049605183236,2018.1100000000004,"[2.0, 0.0, 2.0, 0.0, 2.0, 0.0, 0.0, 0.0, 0.0, 2.0, 0.0, 2.0, 2.0, 4.0, 2.0]"
5,249,1551.5863091936105,1321.0963091936105,2304.9,"[2.0, 0.0, 4.0, 2.0, 2.0, 0.0, 0.0, 2.0, 2.0, 0.0, 0.0, 0.0, 4.0, 0.0, 2.0]"
5,250,1521.7600200028346,1293.5840200028344,2281.76,"[0.0, 0.0, 2.0, 0.0, 2.0, 0.0, 4.0, 0.0, 0.0, 2.0, 0.0, 0.0, 4.0, 4.0, 4.0]"
6,251,1484.7480319523752,1326.5270319523752,1582.21,"[2.0, 0.0, 2.0, 0.0, 2.0, 0.0, 0.0, 0.0, 0.0, 2.0, 0.0, 2.0, 2.0, 2.0, 0.0]"
6,252,1491.4087181564132,1367.1487181564132,1242.6000000000001,"[0.0, 0.0, 2.0, 0.0, 0.0, 0.0, 2.0, 2.0, 0.0, 2.0, 0.0, 0.0, 4.0, 0.0, 2.0]"
6,253,1542.5218119533529,1358.288811953353,1842.33,"[2.0, 0.0, 2.0, 0.0, 2.0, 2.0, 4.0, 0.0, 0.0, 4.0, 0.0, 0.0, 2.0, 0.0, 0.0]"
6,254,1616.9932418260958,1307.4092418260957,3095.84,"[2.0, 0.0, 2.0, 0.0, 2.0, 0.0, 4.0, 2.0, 0.0, 2.0, 4.0, 2.0, 4.0, 2.0, 0.0]"
6,255,1564.957003968254,1283.187003968254,2817.7000000000003,"[2.0, 0.0, 2.0, 0.0, 2.0, 0.0, 2.0, 0.0, 2.0, 4.0, 2.0, 2.0, 4.0, 2.0, 4.0]"
6,256,1502.2421354312212,1367.6641354312212,1345.7800000000002,"[0.0, 0.0, 2.0, 0.0, 2.0, 0.0, 0.0, 2.0, 0.0, 2.0, 0.0, 0.0, 2.0, 2.0, 0.0]"
6,257,1558.7543113194179,1363.1113113194178,1956.43,"[0.0, 0.0, 4.0, 0.0, 0.0, 0.0, 4.0, 2.0, 0.0, 2.0, 0.0, 0.0, 2.0, 2.0, 4.0]"
6,258,1512.662554230528,1325.086554230528,1875.7600000000002,"[0.0, 0.0, 2.0, 0.0, 2.0, 0.0, 2.0, 2.0, 0.0, 2.0, 0.0, 2.0, 4.0, 0.0, 2.0]"
6,259,1551.788044196546,1309.469044196546,2423.19,"[2.0, 0.0, 4.0, 0.0, 2.0, 0.0, 0.0, 2.0, 4.0, 2.0, 0.0, 2.0, 4.0, 0.0, 0.0]"
6,260,1532.6575041807544,1311.9295041807543,2207.28,"[2.0, 0.0, 4.0, 2.0, 2.0, 2.0, 0.0, 0.0, 0.0, 2.0, 0.0, 0.0, 4.0, 2.0, 0.0]"
6,261,1501.9986179984612,1364.801617998461,1371.9700000000003,"[2.0, 0.0, 2.0, 0.0, 0.0, 0.0, 0.0, 2.0, 2.0, 2.0, 0.0, 0.0, 4.0, 0.0, 0.0]"
6,262,1586.7459311671223,1331.8199311671221,2549.26,"[2.0, 0.0, 4.0, 2.0, 2.0, 0.0, 0.0, 2.0, 0.0, 2.0, 2.0, 2.0, 2.0, 2.0, 0.0]"
6,263,1517.4143600356392,1383.5803600356392,1338.3400000000001,"[2.0, 0.0, 2.0, 0.0, 2.0, 0.0, 0.0, 0.0, 0.0, 2.0, 0.0, 0.0, 0.0, 2.0, 2.0]"
6,264,1517.8572763997165,1407.2102763997166,1106.47,"[2.0, 0.0, 0.0, 0.0, 2.0, 0.0, 0.0, 0.0, 0.0, 2.0, 0.0, 2.0, 2.0, 0.0, 0.0]"
6,265,1534.3461779401941,1290.727177940194,2436.19,"[0.0, 0.0, 2.0, 0.0, 2.0, 0.0, 2.0, 0.0, 2.0, 2.0, 2.0, 4.0, 4.0, 2.0, 0.0]"
6,266,1484.9452538371197,1326.7242538371197,1582.21,"[2.0, 0.0, 2.0, 0.0, 2.0, 0.0, 0.0, 0.0, 0.0, 2.0, 0.0, 2.0, 2.0, 2.0, 0.0]"
6,267,1581.5269491841116,1355.9149491841115,2256.1200000000003,"[2.0, 2.0, 2.0, 0.0, 2.0, 4.0, 0.0, 0.0, 0.0, 2.0, 0.0, 2.0, 2.0, 0.0, 0.0]"
6,268,1548.6580713475867,1334.9030713475865,2137.55,"[0.0, 0.0, 2.0, 0.0, 2.0, 0.0, 2.0, 2.0, 2.0, 2.0, 2.0, 0.0, 4.0, 0.0, 2.0]"
6,269,1536.4448845741128,1326.9108845741127,2095.34,"[0.0, 0.0, 2.0, 0.0, 2.0, 0.0, 4.0, 2.0, 2.0, 2.0, 0.0, 0.0, 4.0, 0.0, 2.0]"
6,270,1484.7713988984733,1326.5503988984733,1582.21,"[2.0, 0.0, 2.0, 0.0, 2.0, 0.0, 0.0, 0.0, 0.0, 2.0, 0.0, 2.0, 2.0, 2.0, 0.0]"
6,271,1524.8521223423643,1373.0531223423643,1517.9900000000002,"[0.0, 0.0, 4.0, 0.0, 0.0, 0.0, 2.0, 2.0, 0.0, 2.0, 0.0, 2.0, 2.0, 0.0, 2.0]"
6,272,1498.0698303300264,1318.8918303300266,1791.78,"[2.0, 0.0, 2.0, 2.0, 0.0, 0.0, 0.0, 0.0, 0.0, 2.0, 0.0, 4.0, 4.0, 2.0, 0.0]"
6,273,1528.4751043083902,1349.2191043083901,1792.5600000000004,"[0.0, 0.0, 2.0, 0.0, 0.0, 4.0, 2.0, 0.0, 0.0, 2.0, 0.0, 2.0, 4.0, 0.0, 2.0]"
6,274,1623.2396402729132,1354.8756402729132,2683.6400000000003,"[2.0, 0.0, 2.0, 0.0, 4.0, 0.0, 0.0, 2.0, 0.0, 2.0, 0.0, 4.0, 2.0, 2.0, 2.0]"
6,275,1539.585660862523,1355.4746608625228,1841.1100000000004,"[2.0, 0.0, 2.0, 0.0, 2.0, 0.0, 2.0, 0.0, 0.0, 2.0, 0.0, 0.0, 0.0, 4.0, 2.0]"
6,276,1544.9617695624886,1314.1737695624886,2307.8800000000006,"[2.0, 2.0, 2.0, 0.0, 2.0, 0.0, 0.0, 0.0, 2.0, 2.0, 0.0, 2.0, 2.0, 2.0, 2.0]"
6,277,1487.8051707435607,1370.9521707435606,1168.5300000000002,"[0.0, 0.0, 2.0, 0.0, 2.0, 0.0, 2.0, 0.0, 0.0, 2.0, 0.0, 0.0, 2.0, 0.0, 2.0]"
6,278,1660.4914576628003,1299.9914576628003,3605.0,"[2.0, 0.0, 4.0, 2.0, 4.0, 0.0, 4.0, 2.0, 2.0, 2.0, 0.0, 0.0, 4.0, 2.0, 4.0]"
6,279,1533.798898157522,1324.126898157522,2096.7200000000003,"[2.0, 0.0, 2.0, 0.0, 2.0, 0.0, 2.0, 0.0, 0.0, 2.0, 2.0, 2.0, 2.0, 2.0, 0.0]"
6,280,1494.7431870937694,1347.4801870937695,1472.63,"[0.0, 0.0, 2.0, 0.0, 2.0, 2.0, 0.0, 0.0, 2.0, 2.0, 0.0, 0.0, 4.0, 0.0, 0.0]"
6,281,1514.8091272094107,1337.7871272094105,1770.2200000000003,"[0.0, 0.0, 2.0, 4.0, 2.0, 0.0, 2.0, 0.0, 2.0, 2.0, 0.0, 0.0, 4.0, 0.0, 0.0]"
6,282,1568.162913287308,1302.7309132873079,2654.32,"[0.0, 0.0, 2.0, 0.0, 2.0, 0.0, 2.0, 2.0, 2.0, 2.0, 2.0, 2.0, 4.0, 2.0, 2.0]"
6,283,1753.7329244717882,1298.8609244717882,4548.72,"[2.0, 0.0, 4.0, 4.0, 2.0, 4.0, 0.0, 2.0, 4.0, 2.0, 2.0, 2.0, 4.0, 4.0, 4.0]"
6,284,1520.0983681567866,1302.1733681567866,2179.25,"[0.0, 0.0, 4.0, 0.0, 2.0, 2.0, 2.0, 0.0, 2.0, 0.0, 0.0, 0.0, 4.0, 2.0, 0.0]"
6,285,1565.6142934137797,1324.6882934137798,2409.26,"[0.0, 0.0, 2.0, 0.0, 2.0, 0.0, 4.0, 4.0, 0.0, 0.0, 0.0, 2.0, 4.0, 0.0, 2.0]"
6,286,1574.571427385556,1335.501427385556,2390.7000000000003,"[0.0, 0.0, 2.0, 0.0, 2.0, 0.0, 4.0, 4.0, 2.0, 0.0, 0.0, 0.0, 4.0, 0.0, 2.0]"
6,287,1506.222921281205,1329.3679212812049,1768.5500000000002,"[2.0, 0.0, 2.0, 2.0, 2.0, 0.0, 0.0, 0.0, 0.0, 2.0, 0.0, 2.0, 2.0, 2.0, 0.0]"
6,288,1546.8883712874294,1305.8773712874295,2410.11,"[0.0, 0.0, 2.0, 4.0, 2.0, 0.0, 4.0, 0.0, 2.0, 0.0, 0.0, 2.0, 4.0, 0.0, 2.0]"
6,289,1593.667517330742,1331.1445173307418,2625.2300000000005,"[2.0, 0.0, 4.0, 0.0, 0.0, 4.0, 2.0, 2.0, 0.0, 2.0, 0.0, 0.0, 4.0, 2.0, 2.0]"
6,290,1503.5522080591272,1362.8852080591273,1406.67,"[0.0, 0.0, 2.0, 0.0, 2.0, 0.0, 4.0, 0.0, 0.0, 0.0, 0.0, 0.0, 2.0, 0.0, 2.0]"
6,291,1528.3854336734696,1315.1154336734696,2132.7000000000003,"[0.0, 0.0, 2.0, 0.0, 2.0, 0.0, 2.0, 2.0, 2.0, 2.0, 0.0, 0.0, 4.0, 2.0, 2.0]"
6,292,1517.3925623089226,1325.8975623089225,1914.95,"[0.0, 0.0, 2.0, 0.0, 2.0, 0.0, 4.0, 0.0, 2.0, 0.0, 2.0, 0.0, 4.0, 0.0, 0.0]"
6,293,1638.6776685293164,1371.1906685293163,2674.8700000000003,"[2.0, 0.0, 2.0, 0.0, 2.0, 0.0, 4.0, 4.0, 0.0, 2.0, 0.0, 0.0, 0.0, 4.0, 2.0]"
6,294,1660.1788694683996,1351.4758694683997,3087.0300000000007,"[2.0, 2.0, 2.0, 4.0, 2.0, 4.0, 0.0, 2.0, 2.0, 2.0, 0.0, 0.0, 4.0, 0.0, 0.0]"
6,295,1487.5538461507308,1343.2928461507308,1442.6100000000001,"[0.0, 0.0, 4.0, 0.0, 2.0, 0.0, 0.0, 2.0, 0.0, 2.0, 0.0, 0.0, 4.0, 0.0, 0.0]"
6,296,1519.9254655301575,1338.4774655301574,1814.48,"[2.0, 0.0, 2.0, 0.0, 0.0, 0.0, 2.0, 0.0, 2.0, 2.0, 0.0, 2.0, 2.0, 2.0, 2.0]"
6,297,1500.1202370568344,1319.6282370568345,1804.92,"[2.0, 0.0, 2.0, 0.0, 2.0, 0.0, 0.0, 0.0, 2.0, 2.0, 0.0, 2.0, 2.0, 2.0, 0.0]"
6,298,1557.2804195821186,1319.8034195821185,2374.77,"[2.0, 0.0, 2.0, 2.0, 2.0, 0.0, 0.0, 0.0, 0.0, 2.0, 0.0, 2.0, 2.0, 4.0, 4.0]"
6,299,1596.3819272903932,1275.345927290393,3210.3600000000006,"[4.0, 2.0, 4.0, 0.0, 2.0, 0.0, 0.0, 0.0, 0.0, 2.0, 2.0, 0.0, 4.0, 4.0, 4.0]"
6,300,1568.0891911240687,1337.4301911240686,2306.59,"[2.0, 0.0, 4.0, 0.0, 2.0, 0.0, 0.0, 2.0, 0.0, 2.0, 4.0, 0.0, 4.0, 0.0, 0.0]"
7,301,1484.946569999595,1326.725569999595,1582.21,"[2.0, 0.0, 2.0, 0.0, 2.0, 0.0, 0.0, 0.0, 0.0, 2.0, 0.0, 2.0, 2.0, 2.0, 0.0]"
7,302,1484.7333514285135,1326.5123514285135,1582.21,"[2.0, 0.0, 2.0, 0.0, 2.0, 0.0, 0.0, 0.0, 0.0, 2.0, 0.0, 2.0, 2.0, 2.0, 0.0]"
7,303,1540.1779169906058,1325.9249169906057,2142.53,"[2.0, 0.0, 2.0, 0.0, 2.0, 0.0, 0.0, 0.0, 2.0, 2.0, 0.0, 2.0, 2.0, 2.0, 4.0]"
7,304,1557.4636430870771,1309.652643087077,2478.1100000000006,"[2.0, 0.0, 2.0, 2.0, 2.0, 0.0, 0.0, 0.0, 4.0, 2.0, 0.0, 2.0, 2.0, 4.0, 0.0]"
7,305,1484.7477692619216,1326.5267692619216,1582.21,"[2.0, 0.0, 2.0, 0.0, 2.0, 0.0, 0.0, 0.0, 0.0, 2.0, 0.0, 2.0, 2.0, 2.0, 0.0]"
7,306,1480.941444412944,1346.847444412944,1340.9400000000003,"[2.0, 0.0, 2.0, 0.0, 2.0, 0.0, 0.0, 0.0, 0.0, 2.0, 0.0, 0.0, 2.0, 2.0, 0.0]"
7,307,1608.0940445344131,1272.507044534413,3355.870000000001,"[2.0, 4.0, 2.0, 0.0, 2.0, 2.0, 2.0, 0.0, 2.0, 2.0, 0.0, 2.0, 4.0, 2.0, 2.0]"
7,308,1506.9524197205913,1333.1934197205912,1737.5900000000001,"[0.0, 0.0, 2.0, 0.0, 2.0, 0.0, 4.0, 0.0, 2.0, 2.0, 0.0, 0.0, 2.0, 2.0, 0.0]"
7,309,1572.186956468921,1403.7849564689209,1684.0200000000002,"[0.0, 0.0, 2.0, 0.0, 2.0, 4.0, 0.0, 2.0, 0.0, 2.0, 0.0, 0.0, 2.0, 0.0, 0.0]"
7,310,1502.7112217790107,1317.1812217790107,1855.3000000000002,"[2.0, 0.0, 2.0, 0.0, 2.0, 0.0, 2.0, 0.0, 2.0, 2.0, 0.0, 0.0, 4.0, 0.0, 2.0]"
7,311,1475.2716307530322,1314.7276307530321,1605.4400000000003,"[2.0, 0.0, 2.0, 0.0, 0.0, 0.0, 0.0, 0.0, 0.0, 2.0, 0.0, 4.0, 4.0, 2.0, 0.0]"
7,312,1506.3279190710484,1329.4729190710484,1768.5500000000002,"[2.0, 0.0, 2.0, 2.0, 2.0, 0.0, 0.0, 0.0, 0.0, 2.0, 0.0, 2.0, 2.0, 2.0, 0.0]"
7,313,1575.561828717201,1316.629828717201,2589.32,"[2.0, 0.0, 2.0, 4.0, 2.0, 2.0, 2.0, 0.0, 0.0, 2.0, 0.0, 0.0, 4.0, 2.0, 2.0]"
7,314,1568.607249721632,1322.1272497216319,2464.8,"[2.0, 0.0, 2.0, 0.0, 4.0, 0.0, 0.0, 0.0, 2.0, 2.0, 0.0, 2.0, 2.0, 4.0, 0.0]"
7,315,1567.925281341108,1362.4622813411079,2054.6300000000006,"[2.0, 0.0, 0.0, 0.0, 2.0, 2.0, 0.0, 0.0, 2.0, 2.0, 0.0, 4.0, 4.0, 0.0, 0.0]"
7,316,1529.608602624066,1366.633602624066,1629.75,"[0.0, 4.0, 2.0, 2.0, 2.0, 0.0, 0.0, 0.0, 0.0, 2.0, 0.0, 0.0, 2.0, 0.0, 0.0]"
7,317,1561.554083561117,1324.357083561117,2371.9700000000003,"[4.0, 0.0, 2.0, 0.0, 2.0, 0.0, 0.0, 0.0, 2.0, 2.0, 2.0, 2.0, 2.0, 2.0, 0.0]"
7,318,1532.4609451305935,1322.7889451305934,2096.7200000000003,"[2.0, 0.0, 2.0, 0.0, 2.0, 0.0, 2.0, 0.0, 0.0, 0.0, 2.0, 2.0, 2.0, 2.0, 0.0]"
7,319,1493.599443238647,1321.7884432386468,1718.1100000000004,"[0.0, 0.0, 4.0, 0.0, 2.0, 0.0, 0.0, 2.0, 0.0, 2.0, 0.0, 0.0, 4.0, 2.0, 0.0]"
7,320,1532.381879351194,1395.525879351194,1368.5600000000002,"[0.0, 0.0, 2.0, 0.0, 2.0, 0.0, 0.0, 4.0, 0.0, 2.0, 0.0, 0.0, 2.0, 0.0, 0.0]"
7,321,1516.7676466061882,1409.0776466061882,1076.9,"[0.0, 0.0, 2.0, 0.0, 0.0, 0.0, 2.0, 2.0, 0.0, 2.0, 0.0, 0.0, 2.0, 0.0, 2.0]"
7,322,1544.881277691171,1352.9882776911709,1918.93,"[0.0, 4.0, 2.0, 0.0, 0.0, 0.0, 2.0, 2.0, 0.0, 2.0, 0.0, 0.0, 4.0, 0.0, 2.0]"
7,323,1601.656326786799,1376.924326786799,2247.32,"[2.0, 0.0, 2.0, 0.0, 0.0, 0.0, 2.0, 4.0, 0.0, 2.0, 4.0, 0.0, 4.0, 0.0, 0.0]"
7,324,1551.7004243774045,1334.2364243774043,2174.6400000000003,"[0.0, 0.0, 2.0, 0.0, 2.0, 2.0, 0.0, 2.0, 2.0, 2.0, 0.0, 2.0, 4.0, 0.0, 2.0]"
7,325,1530.3902518070095,1334.7932518070095,1955.9700000000003,"[2.0, 0.0, 2.0, 4.0, 2.0, 0.0, 0.0, 0.0, 0.0, 2.0, 0.0, 2.0, 2.0, 2.0, 0.0]"
7,326,1576.294501781665,1361.873501781665,2144.2100000000005,"[0.0, 0.0, 4.0, 0.0, 4.0, 2.0, 0.0, 2.0, 0.0, 2.0, 0.0, 0.0, 4.0, 0.0, 0.0]"
7,327,1495.3521786480906,1372.0791786480904,1232.7300000000002,"[2.0, 0.0, 2.0, 0.0, 2.0, 0.0, 0.0, 0.0, 0.0, 0.0, 0.0, 0.0, 2.0, 0.0, 2.0]"
7,328,1583.7751599789449,1355.6171599789448,2281.5800000000004,"[0.0, 2.0, 0.0, 0.0, 2.0, 0.0, 4.0, 0.0, 2.0, 2.0, 0.0, 2.0, 2.0, 2.0, 2.0]"
7,329,1484.4986191633257,1326.2776191633257,1582.21,"[2.0, 0.0, 2.0, 0.0, 2.0, 0.0, 0.0, 0.0, 0.0, 2.0, 0.0, 2.0, 2.0, 2.0, 0.0]"
7,330,1567.0835121383304,1369.8545121383304,1972.2900000000002,"[0.0, 0.0, 2.0, 0.0, 2.0, 0.0, 4.0, 0.0, 0.0, 0.0, 4.0, 0.0, 2.0, 0.0, 2.0]"
7,331,1501.3202717849044,1320.8282717849045,1804.92,"[2.0, 0.0, 2.0, 0.0, 2.0, 0.0, 0.0, 0.0, 2.0, 2.0, 0.0, 2.0, 2.0, 2.0, 0.0]"
7,332,1506.1843942977482,1365.5173942977483,1406.67,"[0.0, 0.0, 2.0, 0.0, 2.0, 0.0, 4.0, 0.0, 0.0, 0.0, 0.0, 0.0, 2.0, 0.0, 2.0]"
7,333,1484.599690317094,1326.378690317094,1582.21,"[2.0, 0.0, 2.0, 0.0, 2.0, 0.0, 0.0, 0.0, 0.0, 2.0, 0.0, 2.0, 2.0, 2.0, 0.0]"
7,334,1521.1307299267116,1320.8597299267117,2002.7100000000003,"[2.0, 0.0, 2.0, 2.0, 2.0, 0.0, 2.0, 0.0, 0.0, 2.0, 0.0, 2.0, 2.0, 2.0, 0.0]"
7,335,1524.0444961832063,1362.3854961832062,1616.5900000000001,"[0.0, 0.0, 2.0, 0.0, 2.0, 0.0, 0.0, 0.0, 4.0, 0.0, 0.0, 2.0, 2.0, 0.0, 2.0]"
7,336,1534.9497347265253,1401.1997347265253,1337.5,"[2.0, 0.0, 0.0, 0.0, 2.0, 0.0, 4.0, 0.0, 0.0, 2.0, 0.0, 0.0, 2.0, 0.0, 0.0]"
7,337,1486.0727363571934,1327.8517363571934,1582.21,"[2.0, 0.0, 2.0, 0.0, 2.0, 0.0, 0.0, 0.0, 0.0, 2.0, 0.0, 2.0, 2.0, 2.0, 0.0]"
7,338,1579.8965957240039,1338.453595724004,2414.4300000000003,"[2.0, 0.0, 2.0, 0.0, 4.0, 0.0, 0.0, 0.0, 4.0, 2.0, 0.0, 2.0, 2.0, 2.0, 0.0]"
7,339,1502.6008205232042,1347.1528205232041,1554.4800000000002,"[2.0, 0.0, 0.0, 0.0, 2.0, 0.0, 0.0, 0.0, 0.0, 2.0, 0.0, 2.0, 4.0, 2.0, 0.0]"
7,340,1469.9755754783841,1342.6085754783842,1273.67,"[2.0, 0.0, 2.0, 2.0, 0.0, 0.0, 0.0, 0.0, 0.0, 2.0, 0.0, 2.0, 4.0, 0.0, 0.0]"
7,341,1484.4923108447394,1326.2713108447394,1582.21,"[2.0, 0.0, 2.0, 0.0, 2.0, 0.0, 0.0, 0.0, 0.0, 2.0, 0.0, 2.0, 2.0, 2.0, 0.0]"
7,342,1526.6587427264076,1334.6767427264076,1919.8200000000002,"[2.0, 0.0, 2.0, 0.0, 2.0, 0.0, 0.0, 0.0, 0.0, 2.0, 0.0, 2.0, 2.0, 2.0, 4.0]"
7,343,1521.8494261418855,1335.4314261418854,1864.18,"[2.0, 0.0, 2.0, 4.0, 0.0, 0.0, 0.0, 0.0, 0.0, 2.0, 0.0, 4.0, 4.0, 0.0, 2.0]"
7,344,1495.8913569577192,1349.5833569577192,1463.0800000000002,"[0.0, 0.0, 2.0, 2.0, 2.0, 0.0, 2.0, 0.0, 0.0, 2.0, 0.0, 0.0, 2.0, 2.0, 0.0]"
7,345,1588.5259952218983,1301.1829952218982,2873.4300000000003,"[0.0, 4.0, 2.0, 0.0, 2.0, 0.0, 4.0, 0.0, 4.0, 2.0, 0.0, 2.0, 2.0, 2.0, 0.0]"
7,346,1540.0575939505597,1329.3915939505598,2106.6600000000003,"[2.0, 2.0, 2.0, 0.0, 2.0, 2.0, 0.0, 0.0, 2.0, 2.0, 0.0, 0.0, 4.0, 0.0, 0.0]"
7,347,1525.2730832152258,1309.6510832152258,2156.2200000000003,"[0.0, 0.0, 2.0, 0.0, 2.0, 0.0, 4.0, 0.0, 2.0, 2.0, 2.0, 2.0, 4.0, 0.0, 0.0]"
7,348,1567.143813974206,1328.667813974206,2384.76,"[2.0, 0.0, 2.0, 4.0, 2.0, 0.0, 2.0, 0.0, 0.0, 2.0, 0.0, 0.0, 2.0, 4.0, 2.0]"
7,349,1547.4033396100344,1339.0433396100345,2083.6,"[2.0, 0.0, 2.0, 0.0, 2.0, 2.0, 4.0, 0.0, 0.0, 4.0, 0.0, 2.0, 2.0, 0.0, 0.0]"
7,350,1532.8422666828635,1301.4092666828635,2314.3300000000004,"[0.0, 0.0, 2.0, 4.0, 2.0, 0.0, 2.0, 0.0, 2.0, 2.0, 0.0, 0.0, 4.0, 4.0, 0.0]"
8,351,1468.8866525119981,1341.5196525119982,1273.67,"[2.0, 0.0, 2.0, 2.0, 0.0, 0.0, 0.0, 0.0, 0.0, 2.0, 0.0, 2.0, 4.0, 0.0, 0.0]"
8,352,1473.7282552846846,1313.1842552846845,1605.4400000000003,"[2.0, 0.0, 2.0, 0.0, 0.0, 0.0, 0.0, 0.0, 0.0, 2.0, 0.0, 4.0, 4.0, 2.0, 0.0]"
8,353,1536.8717926789764,1328.3447926789763,2085.27,"[2.0, 0.0, 2.0, 0.0, 2.0, 0.0, 0.0, 0.0, 2.0, 2.0, 2.0, 2.0, 2.0, 2.0, 0.0]"
8,354,1484.882624751954,1326.661624751954,1582.21,"[2.0, 0.0, 2.0, 0.0, 2.0, 0.0, 0.0, 0.0, 0.0, 2.0, 0.0, 2.0, 2.0, 2.0, 0.0]"
8,355,1544.3533975098694,1276.9873975098694,2673.6600000000003,"[2.0, 4.0, 2.0, 0.0, 2.0, 0.0, 0.0, 0.0, 0.0, 2.0, 0.0, 4.0, 4.0, 2.0, 0.0]"
8,356,1519.4034452183773,1363.8764452183773,1555.2700000000002,"[2.0, 0.0, 2.0, 0.0, 0.0, 0.0, 0.0, 0.0, 0.0, 2.0, 0.0, 0.0, 2.0, 4.0, 4.0]"
8,357,1561.2434367141152,1297.536436714115,2637.07,"[2.0, 0.0, 2.0, 0.0, 2.0, 4.0, 0.0, 0.0, 0.0, 2.0, 0.0, 2.0, 4.0, 4.0, 0.0]"
8,358,1498.0002631365799,1365.61326313658,1323.8700000000001,"[2.0, 0.0, 2.0, 2.0, 0.0, 0.0, 0.0, 0.0, 2.0, 2.0, 0.0, 2.0, 2.0, 0.0, 0.0]"
8,359,1490.0269038710721,1290.2939038710722,1997.3300000000004,"[2.0, 0.0, 2.0, 0.0, 2.0, 0.0, 0.0, 0.0, 0.0, 2.0, 0.0, 4.0, 4.0, 2.0, 0.0]"
8,360,1531.8023453805504,1351.9783453805503,1798.2400000000002,"[2.0, 0.0, 2.0, 4.0, 0.0, 0.0, 2.0, 0.0, 0.0, 2.0, 0.0, 2.0, 2.0, 2.0, 0.0]"
8,361,1549.94360172906,1341.58060172906,2083.6300000000006,"[0.0, 0.0, 2.0, 0.0, 2.0, 0.0, 2.0, 0.0, 0.0, 2.0, 4.0, 2.0, 2.0, 2.0, 0.0]"
8,362,1564.4965600323953,1355.2065600323954,2092.9,"[2.0, 0.0, 2.0, 2.0, 2.0, 0.0, 0.0, 0.0, 0.0, 2.0, 4.0, 0.0, 2.0, 2.0, 0.0]"
8,363,1537.7720404713218,1299.7570404713217,2380.15,"[2.0, 0.0, 2.0, 0.0, 4.0, 0.0, 2.0, 0.0, 0.0, 2.0, 0.0, 2.0, 4.0, 2.0, 0.0]"
8,364,1523.549370775368,1396.4303707753681,1271.1900000000003,"[0.0, 0.0, 0.0, 2.0, 2.0, 0.0, 0.0, 0.0, 0.0, 4.0, 0.0, 2.0, 2.0, 2.0, 0.0]"
8,365,1630.744342105263,1309.474342105263,3212.7000000000003,"[2.0, 2.0, 2.0, 4.0, 4.0, 0.0, 4.0, 0.0, 0.0, 2.0, 0.0, 2.0, 4.0, 0.0, 2.0]"
8,366,1572.0724114193156,1360.0624114193156,2120.1,"[2.0, 0.0, 0.0, 0.0, 2.0, 0.0, 0.0, 0.0, 0.0, 2.0, 4.0, 2.0, 4.0, 2.0, 0.0]"
8,367,1448.6747333198339,1339.941733319834,1087.3300000000002,"[2.0, 0.0, 2.0, 0.0, 0.0, 0.0, 0.0, 0.0, 0.0, 2.0, 0.0, 2.0, 4.0, 0.0, 0.0]"
8,368,1487.3504175103262,1316.3854175103263,1709.65,"[2.0, 0.0, 2.0, 2.0, 0.0, 0.0, 0.0, 0.0, 0.0, 2.0, 0.0, 2.0, 4.0, 2.0, 2.0]"
8,369,1519.481972283522,1300.832972283522,2186.4900000000002,"[2.0, 2.0, 2.0, 0.0, 2.0, 0.0, 0.0, 0.0, 0.0, 2.0, 0.0, 2.0, 2.0, 4.0, 0.0]"
8,370,1538.9455311791385,1324.6925311791383,2142.53,"[2.0, 0.0, 2.0, 0.0, 2.0, 0.0, 0.0, 0.0, 2.0, 2.0, 0.0, 2.0, 2.0, 2.0, 4.0]"
8,371,1622.9805005972992,1425.484500597299,1974.9600000000003,"[2.0, 0.0, 0.0, 2.0, 2.0, 0.0, 4.0, 0.0, 0.0, 2.0, 0.0, 0.0, 0.0, 2.0, 4.0]"
8,372,1571.4632098965399,1379.5632098965398,1919.0,"[0.0, 0.0, 2.0, 0.0, 2.0, 0.0, 4.0, 0.0, 4.0, 0.0, 0.0, 2.0, 0.0, 0.0, 2.0]"
8,373,1556.463600664075,1300.071600664075,2563.92,"[4.0, 0.0, 2.0, 0.0, 2.0, 0.0, 4.0, 0.0, 2.0, 2.0, 0.0, 2.0, 2.0, 2.0, 0.0]"
8,374,1475.1622894603624,1348.6332894603624,1265.2900000000002,"[0.0, 0.0, 2.0, 0.0, 2.0, 0.0, 0.0, 0.0, 2.0, 2.0, 0.0, 0.0, 2.0, 2.0, 0.0]"
8,375,1504.0507542776147,1356.6507542776146,1474.0,"[2.0, 0.0, 2.0, 0.0, 2.0, 0.0, 0.0, 0.0, 0.0, 0.0, 0.0, 2.0, 2.0, 0.0, 2.0]"
8,376,1481.8004930441648,1331.1444930441648,1506.5600000000002,"[0.0, 0.0, 2.0, 0.0, 2.0, 0.0, 0.0, 0.0, 2.0, 2.0, 0.0, 2.0, 2.0, 2.0, 0.0]"
8,377,1479.7308183382945,1345.6368183382945,1340.9400000000003,"[2.0, 0.0, 2.0, 0.0, 2.0, 0.0, 0.0, 0.0, 0.0, 4.0, 0.0, 0.0, 2.0, 2.0, 0.0]"
8,378,1518.4663211176353,1361.6263211176351,1568.4,"[2.0, 2.0, 2.0, 0.0, 2.0, 0.0, 0.0, 0.0, 0.0, 2.0, 0.0, 0.0, 2.0, 0.0, 2.0]"
8,379,1510.4789153589147,1365.2679153589147,1452.1100000000001,"[2.0, 0.0, 2.0, 0.0, 0.0, 0.0, 0.0, 0.0, 2.0, 0.0, 2.0, 0.0, 2.0, 2.0, 0.0]"
8,380,1555.9846130109945,1360.5166130109944,1954.68,"[2.0, 0.0, 2.0, 0.0, 2.0, 4.0, 0.0, 0.0, 0.0, 2.0, 0.0, 0.0, 2.0, 2.0, 0.0]"
8,381,1568.2801746841596,1341.9411746841595,2263.3900000000003,"[2.0, 4.0, 2.0, 0.0, 2.0, 0.0, 0.0, 0.0, 0.0, 2.0, 2.0, 2.0, 2.0, 0.0, 0.0]"
8,382,1463.0650829857034,1334.8610829857034,1282.0400000000002,"[2.0, 0.0, 2.0, 0.0, 0.0, 0.0, 0.0, 0.0, 0.0, 0.0, 0.0, 0.0, 4.0, 2.0, 2.0]"
8,383,1662.1815258149425,1406.7775258149425,2554.0400000000004,"[0.0, 0.0, 2.0, 0.0, 4.0, 2.0, 0.0, 4.0, 0.0, 4.0, 0.0, 4.0, 2.0, 0.0, 0.0]"
8,384,1551.1929263368902,1388.57392633689,1626.1900000000003,"[2.0, 0.0, 2.0, 4.0, 0.0, 0.0, 0.0, 0.0, 0.0, 2.0, 0.0, 2.0, 2.0, 0.0, 4.0]"
8,385,1469.6291743839972,1294.1571743839972,1754.7200000000003,"[2.0, 0.0, 2.0, 0.0, 2.0, 0.0, 0.0, 0.0, 0.0, 2.0, 0.0, 2.0, 4.0, 2.0, 0.0]"
8,386,1524.8551330863147,1357.3431330863148,1675.1200000000001,"[0.0, 0.0, 2.0, 0.0, 4.0, 0.0, 0.0, 0.0, 0.0, 2.0, 0.0, 2.0, 2.0, 2.0, 0.0]"
8,387,1522.4126391301709,1328.4066391301708,1940.0600000000004,"[2.0, 0.0, 2.0, 0.0, 2.0, 2.0, 2.0, 0.0, 0.0, 2.0, 0.0, 0.0, 4.0, 0.0, 2.0]"
8,388,1532.0509131843214,1318.2889131843212,2137.6200000000003,"[0.0, 0.0, 4.0, 0.0, 2.0, 0.0, 4.0, 2.0, 2.0, 2.0, 0.0, 0.0, 4.0, 0.0, 0.0]"
8,389,1471.7139513800296,1344.3469513800296,1273.67,"[2.0, 0.0, 2.0, 2.0, 0.0, 0.0, 0.0, 0.0, 0.0, 2.0, 0.0, 2.0, 4.0, 0.0, 0.0]"
8,390,1507.9025207531888,1332.9525207531888,1749.5,"[2.0, 0.0, 2.0, 0.0, 2.0, 0.0, 0.0, 0.0, 0.0, 0.0, 0.0, 2.0, 2.0, 2.0, 2.0]"
8,391,1600.4099819418577,1306.7269819418577,2936.8300000000004,"[2.0, 0.0, 4.0, 4.0, 2.0, 2.0, 0.0, 2.0, 0.0, 2.0, 0.0, 2.0, 4.0, 2.0, 0.0]"
8,392,1488.3379152020734,1330.9759152020733,1573.6200000000001,"[2.0, 2.0, 2.0, 0.0, 2.0, 0.0, 0.0, 0.0, 0.0, 2.0, 0.0, 0.0, 4.0, 0.0, 0.0]"
8,393,1549.684301453618,1280.5653014536178,2691.1900000000005,"[2.0, 0.0, 4.0, 2.0, 2.0, 0.0, 2.0, 0.0, 2.0, 2.0, 0.0, 2.0, 2.0, 4.0, 0.0]"
8,394,1555.9579674023082,1331.7489674023082,2242.09,"[2.0, 0.0, 2.0, 0.0, 4.0, 0.0, 0.0, 0.0, 0.0, 2.0, 0.0, 2.0, 2.0, 4.0, 0.0]"
8,395,1503.7544629370914,1318.2244629370914,1855.3000000000002,"[2.0, 0.0, 2.0, 0.0, 2.0, 0.0, 2.0, 0.0, 2.0, 2.0, 0.0, 0.0, 4.0, 0.0, 2.0]"
8,396,1515.9461954972467,1311.3071954972465,2046.3900000000003,"[2.0, 0.0, 2.0, 0.0, 0.0, 0.0, 0.0, 0.0, 4.0, 2.0, 0.0, 4.0, 4.0, 2.0, 0.0]"
8,397,1517.4295609281985,1333.7435609281983,1836.8600000000004,"[0.0, 0.0, 2.0, 0.0, 2.0, 0.0, 0.0, 2.0, 0.0, 0.0, 0.0, 0.0, 4.0, 2.0, 4.0]"
8,398,1542.0394668272831,1346.0944668272832,1959.45,"[0.0, 0.0, 4.0, 0.0, 2.0, 2.0, 0.0, 0.0, 4.0, 0.0, 0.0, 2.0, 2.0, 0.0, 0.0]"
8,399,1472.4649338111726,1311.9209338111725,1605.4400000000003,"[2.0, 0.0, 2.0, 0.0, 0.0, 0.0, 0.0, 0.0, 0.0, 2.0, 0.0, 4.0, 4.0, 2.0, 0.0]"
8,400,1473.942185830853,1313.398185830853,1605.4400000000003,"[2.0, 0.0, 2.0, 0.0, 0.0, 0.0, 0.0, 0.0, 0.0, 2.0, 0.0, 4.0, 4.0, 2.0, 0.0]"
9,401,1446.142709425939,1337.4097094259391,1087.3300000000002,"[2.0, 0.0, 2.0, 0.0, 0.0, 0.0, 0.0, 0.0, 0.0, 2.0, 0.0, 2.0, 4.0, 0.0, 0.0]"
9,402,1463.064536227775,1334.8605362277751,1282.0400000000002,"[2.0, 0.0, 2.0, 0.0, 0.0, 0.0, 0.0, 0.0, 0.0, 0.0, 0.0, 0.0, 4.0, 2.0, 2.0]"
9,403,1539.4687846702031,1295.243784670203,2442.25,"[2.0, 4.0, 2.0, 0.0, 0.0, 0.0, 0.0, 0.0, 0.0, 2.0, 0.0, 4.0, 4.0, 2.0, 2.0]"
9,404,1471.2180315853411,1295.7460315853411,1754.7200000000003,"[2.0, 0.0, 2.0, 0.0, 2.0, 0.0, 0.0, 0.0, 0.0, 0.0, 0.0, 2.0, 4.0, 2.0, 0.0]"
9,405,1579.6372888726917,1415.5212888726917,1641.1600000000003,"[2.0, 2.0, 2.0, 0.0, 0.0, 0.0, 0.0, 0.0, 0.0, 2.0, 4.0, 2.0, 0.0, 0.0, 0.0]"
9,406,1626.0363663069666,1381.5993663069664,2444.3700000000003,"[2.0, 2.0, 2.0, 0.0, 2.0, 0.0, 0.0, 4.0, 0.0, 0.0, 2.0, 0.0, 2.0, 0.0, 2.0]"
9,407,1484.6275557445429,1337.789555744543,1468.38,"[2.0, 0.0, 2.0, 2.0, 0.0, 0.0, 0.0, 0.0, 0.0, 0.0, 0.0, 0.0, 4.0, 2.0, 2.0]"
9,408,1547.905502277743,1336.012502277743,2118.9300000000003,"[2.0, 0.0, 2.0, 0.0, 0.0, 0.0, 0.0, 4.0, 0.0, 2.0, 0.0, 2.0, 4.0, 2.0, 2.0]"
9,409,1517.2640091510943,1325.8360091510942,1914.28,"[2.0, 4.0, 2.0, 0.0, 2.0, 0.0, 0.0, 0.0, 0.0, 2.0, 0.0, 0.0, 4.0, 0.0, 0.0]"
9,410,1475.1226010934495,1337.7196010934495,1374.0300000000002,"[4.0, 0.0, 2.0, 0.0, 0.0, 0.0, 0.0, 0.0, 0.0, 2.0, 0.0, 2.0, 4.0, 0.0, 0.0]"
9,411,1510.722772864403,1344.961772864403,1657.6100000000004,"[0.0, 0.0, 2.0, 4.0, 2.0, 0.0, 0.0, 0.0, 0.0, 0.0, 0.0, 2.0, 2.0, 2.0, 0.0]"
9,412,1541.4760696454964,1289.4200696454964,2520.5600000000004,"[0.0, 0.0, 4.0, 0.0, 2.0, 0.0, 0.0, 2.0, 0.0, 2.0, 0.0, 4.0, 4.0, 2.0, 4.0]"
9,413,1515.0986290897313,1310.4596290897312,2046.3900000000003,"[2.0, 0.0, 2.0, 0.0, 0.0, 0.0, 0.0, 0.0, 4.0, 2.0, 0.0, 4.0, 4.0, 2.0, 0.0]"
9,414,1454.1626209298558,1323.4546209298558,1307.0800000000002,"[0.0, 0.0, 2.0, 0.0, 0.0, 0.0, 0.0, 0.0, 0.0, 2.0, 0.0, 4.0, 4.0, 2.0, 0.0]"
9,415,1487.4842379274737,1289.7412379274738,1977.4300000000003,"[2.0, 0.0, 2.0, 0.0, 2.0, 0.0, 0.0, 0.0, 2.0, 2.0, 0.0, 2.0, 4.0, 2.0, 0.0]"
9,416,1557.4688998218335,1342.7688998218334,2147.0,"[2.0, 4.0, 2.0, 0.0, 0.0, 0.0, 0.0, 0.0, 0.0, 2.0, 2.0, 2.0, 2.0, 2.0, 0.0]"
9,417,1547.5420794881659,1330.1140794881658,2174.28,"[2.0, 2.0, 2.0, 0.0, 0.0, 2.0, 0.0, 0.0, 4.0, 2.0, 0.0, 2.0, 4.0, 0.0, 0.0]"
9,418,1479.309149244664,1345.215149244664,1340.9400000000003,"[2.0, 0.0, 2.0, 0.0, 2.0, 0.0, 0.0, 0.0, 0.0, 2.0, 0.0, 0.0, 2.0, 2.0, 0.0]"
9,419,1585.3786035512542,1330.5906035512542,2547.8800000000006,"[2.0, 0.0, 2.0, 2.0, 0.0, 0.0, 0.0, 4.0, 0.0, 2.0, 0.0, 4.0, 4.0, 2.0, 2.0]"
9,420,1448.71288174068,1339.97988174068,1087.3300000000002,"[2.0, 0.0, 2.0, 0.0, 0.0, 0.0, 0.0, 0.0, 0.0, 2.0, 0.0, 2.0, 4.0, 0.0, 0.0]"
9,421,1494.2626322183528,1336.7526322183528,1575.1000000000001,"[2.0, 0.0, 2.0, 0.0, 2.0, 0.0, 2.0, 0.0, 0.0, 2.0, 0.0, 0.0, 2.0, 2.0, 0.0]"
9,422,1554.530890913508,1333.838890913508,2206.92,"[2.0, 0.0, 2.0, 0.0, 0.0, 0.0, 0.0, 4.0, 0.0, 4.0, 0.0, 4.0, 4.0, 2.0, 0.0]"
9,423,1556.700827002511,1366.637827002511,1900.63,"[2.0, 0.0, 2.0, 0.0, 0.0, 4.0, 0.0, 0.0, 0.0, 0.0, 2.0, 0.0, 4.0, 0.0, 2.0]"
9,424,1573.5311022048552,1371.872102204855,2016.5900000000001,"[2.0, 0.0, 2.0, 0.0, 0.0, 2.0, 2.0, 2.0, 2.0, 2.0, 0.0, 0.0, 2.0, 2.0, 0.0]"
9,425,1472.3730408795482,1311.829040879548,1605.4400000000003,"[2.0, 0.0, 2.0, 0.0, 0.0, 0.0, 0.0, 0.0, 0.0, 2.0, 0.0, 4.0, 4.0, 2.0, 0.0]"
9,426,1560.4899202299969,1304.1949202299968,2562.9500000000003,"[2.0, 0.0, 2.0, 0.0, 2.0, 0.0, 0.0, 0.0, 0.0, 2.0, 4.0, 4.0, 4.0, 2.0, 0.0]"
9,427,1523.570241713742,1356.058241713742,1675.1200000000001,"[0.0, 0.0, 2.0, 0.0, 4.0, 0.0, 0.0, 0.0, 0.0, 2.0, 0.0, 2.0, 2.0, 2.0, 0.0]"
9,428,1485.9994594824445,1327.7784594824445,1582.21,"[2.0, 0.0, 2.0, 0.0, 2.0, 0.0, 0.0, 0.0, 0.0, 2.0, 0.0, 2.0, 2.0, 2.0, 0.0]"
9,429,1473.7725202802585,1333.9295202802584,1398.4300000000003,"[2.0, 0.0, 2.0, 0.0, 2.0, 0.0, 0.0, 0.0, 0.0, 2.0, 0.0, 0.0, 4.0, 0.0, 2.0]"
9,430,1549.0651271512452,1367.8981271512453,1811.67,"[0.0, 2.0, 2.0, 0.0, 2.0, 2.0, 2.0, 0.0, 0.0, 2.0, 0.0, 0.0, 2.0, 0.0, 2.0]"
9,431,1484.5699855424616,1326.3489855424616,1582.21,"[2.0, 0.0, 2.0, 0.0, 2.0, 0.0, 0.0, 0.0, 0.0, 2.0, 0.0, 2.0, 2.0, 2.0, 0.0]"
9,432,1522.2826926114158,1361.4626926114158,1608.2,"[0.0, 0.0, 2.0, 0.0, 2.0, 0.0, 0.0, 0.0, 0.0, 4.0, 4.0, 0.0, 2.0, 2.0, 0.0]"
9,433,1502.4433718265377,1319.9613718265377,1824.8200000000002,"[2.0, 0.0, 2.0, 0.0, 2.0, 0.0, 0.0, 0.0, 0.0, 2.0, 0.0, 4.0, 2.0, 2.0, 0.0]"
9,434,1544.5517415775835,1305.6917415775833,2388.6,"[2.0, 0.0, 2.0, 0.0, 4.0, 0.0, 0.0, 0.0, 0.0, 2.0, 0.0, 4.0, 4.0, 2.0, 0.0]"
9,435,1537.0122626186958,1328.1192626186958,2088.9300000000003,"[2.0, 0.0, 2.0, 0.0, 0.0, 0.0, 0.0, 0.0, 0.0, 2.0, 4.0, 2.0, 4.0, 2.0, 2.0]"
9,436,1718.1514272410723,1411.2514272410722,3069.0,"[4.0, 0.0, 2.0, 2.0, 0.0, 4.0, 0.0, 2.0, 0.0, 0.0, 4.0, 0.0, 2.0, 2.0, 2.0]"
9,437,1501.6822258221287,1365.8722258221287,1358.1000000000001,"[2.0, 0.0, 2.0, 2.0, 0.0, 0.0, 0.0, 0.0, 2.0, 2.0, 0.0, 0.0, 2.0, 2.0, 0.0]"
9,438,1456.9893105522144,1332.2083105522145,1247.8100000000002,"[2.0, 0.0, 2.0, 0.0, 0.0, 0.0, 0.0, 0.0, 0.0, 4.0, 0.0, 2.0, 4.0, 0.0, 2.0]"
9,439,1622.3512531886465,1360.9012531886465,2614.5,"[0.0, 0.0, 2.0, 4.0, 4.0, 0.0, 0.0, 0.0, 0.0, 2.0, 4.0, 2.0, 2.0, 2.0, 0.0]"
9,440,1503.4813085224855,1345.4493085224856,1580.3200000000002,"[2.0, 0.0, 2.0, 0.0, 0.0, 0.0, 0.0, 0.0, 2.0, 2.0, 0.0, 2.0, 2.0, 2.0, 2.0]"
9,441,1512.4248231244305,1361.1108231244305,1513.1400000000003,"[2.0, 0.0, 0.0, 0.0, 2.0, 0.0, 2.0, 0.0, 0.0, 2.0, 0.0, 2.0, 4.0, 0.0, 0.0]"
9,442,1487.248599659802,1345.689599659802,1415.5900000000001,"[2.0, 0.0, 2.0, 2.0, 0.0, 0.0, 0.0, 0.0, 2.0, 2.0, 0.0, 0.0, 4.0, 0.0, 2.0]"
9,443,1568.4996839974085,1372.6236839974085,1958.7600000000002,"[0.0, 0.0, 2.0, 0.0, 0.0, 0.0, 0.0, 4.0, 2.0, 0.0, 0.0, 4.0, 2.0, 2.0, 0.0]"
9,444,1468.8998929880333,1317.5548929880333,1513.45,"[2.0, 0.0, 2.0, 0.0, 2.0, 0.0, 0.0, 0.0, 0.0, 4.0, 0.0, 0.0, 4.0, 2.0, 0.0]"
9,445,1551.4528833677562,1395.909883367756,1555.4300000000003,"[2.0, 0.0, 2.0, 2.0, 0.0, 0.0, 2.0, 0.0, 2.0, 2.0, 0.0, 2.0, 0.0, 0.0, 2.0]"
9,446,1465.4550485977525,1341.6600485977524,1237.95,"[2.0, 0.0, 2.0, 0.0, 2.0, 0.0, 0.0, 0.0, 0.0, 2.0, 0.0, 0.0, 4.0, 0.0, 0.0]"
9,447,1469.44155007492,1321.51955007492,1479.2200000000003,"[2.0, 0.0, 2.0, 0.0, 2.0, 0.0, 0.0, 0.0, 0.0, 2.0, 0.0, 2.0, 4.0, 0.0, 0.0]"
9,448,1540.4692412585289,1314.7242412585288,2257.4500000000003,"[4.0, 0.0, 2.0, 4.0, 0.0, 0.0, 2.0, 0.0, 0.0, 2.0, 0.0, 2.0, 4.0, 2.0, 0.0]"
9,449,1469.8193621545004,1333.0993621545003,1367.2,"[0.0, 0.0, 2.0, 2.0, 2.0, 0.0, 0.0, 0.0, 0.0, 0.0, 0.0, 2.0, 4.0, 0.0, 0.0]"
9,450,1500.1827687028,1335.4637687028,1647.1900000000003,"[2.0, 0.0, 2.0, 0.0, 0.0, 0.0, 2.0, 0.0, 2.0, 0.0, 0.0, 2.0, 2.0, 2.0, 0.0]"
10,451,1447.5761982018469,1338.843198201847,1087.3300000000002,"[2.0, 0.0, 2.0, 0.0, 0.0, 0.0, 0.0, 0.0, 0.0, 2.0, 0.0, 2.0, 4.0, 0.0, 0.0]"
10,452,1446.409494411145,1337.676494411145,1087.3300000000002,"[2.0, 0.0, 2.0, 0.0, 0.0, 0.0, 0.0, 0.0, 0.0, 2.0, 0.0, 2.0, 4.0, 0.0, 0.0]"
10,453,1527.8733239385288,1351.0093239385287,1768.6400000000003,"[2.0, 0.0, 2.0, 2.0, 0.0, 0.0, 0.0, 2.0, 0.0, 0.0, 0.0, 0.0, 4.0, 2.0, 2.0]"
10,454,1523.2784513647039,1355.766451364704,1675.1200000000001,"[0.0, 0.0, 2.0, 0.0, 4.0, 0.0, 0.0, 0.0, 0.0, 2.0, 0.0, 2.0, 2.0, 2.0, 0.0]"
10,455,1550.2629725242464,1336.2129725242464,2140.5,"[0.0, 0.0, 2.0, 0.0, 4.0, 0.0, 0.0, 0.0, 0.0, 4.0, 0.0, 4.0, 4.0, 0.0, 4.0]"
10,456,1492.4252917451254,1298.3192917451254,1941.0600000000004,"[2.0, 0.0, 2.0, 2.0, 2.0, 0.0, 0.0, 0.0, 0.0, 0.0, 0.0, 2.0, 4.0, 2.0, 0.0]"
10,457,1549.1980920410601,1343.2940920410601,2059.0400000000004,"[0.0, 0.0, 2.0, 2.0, 0.0, 0.0, 0.0, 0.0, 0.0, 2.0, 4.0, 4.0, 4.0, 2.0, 0.0]"
10,458,1523.5050917522224,1383.5430917522224,1399.6200000000001,"[0.0, 0.0, 2.0, 0.0, 4.0, 0.0, 0.0, 0.0, 0.0, 0.0, 0.0, 2.0, 2.0, 0.0, 0.0]"
10,459,1457.3193890407629,1321.036389040763,1362.8300000000002,"[2.0, 0.0, 2.0, 0.0, 0.0, 0.0, 0.0, 0.0, 0.0, 2.0, 0.0, 2.0, 4.0, 2.0, 0.0]"
10,460,1595.6496975764817,1399.2066975764817,1964.43,"[4.0, 0.0, 2.0, 0.0, 0.0, 0.0, 0.0, 4.0, 0.0, 4.0, 0.0, 2.0, 2.0, 0.0, 2.0]"
10,461,1501.5236746314597,1374.9516746314596,1265.7200000000003,"[0.0, 0.0, 2.0, 4.0, 0.0, 0.0, 0.0, 0.0, 0.0, 2.0, 0.0, 2.0, 2.0, 2.0, 0.0]"
10,462,1536.2053664729585,1383.5233664729585,1526.8200000000002,"[2.0, 0.0, 2.0, 0.0, 2.0, 0.0, 0.0, 0.0, 2.0, 2.0, 0.0, 2.0, 0.0, 0.0, 2.0]"
10,463,1466.8817104501184,1375.3997104501184,914.8200000000002,"[2.0, 0.0, 2.0, 0.0, 0.0, 0.0, 0.0, 0.0, 0.0, 2.0, 0.0, 2.0, 2.0, 0.0, 0.0]"
10,464,1470.9912549099008,1295.5192549099008,1754.7200000000003,"[2.0, 0.0, 2.0, 0.0, 2.0, 0.0, 0.0, 0.0, 0.0, 2.0, 0.0, 2.0, 4.0, 2.0, 0.0]"
10,465,1463.3989937227905,1350.8059937227904,1125.93,"[0.0, 0.0, 2.0, 2.0, 2.0, 0.0, 0.0, 0.0, 0.0, 0.0, 0.0, 0.0, 4.0, 0.0, 0.0]"
10,466,1550.2016163471076,1339.2386163471076,2109.6300000000006,"[4.0, 0.0, 2.0, 0.0, 0.0, 0.0, 0.0, 0.0, 2.0, 2.0, 0.0, 4.0, 2.0, 2.0, 2.0]"
10,467,1463.9091844689685,1340.1141844689685,1237.95,"[2.0, 0.0, 2.0, 0.0, 2.0, 0.0, 0.0, 0.0, 0.0, 2.0, 0.0, 0.0, 4.0, 0.0, 0.0]"
10,468,1466.1497239298587,1313.8187239298586,1523.3100000000002,"[2.0, 0.0, 2.0, 0.0, 0.0, 0.0, 0.0, 0.0, 0.0, 0.0, 0.0, 2.0, 4.0, 2.0, 2.0]"
10,469,1473.9475725163015,1334.1045725163015,1398.4300000000003,"[2.0, 0.0, 2.0, 0.0, 2.0, 0.0, 0.0, 0.0, 0.0, 2.0, 0.0, 0.0, 4.0, 0.0, 2.0]"
10,470,1608.2159732766477,1311.8159732766476,2964.0,"[2.0, 4.0, 2.0, 0.0, 2.0, 4.0, 0.0, 0.0, 0.0, 0.0, 0.0, 0.0, 4.0, 2.0, 2.0]"
10,471,1483.7929947357766,1314.9339947357767,1688.5900000000001,"[2.0, 0.0, 2.0, 0.0, 0.0, 0.0, 0.0, 0.0, 0.0, 0.0, 0.0, 2.0, 4.0, 2.0, 4.0]"
10,472,1515.245183640413,1311.3371836404128,2039.0800000000004,"[2.0, 0.0, 2.0, 0.0, 2.0, 0.0, 2.0, 0.0, 2.0, 0.0, 0.0, 2.0, 2.0, 2.0, 0.0]"
10,473,1519.3349053712066,1300.2179053712066,2191.17,"[0.0, 0.0, 2.0, 2.0, 2.0, 0.0, 0.0, 0.0, 2.0, 2.0, 0.0, 2.0, 4.0, 2.0, 4.0]"
10,474,1509.4985440443886,1371.2875440443886,1382.1100000000001,"[0.0, 0.0, 2.0, 4.0, 2.0, 0.0, 0.0, 0.0, 0.0, 0.0, 0.0, 2.0, 2.0, 0.0, 0.0]"
10,475,1477.2804186423177,1296.7544186423177,1805.2600000000002,"[2.0, 0.0, 4.0, 0.0, 0.0, 0.0, 0.0, 0.0, 0.0, 2.0, 0.0, 4.0, 4.0, 2.0, 0.0]"
10,476,1483.0354451756605,1357.9394451756605,1250.96,"[0.0, 0.0, 2.0, 0.0, 2.0, 0.0, 0.0, 0.0, 0.0, 2.0, 0.0, 4.0, 2.0, 0.0, 0.0]"
10,477,1480.6805531708105,1294.7355531708106,1859.45,"[0.0, 0.0, 2.0, 0.0, 2.0, 0.0, 0.0, 0.0, 0.0, 2.0, 0.0, 4.0, 4.0, 2.0, 2.0]"
10,478,1522.0971571668658,1354.3741571668659,1677.23,"[4.0, 0.0, 2.0, 0.0, 0.0, 0.0, 0.0, 2.0, 0.0, 2.0, 0.0, 2.0, 4.0, 0.0, 0.0]"
10,479,1539.5598455152865,1330.6668455152865,2088.9300000000003,"[2.0, 0.0, 2.0, 0.0, 0.0, 0.0, 0.0, 0.0, 0.0, 2.0, 4.0, 2.0, 4.0, 2.0, 2.0]"
10,480,1447.4827367461828,1338.7497367461829,1087.3300000000002,"[2.0, 0.0, 2.0, 0.0, 0.0, 0.0, 0.0, 0.0, 0.0, 2.0, 0.0, 2.0, 4.0, 0.0, 0.0]"
10,481,1496.3017396234054,1317.1237396234055,1791.78,"[2.0, 0.0, 2.0, 2.0, 0.0, 0.0, 0.0, 0.0, 0.0, 2.0, 0.0, 4.0, 4.0, 2.0, 0.0]"
10,482,1464.664553226819,1336.460553226819,1282.0400000000002,"[2.0, 0.0, 2.0, 0.0, 0.0, 0.0, 0.0, 0.0, 0.0, 0.0, 0.0, 0.0, 4.0, 2.0, 2.0]"
10,483,1466.5250810537186,1333.5310810537185,1329.9400000000003,"[2.0, 0.0, 2.0, 0.0, 0.0, 0.0, 0.0, 0.0, 0.0, 2.0, 0.0, 4.0, 4.0, 0.0, 0.0]"
10,484,1469.549041508899,1309.850041508899,1596.9900000000002,"[2.0, 0.0, 2.0, 0.0, 0.0, 0.0, 2.0, 0.0, 0.0, 2.0, 0.0, 2.0, 4.0, 2.0, 0.0]"
10,485,1544.3304923674941,1305.470492367494,2388.6,"[2.0, 0.0, 2.0, 0.0, 4.0, 0.0, 0.0, 0.0, 0.0, 0.0, 0.0, 4.0, 4.0, 2.0, 0.0]"
10,486,1500.2645845618015,1364.9735845618015,1352.91,"[0.0, 0.0, 2.0, 0.0, 2.0, 2.0, 0.0, 0.0, 0.0, 2.0, 0.0, 0.0, 2.0, 2.0, 0.0]"
10,487,1574.9449137512147,1299.7799137512147,2751.65,"[2.0, 0.0, 2.0, 0.0, 2.0, 4.0, 0.0, 0.0, 2.0, 2.0, 0.0, 2.0, 4.0, 2.0, 2.0]"
10,488,1488.5307751007272,1290.787775100727,1977.4300000000003,"[2.0, 0.0, 2.0, 0.0, 2.0, 0.0, 0.0, 0.0, 2.0, 4.0, 0.0, 2.0, 4.0, 2.0, 0.0]"
10,489,1484.8767005709196,1308.2847005709195,1765.92,"[2.0, 0.0, 2.0, 0.0, 0.0, 0.0, 0.0, 0.0, 0.0, 2.0, 0.0, 4.0, 4.0, 2.0, 2.0]"
10,490,1463.8321964159159,1332.3801964159159,1314.5200000000002,"[0.0, 0.0, 2.0, 0.0, 0.0, 0.0, 0.0, 0.0, 2.0, 0.0, 0.0, 0.0, 4.0, 4.0, 0.0]"
10,491,1506.344827687448,1352.229827687448,1541.15,"[2.0, 0.0, 2.0, 0.0, 2.0, 0.0, 0.0, 2.0, 0.0, 2.0, 0.0, 0.0, 4.0, 0.0, 0.0]"
10,492,1522.6245016705477,1370.0855016705477,1525.3900000000003,"[2.0, 0.0, 2.0, 2.0, 0.0, 0.0, 0.0, 0.0, 2.0, 2.0, 0.0, 0.0, 2.0, 2.0, 2.0]"
10,493,1473.4086334420122,1354.1206334420121,1192.88,"[2.0, 0.0, 2.0, 2.0, 0.0, 0.0, 0.0, 0.0, 0.0, 0.0, 0.0, 0.0, 4.0, 0.0, 2.0]"
10,494,1478.290566557324,1314.320566557324,1639.7,"[2.0, 0.0, 2.0, 0.0, 2.0, 0.0, 0.0, 0.0, 0.0, 2.0, 0.0, 2.0, 4.0, 0.0, 2.0]"
10,495,1427.4224844784642,1348.5254844784643,788.9700000000001,"[0.0, 0.0, 2.0, 0.0, 0.0, 0.0, 0.0, 0.0, 0.0, 2.0, 0.0, 2.0, 4.0, 0.0, 0.0]"
10,496,1491.3503570618723,1291.6173570618723,1997.3300000000004,"[2.0, 0.0, 2.0, 0.0, 2.0, 0.0, 0.0, 0.0, 0.0, 2.0, 0.0, 4.0, 4.0, 2.0, 0.0]"
10,497,1564.5578524427526,1355.2678524427527,2092.9,"[2.0, 0.0, 2.0, 2.0, 2.0, 0.0, 0.0, 0.0, 0.0, 4.0, 4.0, 0.0, 2.0, 2.0, 0.0]"
10,498,1506.1528208689317,1338.4918208689317,1676.6100000000004,"[2.0, 2.0, 2.0, 0.0, 2.0, 0.0, 0.0, 0.0, 0.0, 2.0, 0.0, 0.0, 2.0, 2.0, 0.0]"
10,499,1469.240891548212,1317.895891548212,1513.45,"[2.0, 0.0, 2.0, 0.0, 2.0, 0.0, 0.0, 0.0, 0.0, 4.0, 0.0, 0.0, 4.0, 2.0, 0.0]"
10,500,1468.5642258783032,1341.1972258783032,1273.67,"[2.0, 0.0, 2.0, 2.0, 0.0, 0.0, 0.0, 0.0, 0.0, 2.0, 0.0, 2.0, 4.0, 0.0, 0.0]"
11,501,1426.3408358106192,1347.4438358106192,788.9700000000001,"[0.0, 0.0, 2.0, 0.0, 0.0, 0.0, 0.0, 0.0, 0.0, 2.0, 0.0, 2.0, 4.0, 0.0, 0.0]"
11,502,1447.239662076786,1338.5066620767861,1087.3300000000002,"[2.0, 0.0, 2.0, 0.0, 0.0, 0.0, 0.0, 0.0, 0.0, 2.0, 0.0, 2.0, 4.0, 0.0, 0.0]"
11,503,1455.3557584286725,1323.2177584286726,1321.38,"[2.0, 0.0, 4.0, 0.0, 0.0, 0.0, 0.0, 0.0, 0.0, 2.0, 0.0, 0.0, 4.0, 2.0, 0.0]"
11,504,1498.4276147678727,1310.1966147678727,1882.3100000000004,"[2.0, 0.0, 2.0, 0.0, 2.0, 0.0, 0.0, 0.0, 0.0, 2.0, 0.0, 4.0, 4.0, 0.0, 2.0]"
11,505,1583.9141310104671,1375.9531310104671,2079.61,"[2.0, 0.0, 2.0, 0.0, 0.0, 0.0, 4.0, 0.0, 0.0, 0.0, 0.0, 4.0, 0.0, 2.0, 4.0]"
11,506,1494.9150852485573,1359.1540852485573,1357.6100000000001,"[2.0, 0.0, 2.0, 0.0, 0.0, 0.0, 0.0, 0.0, 0.0, 2.0, 0.0, 2.0, 2.0, 2.0, 2.0]"
11,507,1453.221614432948,1341.065614432948,1121.5600000000002,"[2.0, 0.0, 2.0, 0.0, 0.0, 0.0, 0.0, 0.0, 0.0, 0.0, 0.0, 0.0, 4.0, 2.0, 0.0]"
11,508,1531.8193901036605,1320.7713901036605,2110.4800000000005,"[2.0, 4.0, 2.0, 2.0, 0.0, 0.0, 0.0, 0.0, 0.0, 2.0, 0.0, 2.0, 4.0, 0.0, 2.0]"
11,509,1567.1425077436988,1339.8965077436987,2272.4600000000005,"[0.0, 0.0, 2.0, 4.0, 0.0, 0.0, 0.0, 0.0, 0.0, 0.0, 4.0, 2.0, 4.0, 4.0, 0.0]"
11,510,1531.2282417228603,1417.9612417228602,1132.67,"[0.0, 0.0, 0.0, 0.0, 0.0, 0.0, 0.0, 0.0, 4.0, 2.0, 0.0, 2.0, 2.0, 2.0, 0.0]"
11,511,1568.9806067379334,1386.7966067379334,1821.8400000000001,"[4.0, 0.0, 2.0, 0.0, 2.0, 0.0, 4.0, 0.0, 0.0, 2.0, 0.0, 0.0, 0.0, 0.0, 2.0]"
11,512,1504.640618075802,1296.8666180758019,2077.7400000000002,"[2.0, 0.0, 2.0, 0.0, 0.0, 0.0, 4.0, 0.0, 0.0, 2.0, 0.0, 4.0, 4.0, 2.0, 0.0]"
11,513,1468.2087006844047,1320.2867006844047,1479.2200000000003,"[2.0, 0.0, 2.0, 0.0, 2.0, 0.0, 0.0, 0.0, 0.0, 2.0, 0.0, 2.0, 4.0, 0.0, 0.0]"
11,514,1451.6133091096845,1354.0823091096845,975.3100000000001,"[0.0, 0.0, 2.0, 2.0, 0.0, 0.0, 0.0, 0.0, 0.0, 2.0, 0.0, 2.0, 4.0, 0.0, 0.0]"
11,515,1478.561484691398,1335.146484691398,1434.15,"[2.0, 0.0, 2.0, 2.0, 0.0, 0.0, 0.0, 0.0, 0.0, 0.0, 0.0, 2.0, 4.0, 0.0, 2.0]"
11,516,1548.652363702624,1333.458363702624,2151.94,"[4.0, 0.0, 2.0, 2.0, 2.0, 0.0, 0.0, 0.0, 4.0, 0.0, 0.0, 0.0, 4.0, 0.0, 0.0]"
11,517,1471.4551864571522,1344.0881864571522,1273.67,"[2.0, 0.0, 2.0, 2.0, 0.0, 0.0, 0.0, 0.0, 0.0, 2.0, 0.0, 2.0, 4.0, 0.0, 0.0]"
11,518,1528.1312306197233,1321.5132306197233,2066.1800000000003,"[2.0, 0.0, 2.0, 0.0, 0.0, 0.0, 0.0, 2.0, 0.0, 2.0, 0.0, 4.0, 4.0, 2.0, 2.0]"
11,519,1427.6712856564266,1348.7742856564266,788.9700000000001,"[0.0, 0.0, 2.0, 0.0, 0.0, 0.0, 0.0, 0.0, 0.0, 2.0, 0.0, 2.0, 4.0, 0.0, 0.0]"
11,520,1448.833396889681,1340.100396889681,1087.3300000000002,"[2.0, 0.0, 2.0, 0.0, 0.0, 0.0, 0.0, 0.0, 0.0, 2.0, 0.0, 2.0, 4.0, 0.0, 0.0]"
11,521,1477.4753297896036,1322.5583297896037,1549.17,"[2.0, 0.0, 2.0, 2.0, 0.0, 0.0, 0.0, 0.0, 0.0, 0.0, 0.0, 2.0, 4.0, 2.0, 0.0]"
11,522,1459.3830974992406,1317.8810974992407,1415.0200000000002,"[0.0, 0.0, 2.0, 0.0, 2.0, 0.0, 2.0, 0.0, 0.0, 2.0, 0.0, 2.0, 4.0, 0.0, 0.0]"
11,523,1494.8913161901678,1335.0683161901677,1598.2300000000002,"[0.0, 0.0, 2.0, 2.0, 2.0, 0.0, 4.0, 0.0, 0.0, 0.0, 0.0, 0.0, 4.0, 0.0, 0.0]"
11,524,1563.3996866838088,1335.2246866838088,2281.75,"[0.0, 0.0, 2.0, 2.0, 0.0, 0.0, 0.0, 0.0, 2.0, 2.0, 4.0, 4.0, 4.0, 2.0, 0.0]"
11,525,1477.2775741734324,1296.7515741734323,1805.2600000000002,"[2.0, 0.0, 4.0, 0.0, 0.0, 0.0, 0.0, 0.0, 0.0, 2.0, 0.0, 4.0, 4.0, 2.0, 0.0]"
11,526,1510.7726114283398,1381.9146114283399,1288.5800000000002,"[2.0, 0.0, 2.0, 4.0, 0.0, 0.0, 0.0, 0.0, 0.0, 2.0, 0.0, 2.0, 2.0, 0.0, 0.0]"
11,527,1492.9183854409232,1346.8093854409233,1461.0900000000001,"[2.0, 0.0, 2.0, 4.0, 0.0, 0.0, 0.0, 0.0, 0.0, 2.0, 0.0, 2.0, 4.0, 0.0, 0.0]"
11,528,1442.4351060891402,1341.26710608914,1011.6800000000002,"[0.0, 0.0, 2.0, 0.0, 0.0, 0.0, 0.0, 0.0, 2.0, 2.0, 0.0, 2.0, 4.0, 0.0, 0.0]"
11,529,1584.557936407993,1323.236936407993,2613.2100000000005,"[2.0, 0.0, 2.0, 0.0, 2.0, 0.0, 0.0, 0.0, 0.0, 2.0, 4.0, 4.0, 4.0, 0.0, 4.0]"
11,530,1564.5331691771946,1358.0821691771946,2064.51,"[0.0, 0.0, 2.0, 4.0, 2.0, 2.0, 0.0, 0.0, 0.0, 2.0, 2.0, 0.0, 4.0, 0.0, 2.0]"
11,531,1478.541177216215,1332.818177216215,1457.2300000000002,"[2.0, 2.0, 2.0, 0.0, 0.0, 0.0, 0.0, 0.0, 0.0, 0.0, 0.0, 0.0, 4.0, 2.0, 0.0]"
11,532,1462.6914245676562,1334.4874245676563,1282.0400000000002,"[2.0, 0.0, 2.0, 0.0, 0.0, 0.0, 0.0, 0.0, 0.0, 0.0, 0.0, 0.0, 4.0, 2.0, 2.0]"
11,533,1507.2843985502845,1339.8443985502845,1674.4,"[0.0, 0.0, 2.0, 2.0, 2.0, 0.0, 0.0, 0.0, 2.0, 0.0, 0.0, 0.0, 4.0, 0.0, 4.0]"
11,534,1472.756869014113,1308.486869014113,1642.7,"[0.0, 0.0, 2.0, 2.0, 2.0, 0.0, 0.0, 0.0, 0.0, 2.0, 0.0, 2.0, 4.0, 2.0, 0.0]"
11,535,1484.690806577029,1337.852806577029,1468.38,"[2.0, 0.0, 2.0, 2.0, 0.0, 0.0, 0.0, 0.0, 0.0, 0.0, 0.0, 0.0, 4.0, 2.0, 2.0]"
11,536,1471.180615104272,1295.708615104272,1754.7200000000003,"[2.0, 0.0, 2.0, 0.0, 2.0, 0.0, 0.0, 0.0, 0.0, 2.0, 0.0, 2.0, 4.0, 2.0, 0.0]"
11,537,1468.4192202198958,1341.0522202198958,1273.67,"[2.0, 0.0, 2.0, 2.0, 0.0, 0.0, 0.0, 0.0, 0.0, 2.0, 0.0, 2.0, 4.0, 0.0, 0.0]"
11,538,1560.045471755416,1372.5304717554159,1875.15,"[2.0, 0.0, 2.0, 2.0, 0.0, 0.0, 0.0, 4.0, 0.0, 2.0, 0.0, 2.0, 4.0, 0.0, 0.0]"
11,539,1495.5501157233978,1349.4411157233978,1461.0900000000001,"[2.0, 0.0, 2.0, 4.0, 0.0, 0.0, 0.0, 0.0, 0.0, 2.0, 0.0, 2.0, 4.0, 0.0, 0.0]"
11,540,1466.4399253994288,1344.647925399429,1217.92,"[0.0, 0.0, 2.0, 2.0, 0.0, 0.0, 0.0, 0.0, 0.0, 2.0, 0.0, 4.0, 4.0, 0.0, 0.0]"
11,541,1493.7627324046327,1275.3817324046327,2183.8100000000004,"[2.0, 0.0, 2.0, 0.0, 2.0, 0.0, 0.0, 0.0, 0.0, 2.0, 0.0, 2.0, 4.0, 4.0, 2.0]"
11,542,1578.075095252556,1287.121095252556,2909.5400000000004,"[0.0, 4.0, 2.0, 4.0, 2.0, 0.0, 0.0, 0.0, 0.0, 2.0, 0.0, 4.0, 4.0, 2.0, 2.0]"
11,543,1500.3214206231903,1303.4754206231903,1968.4600000000003,"[0.0, 0.0, 2.0, 2.0, 2.0, 0.0, 0.0, 0.0, 0.0, 0.0, 0.0, 2.0, 4.0, 2.0, 4.0]"
11,544,1457.1532394953729,1349.131239495373,1080.22,"[2.0, 0.0, 2.0, 0.0, 0.0, 0.0, 2.0, 0.0, 0.0, 2.0, 0.0, 0.0, 4.0, 0.0, 0.0]"
11,545,1545.094940314221,1349.518940314221,1955.7600000000002,"[2.0, 0.0, 4.0, 0.0, 0.0, 0.0, 0.0, 0.0, 0.0, 2.0, 4.0, 2.0, 2.0, 2.0, 0.0]"
11,546,1490.6596431521828,1333.2976431521827,1573.6200000000001,"[2.0, 2.0, 2.0, 0.0, 2.0, 0.0, 0.0, 0.0, 0.0, 2.0, 0.0, 0.0, 4.0, 0.0, 0.0]"
11,547,1607.8186380165625,1316.9016380165624,2909.17,"[2.0, 0.0, 2.0, 0.0, 2.0, 0.0, 2.0, 4.0, 2.0, 0.0, 0.0, 2.0, 2.0, 4.0, 0.0]"
11,548,1467.6116266450697,1295.4956266450697,1721.1600000000003,"[0.0, 0.0, 4.0, 0.0, 0.0, 0.0, 2.0, 0.0, 2.0, 0.0, 0.0, 2.0, 4.0, 2.0, 0.0]"
11,549,1526.0878088720617,1340.8398088720617,1852.48,"[0.0, 0.0, 2.0, 0.0, 4.0, 0.0, 0.0, 0.0, 0.0, 2.0, 2.0, 2.0, 4.0, 0.0, 0.0]"
11,550,1427.6841448532834,1348.7871448532835,788.9700000000001,"[0.0, 0.0, 2.0, 0.0, 0.0, 0.0, 0.0, 0.0, 0.0, 2.0, 0.0, 2.0, 4.0, 0.0, 0.0]"
12,551,1428.9517162933862,1350.0547162933863,788.9700000000001,"[0.0, 0.0, 2.0, 0.0, 0.0, 0.0, 0.0, 0.0, 0.0, 2.0, 0.0, 2.0, 4.0, 0.0, 0.0]"
12,552,1426.111379733506,1347.2143797335061,788.9700000000001,"[0.0, 0.0, 2.0, 0.0, 0.0, 0.0, 0.0, 0.0, 0.0, 2.0, 0.0, 2.0, 4.0, 0.0, 0.0]"
12,553,1522.364936990018,1363.507936990018,1588.5700000000002,"[0.0, 0.0, 2.0, 0.0, 2.0, 0.0, 0.0, 0.0, 0.0, 2.0, 0.0, 4.0, 2.0, 0.0, 4.0]"
12,554,1494.3499529449878,1333.4159529449878,1609.3400000000001,"[2.0, 2.0, 2.0, 2.0, 0.0, 0.0, 0.0, 0.0, 0.0, 2.0, 0.0, 2.0, 4.0, 0.0, 0.0]"
12,555,1526.825890666127,1342.0598906661269,1847.6600000000003,"[2.0, 0.0, 2.0, 0.0, 0.0, 0.0, 0.0, 0.0, 0.0, 0.0, 4.0, 0.0, 4.0, 2.0, 2.0]"
12,556,1464.3763533938118,1336.1723533938118,1282.0400000000002,"[2.0, 0.0, 2.0, 0.0, 0.0, 0.0, 0.0, 0.0, 0.0, 0.0, 0.0, 0.0, 4.0, 2.0, 2.0]"
12,557,1470.786075438845,1295.314075438845,1754.7200000000003,"[2.0, 0.0, 2.0, 0.0, 2.0, 0.0, 0.0, 0.0, 0.0, 2.0, 0.0, 2.0, 4.0, 2.0, 0.0]"
12,558,1536.3868476240611,1331.985847624061,2044.0100000000002,"[2.0, 4.0, 2.0, 0.0, 0.0, 0.0, 0.0, 0.0, 0.0, 2.0, 2.0, 2.0, 4.0, 0.0, 0.0]"
12,559,1492.8653733927306,1346.7563733927307,1461.0900000000001,"[2.0, 0.0, 2.0, 4.0, 0.0, 0.0, 0.0, 0.0, 0.0, 2.0, 0.0, 2.0, 4.0, 0.0, 0.0]"
12,560,1480.4026636630556,1325.4856636630554,1549.17,"[2.0, 0.0, 2.0, 2.0, 0.0, 0.0, 0.0, 0.0, 0.0, 0.0, 0.0, 2.0, 4.0, 2.0, 0.0]"
12,561,1608.176198185978,1380.2271981859778,2279.4900000000002,"[2.0, 0.0, 2.0, 0.0, 0.0, 2.0, 0.0, 4.0, 0.0, 2.0, 2.0, 2.0, 4.0, 0.0, 0.0]"
12,562,1458.0297929651904,1316.5277929651904,1415.0200000000002,"[0.0, 0.0, 2.0, 0.0, 2.0, 0.0, 2.0, 0.0, 0.0, 0.0, 0.0, 2.0, 4.0, 0.0, 0.0]"
12,563,1457.9508136313934,1342.0638136313935,1158.8700000000001,"[0.0, 2.0, 2.0, 0.0, 0.0, 0.0, 0.0, 0.0, 0.0, 0.0, 0.0, 0.0, 4.0, 2.0, 0.0]"
12,564,1506.9600026729306,1383.1520026729306,1238.0800000000002,"[2.0, 0.0, 2.0, 0.0, 0.0, 0.0, 0.0, 0.0, 2.0, 2.0, 0.0, 2.0, 0.0, 2.0, 0.0]"
12,565,1470.8716448215805,1426.7206448215804,441.51000000000005,"[0.0, 0.0, 2.0, 0.0, 0.0, 0.0, 0.0, 0.0, 0.0, 2.0, 0.0, 2.0, 0.0, 0.0, 0.0]"
12,566,1448.6795605572768,1339.9465605572768,1087.3300000000002,"[2.0, 0.0, 2.0, 0.0, 0.0, 0.0, 0.0, 0.0, 0.0, 2.0, 0.0, 2.0, 4.0, 0.0, 0.0]"
12,567,1536.417514060697,1333.513514060697,2029.0400000000002,"[2.0, 2.0, 2.0, 0.0, 0.0, 0.0, 0.0, 2.0, 0.0, 0.0, 0.0, 0.0, 4.0, 4.0, 0.0]"
12,568,1452.7686801393163,1350.7686801393163,1020.0,"[0.0, 0.0, 2.0, 0.0, 0.0, 0.0, 4.0, 0.0, 0.0, 2.0, 0.0, 0.0, 4.0, 0.0, 0.0]"
12,569,1487.0816435282684,1345.4556435282684,1416.2600000000002,"[0.0, 0.0, 2.0, 2.0, 0.0, 0.0, 0.0, 0.0, 4.0, 2.0, 0.0, 2.0, 4.0, 0.0, 0.0]"
12,570,1567.292068150068,1343.274068150068,2240.1800000000003,"[0.0, 4.0, 2.0, 2.0, 2.0, 0.0, 0.0, 0.0, 0.0, 2.0, 0.0, 2.0, 0.0, 4.0, 0.0]"
12,571,1517.366771506084,1310.501771506084,2068.65,"[2.0, 0.0, 2.0, 2.0, 2.0, 0.0, 0.0, 0.0, 0.0, 2.0, 0.0, 4.0, 4.0, 0.0, 2.0]"
12,572,1461.8868401846826,1336.8058401846827,1250.8100000000002,"[0.0, 0.0, 2.0, 2.0, 0.0, 0.0, 0.0, 0.0, 0.0, 2.0, 0.0, 2.0, 4.0, 2.0, 0.0]"
12,573,1527.233339710497,1349.936339710497,1772.9700000000003,"[0.0, 2.0, 2.0, 2.0, 2.0, 0.0, 0.0, 0.0, 0.0, 2.0, 0.0, 4.0, 2.0, 0.0, 0.0]"
12,574,1459.5449601279793,1318.0429601279793,1415.0200000000002,"[0.0, 0.0, 2.0, 0.0, 2.0, 0.0, 2.0, 0.0, 0.0, 2.0, 0.0, 2.0, 4.0, 0.0, 0.0]"
12,575,1566.7330743065397,1378.5970743065398,1881.3600000000004,"[0.0, 0.0, 4.0, 0.0, 4.0, 0.0, 2.0, 0.0, 2.0, 0.0, 0.0, 2.0, 0.0, 0.0, 0.0]"
12,576,1459.009089751119,1333.928089751119,1250.8100000000002,"[0.0, 0.0, 2.0, 2.0, 0.0, 0.0, 0.0, 0.0, 0.0, 2.0, 0.0, 2.0, 4.0, 2.0, 0.0]"
12,577,1518.9163424313601,1408.90134243136,1100.15,"[0.0, 0.0, 2.0, 2.0, 0.0, 0.0, 4.0, 0.0, 0.0, 2.0, 0.0, 2.0, 0.0, 0.0, 0.0]"
12,578,1522.0688342713688,1327.0688342713688,1950.0,"[2.0, 4.0, 2.0, 2.0, 0.0, 0.0, 0.0, 0.0, 0.0, 2.0, 0.0, 2.0, 4.0, 0.0, 0.0]"
12,579,1543.312202218983,1347.736202218983,1955.7600000000002,"[2.0, 0.0, 4.0, 0.0, 0.0, 0.0, 0.0, 0.0, 0.0, 2.0, 4.0, 2.0, 2.0, 2.0, 0.0]"
12,580,1560.7276834858671,1394.413683485867,1663.1400000000003,"[2.0, 0.0, 0.0, 0.0, 4.0, 0.0, 2.0, 0.0, 0.0, 2.0, 0.0, 0.0, 4.0, 0.0, 0.0]"
12,581,1513.770769330445,1300.922769330445,2128.4800000000005,"[2.0, 0.0, 2.0, 4.0, 2.0, 0.0, 0.0, 0.0, 0.0, 2.0, 0.0, 2.0, 4.0, 2.0, 0.0]"
12,582,1451.8127239354485,1354.2817239354486,975.3100000000001,"[0.0, 0.0, 2.0, 2.0, 0.0, 0.0, 0.0, 0.0, 0.0, 2.0, 0.0, 2.0, 4.0, 0.0, 0.0]"
12,583,1534.7203000344261,1424.8643000344262,1098.5600000000002,"[2.0, 0.0, 2.0, 2.0, 0.0, 0.0, 0.0, 0.0, 0.0, 0.0, 0.0, 2.0, 0.0, 0.0, 2.0]"
12,584,1472.6803932129262,1308.4103932129262,1642.7,"[0.0, 0.0, 2.0, 2.0, 2.0, 0.0, 0.0, 0.0, 0.0, 2.0, 0.0, 2.0, 4.0, 2.0, 0.0]"
12,585,1494.3815523944515,1348.2725523944516,1461.0900000000001,"[2.0, 0.0, 2.0, 4.0, 0.0, 0.0, 0.0, 0.0, 0.0, 2.0, 0.0, 2.0, 4.0, 0.0, 0.0]"
12,586,1496.4161806584862,1336.4731806584862,1599.4300000000003,"[2.0, 0.0, 2.0, 2.0, 0.0, 0.0, 0.0, 0.0, 0.0, 2.0, 0.0, 2.0, 4.0, 0.0, 4.0]"
12,587,1429.5083281496782,1330.6293281496783,988.7900000000002,"[0.0, 0.0, 4.0, 0.0, 0.0, 0.0, 0.0, 0.0, 0.0, 2.0, 0.0, 2.0, 4.0, 0.0, 0.0]"
12,588,1524.8735269594445,1354.7665269594445,1701.0700000000002,"[2.0, 0.0, 2.0, 0.0, 0.0, 4.0, 0.0, 0.0, 0.0, 2.0, 0.0, 2.0, 4.0, 0.0, 0.0]"
12,589,1453.3059492215182,1287.6879492215182,1656.18,"[0.0, 0.0, 4.0, 0.0, 2.0, 0.0, 0.0, 0.0, 0.0, 2.0, 0.0, 2.0, 4.0, 2.0, 0.0]"
12,590,1554.5271311143506,1337.2221311143505,2173.05,"[2.0, 0.0, 2.0, 0.0, 0.0, 4.0, 2.0, 0.0, 0.0, 2.0, 0.0, 4.0, 4.0, 0.0, 0.0]"
12,591,1504.9886673145447,1317.4956673145448,1874.93,"[2.0, 0.0, 2.0, 2.0, 0.0, 0.0, 0.0, 0.0, 0.0, 2.0, 0.0, 2.0, 4.0, 2.0, 4.0]"
12,592,1447.4474419245098,1338.7144419245099,1087.3300000000002,"[2.0, 0.0, 2.0, 0.0, 0.0, 0.0, 0.0, 0.0, 0.0, 2.0, 0.0, 2.0, 4.0, 0.0, 0.0]"
12,593,1469.7352986755234,1425.5842986755233,441.51000000000005,"[0.0, 0.0, 2.0, 0.0, 0.0, 0.0, 0.0, 0.0, 0.0, 2.0, 0.0, 2.0, 0.0, 0.0, 0.0]"
12,594,1428.8600447108374,1349.9630447108375,788.9700000000001,"[0.0, 0.0, 2.0, 0.0, 0.0, 0.0, 0.0, 0.0, 0.0, 2.0, 0.0, 2.0, 4.0, 0.0, 0.0]"
12,595,1558.6446347438753,1323.3356347438753,2353.09,"[2.0, 0.0, 2.0, 0.0, 0.0, 0.0, 2.0, 4.0, 0.0, 2.0, 0.0, 2.0, 4.0, 2.0, 2.0]"
12,596,1502.4010548727397,1397.6700548727397,1047.3100000000002,"[2.0, 0.0, 2.0, 4.0, 0.0, 0.0, 0.0, 0.0, 0.0, 2.0, 0.0, 0.0, 2.0, 0.0, 0.0]"
12,597,1477.0704369026407,1341.0614369026407,1360.0900000000001,"[0.0, 0.0, 2.0, 2.0, 2.0, 0.0, 2.0, 0.0, 0.0, 0.0, 0.0, 0.0, 4.0, 0.0, 0.0]"
12,598,1570.6121887021663,1326.3621887021663,2442.5,"[0.0, 0.0, 2.0, 2.0, 2.0, 4.0, 4.0, 0.0, 0.0, 2.0, 0.0, 2.0, 4.0, 0.0, 0.0]"
12,599,1467.5123494258926,1340.1453494258926,1273.67,"[2.0, 0.0, 2.0, 2.0, 0.0, 0.0, 0.0, 0.0, 0.0, 2.0, 0.0, 2.0, 4.0, 0.0, 0.0]"
12,600,1457.1412289156626,1323.0072289156626,1341.3400000000001,"[0.0, 0.0, 2.0, 0.0, 2.0, 0.0, 0.0, 0.0, 0.0, 2.0, 0.0, 2.0, 4.0, 0.0, 2.0]"
13,601,1426.402416953546,1347.505416953546,788.9700000000001,"[0.0, 0.0, 2.0, 0.0, 0.0, 0.0, 0.0, 0.0, 0.0, 2.0, 0.0, 2.0, 4.0, 0.0, 0.0]"
13,602,1425.9994563606172,1347.1024563606172,788.9700000000001,"[0.0, 0.0, 2.0, 0.0, 0.0, 0.0, 0.0, 0.0, 0.0, 2.0, 0.0, 2.0, 4.0, 0.0, 0.0]"
13,603,1516.4930411444307,1350.1640411444307,1663.2900000000002,"[0.0, 0.0, 2.0, 2.0, 2.0, 0.0, 2.0, 2.0, 0.0, 2.0, 0.0, 0.0, 4.0, 0.0, 0.0]"
13,604,1516.7631946221754,1358.7511946221755,1580.1200000000001,"[0.0, 0.0, 2.0, 0.0, 2.0, 0.0, 2.0, 0.0, 0.0, 0.0, 0.0, 2.0, 2.0, 0.0, 4.0]"
13,605,1470.9814003401636,1313.4314003401637,1575.5,"[0.0, 0.0, 2.0, 0.0, 2.0, 0.0, 2.0, 0.0, 0.0, 2.0, 0.0, 2.0, 4.0, 0.0, 2.0]"
13,606,1426.5972834868887,1347.7002834868888,788.9700000000001,"[0.0, 0.0, 2.0, 0.0, 0.0, 0.0, 0.0, 0.0, 0.0, 2.0, 0.0, 2.0, 4.0, 0.0, 0.0]"
13,607,1500.8070578694799,1345.3660578694798,1554.41,"[0.0, 0.0, 4.0, 0.0, 0.0, 0.0, 0.0, 0.0, 0.0, 2.0, 4.0, 2.0, 4.0, 0.0, 0.0]"
13,608,1473.4888681300877,1357.2158681300878,1162.7300000000002,"[0.0, 0.0, 2.0, 4.0, 0.0, 0.0, 0.0, 0.0, 0.0, 2.0, 0.0, 2.0, 4.0, 0.0, 0.0]"
13,609,1471.8869844085368,1319.9449844085368,1519.42,"[0.0, 0.0, 2.0, 2.0, 0.0, 0.0, 0.0, 0.0, 0.0, 2.0, 0.0, 2.0, 4.0, 4.0, 0.0]"
13,610,1599.4759914156139,1332.5469914156138,2669.2900000000004,"[4.0, 0.0, 2.0, 2.0, 4.0, 0.0, 0.0, 0.0, 0.0, 2.0, 0.0, 2.0, 4.0, 0.0, 4.0]"
13,611,1481.75982292194,1337.93682292194,1438.2300000000002,"[0.0, 0.0, 2.0, 4.0, 0.0, 0.0, 0.0, 0.0, 0.0, 2.0, 0.0, 2.0, 4.0, 2.0, 0.0]"
13,612,1536.0933466288725,1331.6923466288724,2044.0100000000002,"[2.0, 4.0, 2.0, 0.0, 0.0, 0.0, 0.0, 0.0, 0.0, 2.0, 2.0, 2.0, 4.0, 0.0, 0.0]"
13,613,1456.769182747798,1322.635182747798,1341.3400000000001,"[0.0, 0.0, 2.0, 0.0, 2.0, 0.0, 0.0, 0.0, 0.0, 2.0, 0.0, 2.0, 4.0, 0.0, 2.0]"
13,614,1487.1652081392995,1324.0482081392995,1631.17,"[0.0, 2.0, 2.0, 0.0, 0.0, 0.0, 4.0, 0.0, 0.0, 0.0, 0.0, 0.0, 4.0, 2.0, 0.0]"
13,615,1462.180840353151,1370.250840353151,919.3000000000001,"[0.0, 0.0, 2.0, 0.0, 0.0, 0.0, 0.0, 0.0, 0.0, 0.0, 0.0, 0.0, 2.0, 4.0, 0.0]"
13,616,1458.0653292971836,1318.0513292971834,1400.1400000000003,"[0.0, 2.0, 2.0, 0.0, 0.0, 0.0, 0.0, 0.0, 0.0, 4.0, 0.0, 2.0, 4.0, 2.0, 0.0]"
13,617,1510.716357121166,1316.168357121166,1945.48,"[0.0, 2.0, 2.0, 2.0, 2.0, 0.0, 0.0, 0.0, 0.0, 2.0, 0.0, 4.0, 4.0, 0.0, 0.0]"
13,618,1645.183793132769,1364.096793132769,2810.8700000000003,"[0.0, 2.0, 2.0, 2.0, 4.0, 4.0, 0.0, 0.0, 0.0, 2.0, 0.0, 2.0, 2.0, 2.0, 0.0]"
13,619,1465.9279002915926,1342.9359002915926,1229.92,"[0.0, 0.0, 2.0, 0.0, 0.0, 0.0, 0.0, 0.0, 4.0, 2.0, 0.0, 2.0, 4.0, 0.0, 0.0]"
13,620,1477.4143554736543,1332.6533554736543,1447.6100000000001,"[0.0, 0.0, 2.0, 2.0, 0.0, 0.0, 4.0, 0.0, 0.0, 2.0, 0.0, 2.0, 4.0, 0.0, 0.0]"
13,621,1564.3991804579782,1383.857180457978,1805.42,"[0.0, 0.0, 4.0, 0.0, 2.0, 0.0, 0.0, 0.0, 0.0, 0.0, 4.0, 0.0, 0.0, 2.0, 2.0]"
13,622,1517.72907516909,1378.68407516909,1390.45,"[0.0, 0.0, 2.0, 0.0, 0.0, 0.0, 0.0, 4.0, 0.0, 2.0, 0.0, 2.0, 4.0, 0.0, 0.0]"
13,623,1423.2484462173984,1348.4964462173984,747.5200000000001,"[0.0, 0.0, 4.0, 0.0, 0.0, 0.0, 0.0, 0.0, 0.0, 2.0, 0.0, 0.0, 4.0, 0.0, 0.0]"
13,624,1454.1639147902154,1328.0369147902154,1261.2700000000002,"[0.0, 0.0, 2.0, 0.0, 0.0, 0.0, 4.0, 0.0, 0.0, 2.0, 0.0, 2.0, 4.0, 0.0, 0.0]"
13,625,1469.186915850004,1311.636915850004,1575.5,"[0.0, 0.0, 2.0, 0.0, 2.0, 0.0, 2.0, 0.0, 0.0, 2.0, 0.0, 2.0, 4.0, 0.0, 2.0]"
13,626,1534.4597827134498,1338.9517827134498,1955.08,"[0.0, 0.0, 2.0, 0.0, 2.0, 4.0, 0.0, 0.0, 0.0, 2.0, 0.0, 2.0, 4.0, 0.0, 2.0]"
13,627,1490.772617346939,1285.6996173469388,2050.7300000000005,"[0.0, 0.0, 2.0, 0.0, 2.0, 0.0, 0.0, 0.0, 0.0, 2.0, 0.0, 2.0, 4.0, 4.0, 4.0]"
13,628,1448.575111657858,1339.8421116578581,1087.3300000000002,"[2.0, 0.0, 2.0, 0.0, 0.0, 0.0, 0.0, 0.0, 0.0, 2.0, 0.0, 2.0, 4.0, 0.0, 0.0]"
13,629,1541.2402554010002,1353.4742554010002,1877.6600000000003,"[2.0, 0.0, 2.0, 0.0, 0.0, 0.0, 0.0, 4.0, 0.0, 0.0, 0.0, 0.0, 4.0, 2.0, 2.0]"
13,630,1503.1889022982689,1374.3449022982688,1288.4400000000003,"[0.0, 0.0, 2.0, 0.0, 0.0, 0.0, 4.0, 0.0, 4.0, 2.0, 0.0, 0.0, 2.0, 0.0, 0.0]"
13,631,1599.3229422006275,1342.9489422006275,2563.7400000000002,"[2.0, 4.0, 2.0, 2.0, 0.0, 4.0, 0.0, 0.0, 0.0, 4.0, 0.0, 2.0, 4.0, 0.0, 0.0]"
13,632,1482.9871859876482,1346.2191859876482,1367.6800000000003,"[2.0, 0.0, 2.0, 0.0, 0.0, 0.0, 0.0, 0.0, 0.0, 2.0, 2.0, 2.0, 4.0, 0.0, 0.0]"
13,633,1472.0487558980174,1345.6337558980174,1264.15,"[0.0, 0.0, 2.0, 0.0, 0.0, 0.0, 0.0, 0.0, 4.0, 0.0, 0.0, 0.0, 4.0, 2.0, 0.0]"
13,634,1488.4954866966345,1326.7244866966346,1617.71,"[2.0, 2.0, 2.0, 0.0, 0.0, 0.0, 0.0, 0.0, 0.0, 0.0, 0.0, 0.0, 4.0, 2.0, 2.0]"
13,635,1588.5449880752333,1341.8729880752333,2466.7200000000003,"[2.0, 0.0, 2.0, 4.0, 2.0, 4.0, 0.0, 0.0, 0.0, 0.0, 0.0, 2.0, 4.0, 0.0, 0.0]"
13,636,1480.2861055295712,1320.5921055295712,1596.9400000000003,"[0.0, 2.0, 2.0, 0.0, 0.0, 0.0, 4.0, 0.0, 0.0, 4.0, 0.0, 2.0, 4.0, 0.0, 0.0]"
13,637,1553.6388725299644,1283.7378725299643,2699.01,"[0.0, 0.0, 4.0, 0.0, 2.0, 4.0, 0.0, 0.0, 0.0, 2.0, 0.0, 2.0, 4.0, 4.0, 2.0]"
13,638,1562.0065590200445,1338.4515590200444,2235.55,"[0.0, 0.0, 2.0, 0.0, 2.0, 4.0, 0.0, 0.0, 4.0, 2.0, 0.0, 2.0, 4.0, 0.0, 0.0]"
13,639,1427.7264520270542,1348.8294520270542,788.9700000000001,"[0.0, 0.0, 2.0, 0.0, 0.0, 0.0, 0.0, 0.0, 0.0, 2.0, 0.0, 2.0, 4.0, 0.0, 0.0]"
13,640,1445.7255988174309,1336.992598817431,1087.3300000000002,"[2.0, 0.0, 2.0, 0.0, 0.0, 0.0, 0.0, 0.0, 0.0, 2.0, 0.0, 2.0, 4.0, 0.0, 0.0]"
13,641,1484.257116128379,1347.489116128379,1367.6800000000003,"[2.0, 0.0, 2.0, 0.0, 0.0, 0.0, 0.0, 0.0, 0.0, 2.0, 2.0, 2.0, 4.0, 0.0, 0.0]"
13,642,1447.603069335601,1350.072069335601,975.3100000000001,"[0.0, 0.0, 2.0, 2.0, 0.0, 0.0, 0.0, 0.0, 0.0, 2.0, 0.0, 2.0, 4.0, 0.0, 0.0]"
13,643,1520.590125546736,1395.200125546736,1253.9,"[0.0, 0.0, 2.0, 2.0, 2.0, 0.0, 2.0, 0.0, 0.0, 0.0, 0.0, 2.0, 0.0, 0.0, 0.0]"
13,644,1496.3328781006378,1404.9518781006377,913.8100000000001,"[0.0, 0.0, 2.0, 0.0, 0.0, 0.0, 4.0, 0.0, 0.0, 2.0, 0.0, 2.0, 0.0, 0.0, 0.0]"
13,645,1527.8975141838946,1355.2385141838945,1726.5900000000001,"[0.0, 0.0, 2.0, 2.0, 0.0, 2.0, 0.0, 0.0, 4.0, 2.0, 0.0, 2.0, 4.0, 0.0, 0.0]"
13,646,1495.365699659809,1417.647699659809,777.1800000000001,"[0.0, 2.0, 2.0, 0.0, 0.0, 0.0, 0.0, 0.0, 0.0, 2.0, 0.0, 2.0, 0.0, 0.0, 0.0]"
13,647,1545.5539961530674,1339.8709961530674,2056.8300000000004,"[2.0, 0.0, 2.0, 2.0, 4.0, 0.0, 0.0, 0.0, 0.0, 0.0, 0.0, 2.0, 4.0, 0.0, 0.0]"
13,648,1521.5859161436615,1320.3429161436613,2012.4300000000003,"[2.0, 2.0, 2.0, 2.0, 0.0, 0.0, 0.0, 0.0, 0.0, 2.0, 0.0, 4.0, 4.0, 0.0, 2.0]"
13,649,1458.9192625739045,1327.4642625739045,1314.5500000000002,"[0.0, 0.0, 4.0, 0.0, 0.0, 0.0, 0.0, 0.0, 0.0, 4.0, 0.0, 2.0, 4.0, 0.0, 4.0]"
13,650,1455.5697519844484,1344.0967519844485,1114.7300000000002,"[0.0, 0.0, 2.0, 0.0, 0.0, 0.0, 0.0, 0.0, 0.0, 2.0, 0.0, 2.0, 4.0, 0.0, 4.0]"
14,651,1425.962183666444,1351.210183666444,747.5200000000001,"[0.0, 0.0, 4.0, 0.0, 0.0, 0.0, 0.0, 0.0, 0.0, 2.0, 0.0, 0.0, 4.0, 0.0, 0.0]"
14,652,1427.9916339981776,1349.0946339981776,788.9700000000001,"[0.0, 0.0, 2.0, 0.0, 0.0, 0.0, 0.0, 0.0, 0.0, 2.0, 0.0, 2.0, 4.0, 0.0, 0.0]"
14,653,1464.3473417972705,1310.6703417972706,1536.7700000000002,"[0.0, 0.0, 2.0, 0.0, 0.0, 0.0, 4.0, 0.0, 0.0, 0.0, 0.0, 2.0, 4.0, 2.0, 0.0]"
14,654,1479.9851781975742,1320.2911781975743,1596.9400000000003,"[0.0, 2.0, 2.0, 0.0, 0.0, 0.0, 4.0, 0.0, 0.0, 2.0, 0.0, 2.0, 4.0, 0.0, 0.0]"
14,655,1472.4351049370216,1340.5991049370216,1318.3600000000001,"[2.0, 0.0, 2.0, 0.0, 0.0, 0.0, 4.0, 0.0, 0.0, 2.0, 0.0, 0.0, 4.0, 0.0, 0.0]"
14,656,1523.5120911907027,1348.6560911907027,1748.5600000000004,"[0.0, 0.0, 2.0, 4.0, 0.0, 2.0, 0.0, 0.0, 0.0, 2.0, 0.0, 2.0, 4.0, 2.0, 0.0]"
14,657,1455.4337962254215,1343.9607962254215,1114.7300000000002,"[0.0, 0.0, 2.0, 0.0, 0.0, 0.0, 0.0, 0.0, 0.0, 4.0, 0.0, 2.0, 4.0, 0.0, 4.0]"
14,658,1457.6795889689802,1326.2245889689802,1314.5500000000002,"[0.0, 0.0, 4.0, 0.0, 0.0, 0.0, 0.0, 0.0, 0.0, 4.0, 0.0, 2.0, 4.0, 0.0, 4.0]"
14,659,1428.7152536146773,1349.8182536146774,788.9700000000001,"[0.0, 0.0, 2.0, 0.0, 0.0, 0.0, 0.0, 0.0, 0.0, 2.0, 0.0, 2.0, 4.0, 0.0, 0.0]"
14,660,1425.8770939613623,1346.9800939613624,788.9700000000001,"[0.0, 0.0, 2.0, 0.0, 0.0, 0.0, 0.0, 0.0, 0.0, 2.0, 0.0, 2.0, 4.0, 0.0, 0.0]"
14,661,1488.3697597335545,1314.9367597335545,1734.33,"[4.0, 0.0, 4.0, 0.0, 0.0, 0.0, 0.0, 0.0, 0.0, 4.0, 0.0, 2.0, 4.0, 0.0, 2.0]"
14,662,1457.2465577335872,1331.1195577335873,1261.2700000000002,"[0.0, 0.0, 2.0, 0.0, 0.0, 0.0, 4.0, 0.0, 0.0, 2.0, 0.0, 2.0, 4.0, 0.0, 0.0]"
14,663,1532.6978216382556,1317.3648216382555,2153.3300000000004,"[2.0, 0.0, 4.0, 0.0, 0.0, 2.0, 0.0, 0.0, 0.0, 2.0, 2.0, 2.0, 4.0, 2.0, 0.0]"
14,664,1484.578453426211,1359.0124534262109,1255.66,"[0.0, 0.0, 2.0, 2.0, 0.0, 0.0, 0.0, 0.0, 0.0, 2.0, 2.0, 2.0, 4.0, 0.0, 0.0]"
14,665,1454.0718093068463,1342.5988093068463,1114.7300000000002,"[0.0, 0.0, 2.0, 0.0, 0.0, 0.0, 0.0, 0.0, 0.0, 2.0, 0.0, 2.0, 4.0, 0.0, 4.0]"
14,666,1579.3861418274587,1354.4451418274587,2249.4100000000003,"[4.0, 2.0, 0.0, 2.0, 2.0, 0.0, 0.0, 0.0, 0.0, 2.0, 0.0, 2.0, 4.0, 0.0, 2.0]"
14,667,1445.5294983899387,1383.8834983899387,616.46,"[0.0, 0.0, 2.0, 0.0, 0.0, 0.0, 0.0, 0.0, 0.0, 0.0, 0.0, 2.0, 2.0, 0.0, 0.0]"
14,668,1549.496410540382,1346.553410540382,2029.4300000000003,"[0.0, 0.0, 2.0, 2.0, 0.0, 2.0, 0.0, 0.0, 4.0, 2.0, 0.0, 0.0, 4.0, 4.0, 0.0]"
14,669,1476.2593270356194,1334.9503270356195,1413.0900000000001,"[2.0, 0.0, 2.0, 0.0, 0.0, 0.0, 0.0, 0.0, 0.0, 2.0, 0.0, 2.0, 4.0, 0.0, 4.0]"
14,670,1492.6252755325181,1339.809275532518,1528.16,"[2.0, 0.0, 2.0, 0.0, 0.0, 0.0, 0.0, 0.0, 0.0, 2.0, 2.0, 2.0, 4.0, 0.0, 2.0]"
14,671,1552.4568748785227,1329.1648748785228,2232.92,"[2.0, 0.0, 2.0, 0.0, 0.0, 0.0, 0.0, 4.0, 0.0, 2.0, 0.0, 2.0, 4.0, 4.0, 0.0]"
14,672,1472.4630304134773,1308.1930304134773,1642.7,"[0.0, 0.0, 2.0, 2.0, 2.0, 0.0, 0.0, 0.0, 0.0, 2.0, 0.0, 2.0, 4.0, 2.0, 0.0]"
14,673,1426.427395075228,1347.5303950752282,788.9700000000001,"[0.0, 0.0, 2.0, 0.0, 0.0, 0.0, 0.0, 0.0, 0.0, 4.0, 0.0, 2.0, 4.0, 0.0, 0.0]"
14,674,1504.9809193747597,1336.8379193747596,1681.43,"[0.0, 2.0, 2.0, 0.0, 0.0, 0.0, 4.0, 0.0, 0.0, 2.0, 0.0, 0.0, 4.0, 0.0, 4.0]"
14,675,1456.5179326718637,1345.0449326718638,1114.7300000000002,"[0.0, 0.0, 2.0, 0.0, 0.0, 0.0, 0.0, 0.0, 0.0, 2.0, 0.0, 2.0, 4.0, 0.0, 4.0]"
14,676,1529.8259064663725,1306.2299064663725,2235.9600000000005,"[2.0, 4.0, 2.0, 0.0, 0.0, 0.0, 4.0, 0.0, 0.0, 2.0, 0.0, 2.0, 4.0, 0.0, 0.0]"
14,677,1542.9561653675623,1301.3241653675623,2416.32,"[2.0, 2.0, 2.0, 0.0, 2.0, 0.0, 0.0, 0.0, 4.0, 2.0, 0.0, 2.0, 4.0, 0.0, 2.0]"
14,678,1477.6171440142557,1344.5571440142558,1330.6000000000001,"[0.0, 0.0, 2.0, 0.0, 0.0, 2.0, 2.0, 0.0, 0.0, 0.0, 0.0, 2.0, 4.0, 0.0, 0.0]"
14,679,1455.652736559684,1329.525736559684,1261.2700000000002,"[0.0, 0.0, 2.0, 0.0, 0.0, 0.0, 4.0, 0.0, 0.0, 2.0, 0.0, 2.0, 4.0, 0.0, 0.0]"
14,680,1429.1581680369366,1350.2611680369366,788.9700000000001,"[0.0, 0.0, 2.0, 0.0, 0.0, 0.0, 0.0, 0.0, 0.0, 2.0, 0.0, 2.0, 4.0, 0.0, 0.0]"
14,681,1455.7497725579133,1329.6227725579133,1261.2700000000002,"[0.0, 0.0, 2.0, 0.0, 0.0, 0.0, 4.0, 0.0, 0.0, 2.0, 0.0, 2.0, 4.0, 0.0, 0.0]"
14,682,1447.5509231719416,1338.8179231719416,1087.3300000000002,"[2.0, 0.0, 2.0, 0.0, 0.0, 0.0, 0.0, 0.0, 0.0, 2.0, 0.0, 2.0, 4.0, 0.0, 0.0]"
14,683,1473.4945880328037,1325.0965880328035,1483.9800000000002,"[0.0, 0.0, 2.0, 0.0, 0.0, 0.0, 4.0, 0.0, 2.0, 2.0, 0.0, 2.0, 4.0, 0.0, 0.0]"
14,684,1491.6693292566868,1363.1973292566868,1284.7200000000003,"[2.0, 2.0, 2.0, 0.0, 0.0, 0.0, 0.0, 0.0, 0.0, 0.0, 0.0, 0.0, 2.0, 2.0, 0.0]"
14,685,1482.829700145796,1346.061700145796,1367.6800000000003,"[2.0, 0.0, 2.0, 0.0, 0.0, 0.0, 0.0, 0.0, 0.0, 2.0, 2.0, 2.0, 4.0, 0.0, 0.0]"
14,686,1483.4257133774727,1318.4037133774725,1650.2200000000003,"[0.0, 2.0, 4.0, 0.0, 0.0, 0.0, 0.0, 0.0, 0.0, 4.0, 0.0, 2.0, 4.0, 0.0, 4.0]"
14,687,1447.5495105801356,1314.2415105801356,1333.0800000000002,"[0.0, 0.0, 2.0, 0.0, 0.0, 0.0, 0.0, 0.0, 0.0, 2.0, 0.0, 2.0, 4.0, 4.0, 0.0]"
14,688,1487.3616591341677,1326.0186591341676,1613.4300000000003,"[0.0, 0.0, 2.0, 0.0, 0.0, 0.0, 0.0, 0.0, 0.0, 2.0, 2.0, 2.0, 4.0, 4.0, 0.0]"
14,689,1437.4865152472362,1331.039515247236,1064.47,"[0.0, 0.0, 2.0, 0.0, 0.0, 0.0, 0.0, 0.0, 0.0, 2.0, 0.0, 2.0, 4.0, 2.0, 0.0]"
14,690,1492.9450939556546,1346.8360939556546,1461.0900000000001,"[2.0, 0.0, 2.0, 4.0, 0.0, 0.0, 0.0, 0.0, 0.0, 2.0, 0.0, 2.0, 4.0, 0.0, 0.0]"
14,691,1495.5807266763852,1319.624726676385,1759.5600000000004,"[0.0, 0.0, 2.0, 0.0, 2.0, 0.0, 0.0, 2.0, 0.0, 2.0, 0.0, 2.0, 4.0, 2.0, 0.0]"
14,692,1469.6830174553995,1321.4860174553994,1481.9700000000003,"[2.0, 0.0, 2.0, 0.0, 0.0, 0.0, 2.0, 0.0, 0.0, 2.0, 0.0, 2.0, 4.0, 0.0, 2.0]"
14,693,1619.458308499008,1369.073308499008,2503.8500000000004,"[0.0, 0.0, 2.0, 4.0, 0.0, 0.0, 4.0, 2.0, 0.0, 2.0, 4.0, 2.0, 4.0, 0.0, 0.0]"
14,694,1450.5562814676819,1353.025281467682,975.3100000000001,"[0.0, 0.0, 2.0, 2.0, 0.0, 0.0, 0.0, 0.0, 0.0, 2.0, 0.0, 2.0, 4.0, 0.0, 0.0]"
14,695,1608.0331002409343,1359.3391002409344,2486.9400000000005,"[0.0, 0.0, 2.0, 2.0, 0.0, 0.0, 0.0, 4.0, 4.0, 2.0, 2.0, 0.0, 4.0, 2.0, 2.0]"
14,696,1505.1109205475013,1347.8979205475014,1572.13,"[0.0, 0.0, 2.0, 0.0, 4.0, 0.0, 0.0, 0.0, 0.0, 4.0, 0.0, 2.0, 4.0, 0.0, 0.0]"
14,697,1430.4443442277704,1351.5473442277705,788.9700000000001,"[0.0, 0.0, 2.0, 0.0, 0.0, 0.0, 0.0, 0.0, 0.0, 2.0, 0.0, 2.0, 4.0, 0.0, 0.0]"
14,698,1518.744936257239,1437.217936257239,815.2700000000001,"[0.0, 0.0, 2.0, 4.0, 0.0, 0.0, 0.0, 0.0, 0.0, 2.0, 0.0, 2.0, 0.0, 0.0, 0.0]"
14,699,1429.3604684702927,1350.4634684702928,788.9700000000001,"[0.0, 0.0, 2.0, 0.0, 0.0, 0.0, 0.0, 0.0, 0.0, 2.0, 0.0, 2.0, 4.0, 0.0, 0.0]"
14,700,1558.0651801911242,1348.6751801911241,2093.9,"[2.0, 0.0, 2.0, 0.0, 0.0, 0.0, 0.0, 0.0, 4.0, 2.0, 4.0, 2.0, 4.0, 0.0, 0.0]"
15,701,1429.19901899516,1350.30201899516,788.9700000000001,"[0.0, 0.0, 2.0, 0.0, 0.0, 0.0, 0.0, 0.0, 0.0, 2.0, 0.0, 2.0, 4.0, 0.0, 0.0]"
15,702,1424.524998805257,1349.772998805257,747.5200000000001,"[0.0, 0.0, 4.0, 0.0, 0.0, 0.0, 0.0, 0.0, 0.0, 2.0, 0.0, 0.0, 4.0, 0.0, 0.0]"
15,703,1476.3815855016705,1343.3215855016706,1330.6000000000001,"[0.0, 0.0, 2.0, 0.0, 0.0, 2.0, 2.0, 0.0, 0.0, 2.0, 0.0, 2.0, 4.0, 0.0, 0.0]"
15,704,1516.5486450528533,1377.5036450528532,1390.45,"[0.0, 0.0, 2.0, 0.0, 0.0, 0.0, 0.0, 4.0, 0.0, 2.0, 0.0, 2.0, 4.0, 0.0, 0.0]"
15,705,1427.7717418087564,1348.8747418087564,788.9700000000001,"[0.0, 0.0, 2.0, 0.0, 0.0, 0.0, 0.0, 0.0, 0.0, 2.0, 0.0, 2.0, 4.0, 0.0, 0.0]"
15,706,1475.7139423914145,1366.4969423914144,1092.17,"[0.0, 0.0, 2.0, 0.0, 0.0, 0.0, 0.0, 2.0, 0.0, 2.0, 0.0, 2.0, 4.0, 0.0, 0.0]"
15,707,1428.0185017617755,1349.1215017617756,788.9700000000001,"[0.0, 0.0, 2.0, 0.0, 0.0, 0.0, 0.0, 0.0, 0.0, 2.0, 0.0, 2.0, 4.0, 0.0, 0.0]"
15,708,1515.0852775494502,1329.7872775494502,1852.98,"[2.0, 0.0, 2.0, 4.0, 2.0, 0.0, 0.0, 0.0, 0.0, 2.0, 0.0, 2.0, 4.0, 0.0, 0.0]"
15,709,1460.9860828608457,1328.8370828608456,1321.4900000000002,"[2.0, 0.0, 2.0, 0.0, 0.0, 0.0, 2.0, 0.0, 0.0, 2.0, 0.0, 2.0, 4.0, 0.0, 0.0]"
15,710,1555.75073770525,1331.00473770525,2247.4600000000005,"[0.0, 0.0, 2.0, 0.0, 0.0, 4.0, 4.0, 0.0, 2.0, 2.0, 0.0, 2.0, 4.0, 0.0, 2.0]"
15,711,1451.8130290967258,1339.3490290967259,1124.64,"[0.0, 2.0, 2.0, 0.0, 0.0, 0.0, 0.0, 0.0, 0.0, 2.0, 0.0, 2.0, 4.0, 0.0, 0.0]"
15,712,1450.0231893287435,1341.2901893287435,1087.3300000000002,"[2.0, 0.0, 2.0, 0.0, 0.0, 0.0, 0.0, 0.0, 0.0, 2.0, 0.0, 2.0, 4.0, 0.0, 0.0]"
15,713,1478.2991497357605,1312.4151497357605,1658.8400000000001,"[0.0, 0.0, 2.0, 0.0, 0.0, 0.0, 0.0, 0.0, 0.0, 2.0, 0.0, 2.0, 4.0, 4.0, 4.0]"
15,714,1570.2405429329233,1373.3245429329231,1969.1600000000003,"[2.0, 0.0, 2.0, 0.0, 0.0, 0.0, 0.0, 4.0, 0.0, 2.0, 2.0, 2.0, 4.0, 0.0, 0.0]"
15,715,1532.907157524955,1346.4801575249548,1864.2700000000002,"[0.0, 0.0, 2.0, 0.0, 0.0, 4.0, 4.0, 0.0, 0.0, 2.0, 0.0, 2.0, 4.0, 0.0, 0.0]"
15,716,1472.0179832945228,1355.7449832945226,1162.7300000000002,"[0.0, 0.0, 2.0, 4.0, 0.0, 0.0, 0.0, 0.0, 0.0, 2.0, 0.0, 2.0, 4.0, 0.0, 0.0]"
15,717,1550.1101093563343,1334.3911093563343,2157.19,"[4.0, 0.0, 2.0, 0.0, 4.0, 0.0, 0.0, 0.0, 0.0, 4.0, 0.0, 2.0, 4.0, 0.0, 0.0]"
15,718,1520.3394498572557,1352.5384498572557,1678.0100000000002,"[2.0, 0.0, 2.0, 0.0, 0.0, 2.0, 0.0, 0.0, 0.0, 2.0, 2.0, 2.0, 4.0, 0.0, 0.0]"
15,719,1496.6153080100432,1304.8013080100432,1918.1400000000003,"[4.0, 0.0, 2.0, 0.0, 0.0, 0.0, 0.0, 0.0, 0.0, 2.0, 0.0, 2.0, 4.0, 4.0, 0.0]"
15,720,1448.4930133646524,1339.7600133646524,1087.3300000000002,"[2.0, 0.0, 2.0, 0.0, 0.0, 0.0, 0.0, 0.0, 0.0, 2.0, 0.0, 2.0, 4.0, 0.0, 0.0]"
15,721,1429.7911494380887,1330.9121494380886,988.7900000000002,"[0.0, 0.0, 4.0, 0.0, 0.0, 0.0, 0.0, 0.0, 0.0, 2.0, 0.0, 2.0, 4.0, 0.0, 0.0]"
15,722,1423.6045720013772,1368.8345720013772,547.7,"[0.0, 0.0, 2.0, 0.0, 0.0, 0.0, 0.0, 0.0, 0.0, 2.0, 0.0, 0.0, 4.0, 0.0, 0.0]"
15,723,1479.1904118171142,1329.367411817114,1498.2300000000002,"[0.0, 0.0, 4.0, 2.0, 0.0, 0.0, 0.0, 0.0, 0.0, 4.0, 0.0, 2.0, 4.0, 0.0, 4.0]"
15,724,1439.2569798311158,1344.3119798311159,949.45,"[0.0, 0.0, 2.0, 0.0, 0.0, 0.0, 0.0, 0.0, 0.0, 4.0, 0.0, 2.0, 4.0, 0.0, 2.0]"
15,725,1497.8405203870916,1297.6345203870915,2002.0600000000004,"[2.0, 0.0, 4.0, 0.0, 0.0, 0.0, 4.0, 0.0, 0.0, 2.0, 0.0, 4.0, 4.0, 0.0, 0.0]"
15,726,1450.163652931052,1348.163652931052,1020.0,"[0.0, 0.0, 2.0, 0.0, 0.0, 0.0, 4.0, 0.0, 0.0, 2.0, 0.0, 0.0, 4.0, 0.0, 0.0]"
15,727,1492.2867915924187,1400.8377915924186,914.49,"[0.0, 0.0, 0.0, 0.0, 0.0, 0.0, 0.0, 0.0, 0.0, 2.0, 0.0, 2.0, 4.0, 0.0, 4.0]"
15,728,1459.5114688670649,1319.4974688670648,1400.1400000000003,"[0.0, 2.0, 2.0, 0.0, 0.0, 0.0, 0.0, 0.0, 0.0, 4.0, 0.0, 2.0, 4.0, 2.0, 0.0]"
15,729,1428.4441311126861,1329.565131112686,988.7900000000002,"[0.0, 0.0, 4.0, 0.0, 0.0, 0.0, 0.0, 0.0, 0.0, 2.0, 0.0, 2.0, 4.0, 0.0, 0.0]"
15,730,1541.8882027048917,1329.0142027048917,2128.7400000000002,"[4.0, 0.0, 2.0, 2.0, 0.0, 0.0, 0.0, 0.0, 0.0, 2.0, 0.0, 4.0, 4.0, 0.0, 4.0]"
15,731,1502.4838459373545,1338.9808459373544,1635.0300000000002,"[0.0, 0.0, 2.0, 4.0, 0.0, 0.0, 4.0, 0.0, 0.0, 2.0, 0.0, 2.0, 4.0, 0.0, 0.0]"
15,732,1454.1062645391219,1327.979264539122,1261.2700000000002,"[0.0, 0.0, 2.0, 0.0, 0.0, 0.0, 4.0, 0.0, 0.0, 2.0, 0.0, 2.0, 4.0, 0.0, 0.0]"
15,733,1471.9968839752157,1320.0548839752157,1519.42,"[0.0, 0.0, 2.0, 2.0, 0.0, 0.0, 0.0, 0.0, 0.0, 2.0, 0.0, 2.0, 4.0, 4.0, 0.0]"
15,734,1619.9175356889743,1464.6175356889744,1553.0,"[0.0, 0.0, 2.0, 0.0, 0.0, 2.0, 0.0, 4.0, 4.0, 2.0, 0.0, 0.0, 0.0, 0.0, 0.0]"
15,735,1429.8535079776461,1330.9745079776462,988.7900000000002,"[0.0, 0.0, 4.0, 0.0, 0.0, 0.0, 0.0, 0.0, 0.0, 2.0, 0.0, 2.0, 4.0, 0.0, 0.0]"
15,736,1483.5715990240344,1324.8685990240344,1587.0300000000002,"[0.0, 0.0, 2.0, 0.0, 0.0, 0.0, 4.0, 0.0, 0.0, 4.0, 0.0, 2.0, 4.0, 0.0, 4.0]"
15,737,1527.3035351285685,1338.6135351285684,1886.9,"[0.0, 0.0, 2.0, 2.0, 0.0, 2.0, 0.0, 0.0, 0.0, 2.0, 0.0, 2.0, 4.0, 2.0, 4.0]"
15,738,1588.3598661672404,1370.9988661672403,2173.61,"[0.0, 0.0, 2.0, 0.0, 4.0, 0.0, 0.0, 4.0, 0.0, 2.0, 0.0, 2.0, 4.0, 0.0, 0.0]"
15,739,1463.8228759567487,1372.3408759567487,914.8200000000002,"[2.0, 0.0, 2.0, 0.0, 0.0, 0.0, 0.0, 0.0, 0.0, 4.0, 0.0, 2.0, 2.0, 0.0, 0.0]"
15,740,1476.326245990604,1360.0532459906042,1162.7300000000002,"[0.0, 0.0, 2.0, 4.0, 0.0, 0.0, 0.0, 0.0, 0.0, 2.0, 0.0, 2.0, 4.0, 0.0, 0.0]"
15,741,1432.2531969868785,1349.9331969868786,823.2,"[0.0, 0.0, 2.0, 0.0, 0.0, 0.0, 0.0, 0.0, 0.0, 2.0, 0.0, 0.0, 4.0, 2.0, 0.0]"
15,742,1500.1834709932166,1364.7244709932165,1354.5900000000001,"[0.0, 0.0, 2.0, 0.0, 0.0, 0.0, 0.0, 0.0, 0.0, 4.0, 4.0, 2.0, 4.0, 0.0, 0.0]"
15,743,1456.9172762028186,1330.7902762028186,1261.2700000000002,"[0.0, 0.0, 2.0, 0.0, 0.0, 0.0, 4.0, 0.0, 0.0, 2.0, 0.0, 2.0, 4.0, 0.0, 0.0]"
15,744,1558.4101952098476,1350.5061952098476,2079.0400000000004,"[0.0, 4.0, 2.0, 0.0, 0.0, 4.0, 0.0, 0.0, 0.0, 2.0, 0.0, 2.0, 4.0, 0.0, 0.0]"
15,745,1445.4898708762835,1383.8438708762835,616.46,"[0.0, 0.0, 2.0, 0.0, 0.0, 0.0, 0.0, 0.0, 0.0, 0.0, 0.0, 2.0, 2.0, 0.0, 0.0]"
15,746,1435.089729868184,1328.642729868184,1064.47,"[0.0, 0.0, 2.0, 0.0, 0.0, 0.0, 0.0, 0.0, 0.0, 2.0, 0.0, 2.0, 4.0, 2.0, 0.0]"
15,747,1499.5258896177518,1303.8058896177517,1957.2,"[2.0, 0.0, 2.0, 0.0, 0.0, 0.0, 0.0, 0.0, 0.0, 2.0, 0.0, 2.0, 4.0, 4.0, 4.0]"
15,748,1427.377225588271,1348.480225588271,788.9700000000001,"[0.0, 0.0, 2.0, 0.0, 0.0, 0.0, 0.0, 0.0, 0.0, 2.0, 0.0, 2.0, 4.0, 0.0, 0.0]"
15,749,1459.423269955048,1355.038269955048,1043.8500000000001,"[0.0, 2.0, 2.0, 0.0, 0.0, 0.0, 0.0, 0.0, 0.0, 2.0, 0.0, 0.0, 4.0, 0.0, 2.0]"
15,750,1457.0042249559565,1330.8772249559565,1261.2700000000002,"[0.0, 0.0, 2.0, 0.0, 0.0, 0.0, 4.0, 0.0, 0.0, 2.0, 0.0, 2.0, 4.0, 0.0, 0.0]"
16,751,1422.1883964843355,1367.4183964843355,547.7,"[0.0, 0.0, 2.0, 0.0, 0.0, 0.0, 0.0, 0.0, 0.0, 2.0, 0.0, 0.0, 4.0, 0.0, 0.0]"
16,752,1424.6347555483555,1349.8827555483556,747.5200000000001,"[0.0, 0.0, 4.0, 0.0, 0.0, 0.0, 0.0, 0.0, 0.0, 2.0, 0.0, 0.0, 4.0, 0.0, 0.0]"
16,753,1499.1357459658643,1313.4167459658643,1857.1900000000003,"[0.0, 4.0, 2.0, 0.0, 2.0, 0.0, 0.0, 0.0, 0.0, 2.0, 0.0, 2.0, 4.0, 0.0, 0.0]"
16,754,1557.9685428519365,1341.1685428519365,2168.0,"[0.0, 4.0, 4.0, 0.0, 0.0, 0.0, 0.0, 2.0, 4.0, 2.0, 0.0, 0.0, 4.0, 0.0, 0.0]"
16,755,1517.4481167048054,1442.9771167048054,744.71,"[0.0, 0.0, 2.0, 0.0, 0.0, 0.0, 0.0, 2.0, 0.0, 2.0, 0.0, 2.0, 0.0, 0.0, 0.0]"
16,756,1511.9980341343914,1313.1980341343915,1988.0,"[0.0, 2.0, 4.0, 0.0, 0.0, 0.0, 0.0, 0.0, 2.0, 0.0, 2.0, 2.0, 4.0, 0.0, 2.0]"
16,757,1525.0058273767336,1407.1648273767337,1178.41,"[0.0, 2.0, 2.0, 0.0, 0.0, 0.0, 0.0, 2.0, 0.0, 2.0, 0.0, 0.0, 2.0, 0.0, 2.0]"
16,758,1469.2469941674433,1425.0959941674432,441.51000000000005,"[0.0, 0.0, 2.0, 0.0, 0.0, 0.0, 0.0, 0.0, 0.0, 2.0, 0.0, 2.0, 0.0, 0.0, 0.0]"
16,759,1548.7610015387108,1322.0470015387107,2267.1400000000003,"[0.0, 0.0, 2.0, 0.0, 4.0, 0.0, 4.0, 0.0, 2.0, 2.0, 0.0, 2.0, 4.0, 0.0, 0.0]"
16,760,1424.4740242193511,1349.7220242193512,747.5200000000001,"[0.0, 0.0, 4.0, 0.0, 0.0, 0.0, 0.0, 0.0, 0.0, 2.0, 0.0, 0.0, 4.0, 0.0, 0.0]"
16,761,1489.4028902545206,1330.6598902545204,1587.4300000000003,"[0.0, 0.0, 2.0, 0.0, 0.0, 0.0, 0.0, 0.0, 0.0, 2.0, 2.0, 4.0, 4.0, 2.0, 0.0]"
16,762,1427.530044429144,1348.633044429144,788.9700000000001,"[0.0, 0.0, 2.0, 0.0, 0.0, 0.0, 0.0, 0.0, 0.0, 2.0, 0.0, 2.0, 4.0, 0.0, 0.0]"
16,763,1427.6027733587136,1348.7057733587137,788.9700000000001,"[0.0, 0.0, 2.0, 0.0, 0.0, 0.0, 0.0, 0.0, 0.0, 2.0, 0.0, 2.0, 4.0, 0.0, 0.0]"
16,764,1423.7720756971303,1369.0020756971303,547.7,"[0.0, 0.0, 2.0, 0.0, 0.0, 0.0, 0.0, 0.0, 0.0, 2.0, 0.0, 0.0, 4.0, 0.0, 0.0]"
16,765,1442.1537975619142,1319.8587975619141,1222.95,"[0.0, 0.0, 4.0, 0.0, 0.0, 0.0, 2.0, 0.0, 0.0, 2.0, 0.0, 2.0, 4.0, 0.0, 0.0]"
16,766,1428.7636792483395,1329.8846792483396,988.7900000000002,"[0.0, 0.0, 4.0, 0.0, 0.0, 0.0, 0.0, 0.0, 0.0, 2.0, 0.0, 2.0, 4.0, 0.0, 0.0]"
16,767,1604.6466757096005,1364.7966757096005,2398.5,"[0.0, 0.0, 4.0, 0.0, 0.0, 0.0, 0.0, 4.0, 0.0, 2.0, 4.0, 4.0, 4.0, 0.0, 0.0]"
16,768,1534.784592630087,1348.357592630087,1864.2700000000002,"[0.0, 0.0, 2.0, 0.0, 0.0, 4.0, 4.0, 0.0, 0.0, 2.0, 0.0, 2.0, 4.0, 0.0, 0.0]"
16,769,1454.4447350046576,1346.4227350046576,1080.22,"[2.0, 0.0, 2.0, 0.0, 0.0, 0.0, 2.0, 0.0, 0.0, 2.0, 0.0, 0.0, 4.0, 0.0, 0.0]"
16,770,1449.0693820998279,1351.538382099828,975.3100000000001,"[0.0, 0.0, 2.0, 2.0, 0.0, 0.0, 0.0, 0.0, 0.0, 2.0, 0.0, 2.0, 4.0, 0.0, 0.0]"
16,771,1477.0410487617198,1367.8240487617197,1092.17,"[0.0, 0.0, 2.0, 0.0, 0.0, 0.0, 0.0, 2.0, 0.0, 2.0, 0.0, 2.0, 4.0, 0.0, 0.0]"
16,772,1462.5945578324963,1317.8285578324962,1447.66,"[0.0, 0.0, 2.0, 0.0, 0.0, 0.0, 0.0, 0.0, 2.0, 2.0, 0.0, 2.0, 4.0, 2.0, 2.0]"
16,773,1476.1861594273335,1366.9691594273334,1092.17,"[0.0, 0.0, 2.0, 0.0, 0.0, 0.0, 0.0, 2.0, 0.0, 2.0, 0.0, 2.0, 4.0, 0.0, 0.0]"
16,774,1426.1036441213398,1347.2066441213399,788.9700000000001,"[0.0, 0.0, 2.0, 0.0, 0.0, 0.0, 0.0, 0.0, 0.0, 2.0, 0.0, 2.0, 4.0, 0.0, 0.0]"
16,775,1475.7163355470964,1318.3313355470964,1573.8500000000001,"[4.0, 0.0, 4.0, 0.0, 0.0, 0.0, 0.0, 0.0, 0.0, 2.0, 0.0, 2.0, 4.0, 0.0, 0.0]"
16,776,1431.529615583995,1332.650615583995,988.7900000000002,"[0.0, 0.0, 4.0, 0.0, 0.0, 0.0, 0.0, 0.0, 0.0, 2.0, 0.0, 2.0, 4.0, 0.0, 0.0]"
16,777,1429.9240541662448,1331.0450541662447,988.7900000000002,"[0.0, 0.0, 4.0, 0.0, 0.0, 0.0, 0.0, 0.0, 0.0, 2.0, 0.0, 2.0, 4.0, 0.0, 0.0]"
16,778,1534.9688549069629,1282.993854906963,2519.75,"[0.0, 0.0, 4.0, 0.0, 4.0, 0.0, 4.0, 0.0, 0.0, 2.0, 0.0, 2.0, 4.0, 2.0, 0.0]"
16,779,1449.0850229224038,1315.7770229224038,1333.0800000000002,"[0.0, 0.0, 2.0, 0.0, 0.0, 0.0, 0.0, 0.0, 0.0, 2.0, 0.0, 2.0, 4.0, 4.0, 0.0]"
16,780,1471.466491626673,1352.434491626673,1190.3200000000002,"[2.0, 0.0, 2.0, 0.0, 0.0, 0.0, 0.0, 0.0, 0.0, 2.0, 0.0, 2.0, 2.0, 2.0, 0.0]"
16,781,1422.561737545565,1367.791737545565,547.7,"[0.0, 0.0, 2.0, 0.0, 0.0, 0.0, 0.0, 0.0, 0.0, 2.0, 0.0, 0.0, 4.0, 0.0, 0.0]"
16,782,1503.7857007551984,1296.5797007551982,2072.0600000000004,"[4.0, 0.0, 4.0, 0.0, 0.0, 0.0, 0.0, 0.0, 2.0, 2.0, 0.0, 2.0, 4.0, 2.0, 0.0]"
16,783,1427.9300586043496,1349.0330586043497,788.9700000000001,"[0.0, 0.0, 2.0, 0.0, 0.0, 0.0, 0.0, 0.0, 0.0, 2.0, 0.0, 2.0, 4.0, 0.0, 0.0]"
16,784,1462.6476823796218,1343.8006823796218,1188.47,"[0.0, 0.0, 4.0, 0.0, 0.0, 0.0, 0.0, 0.0, 4.0, 2.0, 0.0, 0.0, 4.0, 0.0, 0.0]"
16,785,1506.9662160575072,1397.5582160575073,1094.0800000000002,"[0.0, 0.0, 2.0, 0.0, 0.0, 2.0, 0.0, 0.0, 0.0, 2.0, 0.0, 2.0, 2.0, 0.0, 2.0]"
16,786,1426.0929559344686,1347.1959559344687,788.9700000000001,"[0.0, 0.0, 2.0, 0.0, 0.0, 0.0, 0.0, 0.0, 0.0, 2.0, 0.0, 2.0, 4.0, 0.0, 0.0]"
16,787,1431.9420739510772,1349.6220739510773,823.2,"[0.0, 0.0, 2.0, 0.0, 0.0, 0.0, 0.0, 0.0, 0.0, 2.0, 0.0, 0.0, 4.0, 2.0, 0.0]"
16,788,1548.4561065759638,1339.8081065759636,2086.4800000000005,"[0.0, 2.0, 2.0, 2.0, 0.0, 0.0, 4.0, 2.0, 0.0, 2.0, 0.0, 2.0, 4.0, 0.0, 0.0]"
16,789,1449.0365254333387,1315.7285254333387,1333.0800000000002,"[0.0, 0.0, 2.0, 0.0, 0.0, 0.0, 0.0, 0.0, 0.0, 2.0, 0.0, 2.0, 4.0, 4.0, 0.0]"
16,790,1451.0151022961973,1333.7681022961972,1172.47,"[0.0, 0.0, 4.0, 2.0, 0.0, 0.0, 0.0, 0.0, 0.0, 2.0, 0.0, 2.0, 4.0, 0.0, 0.0]"
16,791,1422.5710024301336,1367.8010024301336,547.7,"[0.0, 0.0, 2.0, 0.0, 0.0, 0.0, 0.0, 0.0, 0.0, 2.0, 0.0, 0.0, 4.0, 0.0, 0.0]"
16,792,1502.7311544287395,1374.3571544287395,1283.7400000000002,"[0.0, 0.0, 0.0, 0.0, 0.0, 0.0, 4.0, 0.0, 2.0, 2.0, 0.0, 2.0, 4.0, 0.0, 0.0]"
16,793,1427.676722970373,1348.779722970373,788.9700000000001,"[0.0, 0.0, 2.0, 0.0, 0.0, 0.0, 0.0, 0.0, 0.0, 0.0, 0.0, 2.0, 4.0, 0.0, 0.0]"
16,794,1568.252814739826,1352.684814739826,2155.6800000000003,"[0.0, 0.0, 2.0, 0.0, 4.0, 0.0, 0.0, 2.0, 0.0, 2.0, 2.0, 2.0, 4.0, 0.0, 0.0]"
16,795,1468.2052736550104,1310.6552736550104,1575.5,"[0.0, 0.0, 2.0, 0.0, 2.0, 0.0, 2.0, 0.0, 0.0, 4.0, 0.0, 2.0, 4.0, 0.0, 2.0]"
16,796,1425.9712563230262,1347.0742563230262,788.9700000000001,"[0.0, 0.0, 2.0, 0.0, 0.0, 0.0, 0.0, 0.0, 0.0, 2.0, 0.0, 2.0, 4.0, 0.0, 0.0]"
16,797,1448.8192138792701,1340.0862138792702,1087.3300000000002,"[2.0, 0.0, 2.0, 0.0, 0.0, 0.0, 0.0, 0.0, 0.0, 2.0, 0.0, 2.0, 4.0, 0.0, 0.0]"
16,798,1434.948873863475,1356.762873863475,781.8600000000001,"[0.0, 0.0, 2.0, 0.0, 0.0, 0.0, 2.0, 0.0, 0.0, 2.0, 0.0, 0.0, 4.0, 0.0, 0.0]"
16,799,1428.602286423003,1329.723286423003,988.7900000000002,"[0.0, 0.0, 4.0, 0.0, 0.0, 0.0, 0.0, 0.0, 0.0, 4.0, 0.0, 2.0, 4.0, 0.0, 0.0]"
16,800,1529.9766696363488,1364.2066696363488,1657.7,"[0.0, 0.0, 2.0, 4.0, 0.0, 0.0, 0.0, 2.0, 0.0, 2.0, 0.0, 0.0, 4.0, 2.0, 2.0]"
17,801,1423.5953847711626,1368.8253847711626,547.7,"[0.0, 0.0, 2.0, 0.0, 0.0, 0.0, 0.0, 0.0, 0.0, 2.0, 0.0, 0.0, 4.0, 0.0, 0.0]"
17,802,1420.6609195844555,1365.8909195844556,547.7,"[0.0, 0.0, 2.0, 0.0, 0.0, 0.0, 0.0, 0.0, 0.0, 2.0, 0.0, 0.0, 4.0, 0.0, 0.0]"
17,803,1533.0292756610113,1324.3362756610113,2086.9300000000003,"[2.0, 0.0, 4.0, 0.0, 0.0, 0.0, 2.0, 0.0, 0.0, 4.0, 4.0, 2.0, 4.0, 0.0, 0.0]"
17,804,1429.77458781841,1330.8955878184101,988.7900000000002,"[0.0, 0.0, 4.0, 0.0, 0.0, 0.0, 0.0, 0.0, 0.0, 2.0, 0.0, 2.0, 4.0, 0.0, 0.0]"
17,805,1446.8111140183887,1385.1651140183887,616.46,"[0.0, 0.0, 2.0, 0.0, 0.0, 0.0, 0.0, 0.0, 0.0, 2.0, 0.0, 2.0, 2.0, 0.0, 0.0]"
17,806,1445.555900970048,1383.909900970048,616.46,"[0.0, 0.0, 2.0, 0.0, 0.0, 0.0, 0.0, 0.0, 0.0, 2.0, 0.0, 2.0, 2.0, 0.0, 0.0]"
17,807,1425.83145041816,1351.0794504181601,747.5200000000001,"[0.0, 0.0, 4.0, 0.0, 0.0, 0.0, 0.0, 0.0, 0.0, 2.0, 0.0, 0.0, 4.0, 0.0, 0.0]"
17,808,1449.0566331605378,1315.7486331605378,1333.0800000000002,"[0.0, 0.0, 2.0, 0.0, 0.0, 0.0, 0.0, 0.0, 0.0, 2.0, 0.0, 2.0, 4.0, 4.0, 0.0]"
17,809,1579.2366039684148,1334.3036039684148,2449.3300000000004,"[4.0, 0.0, 2.0, 0.0, 0.0, 4.0, 4.0, 0.0, 0.0, 2.0, 0.0, 2.0, 4.0, 0.0, 0.0]"
17,810,1461.752156892921,1305.0281568929208,1567.2400000000002,"[0.0, 0.0, 2.0, 0.0, 0.0, 0.0, 2.0, 0.0, 0.0, 2.0, 0.0, 2.0, 4.0, 4.0, 0.0]"
17,811,1419.9640360469825,1365.1940360469825,547.7,"[0.0, 0.0, 2.0, 0.0, 0.0, 0.0, 0.0, 0.0, 0.0, 2.0, 0.0, 0.0, 4.0, 0.0, 0.0]"
17,812,1423.755085054678,1368.985085054678,547.7,"[0.0, 0.0, 2.0, 0.0, 0.0, 0.0, 0.0, 0.0, 0.0, 2.0, 0.0, 0.0, 4.0, 0.0, 0.0]"
17,813,1467.005847119571,1353.7298471195709,1132.76,"[4.0, 0.0, 2.0, 0.0, 0.0, 0.0, 0.0, 0.0, 0.0, 2.0, 0.0, 0.0, 4.0, 0.0, 0.0]"
17,814,1429.1307896399499,1350.23378963995,788.9700000000001,"[0.0, 0.0, 2.0, 0.0, 0.0, 0.0, 0.0, 0.0, 0.0, 2.0, 0.0, 2.0, 4.0, 0.0, 0.0]"
17,815,1462.868645372264,1344.021645372264,1188.47,"[0.0, 0.0, 4.0, 0.0, 0.0, 0.0, 0.0, 0.0, 4.0, 2.0, 0.0, 0.0, 4.0, 0.0, 0.0]"
17,816,1449.1505075427763,1340.8315075427763,1083.1900000000003,"[0.0, 2.0, 4.0, 0.0, 0.0, 0.0, 0.0, 0.0, 0.0, 2.0, 0.0, 0.0, 4.0, 0.0, 0.0]"
17,817,1524.1609600939441,1338.8809600939442,1852.8000000000002,"[0.0, 0.0, 2.0, 0.0, 0.0, 0.0, 0.0, 0.0, 2.0, 2.0, 4.0, 2.0, 4.0, 2.0, 0.0]"
17,818,1546.578377065112,1302.3533770651118,2442.25,"[4.0, 4.0, 2.0, 0.0, 2.0, 0.0, 0.0, 0.0, 0.0, 2.0, 0.0, 2.0, 4.0, 0.0, 0.0]"
17,819,1425.8376653976995,1351.0856653976996,747.5200000000001,"[0.0, 0.0, 4.0, 0.0, 0.0, 0.0, 0.0, 0.0, 0.0, 2.0, 0.0, 0.0, 4.0, 0.0, 0.0]"
17,820,1431.7380080392036,1352.8410080392036,788.9700000000001,"[0.0, 0.0, 2.0, 0.0, 0.0, 0.0, 0.0, 0.0, 0.0, 2.0, 0.0, 2.0, 4.0, 0.0, 0.0]"
17,821,1455.4289095253523,1329.3019095253524,1261.2700000000002,"[0.0, 0.0, 2.0, 0.0, 0.0, 0.0, 4.0, 0.0, 0.0, 2.0, 0.0, 2.0, 4.0, 0.0, 0.0]"
17,822,1429.7527218296314,1330.8737218296312,988.7900000000002,"[0.0, 0.0, 4.0, 0.0, 0.0, 0.0, 0.0, 0.0, 0.0, 2.0, 0.0, 2.0, 4.0, 0.0, 0.0]"
17,823,1504.2431715425264,1312.4391715425263,1918.0400000000002,"[0.0, 0.0, 4.0, 0.0, 2.0, 0.0, 2.0, 2.0, 0.0, 2.0, 0.0, 2.0, 4.0, 0.0, 0.0]"
17,824,1474.5941089060793,1358.3211089060792,1162.7300000000002,"[0.0, 0.0, 2.0, 4.0, 0.0, 0.0, 0.0, 0.0, 0.0, 2.0, 0.0, 2.0, 4.0, 0.0, 0.0]"
17,825,1540.9966295531394,1382.1636295531393,1588.3300000000002,"[0.0, 0.0, 0.0, 0.0, 0.0, 2.0, 4.0, 0.0, 2.0, 2.0, 0.0, 2.0, 4.0, 0.0, 0.0]"
17,826,1421.2637221547184,1366.4937221547184,547.7,"[0.0, 0.0, 2.0, 0.0, 0.0, 0.0, 0.0, 0.0, 0.0, 4.0, 0.0, 0.0, 4.0, 0.0, 0.0]"
17,827,1428.7749016725388,1329.8959016725387,988.7900000000002,"[0.0, 0.0, 4.0, 0.0, 0.0, 0.0, 0.0, 0.0, 0.0, 2.0, 0.0, 2.0, 4.0, 0.0, 0.0]"
17,828,1458.1450490017412,1359.2800490017412,988.6500000000001,"[0.0, 0.0, 2.0, 0.0, 0.0, 0.0, 0.0, 0.0, 4.0, 2.0, 0.0, 0.0, 4.0, 0.0, 0.0]"
17,829,1469.9965460988599,1347.00454609886,1229.92,"[0.0, 0.0, 2.0, 0.0, 0.0, 0.0, 0.0, 0.0, 4.0, 2.0, 0.0, 2.0, 4.0, 0.0, 0.0]"
17,830,1454.3376210765057,1346.3156210765057,1080.22,"[2.0, 0.0, 2.0, 0.0, 0.0, 0.0, 2.0, 0.0, 0.0, 2.0, 0.0, 0.0, 4.0, 0.0, 0.0]"
17,831,1581.6642514679083,1405.3722514679084,1762.92,"[0.0, 0.0, 2.0, 0.0, 0.0, 4.0, 0.0, 4.0, 0.0, 2.0, 0.0, 0.0, 4.0, 0.0, 0.0]"
17,832,1447.2121531670177,1338.4791531670178,1087.3300000000002,"[2.0, 0.0, 2.0, 0.0, 0.0, 0.0, 0.0, 0.0, 0.0, 2.0, 0.0, 2.0, 4.0, 0.0, 0.0]"
17,833,1446.8489602689237,1343.6909602689238,1031.5800000000002,"[0.0, 0.0, 2.0, 0.0, 0.0, 0.0, 0.0, 0.0, 0.0, 2.0, 0.0, 4.0, 4.0, 0.0, 0.0]"
17,834,1496.7559720591214,1304.9419720591213,1918.1400000000003,"[4.0, 0.0, 2.0, 0.0, 0.0, 0.0, 0.0, 0.0, 0.0, 2.0, 0.0, 2.0, 4.0, 4.0, 0.0]"
17,835,1445.4755799748878,1383.8295799748878,616.46,"[0.0, 0.0, 2.0, 0.0, 0.0, 0.0, 0.0, 0.0, 0.0, 0.0, 0.0, 2.0, 2.0, 0.0, 0.0]"
17,836,1471.2316577700376,1352.1996577700377,1190.3200000000002,"[2.0, 0.0, 2.0, 0.0, 0.0, 0.0, 0.0, 0.0, 0.0, 2.0, 0.0, 2.0, 2.0, 2.0, 0.0]"
17,837,1502.7447832803548,1297.0437832803548,2057.01,"[0.0, 4.0, 4.0, 0.0, 2.0, 0.0, 0.0, 0.0, 0.0, 2.0, 0.0, 2.0, 4.0, 0.0, 0.0]"
17,838,1436.0780432317506,1309.6490432317505,1264.2900000000002,"[0.0, 0.0, 4.0, 0.0, 0.0, 0.0, 0.0, 0.0, 0.0, 2.0, 0.0, 2.0, 4.0, 2.0, 0.0]"
17,839,1531.0735138483963,1361.2355138483963,1698.38,"[4.0, 0.0, 2.0, 0.0, 0.0, 0.0, 0.0, 0.0, 0.0, 2.0, 4.0, 0.0, 4.0, 0.0, 0.0]"
17,840,1460.0346035477794,1384.1656035477795,758.69,"[0.0, 0.0, 4.0, 2.0, 0.0, 0.0, 0.0, 0.0, 0.0, 2.0, 0.0, 0.0, 2.0, 0.0, 0.0]"
17,841,1523.2849346021462,1373.8069346021462,1494.7800000000002,"[4.0, 0.0, 4.0, 0.0, 0.0, 0.0, 2.0, 0.0, 0.0, 2.0, 0.0, 0.0, 0.0, 2.0, 0.0]"
17,842,1458.992010529513,1353.9480105295129,1050.4400000000003,"[0.0, 0.0, 4.0, 0.0, 0.0, 0.0, 2.0, 0.0, 0.0, 2.0, 0.0, 2.0, 2.0, 0.0, 0.0]"
17,843,1493.6322502784244,1338.0642502784244,1555.6800000000003,"[0.0, 0.0, 2.0, 0.0, 0.0, 0.0, 0.0, 0.0, 4.0, 2.0, 0.0, 2.0, 4.0, 0.0, 4.0]"
17,844,1442.740501771793,1341.572501771793,1011.6800000000002,"[0.0, 0.0, 2.0, 0.0, 0.0, 0.0, 0.0, 0.0, 2.0, 2.0, 0.0, 2.0, 4.0, 0.0, 0.0]"
17,845,1641.3918993946268,1353.9588993946268,2874.3300000000004,"[0.0, 0.0, 4.0, 0.0, 0.0, 4.0, 2.0, 4.0, 4.0, 2.0, 0.0, 2.0, 4.0, 0.0, 0.0]"
17,846,1567.8499856040817,1366.3989856040816,2014.5100000000002,"[2.0, 0.0, 2.0, 0.0, 0.0, 0.0, 0.0, 4.0, 2.0, 2.0, 0.0, 2.0, 2.0, 2.0, 0.0]"
17,847,1443.1391349370267,1340.8261349370266,1023.1300000000001,"[0.0, 0.0, 2.0, 0.0, 0.0, 0.0, 2.0, 0.0, 0.0, 2.0, 0.0, 2.0, 4.0, 0.0, 0.0]"
17,848,1447.430328459763,1324.2903284597628,1231.4,"[0.0, 0.0, 4.0, 0.0, 0.0, 0.0, 0.0, 0.0, 0.0, 2.0, 0.0, 4.0, 4.0, 0.0, 0.0]"
17,849,1461.5870323985016,1342.7400323985016,1188.47,"[0.0, 0.0, 4.0, 0.0, 0.0, 0.0, 0.0, 0.0, 4.0, 2.0, 0.0, 0.0, 4.0, 0.0, 0.0]"
17,850,1426.3140446721475,1347.4170446721475,788.9700000000001,"[0.0, 0.0, 2.0, 0.0, 0.0, 0.0, 0.0, 0.0, 0.0, 2.0, 0.0, 2.0, 4.0, 0.0, 0.0]"
18,851,1422.4865350344269,1367.716535034427,547.7,"[0.0, 0.0, 2.0, 0.0, 0.0, 0.0, 0.0, 0.0, 0.0, 2.0, 0.0, 0.0, 4.0, 0.0, 0.0]"
18,852,1422.6654413819638,1367.8954413819638,547.7,"[0.0, 0.0, 2.0, 0.0, 0.0, 0.0, 0.0, 0.0, 0.0, 2.0, 0.0, 0.0, 4.0, 0.0, 0.0]"
18,853,1484.3726847220817,1350.1816847220816,1341.91,"[0.0, 0.0, 2.0, 0.0, 0.0, 2.0, 0.0, 0.0, 0.0, 2.0, 0.0, 4.0, 4.0, 0.0, 0.0]"
18,854,1422.188023491292,1367.418023491292,547.7,"[0.0, 0.0, 2.0, 0.0, 0.0, 0.0, 0.0, 0.0, 0.0, 2.0, 0.0, 0.0, 4.0, 0.0, 0.0]"
18,855,1422.6402057429834,1367.8702057429834,547.7,"[0.0, 0.0, 2.0, 0.0, 0.0, 0.0, 0.0, 0.0, 0.0, 2.0, 0.0, 0.0, 4.0, 0.0, 0.0]"
18,856,1511.888923338598,1361.900923338598,1499.88,"[0.0, 0.0, 2.0, 4.0, 0.0, 0.0, 2.0, 0.0, 0.0, 2.0, 0.0, 2.0, 2.0, 2.0, 0.0]"
18,857,1427.4193061501387,1348.5223061501388,788.9700000000001,"[0.0, 0.0, 2.0, 0.0, 0.0, 0.0, 0.0, 0.0, 0.0, 2.0, 0.0, 2.0, 4.0, 0.0, 0.0]"
18,858,1532.0793498593034,1309.7943498593033,2222.85,"[4.0, 0.0, 4.0, 2.0, 0.0, 0.0, 0.0, 0.0, 2.0, 2.0, 0.0, 4.0, 4.0, 0.0, 0.0]"
18,859,1523.2865679747297,1373.5755679747297,1497.1100000000001,"[0.0, 2.0, 2.0, 0.0, 0.0, 4.0, 0.0, 0.0, 0.0, 0.0, 0.0, 0.0, 4.0, 0.0, 0.0]"
18,860,1466.9945392917164,1353.7185392917163,1132.76,"[4.0, 0.0, 2.0, 0.0, 0.0, 0.0, 0.0, 0.0, 0.0, 4.0, 0.0, 0.0, 4.0, 0.0, 0.0]"
18,861,1501.9233374372266,1373.0793374372265,1288.4400000000003,"[0.0, 0.0, 2.0, 0.0, 0.0, 0.0, 4.0, 0.0, 4.0, 2.0, 0.0, 0.0, 2.0, 0.0, 0.0]"
18,862,1444.4115704855626,1351.2915704855627,931.2,"[0.0, 0.0, 4.0, 2.0, 0.0, 0.0, 0.0, 0.0, 0.0, 2.0, 0.0, 0.0, 4.0, 0.0, 0.0]"
18,863,1426.7453028511259,1327.866302851126,988.7900000000002,"[0.0, 0.0, 4.0, 0.0, 0.0, 0.0, 0.0, 0.0, 0.0, 2.0, 0.0, 2.0, 4.0, 0.0, 0.0]"
18,864,1425.9649072757832,1351.2129072757832,747.5200000000001,"[0.0, 0.0, 4.0, 0.0, 0.0, 0.0, 0.0, 0.0, 0.0, 2.0, 0.0, 0.0, 4.0, 0.0, 0.0]"
18,865,1422.3048933757266,1367.5348933757266,547.7,"[0.0, 0.0, 2.0, 0.0, 0.0, 0.0, 0.0, 0.0, 0.0, 2.0, 0.0, 0.0, 4.0, 0.0, 0.0]"
18,866,1430.0711636124329,1331.192163612433,988.7900000000002,"[0.0, 0.0, 4.0, 0.0, 0.0, 0.0, 0.0, 0.0, 0.0, 2.0, 0.0, 2.0, 4.0, 0.0, 0.0]"
18,867,1450.3875209468079,1352.856520946808,975.3100000000001,"[0.0, 0.0, 2.0, 2.0, 0.0, 0.0, 0.0, 0.0, 0.0, 0.0, 0.0, 2.0, 4.0, 0.0, 0.0]"
18,868,1518.3095484876706,1331.7325484876706,1865.7700000000002,"[0.0, 0.0, 4.0, 0.0, 0.0, 0.0, 0.0, 4.0, 0.0, 4.0, 0.0, 2.0, 4.0, 2.0, 0.0]"
18,869,1446.9394662360542,1358.6024662360542,883.3700000000001,"[0.0, 2.0, 2.0, 0.0, 0.0, 0.0, 0.0, 0.0, 0.0, 2.0, 0.0, 0.0, 4.0, 0.0, 0.0]"
18,870,1433.5844581240885,1351.2644581240886,823.2,"[0.0, 0.0, 2.0, 0.0, 0.0, 0.0, 0.0, 0.0, 0.0, 2.0, 0.0, 0.0, 4.0, 2.0, 0.0]"
18,871,1423.8432670460297,1369.0732670460297,547.7,"[0.0, 0.0, 2.0, 0.0, 0.0, 0.0, 0.0, 0.0, 0.0, 4.0, 0.0, 0.0, 4.0, 0.0, 0.0]"
18,872,1509.207776013931,1359.525776013931,1496.8200000000002,"[0.0, 0.0, 4.0, 2.0, 0.0, 0.0, 0.0, 0.0, 0.0, 2.0, 4.0, 0.0, 4.0, 0.0, 0.0]"
18,873,1437.1645466456068,1310.7355466456067,1264.2900000000002,"[0.0, 0.0, 4.0, 0.0, 0.0, 0.0, 0.0, 0.0, 0.0, 2.0, 0.0, 2.0, 4.0, 2.0, 0.0]"
18,874,1542.244498167534,1383.231498167534,1590.13,"[0.0, 0.0, 2.0, 0.0, 0.0, 0.0, 0.0, 4.0, 4.0, 2.0, 0.0, 0.0, 4.0, 0.0, 0.0]"
18,875,1536.561282665479,1324.420282665479,2121.4100000000003,"[0.0, 0.0, 2.0, 0.0, 0.0, 0.0, 0.0, 0.0, 2.0, 2.0, 4.0, 2.0, 4.0, 4.0, 0.0]"
18,876,1464.4066557519793,1378.4996557519794,859.0700000000002,"[0.0, 0.0, 2.0, 0.0, 0.0, 0.0, 0.0, 0.0, 0.0, 2.0, 0.0, 4.0, 2.0, 0.0, 0.0]"
18,877,1445.3147271475436,1342.1567271475435,1031.5800000000002,"[0.0, 0.0, 2.0, 0.0, 0.0, 0.0, 0.0, 0.0, 0.0, 0.0, 0.0, 4.0, 4.0, 0.0, 0.0]"
18,878,1473.3757841564911,1335.9727841564911,1374.0300000000002,"[4.0, 0.0, 2.0, 0.0, 0.0, 0.0, 0.0, 0.0, 0.0, 2.0, 0.0, 2.0, 4.0, 0.0, 0.0]"
18,879,1452.759140415536,1363.563140415536,891.96,"[0.0, 0.0, 2.0, 0.0, 0.0, 0.0, 0.0, 0.0, 0.0, 2.0, 0.0, 2.0, 2.0, 2.0, 0.0]"
18,880,1459.3908479295333,1360.5258479295333,988.6500000000001,"[0.0, 0.0, 2.0, 0.0, 0.0, 0.0, 0.0, 0.0, 4.0, 0.0, 0.0, 0.0, 4.0, 0.0, 0.0]"
18,881,1426.093142880285,1351.3411428802851,747.5200000000001,"[0.0, 0.0, 4.0, 0.0, 0.0, 0.0, 0.0, 0.0, 0.0, 2.0, 0.0, 0.0, 4.0, 0.0, 0.0]"
18,882,1427.0657267388883,1328.1867267388884,988.7900000000002,"[0.0, 0.0, 4.0, 0.0, 0.0, 0.0, 0.0, 0.0, 0.0, 2.0, 0.0, 2.0, 4.0, 0.0, 0.0]"
18,883,1473.9993928318315,1360.6603928318316,1133.39,"[0.0, 2.0, 4.0, 0.0, 0.0, 0.0, 0.0, 0.0, 2.0, 2.0, 0.0, 0.0, 2.0, 0.0, 0.0]"
18,884,1427.9095043031002,1349.0125043031003,788.9700000000001,"[0.0, 0.0, 2.0, 0.0, 0.0, 0.0, 0.0, 0.0, 0.0, 0.0, 0.0, 2.0, 4.0, 0.0, 0.0]"
18,885,1451.8150589235818,1349.8150589235818,1020.0,"[0.0, 0.0, 2.0, 0.0, 0.0, 0.0, 4.0, 0.0, 0.0, 2.0, 0.0, 0.0, 4.0, 0.0, 0.0]"
18,886,1450.0288448080348,1341.2958448080349,1087.3300000000002,"[2.0, 0.0, 2.0, 0.0, 0.0, 0.0, 0.0, 0.0, 0.0, 2.0, 0.0, 2.0, 4.0, 0.0, 0.0]"
18,887,1518.160525186265,1316.680525186265,2014.8000000000002,"[4.0, 0.0, 4.0, 0.0, 0.0, 0.0, 0.0, 0.0, 4.0, 2.0, 0.0, 2.0, 4.0, 0.0, 0.0]"
18,888,1421.050441870355,1366.280441870355,547.7,"[0.0, 0.0, 2.0, 0.0, 0.0, 0.0, 0.0, 0.0, 0.0, 2.0, 0.0, 0.0, 4.0, 0.0, 0.0]"
18,889,1491.0122032319468,1359.1022032319468,1319.1000000000001,"[4.0, 0.0, 2.0, 2.0, 0.0, 0.0, 0.0, 0.0, 0.0, 2.0, 0.0, 0.0, 4.0, 0.0, 0.0]"
18,890,1444.1497364818338,1382.5037364818338,616.46,"[0.0, 0.0, 2.0, 0.0, 0.0, 0.0, 0.0, 0.0, 0.0, 2.0, 0.0, 2.0, 2.0, 0.0, 0.0]"
18,891,1445.626207039002,1342.4682070390022,1031.5800000000002,"[0.0, 0.0, 2.0, 0.0, 0.0, 0.0, 0.0, 0.0, 0.0, 2.0, 0.0, 4.0, 4.0, 0.0, 0.0]"
18,892,1468.5583978455434,1355.2823978455433,1132.76,"[4.0, 0.0, 2.0, 0.0, 0.0, 0.0, 0.0, 0.0, 0.0, 2.0, 0.0, 0.0, 4.0, 0.0, 0.0]"
18,893,1464.5699816745976,1343.7529816745975,1208.17,"[0.0, 0.0, 4.0, 0.0, 2.0, 0.0, 0.0, 0.0, 0.0, 2.0, 0.0, 2.0, 2.0, 0.0, 0.0]"
18,894,1459.060172073057,1347.307172073057,1117.5300000000002,"[0.0, 2.0, 2.0, 0.0, 0.0, 0.0, 2.0, 0.0, 0.0, 0.0, 0.0, 0.0, 4.0, 0.0, 0.0]"
18,895,1423.649617253949,1368.879617253949,547.7,"[0.0, 0.0, 2.0, 0.0, 0.0, 0.0, 0.0, 0.0, 0.0, 2.0, 0.0, 0.0, 4.0, 0.0, 0.0]"
18,896,1440.7796869824042,1343.7566869824043,970.2300000000001,"[0.0, 0.0, 4.0, 0.0, 0.0, 0.0, 0.0, 0.0, 2.0, 4.0, 0.0, 0.0, 4.0, 0.0, 0.0]"
18,897,1424.8259004535882,1350.0739004535883,747.5200000000001,"[0.0, 0.0, 4.0, 0.0, 0.0, 0.0, 0.0, 0.0, 0.0, 2.0, 0.0, 0.0, 4.0, 0.0, 0.0]"
18,898,1520.5082517362166,1349.1032517362166,1714.0500000000002,"[0.0, 0.0, 2.0, 0.0, 4.0, 0.0, 0.0, 0.0, 2.0, 2.0, 0.0, 0.0, 4.0, 0.0, 2.0]"
18,899,1427.685793714436,1348.788793714436,788.9700000000001,"[0.0, 0.0, 2.0, 0.0, 0.0, 0.0, 0.0, 0.0, 0.0, 2.0, 0.0, 2.0, 4.0, 0.0, 0.0]"
18,900,1445.2743231005993,1342.1163231005994,1031.5800000000002,"[0.0, 0.0, 2.0, 0.0, 0.0, 0.0, 0.0, 0.0, 0.0, 2.0, 0.0, 4.0, 4.0, 0.0, 0.0]"
19,901,1422.2947063588497,1367.5247063588497,547.7,"[0.0, 0.0, 2.0, 0.0, 0.0, 0.0, 0.0, 0.0, 0.0, 2.0, 0.0, 0.0, 4.0, 0.0, 0.0]"
19,902,1420.9835884973675,1366.2135884973675,547.7,"[0.0, 0.0, 2.0, 0.0, 0.0, 0.0, 0.0, 0.0, 0.0, 2.0, 0.0, 0.0, 4.0, 0.0, 0.0]"
19,903,1533.605315868324,1350.317315868324,1832.88,"[0.0, 0.0, 4.0, 0.0, 0.0, 0.0, 0.0, 4.0, 0.0, 2.0, 0.0, 4.0, 4.0, 0.0, 0.0]"
19,904,1429.8883449427963,1331.0093449427964,988.7900000000002,"[0.0, 0.0, 4.0, 0.0, 0.0, 0.0, 0.0, 0.0, 0.0, 2.0, 0.0, 2.0, 4.0, 0.0, 0.0]"
19,905,1421.0844833032947,1366.3144833032948,547.7,"[0.0, 0.0, 2.0, 0.0, 0.0, 0.0, 0.0, 0.0, 0.0, 2.0, 0.0, 0.0, 4.0, 0.0, 0.0]"
19,906,1424.6985605572768,1349.9465605572768,747.5200000000001,"[0.0, 0.0, 4.0, 0.0, 0.0, 0.0, 0.0, 0.0, 0.0, 2.0, 0.0, 0.0, 4.0, 0.0, 0.0]"
19,907,1484.787987121335,1401.653987121335,831.34,"[0.0, 0.0, 0.0, 0.0, 0.0, 0.0, 0.0, 0.0, 0.0, 0.0, 0.0, 4.0, 4.0, 0.0, 0.0]"
19,908,1480.7016996942268,1344.0096996942268,1366.92,"[4.0, 0.0, 2.0, 0.0, 0.0, 0.0, 2.0, 0.0, 0.0, 2.0, 0.0, 0.0, 4.0, 0.0, 0.0]"
19,909,1606.5779499898765,1368.0229499898765,2385.55,"[0.0, 0.0, 2.0, 0.0, 4.0, 4.0, 0.0, 0.0, 4.0, 2.0, 0.0, 0.0, 4.0, 0.0, 0.0]"
19,910,1546.063125837873,1472.006125837873,740.5700000000002,"[0.0, 0.0, 0.0, 0.0, 0.0, 0.0, 0.0, 0.0, 0.0, 2.0, 4.0, 0.0, 2.0, 0.0, 0.0]"
19,911,1424.8616024947858,1350.1096024947858,747.5200000000001,"[0.0, 0.0, 4.0, 0.0, 0.0, 0.0, 0.0, 0.0, 0.0, 2.0, 0.0, 0.0, 4.0, 0.0, 0.0]"
19,912,1452.1349457954523,1339.6709457954523,1124.64,"[0.0, 2.0, 2.0, 0.0, 0.0, 0.0, 0.0, 0.0, 0.0, 2.0, 0.0, 2.0, 4.0, 0.0, 0.0]"
19,913,1433.8055922078447,1351.4855922078448,823.2,"[0.0, 0.0, 2.0, 0.0, 0.0, 0.0, 0.0, 0.0, 0.0, 2.0, 0.0, 0.0, 4.0, 2.0, 0.0]"
19,914,1424.4981929447977,1349.7461929447977,747.5200000000001,"[0.0, 0.0, 4.0, 0.0, 0.0, 0.0, 0.0, 0.0, 0.0, 2.0, 0.0, 0.0, 4.0, 0.0, 0.0]"
19,915,1545.1295770204322,1450.2355770204322,948.94,"[0.0, 0.0, 0.0, 0.0, 0.0, 0.0, 0.0, 4.0, 0.0, 2.0, 0.0, 0.0, 4.0, 0.0, 0.0]"
19,916,1452.3769937230447,1335.1299937230447,1172.47,"[0.0, 0.0, 4.0, 2.0, 0.0, 0.0, 0.0, 0.0, 0.0, 2.0, 0.0, 2.0, 4.0, 0.0, 0.0]"
19,917,1453.8505618368833,1321.4045618368834,1324.46,"[0.0, 2.0, 4.0, 0.0, 0.0, 0.0, 0.0, 0.0, 0.0, 2.0, 0.0, 2.0, 4.0, 0.0, 0.0]"
19,918,1504.7610735273274,1389.8430735273273,1149.18,"[0.0, 0.0, 2.0, 0.0, 0.0, 0.0, 0.0, 4.0, 0.0, 2.0, 0.0, 0.0, 4.0, 0.0, 0.0]"
19,919,1536.548720123112,1390.6767201231119,1458.7200000000003,"[0.0, 0.0, 4.0, 0.0, 4.0, 0.0, 0.0, 0.0, 0.0, 2.0, 0.0, 0.0, 0.0, 2.0, 0.0]"
19,920,1575.2287816929934,1426.8307816929932,1483.9800000000002,"[0.0, 0.0, 0.0, 0.0, 0.0, 0.0, 0.0, 4.0, 2.0, 4.0, 0.0, 0.0, 4.0, 0.0, 4.0]"
19,921,1509.049619448776,1394.1316194487758,1149.18,"[0.0, 0.0, 2.0, 0.0, 0.0, 0.0, 0.0, 4.0, 0.0, 2.0, 0.0, 0.0, 4.0, 0.0, 0.0]"
19,922,1482.7783491950997,1345.5633491950998,1372.15,"[0.0, 0.0, 4.0, 2.0, 0.0, 0.0, 0.0, 0.0, 4.0, 2.0, 0.0, 0.0, 4.0, 0.0, 0.0]"
19,923,1456.6771619049548,1352.2921619049548,1043.8500000000001,"[0.0, 2.0, 2.0, 0.0, 0.0, 0.0, 0.0, 0.0, 0.0, 0.0, 0.0, 0.0, 4.0, 0.0, 2.0]"
19,924,1522.8378285077952,1354.522828507795,1683.15,"[0.0, 2.0, 2.0, 0.0, 0.0, 0.0, 2.0, 0.0, 0.0, 2.0, 4.0, 0.0, 4.0, 0.0, 0.0]"
19,925,1547.0542148526079,1334.7142148526077,2123.4,"[0.0, 2.0, 2.0, 0.0, 4.0, 0.0, 2.0, 0.0, 2.0, 0.0, 0.0, 0.0, 4.0, 0.0, 0.0]"
19,926,1427.7202250617631,1348.8232250617632,788.9700000000001,"[0.0, 0.0, 2.0, 0.0, 0.0, 0.0, 0.0, 0.0, 0.0, 2.0, 0.0, 2.0, 4.0, 0.0, 0.0]"
19,927,1447.2507388980011,1338.5177388980012,1087.3300000000002,"[2.0, 0.0, 2.0, 0.0, 0.0, 0.0, 0.0, 0.0, 0.0, 2.0, 0.0, 2.0, 4.0, 0.0, 0.0]"
19,928,1470.9017037689614,1426.7507037689613,441.51000000000005,"[0.0, 0.0, 2.0, 0.0, 0.0, 0.0, 0.0, 0.0, 0.0, 2.0, 0.0, 2.0, 0.0, 0.0, 0.0]"
19,929,1429.0255893645456,1350.1285893645456,788.9700000000001,"[0.0, 0.0, 2.0, 0.0, 0.0, 0.0, 0.0, 0.0, 0.0, 2.0, 0.0, 2.0, 4.0, 0.0, 0.0]"
19,930,1422.286848926691,1367.516848926691,547.7,"[0.0, 0.0, 2.0, 0.0, 0.0, 0.0, 0.0, 0.0, 0.0, 2.0, 0.0, 0.0, 4.0, 0.0, 0.0]"
19,931,1427.508111111111,1348.611111111111,788.9700000000001,"[0.0, 0.0, 2.0, 0.0, 0.0, 0.0, 0.0, 0.0, 0.0, 2.0, 0.0, 2.0, 4.0, 0.0, 0.0]"
19,932,1423.8535864722558,1369.0835864722558,547.7,"[0.0, 0.0, 2.0, 0.0, 0.0, 0.0, 0.0, 0.0, 0.0, 2.0, 0.0, 0.0, 4.0, 0.0, 0.0]"
19,933,1476.984866017373,1368.790866017373,1081.9400000000003,"[0.0, 0.0, 2.0, 4.0, 0.0, 0.0, 0.0, 0.0, 0.0, 2.0, 0.0, 0.0, 4.0, 0.0, 2.0]"
19,934,1423.6102421984162,1368.8402421984163,547.7,"[0.0, 0.0, 2.0, 0.0, 0.0, 0.0, 0.0, 0.0, 0.0, 2.0, 0.0, 0.0, 4.0, 0.0, 0.0]"
19,935,1479.6392495697073,1313.7552495697073,1658.8400000000001,"[0.0, 0.0, 2.0, 0.0, 0.0, 0.0, 0.0, 0.0, 0.0, 2.0, 0.0, 2.0, 4.0, 4.0, 4.0]"
19,936,1445.4138318279397,1383.7678318279397,616.46,"[0.0, 0.0, 2.0, 0.0, 0.0, 0.0, 0.0, 0.0, 0.0, 2.0, 0.0, 2.0, 2.0, 0.0, 0.0]"
19,937,1431.0689400615584,1332.1899400615584,988.7900000000002,"[0.0, 0.0, 4.0, 0.0, 0.0, 0.0, 0.0, 0.0, 0.0, 2.0, 0.0, 2.0, 4.0, 0.0, 0.0]"
19,938,1524.3854596148785,1358.7234596148785,1656.6200000000001,"[0.0, 0.0, 2.0, 0.0, 4.0, 0.0, 0.0, 0.0, 0.0, 2.0, 0.0, 0.0, 4.0, 0.0, 4.0]"
19,939,1569.5622604443006,1491.9192604443006,776.4300000000001,"[0.0, 0.0, 0.0, 0.0, 0.0, 0.0, 0.0, 4.0, 0.0, 2.0, 0.0, 0.0, 2.0, 0.0, 0.0]"
19,940,1462.5373821325884,1356.6483821325883,1058.89,"[0.0, 0.0, 4.0, 0.0, 0.0, 0.0, 0.0, 0.0, 0.0, 2.0, 0.0, 4.0, 2.0, 0.0, 0.0]"
19,941,1443.2897187170972,1358.6837187170972,846.0600000000001,"[2.0, 0.0, 2.0, 0.0, 0.0, 0.0, 0.0, 0.0, 0.0, 2.0, 0.0, 0.0, 4.0, 0.0, 0.0]"
19,942,1673.1003210236477,1469.8323210236476,2032.6800000000003,"[0.0, 0.0, 0.0, 0.0, 4.0, 0.0, 0.0, 2.0, 4.0, 0.0, 0.0, 0.0, 2.0, 0.0, 4.0]"
19,943,1422.4681814131513,1367.6981814131514,547.7,"[0.0, 0.0, 2.0, 0.0, 0.0, 0.0, 0.0, 0.0, 0.0, 2.0, 0.0, 0.0, 4.0, 0.0, 0.0]"
19,944,1449.2203716970052,1351.6893716970053,975.3100000000001,"[0.0, 0.0, 2.0, 2.0, 0.0, 0.0, 0.0, 0.0, 0.0, 0.0, 0.0, 2.0, 4.0, 0.0, 0.0]"
19,945,1500.1334065284304,1373.5614065284303,1265.7200000000003,"[0.0, 0.0, 2.0, 4.0, 0.0, 0.0, 0.0, 0.0, 0.0, 2.0, 0.0, 2.0, 2.0, 2.0, 0.0]"
19,946,1434.9892662400778,1356.8032662400778,781.8600000000001,"[0.0, 0.0, 2.0, 0.0, 0.0, 0.0, 2.0, 0.0, 0.0, 2.0, 0.0, 0.0, 4.0, 0.0, 0.0]"
19,947,1540.030288389513,1319.569288389513,2204.61,"[2.0, 4.0, 2.0, 0.0, 0.0, 0.0, 0.0, 0.0, 4.0, 2.0, 0.0, 2.0, 4.0, 0.0, 0.0]"
19,948,1461.2217320737905,1362.3567320737905,988.6500000000001,"[0.0, 0.0, 2.0, 0.0, 0.0, 0.0, 0.0, 0.0, 4.0, 2.0, 0.0, 0.0, 4.0, 0.0, 0.0]"
19,949,1445.476268335156,1342.3182683351558,1031.5800000000002,"[0.0, 0.0, 2.0, 0.0, 0.0, 0.0, 0.0, 0.0, 0.0, 2.0, 0.0, 4.0, 4.0, 0.0, 0.0]"
19,950,1475.6974282185233,1346.7824282185234,1289.15,"[0.0, 0.0, 4.0, 0.0, 0.0, 2.0, 2.0, 0.0, 0.0, 2.0, 0.0, 0.0, 4.0, 0.0, 0.0]"
20,951,1423.0896132037262,1368.3196132037262,547.7,"[0.0, 0.0, 2.0, 0.0, 0.0, 0.0, 0.0, 0.0, 0.0, 2.0, 0.0, 0.0, 4.0, 0.0, 0.0]"
20,952,1422.4228523116178,1367.6528523116178,547.7,"[0.0, 0.0, 2.0, 0.0, 0.0, 0.0, 0.0, 0.0, 0.0, 2.0, 0.0, 0.0, 4.0, 0.0, 0.0]"
20,953,1501.7084260834347,1436.6424260834347,650.6600000000001,"[0.0, 0.0, 0.0, 0.0, 0.0, 0.0, 0.0, 2.0, 0.0, 2.0, 0.0, 0.0, 4.0, 0.0, 0.0]"
20,954,1577.5767817106755,1434.2947817106756,1432.8200000000002,"[0.0, 0.0, 0.0, 0.0, 0.0, 0.0, 0.0, 4.0, 0.0, 0.0, 0.0, 4.0, 4.0, 0.0, 0.0]"
20,955,1499.1770618823912,1366.0910618823912,1330.8600000000001,"[0.0, 0.0, 2.0, 0.0, 4.0, 0.0, 0.0, 0.0, 0.0, 2.0, 0.0, 0.0, 4.0, 0.0, 0.0]"
20,956,1420.9209214256782,1366.1509214256782,547.7,"[0.0, 0.0, 2.0, 0.0, 0.0, 0.0, 0.0, 0.0, 0.0, 2.0, 0.0, 0.0, 4.0, 0.0, 0.0]"
20,957,1497.1438174455334,1356.1068174455334,1410.3700000000001,"[0.0, 4.0, 2.0, 2.0, 0.0, 0.0, 0.0, 0.0, 0.0, 2.0, 0.0, 0.0, 4.0, 0.0, 0.0]"
20,958,1526.0527928081153,1343.5967928081152,1824.5600000000004,"[0.0, 0.0, 4.0, 0.0, 0.0, 2.0, 0.0, 0.0, 4.0, 2.0, 0.0, 0.0, 4.0, 0.0, 4.0]"
20,959,1492.9796009313627,1327.3886009313626,1655.9100000000003,"[2.0, 0.0, 4.0, 4.0, 0.0, 0.0, 0.0, 0.0, 0.0, 2.0, 0.0, 2.0, 4.0, 0.0, 0.0]"
20,960,1539.3583337787766,1375.1353337787766,1642.23,"[0.0, 0.0, 2.0, 0.0, 4.0, 0.0, 0.0, 0.0, 0.0, 2.0, 0.0, 4.0, 2.0, 0.0, 0.0]"
20,961,1449.2217876382192,1388.2867876382193,609.35,"[0.0, 0.0, 2.0, 0.0, 0.0, 0.0, 2.0, 0.0, 0.0, 2.0, 0.0, 0.0, 2.0, 0.0, 0.0]"
20,962,1467.8137123939498,1319.8917123939498,1479.2200000000003,"[2.0, 0.0, 2.0, 0.0, 2.0, 0.0, 0.0, 0.0, 0.0, 2.0, 0.0, 2.0, 4.0, 0.0, 0.0]"
20,963,1424.4222844993417,1349.6702844993417,747.5200000000001,"[0.0, 0.0, 4.0, 0.0, 0.0, 0.0, 0.0, 0.0, 0.0, 2.0, 0.0, 0.0, 4.0, 0.0, 0.0]"
20,964,1469.7629583881744,1333.0429583881744,1367.2,"[0.0, 0.0, 2.0, 2.0, 2.0, 0.0, 0.0, 0.0, 0.0, 2.0, 0.0, 2.0, 4.0, 0.0, 0.0]"
20,965,1488.2589614239719,1384.534961423972,1037.2400000000002,"[0.0, 0.0, 2.0, 2.0, 0.0, 0.0, 0.0, 2.0, 0.0, 2.0, 0.0, 0.0, 4.0, 0.0, 0.0]"
20,966,1474.1165997732196,1344.9175997732195,1291.9900000000002,"[0.0, 0.0, 4.0, 0.0, 0.0, 0.0, 0.0, 2.0, 0.0, 2.0, 0.0, 2.0, 4.0, 0.0, 0.0]"
20,967,1445.8292373904062,1336.6482373904062,1091.8100000000002,"[0.0, 0.0, 2.0, 0.0, 0.0, 0.0, 0.0, 0.0, 0.0, 2.0, 0.0, 0.0, 4.0, 4.0, 0.0]"
20,968,1539.1087113126569,1345.3097113126569,1937.9900000000002,"[0.0, 2.0, 4.0, 0.0, 0.0, 2.0, 0.0, 2.0, 0.0, 2.0, 0.0, 2.0, 4.0, 0.0, 0.0]"
20,969,1469.6725770398864,1294.2005770398864,1754.7200000000003,"[2.0, 0.0, 2.0, 0.0, 2.0, 0.0, 0.0, 0.0, 0.0, 2.0, 0.0, 2.0, 4.0, 2.0, 0.0]"
20,970,1485.728144477068,1393.049144477068,926.79,"[0.0, 0.0, 2.0, 0.0, 0.0, 2.0, 0.0, 0.0, 0.0, 2.0, 0.0, 2.0, 2.0, 0.0, 0.0]"
20,971,1433.0807497721885,1330.7787497721886,1023.0200000000001,"[0.0, 0.0, 4.0, 0.0, 0.0, 0.0, 0.0, 0.0, 0.0, 2.0, 0.0, 0.0, 4.0, 2.0, 0.0]"
20,972,1492.372774526678,1393.3507745266782,990.2200000000001,"[0.0, 0.0, 2.0, 4.0, 0.0, 0.0, 0.0, 0.0, 0.0, 2.0, 0.0, 2.0, 2.0, 0.0, 0.0]"
20,973,1438.0207618469017,1400.5017618469017,375.19000000000005,"[0.0, 0.0, 2.0, 0.0, 0.0, 0.0, 0.0, 0.0, 0.0, 2.0, 0.0, 0.0, 2.0, 0.0, 0.0]"
20,974,1436.6705376452958,1341.7255376452958,949.45,"[0.0, 0.0, 2.0, 0.0, 0.0, 0.0, 0.0, 0.0, 0.0, 2.0, 0.0, 2.0, 4.0, 0.0, 2.0]"
20,975,1510.1361436671054,1386.8531436671055,1232.8300000000002,"[0.0, 0.0, 2.0, 4.0, 0.0, 0.0, 0.0, 0.0, 0.0, 2.0, 0.0, 4.0, 2.0, 0.0, 0.0]"
20,976,1515.7269392374822,1335.508939237482,1802.18,"[0.0, 0.0, 4.0, 0.0, 0.0, 2.0, 0.0, 0.0, 2.0, 2.0, 2.0, 2.0, 4.0, 0.0, 0.0]"
20,977,1512.673140320327,1353.610140320327,1590.63,"[0.0, 0.0, 4.0, 0.0, 0.0, 4.0, 2.0, 0.0, 0.0, 2.0, 0.0, 0.0, 4.0, 0.0, 0.0]"
20,978,1514.2560785584126,1347.7580785584125,1664.98,"[0.0, 4.0, 2.0, 0.0, 0.0, 0.0, 0.0, 0.0, 4.0, 2.0, 0.0, 0.0, 4.0, 0.0, 0.0]"
20,979,1419.7273916565412,1364.9573916565412,547.7,"[0.0, 0.0, 2.0, 0.0, 0.0, 0.0, 0.0, 0.0, 0.0, 2.0, 0.0, 0.0, 4.0, 0.0, 0.0]"
20,980,1495.7811180174526,1309.0811180174526,1867.0,"[0.0, 0.0, 2.0, 0.0, 0.0, 0.0, 2.0, 0.0, 0.0, 2.0, 0.0, 4.0, 4.0, 2.0, 4.0]"
20,981,1428.2113309640968,1329.3323309640969,988.7900000000002,"[0.0, 0.0, 4.0, 0.0, 0.0, 0.0, 0.0, 0.0, 0.0, 2.0, 0.0, 2.0, 4.0, 0.0, 0.0]"
20,982,1514.3583016380828,1381.7693016380829,1325.8900000000003,"[0.0, 2.0, 2.0, 4.0, 0.0, 0.0, 0.0, 0.0, 0.0, 2.0, 0.0, 2.0, 2.0, 0.0, 0.0]"
20,983,1456.3081294698902,1353.5211294698902,1027.8700000000001,"[0.0, 0.0, 4.0, 0.0, 0.0, 0.0, 0.0, 0.0, 0.0, 0.0, 2.0, 0.0, 4.0, 0.0, 0.0]"
20,984,1482.9886957032359,1348.7976957032358,1341.91,"[0.0, 0.0, 2.0, 0.0, 0.0, 2.0, 0.0, 0.0, 0.0, 2.0, 0.0, 4.0, 4.0, 0.0, 0.0]"
20,985,1491.4824211059142,1329.8184211059142,1616.6400000000003,"[4.0, 0.0, 2.0, 0.0, 0.0, 0.0, 0.0, 0.0, 0.0, 4.0, 0.0, 4.0, 4.0, 0.0, 0.0]"
20,986,1485.5924160306115,1306.9074160306116,1786.8500000000001,"[0.0, 0.0, 4.0, 0.0, 0.0, 0.0, 4.0, 0.0, 0.0, 2.0, 0.0, 2.0, 4.0, 0.0, 4.0]"
20,987,1505.6019057627668,1348.3889057627669,1572.13,"[0.0, 0.0, 2.0, 0.0, 4.0, 0.0, 0.0, 0.0, 0.0, 2.0, 0.0, 2.0, 4.0, 0.0, 0.0]"
20,988,1424.3266511957556,1349.5746511957557,747.5200000000001,"[0.0, 0.0, 4.0, 0.0, 0.0, 0.0, 0.0, 0.0, 0.0, 2.0, 0.0, 0.0, 4.0, 0.0, 0.0]"
20,989,1505.1339690379282,1364.8629690379282,1402.71,"[0.0, 0.0, 2.0, 0.0, 0.0, 4.0, 0.0, 0.0, 0.0, 2.0, 0.0, 2.0, 4.0, 0.0, 0.0]"
20,990,1436.1876199250783,1358.0016199250783,781.8600000000001,"[0.0, 0.0, 2.0, 0.0, 0.0, 0.0, 2.0, 0.0, 0.0, 2.0, 0.0, 0.0, 4.0, 0.0, 0.0]"
20,991,1460.0479995544847,1388.9619995544847,710.8600000000001,"[0.0, 2.0, 2.0, 0.0, 0.0, 0.0, 0.0, 0.0, 0.0, 2.0, 0.0, 0.0, 2.0, 0.0, 0.0]"
20,992,1454.992865092544,1365.540865092544,894.5200000000001,"[0.0, 0.0, 2.0, 2.0, 0.0, 0.0, 0.0, 0.0, 0.0, 0.0, 0.0, 0.0, 4.0, 0.0, 2.0]"
20,993,1469.9784768461334,1358.3504768461335,1116.2800000000002,"[0.0, 0.0, 4.0, 4.0, 0.0, 0.0, 0.0, 0.0, 0.0, 2.0, 0.0, 0.0, 4.0, 0.0, 0.0]"
20,994,1434.2316216818192,1343.4316216818193,908.0,"[0.0, 0.0, 4.0, 0.0, 0.0, 0.0, 0.0, 0.0, 0.0, 2.0, 0.0, 0.0, 4.0, 0.0, 2.0]"
20,995,1460.9751526748473,1362.1101526748473,988.6500000000001,"[0.0, 0.0, 2.0, 0.0, 0.0, 0.0, 0.0, 0.0, 4.0, 2.0, 0.0, 0.0, 4.0, 0.0, 0.0]"
20,996,1436.782381194435,1399.263381194435,375.19000000000005,"[0.0, 0.0, 2.0, 0.0, 0.0, 0.0, 0.0, 0.0, 0.0, 2.0, 0.0, 0.0, 2.0, 0.0, 0.0]"
20,997,1524.6037072306476,1362.2567072306476,1623.4700000000003,"[0.0, 0.0, 4.0, 0.0, 0.0, 2.0, 0.0, 0.0, 0.0, 2.0, 4.0, 0.0, 4.0, 0.0, 0.0]"
20,998,1450.2588731116603,1362.9128731116602,873.46,"[0.0, 0.0, 2.0, 0.0, 0.0, 0.0, 0.0, 0.0, 0.0, 2.0, 0.0, 0.0, 4.0, 0.0, 4.0]"
20,999,1449.2242863159602,1336.7602863159602,1124.64,"[0.0, 2.0, 2.0, 0.0, 0.0, 0.0, 0.0, 0.0, 0.0, 2.0, 0.0, 2.0, 4.0, 0.0, 0.0]"
20,1000,1444.1690533562823,1351.0490533562822,931.2,"[0.0, 0.0, 4.0, 2.0, 0.0, 0.0, 0.0, 0.0, 0.0, 0.0, 0.0, 0.0, 4.0, 0.0, 0.0]"
21,1001,1423.8181074950892,1369.0481074950892,547.7,"[0.0, 0.0, 2.0, 0.0, 0.0, 0.0, 0.0, 0.0, 0.0, 2.0, 0.0, 0.0, 4.0, 0.0, 0.0]"
21,1002,1421.0047455396018,1366.2347455396018,547.7,"[0.0, 0.0, 2.0, 0.0, 0.0, 0.0, 0.0, 0.0, 0.0, 2.0, 0.0, 0.0, 4.0, 0.0, 0.0]"
21,1003,1448.190833306334,1310.122833306334,1380.6800000000003,"[0.0, 0.0, 4.0, 0.0, 2.0, 0.0, 0.0, 0.0, 0.0, 2.0, 0.0, 2.0, 4.0, 0.0, 0.0]"
21,1004,1538.2081305474571,1358.356130547457,1798.5200000000002,"[2.0, 0.0, 2.0, 4.0, 0.0, 0.0, 0.0, 2.0, 0.0, 2.0, 0.0, 0.0, 4.0, 2.0, 0.0]"
21,1005,1541.4858895637212,1316.828889563721,2246.57,"[4.0, 2.0, 4.0, 2.0, 0.0, 0.0, 2.0, 0.0, 0.0, 0.0, 0.0, 0.0, 4.0, 0.0, 2.0]"
21,1006,1464.3849823424594,1344.5829823424592,1198.0200000000002,"[0.0, 0.0, 2.0, 2.0, 0.0, 0.0, 0.0, 0.0, 2.0, 2.0, 0.0, 2.0, 4.0, 0.0, 0.0]"
21,1007,1424.3171540003646,1349.5651540003646,747.5200000000001,"[0.0, 0.0, 4.0, 0.0, 0.0, 0.0, 0.0, 0.0, 0.0, 2.0, 0.0, 0.0, 4.0, 0.0, 0.0]"
21,1008,1469.8416999615283,1358.2136999615284,1116.2800000000002,"[0.0, 0.0, 4.0, 4.0, 0.0, 0.0, 0.0, 0.0, 0.0, 0.0, 0.0, 0.0, 4.0, 0.0, 0.0]"
21,1009,1555.5263660768514,1307.3973660768513,2481.2900000000004,"[0.0, 0.0, 4.0, 0.0, 4.0, 0.0, 2.0, 0.0, 4.0, 2.0, 0.0, 0.0, 4.0, 2.0, 0.0]"
21,1010,1423.8661503412245,1369.0961503412245,547.7,"[0.0, 0.0, 2.0, 0.0, 0.0, 0.0, 0.0, 0.0, 0.0, 0.0, 0.0, 0.0, 4.0, 0.0, 0.0]"
21,1011,1447.536609775852,1338.355609775852,1091.8100000000002,"[0.0, 0.0, 2.0, 0.0, 0.0, 0.0, 0.0, 0.0, 0.0, 2.0, 0.0, 0.0, 4.0, 4.0, 0.0]"
21,1012,1422.4695038477116,1367.6995038477116,547.7,"[0.0, 0.0, 2.0, 0.0, 0.0, 0.0, 0.0, 0.0, 0.0, 2.0, 0.0, 0.0, 4.0, 0.0, 0.0]"
21,1013,1485.0973479317256,1337.8443479317257,1472.5300000000002,"[0.0, 0.0, 2.0, 0.0, 0.0, 0.0, 0.0, 0.0, 4.0, 2.0, 0.0, 4.0, 4.0, 0.0, 0.0]"
21,1014,1424.5388294757306,1349.7868294757307,747.5200000000001,"[0.0, 0.0, 4.0, 0.0, 0.0, 0.0, 0.0, 0.0, 0.0, 2.0, 0.0, 0.0, 4.0, 0.0, 0.0]"
21,1015,1445.261414270673,1336.080414270673,1091.8100000000002,"[0.0, 0.0, 2.0, 0.0, 0.0, 0.0, 0.0, 0.0, 0.0, 2.0, 0.0, 0.0, 4.0, 4.0, 0.0]"
21,1016,1434.8712233652618,1377.3702233652618,575.0100000000001,"[0.0, 0.0, 4.0, 0.0, 0.0, 0.0, 0.0, 0.0, 0.0, 2.0, 0.0, 0.0, 2.0, 0.0, 0.0]"
21,1017,1421.2747691373024,1366.5047691373024,547.7,"[0.0, 0.0, 2.0, 0.0, 0.0, 0.0, 0.0, 0.0, 0.0, 2.0, 0.0, 0.0, 4.0, 0.0, 0.0]"
21,1018,1437.9939478502135,1400.4749478502135,375.19000000000005,"[0.0, 0.0, 2.0, 0.0, 0.0, 0.0, 0.0, 0.0, 0.0, 2.0, 0.0, 0.0, 2.0, 0.0, 0.0]"
21,1019,1545.1951661266808,1428.8941661266808,1163.01,"[0.0, 0.0, 2.0, 2.0, 0.0, 0.0, 0.0, 4.0, 0.0, 2.0, 0.0, 0.0, 2.0, 0.0, 0.0]"
21,1020,1446.9400129386277,1358.6030129386277,883.3700000000001,"[0.0, 2.0, 2.0, 0.0, 0.0, 0.0, 0.0, 0.0, 0.0, 0.0, 0.0, 0.0, 4.0, 0.0, 0.0]"
21,1021,1419.707159521254,1364.937159521254,547.7,"[0.0, 0.0, 2.0, 0.0, 0.0, 0.0, 0.0, 0.0, 0.0, 2.0, 0.0, 0.0, 4.0, 0.0, 0.0]"
21,1022,1464.131827683959,1345.284827683959,1188.47,"[0.0, 0.0, 4.0, 0.0, 0.0, 0.0, 0.0, 0.0, 4.0, 2.0, 0.0, 0.0, 4.0, 0.0, 0.0]"
21,1023,1481.419674293814,1363.920674293814,1174.9900000000002,"[0.0, 0.0, 2.0, 2.0, 0.0, 0.0, 0.0, 0.0, 4.0, 2.0, 0.0, 0.0, 4.0, 0.0, 0.0]"
21,1024,1434.8816458772071,1344.0816458772072,908.0,"[0.0, 0.0, 4.0, 0.0, 0.0, 0.0, 0.0, 0.0, 0.0, 2.0, 0.0, 0.0, 4.0, 0.0, 2.0]"
21,1025,1520.0244501549116,1381.6904501549116,1383.3400000000001,"[0.0, 0.0, 2.0, 0.0, 0.0, 0.0, 2.0, 4.0, 0.0, 2.0, 0.0, 0.0, 4.0, 0.0, 0.0]"
21,1026,1422.56054272985,1367.7905427298501,547.7,"[0.0, 0.0, 2.0, 0.0, 0.0, 0.0, 0.0, 0.0, 0.0, 2.0, 0.0, 0.0, 4.0, 0.0, 0.0]"
21,1027,1421.056998784933,1366.286998784933,547.7,"[0.0, 0.0, 2.0, 0.0, 0.0, 0.0, 0.0, 0.0, 0.0, 0.0, 0.0, 0.0, 4.0, 0.0, 0.0]"
21,1028,1468.2916920117443,1376.1456920117444,921.46,"[0.0, 0.0, 2.0, 4.0, 0.0, 0.0, 0.0, 0.0, 0.0, 2.0, 0.0, 0.0, 4.0, 0.0, 0.0]"
21,1029,1510.0143418041914,1353.5123418041915,1565.0200000000002,"[0.0, 0.0, 2.0, 0.0, 4.0, 0.0, 2.0, 0.0, 0.0, 2.0, 0.0, 0.0, 4.0, 0.0, 0.0]"
21,1030,1455.4691830515337,1343.9961830515338,1114.7300000000002,"[0.0, 0.0, 2.0, 0.0, 0.0, 0.0, 0.0, 0.0, 0.0, 2.0, 0.0, 2.0, 4.0, 0.0, 4.0]"
21,1031,1472.72707038717,1360.08607038717,1126.41,"[2.0, 0.0, 2.0, 0.0, 0.0, 0.0, 0.0, 0.0, 0.0, 4.0, 2.0, 0.0, 4.0, 0.0, 0.0]"
21,1032,1434.4923497489065,1343.6923497489065,908.0,"[0.0, 0.0, 4.0, 0.0, 0.0, 0.0, 0.0, 0.0, 0.0, 2.0, 0.0, 0.0, 4.0, 0.0, 2.0]"
21,1033,1458.3263168681774,1438.3023168681773,200.24,"[0.0, 0.0, 2.0, 0.0, 0.0, 0.0, 0.0, 0.0, 0.0, 2.0, 0.0, 0.0, 0.0, 0.0, 0.0]"
21,1034,1524.6488494623654,1385.3978494623655,1392.5100000000002,"[0.0, 0.0, 2.0, 0.0, 4.0, 0.0, 2.0, 0.0, 0.0, 2.0, 0.0, 0.0, 2.0, 0.0, 0.0]"
21,1035,1457.4777040336953,1332.2487040336953,1252.2900000000002,"[0.0, 0.0, 2.0, 0.0, 0.0, 0.0, 0.0, 0.0, 0.0, 0.0, 0.0, 0.0, 4.0, 4.0, 2.0]"
21,1036,1571.662496406228,1377.202496406228,1944.6000000000001,"[0.0, 0.0, 2.0, 0.0, 4.0, 4.0, 0.0, 0.0, 0.0, 2.0, 0.0, 0.0, 4.0, 0.0, 0.0]"
21,1037,1451.3630583566194,1349.3630583566194,1020.0,"[0.0, 0.0, 2.0, 0.0, 0.0, 0.0, 4.0, 0.0, 0.0, 2.0, 0.0, 0.0, 4.0, 0.0, 0.0]"
21,1038,1529.9698347000344,1370.4758347000345,1594.9400000000003,"[0.0, 0.0, 4.0, 4.0, 0.0, 0.0, 0.0, 0.0, 0.0, 2.0, 0.0, 4.0, 2.0, 0.0, 2.0]"
21,1039,1524.441769012716,1358.9157690127158,1655.2600000000002,"[4.0, 0.0, 2.0, 0.0, 0.0, 0.0, 4.0, 0.0, 2.0, 2.0, 0.0, 0.0, 2.0, 0.0, 0.0]"
21,1040,1425.7022055363182,1350.9502055363182,747.5200000000001,"[0.0, 0.0, 4.0, 0.0, 0.0, 0.0, 0.0, 0.0, 0.0, 2.0, 0.0, 0.0, 4.0, 0.0, 0.0]"
21,1041,1513.1271887678665,1333.4041887678666,1797.23,"[0.0, 0.0, 2.0, 4.0, 2.0, 0.0, 0.0, 0.0, 0.0, 2.0, 0.0, 4.0, 4.0, 0.0, 0.0]"
21,1042,1461.920219504293,1369.990219504293,919.3000000000001,"[0.0, 0.0, 2.0, 0.0, 0.0, 0.0, 0.0, 0.0, 0.0, 2.0, 0.0, 0.0, 2.0, 4.0, 0.0]"
21,1043,1437.5622149684107,1359.3762149684107,781.8600000000001,"[0.0, 0.0, 2.0, 0.0, 0.0, 0.0, 2.0, 0.0, 0.0, 2.0, 0.0, 0.0, 4.0, 0.0, 0.0]"
21,1044,1450.681597926454,1326.108597926454,1245.7300000000002,"[0.0, 0.0, 4.0, 0.0, 0.0, 0.0, 0.0, 0.0, 2.0, 2.0, 0.0, 0.0, 4.0, 2.0, 0.0]"
21,1045,1460.8342020815617,1320.8202020815615,1400.1400000000003,"[0.0, 2.0, 2.0, 0.0, 0.0, 0.0, 0.0, 0.0, 0.0, 2.0, 0.0, 2.0, 4.0, 2.0, 0.0]"
21,1046,1468.209540346259,1383.119540346259,850.9000000000001,"[0.0, 0.0, 2.0, 0.0, 0.0, 0.0, 0.0, 2.0, 0.0, 2.0, 0.0, 0.0, 4.0, 0.0, 0.0]"
21,1047,1445.3650550447567,1383.7190550447567,616.46,"[0.0, 0.0, 2.0, 0.0, 0.0, 0.0, 0.0, 0.0, 0.0, 2.0, 0.0, 2.0, 2.0, 0.0, 0.0]"
21,1048,1464.7508654800233,1326.7208654800233,1380.3000000000002,"[0.0, 0.0, 4.0, 0.0, 0.0, 0.0, 4.0, 0.0, 0.0, 2.0, 0.0, 0.0, 4.0, 0.0, 2.0]"
21,1049,1478.9172969908066,1407.6372969908066,712.8000000000001,"[0.0, 0.0, 2.0, 0.0, 0.0, 0.0, 0.0, 0.0, 0.0, 2.0, 0.0, 0.0, 2.0, 0.0, 4.0]"
21,1050,1491.191362421543,1325.390362421543,1658.0100000000002,"[0.0, 4.0, 4.0, 0.0, 0.0, 0.0, 2.0, 0.0, 0.0, 2.0, 0.0, 0.0, 4.0, 0.0, 0.0]"
22,1051,1422.738014013487,1367.968014013487,547.7,"[0.0, 0.0, 2.0, 0.0, 0.0, 0.0, 0.0, 0.0, 0.0, 2.0, 0.0, 0.0, 4.0, 0.0, 0.0]"
22,1052,1423.8977009376076,1369.1277009376076,547.7,"[0.0, 0.0, 2.0, 0.0, 0.0, 0.0, 0.0, 0.0, 0.0, 2.0, 0.0, 0.0, 4.0, 0.0, 0.0]"
22,1053,1469.5836354101282,1377.4376354101282,921.46,"[0.0, 0.0, 2.0, 4.0, 0.0, 0.0, 0.0, 0.0, 0.0, 0.0, 0.0, 0.0, 4.0, 0.0, 0.0]"
22,1054,1501.5708751923546,1348.5028751923546,1530.6800000000003,"[0.0, 0.0, 4.0, 0.0, 4.0, 0.0, 0.0, 0.0, 0.0, 2.0, 0.0, 0.0, 4.0, 0.0, 0.0]"
22,1055,1451.4099517223224,1364.0639517223224,873.46,"[0.0, 0.0, 2.0, 0.0, 0.0, 0.0, 0.0, 0.0, 0.0, 2.0, 0.0, 0.0, 4.0, 0.0, 4.0]"
22,1056,1473.6855606253923,1429.5345606253923,441.51000000000005,"[0.0, 0.0, 2.0, 0.0, 0.0, 0.0, 0.0, 0.0, 0.0, 2.0, 0.0, 2.0, 0.0, 0.0, 0.0]"
22,1057,1424.00982381531,1369.23982381531,547.7,"[0.0, 0.0, 2.0, 0.0, 0.0, 0.0, 0.0, 0.0, 0.0, 4.0, 0.0, 0.0, 4.0, 0.0, 0.0]"
22,1058,1458.7373930668612,1333.5083930668611,1252.2900000000002,"[0.0, 0.0, 2.0, 0.0, 0.0, 0.0, 0.0, 0.0, 0.0, 0.0, 0.0, 0.0, 4.0, 4.0, 2.0]"
22,1059,1426.074641394812,1351.322641394812,747.5200000000001,"[0.0, 0.0, 4.0, 0.0, 0.0, 0.0, 0.0, 0.0, 0.0, 2.0, 0.0, 0.0, 4.0, 0.0, 0.0]"
22,1060,1455.4672433888145,1352.6802433888145,1027.8700000000001,"[0.0, 0.0, 4.0, 0.0, 0.0, 0.0, 0.0, 0.0, 0.0, 2.0, 2.0, 0.0, 4.0, 0.0, 0.0]"
22,1061,1423.3103402187119,1368.540340218712,547.7,"[0.0, 0.0, 2.0, 0.0, 0.0, 0.0, 0.0, 0.0, 0.0, 2.0, 0.0, 0.0, 4.0, 0.0, 0.0]"
22,1062,1492.4275671532994,1373.7705671532995,1186.5700000000002,"[0.0, 2.0, 2.0, 0.0, 0.0, 0.0, 0.0, 2.0, 0.0, 2.0, 0.0, 0.0, 4.0, 0.0, 0.0]"
22,1063,1435.0250986109422,1352.7050986109423,823.2,"[0.0, 0.0, 2.0, 0.0, 0.0, 0.0, 0.0, 0.0, 0.0, 2.0, 0.0, 0.0, 4.0, 2.0, 0.0]"
22,1064,1466.3804244117766,1363.1404244117766,1032.4,"[2.0, 0.0, 2.0, 2.0, 0.0, 0.0, 0.0, 0.0, 0.0, 2.0, 0.0, 0.0, 4.0, 0.0, 0.0]"
22,1065,1476.0217796901893,1340.2877796901894,1357.3400000000001,"[0.0, 0.0, 2.0, 0.0, 0.0, 0.0, 0.0, 0.0, 0.0, 2.0, 0.0, 4.0, 4.0, 0.0, 4.0]"
22,1066,1422.5657270149857,1367.7957270149857,547.7,"[0.0, 0.0, 2.0, 0.0, 0.0, 0.0, 0.0, 0.0, 0.0, 2.0, 0.0, 0.0, 4.0, 0.0, 0.0]"
22,1067,1545.700847156974,1445.546847156974,1001.5400000000002,"[0.0, 0.0, 4.0, 0.0, 0.0, 0.0, 0.0, 4.0, 0.0, 2.0, 0.0, 0.0, 0.0, 0.0, 0.0]"
22,1068,1435.5855883591883,1398.0665883591882,375.19000000000005,"[0.0, 0.0, 2.0, 0.0, 0.0, 0.0, 0.0, 0.0, 0.0, 2.0, 0.0, 0.0, 2.0, 0.0, 0.0]"
22,1069,1549.662837011541,1337.4948370115408,2121.6800000000003,"[0.0, 0.0, 4.0, 0.0, 0.0, 2.0, 0.0, 0.0, 2.0, 2.0, 4.0, 0.0, 4.0, 2.0, 0.0]"
22,1070,1464.6871989957074,1373.6191989957074,910.6800000000002,"[0.0, 2.0, 4.0, 0.0, 0.0, 0.0, 0.0, 0.0, 0.0, 2.0, 0.0, 0.0, 2.0, 0.0, 0.0]"
22,1071,1422.4370548208753,1367.6670548208754,547.7,"[0.0, 0.0, 2.0, 0.0, 0.0, 0.0, 0.0, 0.0, 0.0, 0.0, 0.0, 0.0, 4.0, 0.0, 0.0]"
22,1072,1486.56889859885,1336.61589859885,1499.5300000000002,"[0.0, 4.0, 2.0, 0.0, 0.0, 0.0, 0.0, 0.0, 0.0, 2.0, 0.0, 0.0, 4.0, 2.0, 0.0]"
22,1073,1536.1359591423538,1379.2979591423539,1568.38,"[0.0, 0.0, 4.0, 0.0, 2.0, 0.0, 0.0, 4.0, 0.0, 4.0, 0.0, 0.0, 2.0, 0.0, 0.0]"
22,1074,1451.644802543128,1310.153802543128,1414.91,"[0.0, 0.0, 4.0, 0.0, 2.0, 0.0, 0.0, 0.0, 0.0, 2.0, 0.0, 0.0, 4.0, 2.0, 0.0]"
22,1075,1488.4752315418573,1420.0632315418572,684.1200000000001,"[0.0, 0.0, 2.0, 0.0, 0.0, 0.0, 0.0, 0.0, 0.0, 2.0, 0.0, 4.0, 0.0, 0.0, 0.0]"
22,1076,1461.3644237116532,1385.4954237116533,758.69,"[0.0, 0.0, 4.0, 2.0, 0.0, 0.0, 0.0, 0.0, 0.0, 2.0, 0.0, 0.0, 2.0, 0.0, 0.0]"
22,1077,1561.74832739457,1368.05332739457,1936.95,"[0.0, 0.0, 2.0, 4.0, 0.0, 4.0, 0.0, 0.0, 0.0, 2.0, 0.0, 2.0, 4.0, 0.0, 2.0]"
22,1078,1459.7787655300885,1323.9097655300884,1358.6900000000003,"[0.0, 2.0, 4.0, 0.0, 0.0, 0.0, 0.0, 0.0, 0.0, 4.0, 0.0, 0.0, 4.0, 2.0, 0.0]"
22,1079,1471.9971519582034,1392.4281519582034,795.69,"[0.0, 0.0, 2.0, 2.0, 0.0, 0.0, 2.0, 0.0, 0.0, 2.0, 0.0, 0.0, 2.0, 0.0, 0.0]"
22,1080,1426.1497482129478,1351.3977482129478,747.5200000000001,"[0.0, 0.0, 4.0, 0.0, 0.0, 0.0, 0.0, 0.0, 0.0, 2.0, 0.0, 0.0, 4.0, 0.0, 0.0]"
22,1081,1473.7794658998866,1361.1384658998866,1126.41,"[2.0, 0.0, 2.0, 0.0, 0.0, 0.0, 0.0, 0.0, 0.0, 4.0, 2.0, 0.0, 4.0, 0.0, 0.0]"
22,1082,1485.743405232464,1373.082405232464,1126.6100000000001,"[0.0, 0.0, 4.0, 0.0, 0.0, 2.0, 0.0, 0.0, 0.0, 2.0, 0.0, 2.0, 2.0, 0.0, 0.0]"
22,1083,1445.3940583947517,1357.0570583947517,883.3700000000001,"[0.0, 2.0, 2.0, 0.0, 0.0, 0.0, 0.0, 0.0, 0.0, 2.0, 0.0, 0.0, 4.0, 0.0, 0.0]"
22,1084,1426.22410999514,1347.32710999514,788.9700000000001,"[0.0, 0.0, 2.0, 0.0, 0.0, 0.0, 0.0, 0.0, 0.0, 2.0, 0.0, 2.0, 4.0, 0.0, 0.0]"
22,1085,1428.6289088810595,1329.7499088810594,988.7900000000002,"[0.0, 0.0, 4.0, 0.0, 0.0, 0.0, 0.0, 0.0, 0.0, 2.0, 0.0, 2.0, 4.0, 0.0, 0.0]"
22,1086,1561.3868661430074,1329.9218661430075,2314.65,"[0.0, 2.0, 4.0, 4.0, 2.0, 2.0, 0.0, 0.0, 0.0, 2.0, 0.0, 0.0, 4.0, 0.0, 2.0]"
22,1087,1489.337597635053,1343.518597635053,1458.1900000000003,"[0.0, 4.0, 2.0, 0.0, 0.0, 0.0, 2.0, 0.0, 0.0, 0.0, 0.0, 0.0, 4.0, 0.0, 0.0]"
22,1088,1568.3445261729746,1433.2525261729745,1350.92,"[4.0, 0.0, 2.0, 0.0, 0.0, 0.0, 0.0, 0.0, 0.0, 4.0, 4.0, 0.0, 0.0, 0.0, 0.0]"
22,1089,1533.4420475852992,1391.7900475852991,1416.5200000000002,"[0.0, 0.0, 2.0, 0.0, 0.0, 0.0, 0.0, 2.0, 0.0, 2.0, 4.0, 0.0, 4.0, 0.0, 0.0]"
22,1090,1537.6557827495444,1324.2567827495443,2133.9900000000002,"[4.0, 0.0, 4.0, 0.0, 0.0, 0.0, 0.0, 2.0, 2.0, 2.0, 0.0, 0.0, 4.0, 2.0, 0.0]"
22,1091,1581.435377645034,1414.210377645034,1672.25,"[0.0, 0.0, 0.0, 0.0, 4.0, 2.0, 2.0, 0.0, 0.0, 2.0, 0.0, 0.0, 4.0, 0.0, 0.0]"
22,1092,1504.3162717039195,1298.6152717039195,2057.01,"[0.0, 4.0, 4.0, 0.0, 2.0, 0.0, 0.0, 0.0, 0.0, 2.0, 0.0, 2.0, 4.0, 0.0, 0.0]"
22,1093,1478.268009618305,1355.865009618305,1224.0300000000002,"[0.0, 4.0, 2.0, 0.0, 0.0, 0.0, 0.0, 0.0, 0.0, 2.0, 0.0, 0.0, 4.0, 0.0, 0.0]"
22,1094,1437.4677490178608,1379.9667490178608,575.0100000000001,"[0.0, 0.0, 4.0, 0.0, 0.0, 0.0, 0.0, 0.0, 0.0, 2.0, 0.0, 0.0, 2.0, 0.0, 0.0]"
22,1095,1488.7137189455143,1327.4287189455142,1612.8500000000001,"[2.0, 0.0, 4.0, 0.0, 0.0, 0.0, 0.0, 0.0, 2.0, 2.0, 0.0, 2.0, 2.0, 2.0, 0.0]"
22,1096,1543.8711985582959,1416.0291985582958,1278.42,"[0.0, 0.0, 2.0, 0.0, 0.0, 0.0, 0.0, 0.0, 0.0, 2.0, 4.0, 0.0, 2.0, 0.0, 4.0]"
22,1097,1443.335680706302,1349.3766807063018,939.59,"[0.0, 0.0, 2.0, 0.0, 2.0, 0.0, 0.0, 0.0, 0.0, 2.0, 0.0, 0.0, 4.0, 0.0, 0.0]"
22,1098,1423.6157168894288,1368.8457168894288,547.7,"[0.0, 0.0, 2.0, 0.0, 0.0, 0.0, 0.0, 0.0, 0.0, 2.0, 0.0, 0.0, 4.0, 0.0, 0.0]"
22,1099,1538.2216392938128,1325.9226392938128,2122.9900000000002,"[0.0, 0.0, 2.0, 4.0, 2.0, 0.0, 0.0, 0.0, 0.0, 2.0, 0.0, 4.0, 4.0, 0.0, 4.0]"
22,1100,1446.191429728635,1385.256429728635,609.35,"[0.0, 0.0, 2.0, 0.0, 0.0, 0.0, 2.0, 0.0, 0.0, 4.0, 0.0, 0.0, 2.0, 0.0, 0.0]"
23,1101,1422.246306676657,1367.476306676657,547.7,"[0.0, 0.0, 2.0, 0.0, 0.0, 0.0, 0.0, 0.0, 0.0, 0.0, 0.0, 0.0, 4.0, 0.0, 0.0]"
23,1102,1422.6249918995543,1367.8549918995543,547.7,"[0.0, 0.0, 2.0, 0.0, 0.0, 0.0, 0.0, 0.0, 0.0, 2.0, 0.0, 0.0, 4.0, 0.0, 0.0]"
23,1103,1456.1532590867673,1359.3332590867674,968.2,"[0.0, 0.0, 2.0, 2.0, 0.0, 0.0, 2.0, 0.0, 0.0, 2.0, 0.0, 0.0, 4.0, 0.0, 0.0]"
23,1104,1423.9700627759103,1369.2000627759103,547.7,"[0.0, 0.0, 2.0, 0.0, 0.0, 0.0, 0.0, 0.0, 0.0, 0.0, 0.0, 0.0, 4.0, 0.0, 0.0]"
23,1105,1444.765228864184,1350.806228864184,939.59,"[0.0, 0.0, 2.0, 0.0, 2.0, 0.0, 0.0, 0.0, 0.0, 0.0, 0.0, 0.0, 4.0, 0.0, 0.0]"
23,1106,1519.4806257238897,1386.2936257238896,1331.8700000000001,"[0.0, 4.0, 2.0, 0.0, 0.0, 0.0, 0.0, 0.0, 0.0, 2.0, 2.0, 0.0, 2.0, 0.0, 0.0]"
23,1107,1468.1565178119367,1424.7165178119367,434.40000000000003,"[0.0, 0.0, 2.0, 0.0, 0.0, 0.0, 2.0, 0.0, 0.0, 2.0, 0.0, 0.0, 0.0, 0.0, 0.0]"
23,1108,1472.5776579746528,1301.2506579746528,1713.2700000000002,"[2.0, 0.0, 4.0, 0.0, 2.0, 0.0, 0.0, 0.0, 0.0, 2.0, 0.0, 0.0, 4.0, 2.0, 0.0]"
23,1109,1448.0226599036166,1359.6856599036166,883.3700000000001,"[0.0, 2.0, 2.0, 0.0, 0.0, 0.0, 0.0, 0.0, 0.0, 2.0, 0.0, 0.0, 4.0, 0.0, 0.0]"
23,1110,1575.6080585519921,1382.3740585519922,1932.3400000000001,"[0.0, 0.0, 2.0, 0.0, 4.0, 0.0, 0.0, 4.0, 0.0, 2.0, 0.0, 0.0, 4.0, 0.0, 0.0]"
23,1111,1423.722470635885,1368.952470635885,547.7,"[0.0, 0.0, 2.0, 0.0, 0.0, 0.0, 0.0, 0.0, 0.0, 2.0, 0.0, 0.0, 4.0, 0.0, 0.0]"
23,1112,1436.9705897124343,1399.4515897124343,375.19000000000005,"[0.0, 0.0, 2.0, 0.0, 0.0, 0.0, 0.0, 0.0, 0.0, 2.0, 0.0, 0.0, 2.0, 0.0, 0.0]"
23,1113,1448.0789394135754,1334.1379394135754,1139.41,"[0.0, 0.0, 4.0, 0.0, 2.0, 0.0, 0.0, 0.0, 0.0, 2.0, 0.0, 0.0, 4.0, 0.0, 0.0]"
23,1114,1503.125389923862,1367.666389923862,1354.5900000000001,"[0.0, 0.0, 2.0, 0.0, 0.0, 0.0, 0.0, 0.0, 0.0, 2.0, 4.0, 2.0, 4.0, 0.0, 0.0]"
23,1115,1459.698309654949,1343.162309654949,1165.3600000000001,"[0.0, 0.0, 4.0, 2.0, 0.0, 0.0, 2.0, 0.0, 0.0, 2.0, 0.0, 0.0, 4.0, 0.0, 0.0]"
23,1116,1469.3274364166532,1359.3974364166531,1099.3,"[0.0, 0.0, 2.0, 0.0, 0.0, 2.0, 0.0, 0.0, 0.0, 2.0, 0.0, 2.0, 4.0, 0.0, 0.0]"
23,1117,1455.5303703778704,1338.1553703778704,1173.75,"[0.0, 0.0, 2.0, 0.0, 2.0, 0.0, 2.0, 0.0, 0.0, 2.0, 0.0, 0.0, 4.0, 0.0, 0.0]"
23,1118,1460.2120121896892,1324.3430121896893,1358.6900000000003,"[0.0, 2.0, 4.0, 0.0, 0.0, 0.0, 0.0, 0.0, 0.0, 4.0, 0.0, 0.0, 4.0, 2.0, 0.0]"
23,1119,1557.1417867309135,1349.2377867309135,2079.0400000000004,"[0.0, 4.0, 2.0, 0.0, 0.0, 4.0, 0.0, 0.0, 0.0, 0.0, 0.0, 2.0, 4.0, 0.0, 0.0]"
23,1120,1457.5433511148917,1437.5193511148916,200.24,"[0.0, 0.0, 2.0, 0.0, 0.0, 0.0, 0.0, 0.0, 0.0, 2.0, 0.0, 0.0, 0.0, 0.0, 0.0]"
23,1121,1455.4797100275393,1338.1047100275393,1173.75,"[0.0, 0.0, 2.0, 0.0, 2.0, 0.0, 2.0, 0.0, 0.0, 4.0, 0.0, 0.0, 4.0, 0.0, 0.0]"
23,1122,1474.1406067306525,1392.5266067306525,816.1400000000001,"[0.0, 0.0, 2.0, 0.0, 0.0, 0.0, 0.0, 0.0, 4.0, 0.0, 0.0, 0.0, 2.0, 0.0, 0.0]"
23,1123,1524.8053922243594,1427.1383922243594,976.6700000000001,"[0.0, 0.0, 2.0, 0.0, 0.0, 0.0, 0.0, 4.0, 0.0, 2.0, 0.0, 0.0, 2.0, 0.0, 0.0]"
23,1124,1422.937104185651,1348.185104185651,747.5200000000001,"[0.0, 0.0, 4.0, 0.0, 0.0, 0.0, 0.0, 0.0, 0.0, 2.0, 0.0, 0.0, 4.0, 0.0, 0.0]"
23,1125,1500.9301186571095,1383.9901186571094,1169.4,"[0.0, 0.0, 2.0, 0.0, 0.0, 2.0, 0.0, 0.0, 0.0, 2.0, 0.0, 4.0, 2.0, 0.0, 0.0]"
23,1126,1554.8211002409832,1517.0501002409833,377.71000000000004,"[0.0, 0.0, 0.0, 4.0, 0.0, 0.0, 0.0, 0.0, 0.0, 2.0, 0.0, 0.0, 0.0, 0.0, 0.0]"
23,1127,1468.4343656980866,1383.3443656980867,850.9000000000001,"[0.0, 0.0, 2.0, 0.0, 0.0, 0.0, 0.0, 2.0, 0.0, 2.0, 0.0, 0.0, 4.0, 0.0, 0.0]"
23,1128,1444.566054630867,1350.607054630867,939.59,"[0.0, 0.0, 2.0, 0.0, 2.0, 0.0, 0.0, 0.0, 0.0, 4.0, 0.0, 0.0, 4.0, 0.0, 0.0]"
23,1129,1471.57911827957,1351.47311827957,1201.0600000000002,"[0.0, 0.0, 4.0, 0.0, 2.0, 0.0, 2.0, 0.0, 0.0, 2.0, 0.0, 0.0, 2.0, 0.0, 0.0]"
23,1130,1421.4123219456876,1366.6423219456876,547.7,"[0.0, 0.0, 2.0, 0.0, 0.0, 0.0, 0.0, 0.0, 0.0, 4.0, 0.0, 0.0, 4.0, 0.0, 0.0]"
23,1131,1496.1739322696258,1343.9349322696257,1522.3900000000003,"[2.0, 4.0, 2.0, 0.0, 0.0, 0.0, 0.0, 0.0, 0.0, 2.0, 0.0, 0.0, 4.0, 0.0, 0.0]"
23,1132,1422.4872539489672,1367.7172539489673,547.7,"[0.0, 0.0, 2.0, 0.0, 0.0, 0.0, 0.0, 0.0, 0.0, 2.0, 0.0, 0.0, 4.0, 0.0, 0.0]"
23,1133,1527.5017165880424,1331.5777165880424,1959.2400000000002,"[0.0, 0.0, 2.0, 0.0, 2.0, 0.0, 0.0, 2.0, 4.0, 2.0, 0.0, 0.0, 4.0, 2.0, 0.0]"
23,1134,1588.9029321347589,1345.6309321347587,2432.7200000000003,"[2.0, 0.0, 2.0, 2.0, 0.0, 2.0, 0.0, 0.0, 0.0, 4.0, 2.0, 4.0, 4.0, 0.0, 4.0]"
23,1135,1462.7592538220106,1333.2092538220106,1295.5,"[0.0, 0.0, 2.0, 0.0, 0.0, 0.0, 4.0, 0.0, 0.0, 2.0, 0.0, 0.0, 4.0, 2.0, 0.0]"
23,1136,1544.6187711306811,1355.0587711306812,1895.6000000000001,"[0.0, 4.0, 4.0, 4.0, 0.0, 0.0, 0.0, 0.0, 0.0, 2.0, 0.0, 0.0, 2.0, 2.0, 0.0]"
23,1137,1423.6439697454487,1368.8739697454487,547.7,"[0.0, 0.0, 2.0, 0.0, 0.0, 0.0, 0.0, 0.0, 0.0, 2.0, 0.0, 0.0, 4.0, 0.0, 0.0]"
23,1138,1550.8600894071915,1333.4020894071914,2174.5800000000004,"[4.0, 0.0, 2.0, 2.0, 0.0, 0.0, 0.0, 0.0, 0.0, 2.0, 0.0, 4.0, 2.0, 4.0, 0.0]"
23,1139,1476.1286189299744,1404.8486189299745,712.8000000000001,"[0.0, 0.0, 2.0, 0.0, 0.0, 0.0, 0.0, 0.0, 0.0, 2.0, 0.0, 0.0, 2.0, 0.0, 4.0]"
23,1140,1504.9606573534174,1287.0466573534175,2179.1400000000003,"[0.0, 0.0, 4.0, 0.0, 2.0, 0.0, 0.0, 0.0, 0.0, 2.0, 2.0, 4.0, 4.0, 2.0, 0.0]"
23,1141,1545.9172745935657,1345.8092745935658,2001.0800000000004,"[0.0, 0.0, 2.0, 2.0, 4.0, 0.0, 0.0, 0.0, 0.0, 2.0, 0.0, 4.0, 4.0, 0.0, 0.0]"
23,1142,1475.6975480167648,1314.4065480167649,1612.91,"[2.0, 0.0, 4.0, 0.0, 0.0, 0.0, 0.0, 0.0, 0.0, 0.0, 0.0, 2.0, 4.0, 0.0, 4.0]"
23,1143,1482.676184342156,1414.837184342156,678.3900000000001,"[0.0, 0.0, 2.0, 0.0, 0.0, 0.0, 0.0, 2.0, 0.0, 2.0, 0.0, 0.0, 2.0, 0.0, 0.0]"
23,1144,1468.538293566091,1410.376293566091,581.6200000000001,"[0.0, 0.0, 0.0, 0.0, 0.0, 0.0, 2.0, 0.0, 0.0, 4.0, 0.0, 0.0, 4.0, 0.0, 0.0]"
23,1145,1436.7436152288376,1399.2246152288376,375.19000000000005,"[0.0, 0.0, 2.0, 0.0, 0.0, 0.0, 0.0, 0.0, 0.0, 2.0, 0.0, 0.0, 2.0, 0.0, 0.0]"
23,1146,1462.8830534575277,1341.9360534575276,1209.47,"[0.0, 0.0, 2.0, 2.0, 0.0, 0.0, 2.0, 0.0, 0.0, 2.0, 0.0, 2.0, 4.0, 0.0, 0.0]"
23,1147,1498.7107475954238,1366.0087475954238,1327.0200000000002,"[0.0, 4.0, 2.0, 0.0, 0.0, 0.0, 0.0, 0.0, 0.0, 4.0, 0.0, 0.0, 2.0, 2.0, 0.0]"
23,1148,1446.4146039848545,1337.2336039848544,1091.8100000000002,"[0.0, 0.0, 2.0, 0.0, 0.0, 0.0, 0.0, 0.0, 0.0, 2.0, 0.0, 0.0, 4.0, 4.0, 0.0]"
23,1149,1462.5826318389827,1347.6866318389827,1148.96,"[0.0, 0.0, 2.0, 0.0, 0.0, 0.0, 0.0, 0.0, 0.0, 2.0, 0.0, 0.0, 4.0, 2.0, 4.0]"
23,1150,1492.8269735152976,1345.9839735152975,1468.4300000000003,"[4.0, 2.0, 2.0, 0.0, 0.0, 0.0, 0.0, 0.0, 0.0, 4.0, 0.0, 0.0, 4.0, 0.0, 0.0]"
24,1151,1423.7095086980294,1368.9395086980294,547.7,"[0.0, 0.0, 2.0, 0.0, 0.0, 0.0, 0.0, 0.0, 0.0, 4.0, 0.0, 0.0, 4.0, 0.0, 0.0]"
24,1152,1423.874718509518,1369.104718509518,547.7,"[0.0, 0.0, 2.0, 0.0, 0.0, 0.0, 0.0, 0.0, 0.0, 0.0, 0.0, 0.0, 4.0, 0.0, 0.0]"
24,1153,1442.9377063826341,1340.624706382634,1023.1300000000001,"[0.0, 0.0, 2.0, 0.0, 0.0, 0.0, 2.0, 0.0, 0.0, 2.0, 0.0, 2.0, 4.0, 0.0, 0.0]"
24,1154,1461.8856448791155,1376.0826448791154,858.0300000000002,"[0.0, 0.0, 2.0, 0.0, 0.0, 2.0, 0.0, 0.0, 0.0, 2.0, 0.0, 0.0, 4.0, 0.0, 0.0]"
24,1155,1444.5388319327733,1350.5798319327732,939.59,"[0.0, 0.0, 2.0, 0.0, 2.0, 0.0, 0.0, 0.0, 0.0, 4.0, 0.0, 0.0, 4.0, 0.0, 0.0]"
24,1156,1433.941832958665,1363.123832958665,708.1800000000001,"[0.0, 0.0, 2.0, 0.0, 0.0, 0.0, 0.0, 0.0, 0.0, 2.0, 0.0, 0.0, 4.0, 0.0, 2.0]"
24,1157,1482.7526611247242,1414.9136611247243,678.3900000000001,"[0.0, 0.0, 2.0, 0.0, 0.0, 0.0, 0.0, 2.0, 0.0, 2.0, 0.0, 0.0, 2.0, 0.0, 0.0]"
24,1158,1478.4410334102781,1341.225033410278,1372.16,"[0.0, 0.0, 2.0, 0.0, 0.0, 0.0, 0.0, 0.0, 0.0, 0.0, 2.0, 0.0, 4.0, 4.0, 0.0]"
24,1159,1422.470785727304,1367.700785727304,547.7,"[0.0, 0.0, 2.0, 0.0, 0.0, 0.0, 0.0, 0.0, 0.0, 4.0, 0.0, 0.0, 4.0, 0.0, 0.0]"
24,1160,1422.4442168040339,1367.674216804034,547.7,"[0.0, 0.0, 2.0, 0.0, 0.0, 0.0, 0.0, 0.0, 0.0, 4.0, 0.0, 0.0, 4.0, 0.0, 0.0]"
24,1161,1456.3516812456971,1324.8966812456972,1314.5500000000002,"[0.0, 0.0, 4.0, 0.0, 0.0, 0.0, 0.0, 0.0, 0.0, 0.0, 0.0, 2.0, 4.0, 0.0, 4.0]"
24,1162,1467.17584163629,1409.01384163629,581.6200000000001,"[0.0, 0.0, 0.0, 0.0, 0.0, 0.0, 2.0, 0.0, 0.0, 4.0, 0.0, 0.0, 4.0, 0.0, 0.0]"
24,1163,1503.5172187759401,1321.35821877594,1821.5900000000001,"[0.0, 0.0, 2.0, 0.0, 0.0, 0.0, 2.0, 0.0, 0.0, 2.0, 2.0, 4.0, 4.0, 2.0, 0.0]"
24,1164,1483.138926908281,1266.398926908281,2167.4,"[0.0, 0.0, 4.0, 0.0, 2.0, 0.0, 0.0, 0.0, 0.0, 2.0, 0.0, 4.0, 4.0, 4.0, 0.0]"
24,1165,1478.4382075976023,1341.2222075976024,1372.16,"[0.0, 0.0, 2.0, 0.0, 0.0, 0.0, 0.0, 0.0, 0.0, 2.0, 2.0, 0.0, 4.0, 4.0, 0.0]"
24,1166,1487.3259220411057,1369.0099220411057,1183.16,"[0.0, 2.0, 2.0, 0.0, 0.0, 0.0, 4.0, 0.0, 0.0, 2.0, 0.0, 0.0, 2.0, 0.0, 0.0]"
24,1167,1434.644721448242,1356.4587214482422,781.8600000000001,"[0.0, 0.0, 2.0, 0.0, 0.0, 0.0, 2.0, 0.0, 0.0, 2.0, 0.0, 0.0, 4.0, 0.0, 0.0]"
24,1168,1475.6256094968107,1321.5406094968107,1540.8500000000001,"[0.0, 0.0, 2.0, 0.0, 2.0, 0.0, 0.0, 0.0, 0.0, 2.0, 0.0, 0.0, 4.0, 2.0, 4.0]"
24,1169,1534.3052519337464,1439.1532519337463,951.5200000000001,"[0.0, 0.0, 2.0, 0.0, 0.0, 2.0, 0.0, 0.0, 4.0, 2.0, 0.0, 0.0, 0.0, 0.0, 0.0]"
24,1170,1421.248219927096,1366.478219927096,547.7,"[0.0, 0.0, 2.0, 0.0, 0.0, 0.0, 0.0, 0.0, 0.0, 2.0, 0.0, 0.0, 4.0, 0.0, 0.0]"
24,1171,1561.326329675447,1381.287329675447,1800.3900000000003,"[0.0, 0.0, 4.0, 2.0, 2.0, 0.0, 2.0, 0.0, 0.0, 0.0, 0.0, 2.0, 0.0, 0.0, 4.0]"
24,1172,1470.3011905436872,1342.9341905436872,1273.67,"[2.0, 0.0, 2.0, 2.0, 0.0, 0.0, 0.0, 0.0, 0.0, 2.0, 0.0, 2.0, 4.0, 0.0, 0.0]"
24,1173,1495.9341663460566,1403.2411663460566,926.9300000000002,"[0.0, 0.0, 0.0, 2.0, 2.0, 0.0, 0.0, 0.0, 0.0, 4.0, 0.0, 0.0, 4.0, 0.0, 0.0]"
24,1174,1441.7246474638048,1347.7656474638047,939.59,"[0.0, 0.0, 2.0, 0.0, 2.0, 0.0, 0.0, 0.0, 0.0, 4.0, 0.0, 0.0, 4.0, 0.0, 0.0]"
24,1175,1596.8002983539511,1369.7042983539511,2270.9600000000005,"[0.0, 0.0, 2.0, 0.0, 0.0, 2.0, 0.0, 2.0, 0.0, 2.0, 4.0, 0.0, 4.0, 4.0, 0.0]"
24,1176,1444.3290374660783,1370.9250374660783,734.0400000000001,"[0.0, 0.0, 2.0, 2.0, 0.0, 0.0, 0.0, 0.0, 0.0, 2.0, 0.0, 0.0, 4.0, 0.0, 0.0]"
24,1177,1437.7629293076563,1359.5769293076564,781.8600000000001,"[0.0, 0.0, 2.0, 0.0, 0.0, 0.0, 2.0, 0.0, 0.0, 4.0, 0.0, 0.0, 4.0, 0.0, 0.0]"
24,1178,1483.9503307953994,1359.6713307953994,1242.7900000000002,"[0.0, 0.0, 2.0, 0.0, 2.0, 0.0, 0.0, 2.0, 0.0, 4.0, 0.0, 0.0, 4.0, 0.0, 0.0]"
24,1179,1480.381455600332,1412.542455600332,678.3900000000001,"[0.0, 0.0, 2.0, 0.0, 0.0, 0.0, 0.0, 2.0, 0.0, 2.0, 0.0, 0.0, 2.0, 0.0, 0.0]"
24,1180,1438.4286073229512,1400.9096073229512,375.19000000000005,"[0.0, 0.0, 2.0, 0.0, 0.0, 0.0, 0.0, 0.0, 0.0, 2.0, 0.0, 0.0, 2.0, 0.0, 0.0]"
24,1181,1445.552839283906,1380.483839283906,650.69,"[0.0, 0.0, 2.0, 0.0, 0.0, 0.0, 0.0, 0.0, 0.0, 2.0, 0.0, 0.0, 2.0, 2.0, 0.0]"
24,1182,1456.4324789097461,1334.4504789097462,1219.8200000000002,"[0.0, 0.0, 4.0, 0.0, 0.0, 0.0, 4.0, 0.0, 0.0, 2.0, 0.0, 0.0, 4.0, 0.0, 0.0]"
24,1183,1438.2729185905225,1400.7539185905225,375.19000000000005,"[0.0, 0.0, 2.0, 0.0, 0.0, 0.0, 0.0, 0.0, 0.0, 4.0, 0.0, 0.0, 2.0, 0.0, 0.0]"
24,1184,1422.487284325638,1367.717284325638,547.7,"[0.0, 0.0, 2.0, 0.0, 0.0, 0.0, 0.0, 0.0, 0.0, 2.0, 0.0, 0.0, 4.0, 0.0, 0.0]"
24,1185,1545.9920727114422,1388.1070727114422,1578.8500000000001,"[0.0, 0.0, 2.0, 2.0, 4.0, 0.0, 2.0, 0.0, 0.0, 2.0, 0.0, 0.0, 2.0, 0.0, 0.0]"
24,1186,1436.5589048197653,1399.0399048197653,375.19000000000005,"[0.0, 0.0, 2.0, 0.0, 0.0, 0.0, 0.0, 0.0, 0.0, 2.0, 0.0, 0.0, 2.0, 0.0, 0.0]"
24,1187,1480.3640595549073,1426.7730595549074,535.9100000000001,"[0.0, 2.0, 2.0, 0.0, 0.0, 0.0, 0.0, 0.0, 0.0, 2.0, 0.0, 0.0, 0.0, 0.0, 0.0]"
24,1188,1466.7975004252216,1374.6515004252217,921.46,"[0.0, 0.0, 2.0, 4.0, 0.0, 0.0, 0.0, 0.0, 0.0, 2.0, 0.0, 0.0, 4.0, 0.0, 0.0]"
24,1189,1500.8007401032703,1422.2707401032703,785.3000000000001,"[4.0, 0.0, 2.0, 0.0, 0.0, 0.0, 0.0, 0.0, 0.0, 2.0, 0.0, 0.0, 0.0, 0.0, 0.0]"
24,1190,1436.186921369702,1358.0009213697022,781.8600000000001,"[0.0, 0.0, 2.0, 0.0, 0.0, 0.0, 2.0, 0.0, 0.0, 2.0, 0.0, 0.0, 4.0, 0.0, 0.0]"
24,1191,1444.8943548648374,1350.9353548648373,939.59,"[0.0, 0.0, 2.0, 0.0, 2.0, 0.0, 0.0, 0.0, 0.0, 4.0, 0.0, 0.0, 4.0, 0.0, 0.0]"
24,1192,1447.6340949440137,1338.4530949440136,1091.8100000000002,"[0.0, 0.0, 2.0, 0.0, 0.0, 0.0, 0.0, 0.0, 0.0, 0.0, 0.0, 0.0, 4.0, 4.0, 0.0]"
24,1193,1441.3291198768832,1347.370119876883,939.59,"[0.0, 0.0, 2.0, 0.0, 2.0, 0.0, 0.0, 0.0, 0.0, 4.0, 0.0, 0.0, 4.0, 0.0, 0.0]"
24,1194,1523.347261393315,1341.8732613933148,1814.7400000000002,"[0.0, 0.0, 2.0, 0.0, 4.0, 0.0, 0.0, 0.0, 0.0, 4.0, 0.0, 4.0, 4.0, 0.0, 0.0]"
24,1195,1540.972835402029,1372.666835402029,1683.0600000000004,"[0.0, 0.0, 2.0, 0.0, 0.0, 4.0, 0.0, 0.0, 0.0, 2.0, 2.0, 2.0, 4.0, 0.0, 0.0]"
24,1196,1498.924838614964,1365.321838614964,1336.0300000000002,"[0.0, 0.0, 2.0, 0.0, 0.0, 0.0, 0.0, 0.0, 2.0, 2.0, 4.0, 0.0, 4.0, 0.0, 0.0]"
24,1197,1443.7923432228274,1370.3883432228274,734.0400000000001,"[0.0, 0.0, 2.0, 2.0, 0.0, 0.0, 0.0, 0.0, 0.0, 4.0, 0.0, 0.0, 4.0, 0.0, 0.0]"
24,1198,1575.742795367577,1342.576795367577,2331.6600000000003,"[2.0, 0.0, 4.0, 0.0, 0.0, 2.0, 2.0, 2.0, 4.0, 2.0, 0.0, 0.0, 4.0, 0.0, 0.0]"
24,1199,1438.7846458628649,1381.283645862865,575.0100000000001,"[0.0, 0.0, 4.0, 0.0, 0.0, 0.0, 0.0, 0.0, 0.0, 2.0, 0.0, 0.0, 2.0, 0.0, 0.0]"
24,1200,1443.7552525567548,1370.3512525567548,734.0400000000001,"[0.0, 0.0, 2.0, 2.0, 0.0, 0.0, 0.0, 0.0, 0.0, 2.0, 0.0, 0.0, 4.0, 0.0, 0.0]"
25,1201,1422.6253057918186,1367.8553057918186,547.7,"[0.0, 0.0, 2.0, 0.0, 0.0, 0.0, 0.0, 0.0, 0.0, 2.0, 0.0, 0.0, 4.0, 0.0, 0.0]"
25,1202,1420.6873670035034,1365.9173670035034,547.7,"[0.0, 0.0, 2.0, 0.0, 0.0, 0.0, 0.0, 0.0, 0.0, 4.0, 0.0, 0.0, 4.0, 0.0, 0.0]"
25,1203,1475.0291668691777,1406.4771668691778,685.5200000000001,"[0.0, 0.0, 2.0, 0.0, 0.0, 2.0, 0.0, 0.0, 0.0, 4.0, 0.0, 0.0, 2.0, 0.0, 0.0]"
25,1204,1420.8648055893075,1366.0948055893075,547.7,"[0.0, 0.0, 2.0, 0.0, 0.0, 0.0, 0.0, 0.0, 0.0, 2.0, 0.0, 0.0, 4.0, 0.0, 0.0]"
25,1205,1462.2291367244452,1334.2221367244451,1280.0700000000002,"[0.0, 0.0, 2.0, 0.0, 0.0, 0.0, 2.0, 0.0, 2.0, 2.0, 0.0, 0.0, 4.0, 2.0, 0.0]"
25,1206,1422.496412037506,1367.726412037506,547.7,"[0.0, 0.0, 2.0, 0.0, 0.0, 0.0, 0.0, 0.0, 0.0, 4.0, 0.0, 0.0, 4.0, 0.0, 0.0]"
25,1207,1420.9523714054274,1366.1823714054274,547.7,"[0.0, 0.0, 2.0, 0.0, 0.0, 0.0, 0.0, 0.0, 0.0, 4.0, 0.0, 0.0, 4.0, 0.0, 0.0]"
25,1208,1422.419875458172,1367.6498754581721,547.7,"[0.0, 0.0, 2.0, 0.0, 0.0, 0.0, 0.0, 0.0, 0.0, 4.0, 0.0, 0.0, 4.0, 0.0, 0.0]"
25,1209,1448.1114927101896,1326.6024927101896,1215.0900000000001,"[0.0, 0.0, 2.0, 0.0, 2.0, 0.0, 0.0, 0.0, 0.0, 4.0, 0.0, 0.0, 4.0, 2.0, 0.0]"
25,1210,1422.447237748076,1367.677237748076,547.7,"[0.0, 0.0, 2.0, 0.0, 0.0, 0.0, 0.0, 0.0, 0.0, 2.0, 0.0, 0.0, 4.0, 0.0, 0.0]"
25,1211,1500.6530130606461,1422.1230130606461,785.3000000000001,"[4.0, 0.0, 2.0, 0.0, 0.0, 0.0, 0.0, 0.0, 0.0, 4.0, 0.0, 0.0, 0.0, 0.0, 0.0]"
25,1212,1423.755146409623,1368.985146409623,547.7,"[0.0, 0.0, 2.0, 0.0, 0.0, 0.0, 0.0, 0.0, 0.0, 4.0, 0.0, 0.0, 4.0, 0.0, 0.0]"
25,1213,1496.180093449428,1366.9010934494281,1292.7900000000002,"[0.0, 4.0, 2.0, 0.0, 0.0, 0.0, 0.0, 0.0, 0.0, 2.0, 0.0, 2.0, 2.0, 0.0, 0.0]"
25,1214,1516.3438712761001,1492.9278712761002,234.16,"[0.0, 0.0, 0.0, 0.0, 0.0, 0.0, 2.0, 0.0, 0.0, 2.0, 0.0, 0.0, 0.0, 0.0, 0.0]"
25,1215,1549.5095758250657,1381.3545758250657,1681.5500000000002,"[4.0, 0.0, 2.0, 0.0, 0.0, 0.0, 0.0, 0.0, 4.0, 2.0, 2.0, 0.0, 2.0, 0.0, 0.0]"
25,1216,1570.1766769321105,1391.6036769321104,1785.73,"[0.0, 0.0, 0.0, 2.0, 2.0, 2.0, 0.0, 0.0, 2.0, 2.0, 0.0, 0.0, 4.0, 0.0, 4.0]"
25,1217,1450.3461417434444,1363.0001417434444,873.46,"[0.0, 0.0, 2.0, 0.0, 0.0, 0.0, 0.0, 0.0, 0.0, 2.0, 0.0, 0.0, 4.0, 0.0, 4.0]"
25,1218,1473.4515941764876,1337.6965941764875,1357.5500000000002,"[0.0, 0.0, 4.0, 4.0, 0.0, 0.0, 0.0, 0.0, 0.0, 0.0, 0.0, 2.0, 4.0, 0.0, 0.0]"
25,1219,1487.6616204969323,1356.3266204969323,1313.3500000000001,"[0.0, 0.0, 2.0, 4.0, 2.0, 0.0, 0.0, 0.0, 0.0, 4.0, 0.0, 0.0, 4.0, 0.0, 0.0]"
25,1220,1503.515058924775,1409.434058924775,940.8100000000001,"[0.0, 0.0, 2.0, 0.0, 0.0, 0.0, 0.0, 0.0, 0.0, 2.0, 4.0, 0.0, 2.0, 0.0, 0.0]"
25,1221,1453.3900959034486,1331.4080959034486,1219.8200000000002,"[0.0, 0.0, 4.0, 0.0, 0.0, 0.0, 4.0, 0.0, 0.0, 2.0, 0.0, 0.0, 4.0, 0.0, 0.0]"
25,1222,1436.9184025921425,1399.3994025921425,375.19000000000005,"[0.0, 0.0, 2.0, 0.0, 0.0, 0.0, 0.0, 0.0, 0.0, 2.0, 0.0, 0.0, 2.0, 0.0, 0.0]"
25,1223,1514.3117827724457,1361.9977827724456,1523.1400000000003,"[0.0, 0.0, 2.0, 0.0, 2.0, 0.0, 0.0, 2.0, 0.0, 4.0, 2.0, 0.0, 4.0, 0.0, 0.0]"
25,1224,1441.2550919307482,1347.2960919307482,939.59,"[0.0, 0.0, 2.0, 0.0, 2.0, 0.0, 0.0, 0.0, 0.0, 4.0, 0.0, 0.0, 4.0, 0.0, 0.0]"
25,1225,1466.8170627695547,1357.2000627695547,1096.17,"[0.0, 0.0, 2.0, 0.0, 0.0, 0.0, 0.0, 0.0, 2.0, 2.0, 0.0, 0.0, 4.0, 0.0, 4.0]"
25,1226,1510.2066752379023,1332.1356752379024,1780.7100000000003,"[0.0, 0.0, 2.0, 0.0, 2.0, 0.0, 0.0, 0.0, 0.0, 2.0, 4.0, 0.0, 4.0, 2.0, 0.0]"
25,1227,1422.2029168269912,1367.4329168269912,547.7,"[0.0, 0.0, 2.0, 0.0, 0.0, 0.0, 0.0, 0.0, 0.0, 4.0, 0.0, 0.0, 4.0, 0.0, 0.0]"
25,1228,1499.8162499645655,1345.0652499645655,1547.5100000000002,"[0.0, 0.0, 2.0, 4.0, 2.0, 0.0, 2.0, 0.0, 0.0, 2.0, 0.0, 0.0, 4.0, 0.0, 0.0]"
25,1229,1515.7711437537962,1366.2601437537962,1495.1100000000001,"[0.0, 2.0, 4.0, 0.0, 0.0, 0.0, 0.0, 0.0, 0.0, 2.0, 0.0, 4.0, 0.0, 2.0, 0.0]"
25,1230,1540.704866604572,1393.4238666045721,1472.8100000000002,"[0.0, 0.0, 2.0, 0.0, 0.0, 4.0, 0.0, 0.0, 0.0, 2.0, 0.0, 4.0, 2.0, 0.0, 0.0]"
25,1231,1534.1483323412097,1370.7743323412096,1633.7400000000002,"[0.0, 2.0, 0.0, 0.0, 0.0, 0.0, 2.0, 0.0, 4.0, 2.0, 0.0, 0.0, 4.0, 2.0, 0.0]"
25,1232,1523.2673158917867,1425.6003158917867,976.6700000000001,"[0.0, 0.0, 2.0, 0.0, 0.0, 0.0, 0.0, 4.0, 0.0, 2.0, 0.0, 0.0, 2.0, 0.0, 0.0]"
25,1233,1443.9451013465628,1340.7871013465628,1031.5800000000002,"[0.0, 0.0, 2.0, 0.0, 0.0, 0.0, 0.0, 0.0, 0.0, 4.0, 0.0, 4.0, 4.0, 0.0, 0.0]"
25,1234,1520.1440457370775,1318.8510457370774,2012.9300000000003,"[0.0, 0.0, 4.0, 0.0, 0.0, 0.0, 0.0, 0.0, 4.0, 4.0, 2.0, 0.0, 4.0, 4.0, 0.0]"
25,1235,1458.7514518578514,1310.3814518578515,1483.7,"[0.0, 0.0, 2.0, 0.0, 2.0, 0.0, 0.0, 0.0, 0.0, 4.0, 0.0, 0.0, 4.0, 4.0, 0.0]"
25,1236,1510.7745240216227,1311.5695240216226,1992.0500000000002,"[0.0, 0.0, 4.0, 4.0, 2.0, 0.0, 0.0, 0.0, 0.0, 2.0, 0.0, 4.0, 4.0, 0.0, 0.0]"
25,1237,1506.8328499169806,1362.4918499169805,1443.41,"[0.0, 4.0, 2.0, 0.0, 2.0, 0.0, 0.0, 0.0, 0.0, 2.0, 0.0, 0.0, 2.0, 0.0, 0.0]"
25,1238,1500.8985457417082,1422.3685457417082,785.3000000000001,"[4.0, 0.0, 2.0, 0.0, 0.0, 0.0, 0.0, 0.0, 0.0, 2.0, 0.0, 0.0, 0.0, 0.0, 0.0]"
25,1239,1499.3633806872253,1366.2773806872253,1330.8600000000001,"[0.0, 0.0, 2.0, 0.0, 4.0, 0.0, 0.0, 0.0, 0.0, 4.0, 0.0, 0.0, 4.0, 0.0, 0.0]"
25,1240,1483.6314682918928,1326.3944682918927,1572.3700000000001,"[0.0, 0.0, 2.0, 0.0, 2.0, 0.0, 4.0, 0.0, 0.0, 2.0, 0.0, 0.0, 4.0, 0.0, 2.0]"
25,1241,1435.13415016505,1397.61515016505,375.19000000000005,"[0.0, 0.0, 2.0, 0.0, 0.0, 0.0, 0.0, 0.0, 0.0, 4.0, 0.0, 0.0, 2.0, 0.0, 0.0]"
25,1242,1523.821719978133,1355.4697199781328,1683.5200000000002,"[0.0, 0.0, 4.0, 2.0, 0.0, 0.0, 0.0, 0.0, 4.0, 0.0, 0.0, 4.0, 2.0, 0.0, 0.0]"
25,1243,1422.1810386585933,1367.4110386585933,547.7,"[0.0, 0.0, 2.0, 0.0, 0.0, 0.0, 0.0, 0.0, 0.0, 0.0, 0.0, 0.0, 4.0, 0.0, 0.0]"
25,1244,1443.124637339273,1349.165637339273,939.59,"[0.0, 0.0, 2.0, 0.0, 2.0, 0.0, 0.0, 0.0, 0.0, 4.0, 0.0, 0.0, 4.0, 0.0, 0.0]"
25,1245,1454.438077924708,1419.692077924708,347.46000000000004,"[0.0, 0.0, 0.0, 0.0, 0.0, 0.0, 0.0, 0.0, 0.0, 4.0, 0.0, 0.0, 4.0, 0.0, 0.0]"
25,1246,1447.110698458984,1352.876698458984,942.34,"[0.0, 0.0, 2.0, 0.0, 0.0, 0.0, 2.0, 0.0, 0.0, 2.0, 0.0, 0.0, 4.0, 0.0, 2.0]"
25,1247,1533.432029561837,1338.580029561837,1948.5200000000002,"[0.0, 0.0, 4.0, 2.0, 4.0, 0.0, 2.0, 0.0, 0.0, 4.0, 0.0, 0.0, 4.0, 0.0, 0.0]"
25,1248,1422.1439089933374,1367.3739089933374,547.7,"[0.0, 0.0, 2.0, 0.0, 0.0, 0.0, 0.0, 0.0, 0.0, 4.0, 0.0, 0.0, 4.0, 0.0, 0.0]"
25,1249,1487.127041793221,1348.676041793221,1384.5100000000002,"[0.0, 4.0, 2.0, 0.0, 0.0, 0.0, 0.0, 0.0, 0.0, 4.0, 0.0, 0.0, 4.0, 0.0, 2.0]"
25,1250,1434.0642230142978,1363.2462230142978,708.1800000000001,"[0.0, 0.0, 2.0, 0.0, 0.0, 0.0, 0.0, 0.0, 0.0, 2.0, 0.0, 0.0, 4.0, 0.0, 2.0]"
26,1251,1422.034995949777,1367.2649959497771,547.7,"[0.0, 0.0, 2.0, 0.0, 0.0, 0.0, 0.0, 0.0, 0.0, 4.0, 0.0, 0.0, 4.0, 0.0, 0.0]"
26,1252,1422.565832405176,1367.795832405176,547.7,"[0.0, 0.0, 2.0, 0.0, 0.0, 0.0, 0.0, 0.0, 0.0, 2.0, 0.0, 0.0, 4.0, 0.0, 0.0]"
26,1253,1488.2120942815486,1358.8160942815487,1293.96,"[0.0, 0.0, 2.0, 2.0, 0.0, 0.0, 2.0, 0.0, 0.0, 2.0, 0.0, 0.0, 4.0, 0.0, 4.0]"
26,1254,1437.760914705763,1342.8159147057631,949.45,"[0.0, 0.0, 2.0, 0.0, 0.0, 0.0, 0.0, 0.0, 0.0, 2.0, 0.0, 2.0, 4.0, 0.0, 2.0]"
26,1255,1467.2887765515845,1385.4907765515845,817.98,"[0.0, 0.0, 2.0, 0.0, 0.0, 0.0, 0.0, 0.0, 0.0, 2.0, 0.0, 0.0, 2.0, 2.0, 2.0]"
26,1256,1443.6552528549446,1359.0492528549446,846.0600000000001,"[2.0, 0.0, 2.0, 0.0, 0.0, 0.0, 0.0, 0.0, 0.0, 4.0, 0.0, 0.0, 4.0, 0.0, 0.0]"
26,1257,1486.2528553204415,1332.9768553204415,1532.7600000000002,"[0.0, 0.0, 2.0, 0.0, 0.0, 0.0, 0.0, 0.0, 4.0, 4.0, 0.0, 0.0, 4.0, 4.0, 0.0]"
26,1258,1474.1534529474898,1424.2934529474899,498.6,"[2.0, 0.0, 2.0, 0.0, 0.0, 0.0, 0.0, 0.0, 0.0, 4.0, 0.0, 0.0, 0.0, 0.0, 0.0]"
26,1259,1517.5112828217382,1354.5892828217382,1629.2200000000003,"[2.0, 0.0, 2.0, 0.0, 4.0, 0.0, 0.0, 0.0, 0.0, 2.0, 0.0, 0.0, 4.0, 0.0, 0.0]"
26,1260,1420.7799129202106,1366.0099129202106,547.7,"[0.0, 0.0, 2.0, 0.0, 0.0, 0.0, 0.0, 0.0, 0.0, 4.0, 0.0, 0.0, 4.0, 0.0, 0.0]"
26,1261,1505.7377033572268,1348.5247033572268,1572.13,"[0.0, 0.0, 2.0, 0.0, 4.0, 0.0, 0.0, 0.0, 0.0, 0.0, 0.0, 2.0, 4.0, 0.0, 0.0]"
26,1262,1603.560525124509,1364.273525124509,2392.8700000000003,"[0.0, 0.0, 4.0, 4.0, 0.0, 0.0, 2.0, 4.0, 4.0, 4.0, 0.0, 0.0, 4.0, 0.0, 0.0]"
26,1263,1454.6746741327286,1419.9286741327285,347.46000000000004,"[0.0, 0.0, 0.0, 0.0, 0.0, 0.0, 0.0, 0.0, 0.0, 4.0, 0.0, 0.0, 4.0, 0.0, 0.0]"
26,1264,1475.8338699173823,1359.5608699173822,1162.7300000000002,"[0.0, 0.0, 2.0, 4.0, 0.0, 0.0, 0.0, 0.0, 0.0, 4.0, 0.0, 2.0, 4.0, 0.0, 0.0]"
26,1265,1466.936035739597,1330.211035739597,1367.25,"[0.0, 2.0, 2.0, 0.0, 0.0, 0.0, 0.0, 0.0, 0.0, 4.0, 0.0, 4.0, 4.0, 0.0, 0.0]"
26,1266,1460.2883295535082,1374.485329553508,858.0300000000002,"[0.0, 0.0, 2.0, 0.0, 0.0, 2.0, 0.0, 0.0, 0.0, 2.0, 0.0, 0.0, 4.0, 0.0, 0.0]"
26,1267,1435.745088013123,1398.226088013123,375.19000000000005,"[0.0, 0.0, 2.0, 0.0, 0.0, 0.0, 0.0, 0.0, 0.0, 0.0, 0.0, 0.0, 2.0, 0.0, 0.0]"
26,1268,1531.533961057897,1385.3829610578969,1461.5100000000002,"[0.0, 0.0, 2.0, 0.0, 0.0, 0.0, 0.0, 4.0, 0.0, 4.0, 0.0, 0.0, 4.0, 0.0, 4.0]"
26,1269,1443.287112344079,1349.328112344079,939.59,"[0.0, 0.0, 2.0, 0.0, 2.0, 0.0, 0.0, 0.0, 0.0, 2.0, 0.0, 0.0, 4.0, 0.0, 0.0]"
26,1270,1497.7802309249957,1410.5942309249958,871.8600000000001,"[0.0, 0.0, 2.0, 2.0, 0.0, 2.0, 0.0, 0.0, 0.0, 4.0, 0.0, 0.0, 2.0, 0.0, 0.0]"
26,1271,1434.505708812571,1356.319708812571,781.8600000000001,"[0.0, 0.0, 2.0, 0.0, 0.0, 0.0, 2.0, 0.0, 0.0, 2.0, 0.0, 0.0, 4.0, 0.0, 0.0]"
26,1272,1502.5011513838556,1290.8531513838554,2116.4800000000005,"[0.0, 0.0, 2.0, 0.0, 2.0, 0.0, 4.0, 0.0, 0.0, 2.0, 0.0, 0.0, 4.0, 4.0, 2.0]"
26,1273,1421.0154484699974,1366.2454484699974,547.7,"[0.0, 0.0, 2.0, 0.0, 0.0, 0.0, 0.0, 0.0, 0.0, 0.0, 0.0, 0.0, 4.0, 0.0, 0.0]"
26,1274,1423.9331396691034,1369.1631396691034,547.7,"[0.0, 0.0, 2.0, 0.0, 0.0, 0.0, 0.0, 0.0, 0.0, 2.0, 0.0, 0.0, 4.0, 0.0, 0.0]"
26,1275,1516.0972525915129,1320.2222525915129,1958.75,"[2.0, 0.0, 4.0, 4.0, 0.0, 0.0, 0.0, 0.0, 0.0, 0.0, 0.0, 0.0, 4.0, 4.0, 0.0]"
26,1276,1438.0062082616178,1331.5592082616179,1064.47,"[0.0, 0.0, 2.0, 0.0, 0.0, 0.0, 0.0, 0.0, 0.0, 4.0, 0.0, 2.0, 4.0, 2.0, 0.0]"
26,1277,1486.0159400615585,1347.5649400615584,1384.5100000000002,"[0.0, 4.0, 2.0, 0.0, 0.0, 0.0, 0.0, 0.0, 0.0, 2.0, 0.0, 0.0, 4.0, 0.0, 2.0]"
26,1278,1430.7232614524687,1359.9052614524687,708.1800000000001,"[0.0, 0.0, 2.0, 0.0, 0.0, 0.0, 0.0, 0.0, 0.0, 2.0, 0.0, 0.0, 4.0, 0.0, 2.0]"
26,1279,1432.2677458433748,1361.4497458433748,708.1800000000001,"[0.0, 0.0, 2.0, 0.0, 0.0, 0.0, 0.0, 0.0, 0.0, 0.0, 0.0, 0.0, 4.0, 0.0, 2.0]"
26,1280,1453.182619828686,1370.377619828686,828.0500000000001,"[0.0, 0.0, 2.0, 0.0, 0.0, 0.0, 0.0, 0.0, 0.0, 2.0, 2.0, 0.0, 4.0, 0.0, 0.0]"
26,1281,1490.6456953246807,1338.1806953246808,1524.65,"[4.0, 0.0, 2.0, 0.0, 2.0, 0.0, 0.0, 0.0, 0.0, 4.0, 0.0, 0.0, 4.0, 0.0, 0.0]"
26,1282,1508.8203341499463,1307.1563341499464,2016.6400000000003,"[0.0, 0.0, 2.0, 0.0, 0.0, 0.0, 0.0, 0.0, 4.0, 2.0, 0.0, 4.0, 4.0, 4.0, 0.0]"
26,1283,1461.0319271018955,1333.0249271018954,1280.0700000000002,"[0.0, 0.0, 2.0, 0.0, 0.0, 0.0, 2.0, 0.0, 2.0, 2.0, 0.0, 0.0, 4.0, 2.0, 0.0]"
26,1284,1457.3579684082624,1422.6119684082623,347.46000000000004,"[0.0, 0.0, 0.0, 0.0, 0.0, 0.0, 0.0, 0.0, 0.0, 2.0, 0.0, 0.0, 4.0, 0.0, 0.0]"
26,1285,1468.8416601194695,1341.0406601194695,1278.0100000000002,"[0.0, 2.0, 2.0, 0.0, 0.0, 0.0, 2.0, 0.0, 0.0, 2.0, 0.0, 0.0, 4.0, 0.0, 2.0]"
26,1286,1421.3680275015695,1366.5980275015695,547.7,"[0.0, 0.0, 2.0, 0.0, 0.0, 0.0, 0.0, 0.0, 0.0, 4.0, 0.0, 0.0, 4.0, 0.0, 0.0]"
26,1287,1436.672263533081,1399.153263533081,375.19000000000005,"[0.0, 0.0, 2.0, 0.0, 0.0, 0.0, 0.0, 0.0, 0.0, 2.0, 0.0, 0.0, 2.0, 0.0, 0.0]"
26,1288,1443.193545053254,1358.587545053254,846.0600000000001,"[2.0, 0.0, 2.0, 0.0, 0.0, 0.0, 0.0, 0.0, 0.0, 2.0, 0.0, 0.0, 4.0, 0.0, 0.0]"
26,1289,1445.4654777062324,1357.1284777062324,883.3700000000001,"[0.0, 2.0, 2.0, 0.0, 0.0, 0.0, 0.0, 0.0, 0.0, 4.0, 0.0, 0.0, 4.0, 0.0, 0.0]"
26,1290,1471.021154188858,1344.606154188858,1264.15,"[0.0, 0.0, 2.0, 0.0, 0.0, 0.0, 0.0, 0.0, 4.0, 4.0, 0.0, 0.0, 4.0, 2.0, 0.0]"
26,1291,1422.6912130417174,1367.9212130417175,547.7,"[0.0, 0.0, 2.0, 0.0, 0.0, 0.0, 0.0, 0.0, 0.0, 0.0, 0.0, 0.0, 4.0, 0.0, 0.0]"
26,1292,1498.9631795245616,1382.8191795245616,1161.4400000000003,"[0.0, 0.0, 2.0, 0.0, 0.0, 4.0, 0.0, 0.0, 0.0, 0.0, 0.0, 0.0, 4.0, 0.0, 0.0]"
26,1293,1443.3338987526324,1349.3748987526324,939.59,"[0.0, 0.0, 2.0, 0.0, 2.0, 0.0, 0.0, 0.0, 0.0, 2.0, 0.0, 0.0, 4.0, 0.0, 0.0]"
26,1294,1481.3579696681313,1314.3539696681312,1670.0400000000002,"[0.0, 0.0, 2.0, 2.0, 2.0, 0.0, 0.0, 0.0, 0.0, 4.0, 0.0, 0.0, 4.0, 4.0, 0.0]"
26,1295,1496.10552011663,1335.59952011663,1605.0600000000002,"[4.0, 0.0, 2.0, 0.0, 0.0, 0.0, 4.0, 0.0, 0.0, 0.0, 0.0, 0.0, 4.0, 0.0, 0.0]"
26,1296,1444.3523481826464,1350.3933481826464,939.59,"[0.0, 0.0, 2.0, 0.0, 2.0, 0.0, 0.0, 0.0, 0.0, 4.0, 0.0, 0.0, 4.0, 0.0, 0.0]"
26,1297,1422.0103754632535,1367.2403754632535,547.7,"[0.0, 0.0, 2.0, 0.0, 0.0, 0.0, 0.0, 0.0, 0.0, 4.0, 0.0, 0.0, 4.0, 0.0, 0.0]"
26,1298,1422.603802474636,1367.833802474636,547.7,"[0.0, 0.0, 2.0, 0.0, 0.0, 0.0, 0.0, 0.0, 0.0, 0.0, 0.0, 0.0, 4.0, 0.0, 0.0]"
26,1299,1438.4276352498027,1400.9086352498027,375.19000000000005,"[0.0, 0.0, 2.0, 0.0, 0.0, 0.0, 0.0, 0.0, 0.0, 4.0, 0.0, 0.0, 2.0, 0.0, 0.0]"
26,1300,1477.373735960631,1408.821735960631,685.5200000000001,"[0.0, 0.0, 2.0, 0.0, 0.0, 2.0, 0.0, 0.0, 0.0, 4.0, 0.0, 0.0, 2.0, 0.0, 0.0]"
27,1301,1423.9366767922238,1369.1666767922238,547.7,"[0.0, 0.0, 2.0, 0.0, 0.0, 0.0, 0.0, 0.0, 0.0, 4.0, 0.0, 0.0, 4.0, 0.0, 0.0]"
27,1302,1420.6597529364115,1365.8897529364115,547.7,"[0.0, 0.0, 2.0, 0.0, 0.0, 0.0, 0.0, 0.0, 0.0, 0.0, 0.0, 0.0, 4.0, 0.0, 0.0]"
27,1303,1440.3484472522578,1355.7424472522578,846.0600000000001,"[2.0, 0.0, 2.0, 0.0, 0.0, 0.0, 0.0, 0.0, 0.0, 2.0, 0.0, 0.0, 4.0, 0.0, 0.0]"
27,1304,1420.888134872418,1366.118134872418,547.7,"[0.0, 0.0, 2.0, 0.0, 0.0, 0.0, 0.0, 0.0, 0.0, 4.0, 0.0, 0.0, 4.0, 0.0, 0.0]"
27,1305,1474.18730571417,1351.20730571417,1229.8000000000002,"[0.0, 0.0, 2.0, 0.0, 0.0, 0.0, 0.0, 0.0, 0.0, 2.0, 2.0, 2.0, 4.0, 0.0, 2.0]"
27,1306,1444.4569751346537,1350.4979751346536,939.59,"[0.0, 0.0, 2.0, 0.0, 2.0, 0.0, 0.0, 0.0, 0.0, 2.0, 0.0, 0.0, 4.0, 0.0, 0.0]"
27,1307,1444.9061882479195,1356.5691882479196,883.3700000000001,"[0.0, 2.0, 2.0, 0.0, 0.0, 0.0, 0.0, 0.0, 0.0, 4.0, 0.0, 0.0, 4.0, 0.0, 0.0]"
27,1308,1521.04604298528,1354.39304298528,1666.53,"[0.0, 2.0, 2.0, 0.0, 4.0, 0.0, 0.0, 0.0, 0.0, 0.0, 0.0, 0.0, 4.0, 0.0, 0.0]"
27,1309,1459.9097176241876,1388.8237176241876,710.8600000000001,"[0.0, 2.0, 2.0, 0.0, 0.0, 0.0, 0.0, 0.0, 0.0, 4.0, 0.0, 0.0, 2.0, 0.0, 0.0]"
27,1310,1439.0357147803898,1361.9947147803898,770.4100000000001,"[0.0, 0.0, 2.0, 0.0, 0.0, 0.0, 0.0, 0.0, 2.0, 4.0, 0.0, 0.0, 4.0, 0.0, 0.0]"
27,1311,1438.8642829111232,1381.3632829111232,575.0100000000001,"[0.0, 0.0, 4.0, 0.0, 0.0, 0.0, 0.0, 0.0, 0.0, 4.0, 0.0, 0.0, 2.0, 0.0, 0.0]"
27,1312,1445.1243959987041,1341.966395998704,1031.5800000000002,"[0.0, 0.0, 2.0, 0.0, 0.0, 0.0, 0.0, 0.0, 0.0, 4.0, 0.0, 4.0, 4.0, 0.0, 0.0]"
27,1313,1486.1904780803889,1332.9144780803888,1532.7600000000002,"[0.0, 0.0, 2.0, 0.0, 0.0, 0.0, 0.0, 0.0, 4.0, 2.0, 0.0, 0.0, 4.0, 4.0, 0.0]"
27,1314,1582.186981980523,1364.789981980523,2173.9700000000003,"[0.0, 0.0, 2.0, 0.0, 4.0, 4.0, 2.0, 0.0, 0.0, 0.0, 0.0, 0.0, 4.0, 0.0, 0.0]"
27,1315,1508.8678000485909,1331.2278000485908,1776.4,"[0.0, 4.0, 2.0, 0.0, 2.0, 0.0, 0.0, 0.0, 0.0, 4.0, 0.0, 0.0, 4.0, 0.0, 2.0]"
27,1316,1474.6595462184873,1352.6655462184874,1219.9400000000003,"[0.0, 0.0, 2.0, 0.0, 2.0, 0.0, 0.0, 0.0, 0.0, 0.0, 2.0, 0.0, 4.0, 0.0, 0.0]"
27,1317,1457.5114739251067,1437.4874739251068,200.24,"[0.0, 0.0, 2.0, 0.0, 0.0, 0.0, 0.0, 0.0, 0.0, 2.0, 0.0, 0.0, 0.0, 0.0, 0.0]"
27,1318,1446.8787103227637,1343.7207103227636,1031.5800000000002,"[0.0, 0.0, 2.0, 0.0, 0.0, 0.0, 0.0, 0.0, 0.0, 0.0, 0.0, 4.0, 4.0, 0.0, 0.0]"
27,1319,1479.5143710258799,1405.07937102588,744.35,"[0.0, 0.0, 2.0, 0.0, 0.0, 0.0, 0.0, 0.0, 0.0, 2.0, 0.0, 0.0, 0.0, 4.0, 0.0]"
27,1320,1507.502354306312,1392.5843543063122,1149.18,"[0.0, 0.0, 2.0, 0.0, 0.0, 0.0, 0.0, 4.0, 0.0, 4.0, 0.0, 0.0, 4.0, 0.0, 0.0]"
27,1321,1450.0694149522112,1349.612414952211,1004.5700000000002,"[0.0, 0.0, 2.0, 0.0, 0.0, 0.0, 2.0, 0.0, 2.0, 4.0, 0.0, 0.0, 4.0, 0.0, 0.0]"
27,1322,1461.8059835165948,1343.7579835165948,1180.4800000000002,"[0.0, 0.0, 2.0, 0.0, 0.0, 0.0, 4.0, 0.0, 0.0, 2.0, 0.0, 0.0, 4.0, 0.0, 2.0]"
27,1323,1453.4385162805768,1343.4315162805767,1100.0700000000002,"[0.0, 0.0, 2.0, 0.0, 2.0, 0.0, 0.0, 0.0, 0.0, 0.0, 0.0, 0.0, 4.0, 0.0, 2.0]"
27,1324,1456.7593313623847,1389.4043313623847,673.5500000000001,"[2.0, 0.0, 2.0, 0.0, 0.0, 0.0, 0.0, 0.0, 0.0, 4.0, 0.0, 0.0, 2.0, 0.0, 0.0]"
27,1325,1591.8871634471307,1435.1981634471306,1566.8900000000003,"[0.0, 0.0, 2.0, 0.0, 4.0, 0.0, 2.0, 0.0, 0.0, 4.0, 0.0, 0.0, 0.0, 0.0, 4.0]"
27,1326,1423.706502632645,1368.936502632645,547.7,"[0.0, 0.0, 2.0, 0.0, 0.0, 0.0, 0.0, 0.0, 0.0, 2.0, 0.0, 0.0, 4.0, 0.0, 0.0]"
27,1327,1521.4169667159315,1340.5079667159314,1809.0900000000001,"[4.0, 4.0, 2.0, 0.0, 0.0, 0.0, 0.0, 0.0, 0.0, 0.0, 0.0, 0.0, 4.0, 0.0, 0.0]"
27,1328,1432.206786504111,1361.388786504111,708.1800000000001,"[0.0, 0.0, 2.0, 0.0, 0.0, 0.0, 0.0, 0.0, 0.0, 0.0, 0.0, 0.0, 4.0, 0.0, 2.0]"
27,1329,1499.254628576636,1379.0736285766359,1201.8100000000002,"[0.0, 0.0, 2.0, 4.0, 0.0, 0.0, 0.0, 0.0, 0.0, 4.0, 2.0, 0.0, 4.0, 0.0, 0.0]"
27,1330,1465.7326829614028,1323.5576829614029,1421.75,"[0.0, 0.0, 2.0, 0.0, 0.0, 0.0, 4.0, 0.0, 0.0, 2.0, 0.0, 2.0, 4.0, 0.0, 2.0]"
27,1331,1460.413367520502,1374.610367520502,858.0300000000002,"[0.0, 0.0, 2.0, 0.0, 0.0, 2.0, 0.0, 0.0, 0.0, 2.0, 0.0, 0.0, 4.0, 0.0, 0.0]"
27,1332,1423.6886934245965,1368.9186934245965,547.7,"[0.0, 0.0, 2.0, 0.0, 0.0, 0.0, 0.0, 0.0, 0.0, 2.0, 0.0, 0.0, 4.0, 0.0, 0.0]"
27,1333,1433.4503203336978,1351.130320333698,823.2,"[0.0, 0.0, 2.0, 0.0, 0.0, 0.0, 0.0, 0.0, 0.0, 2.0, 0.0, 0.0, 4.0, 2.0, 0.0]"
27,1334,1423.785775617659,1369.015775617659,547.7,"[0.0, 0.0, 2.0, 0.0, 0.0, 0.0, 0.0, 0.0, 0.0, 2.0, 0.0, 0.0, 4.0, 0.0, 0.0]"
27,1335,1423.8393412179266,1369.0693412179266,547.7,"[0.0, 0.0, 2.0, 0.0, 0.0, 0.0, 0.0, 0.0, 0.0, 4.0, 0.0, 0.0, 4.0, 0.0, 0.0]"
27,1336,1460.365761972259,1374.5627619722588,858.0300000000002,"[0.0, 0.0, 2.0, 0.0, 0.0, 2.0, 0.0, 0.0, 0.0, 4.0, 0.0, 0.0, 4.0, 0.0, 0.0]"
27,1337,1422.5429040097204,1367.7729040097204,547.7,"[0.0, 0.0, 2.0, 0.0, 0.0, 0.0, 0.0, 0.0, 0.0, 4.0, 0.0, 0.0, 4.0, 0.0, 0.0]"
27,1338,1423.6311988659377,1368.8611988659377,547.7,"[0.0, 0.0, 2.0, 0.0, 0.0, 0.0, 0.0, 0.0, 0.0, 2.0, 0.0, 0.0, 4.0, 0.0, 0.0]"
27,1339,1451.818364652519,1369.013364652519,828.0500000000001,"[0.0, 0.0, 2.0, 0.0, 0.0, 0.0, 0.0, 0.0, 0.0, 2.0, 2.0, 0.0, 4.0, 0.0, 0.0]"
27,1340,1461.3628070264251,1355.577807026425,1057.8500000000001,"[0.0, 0.0, 4.0, 0.0, 0.0, 2.0, 0.0, 0.0, 0.0, 2.0, 0.0, 0.0, 4.0, 0.0, 0.0]"
27,1341,1581.3488041466721,1405.0568041466722,1762.92,"[0.0, 0.0, 2.0, 0.0, 0.0, 4.0, 0.0, 4.0, 0.0, 4.0, 0.0, 0.0, 4.0, 0.0, 0.0]"
27,1342,1447.9160592666085,1359.5790592666085,883.3700000000001,"[0.0, 2.0, 2.0, 0.0, 0.0, 0.0, 0.0, 0.0, 0.0, 2.0, 0.0, 0.0, 4.0, 0.0, 0.0]"
27,1343,1468.6992187911308,1345.7072187911308,1229.92,"[0.0, 0.0, 2.0, 0.0, 0.0, 0.0, 0.0, 0.0, 4.0, 2.0, 0.0, 2.0, 4.0, 0.0, 0.0]"
27,1344,1465.9410486026732,1403.6450486026731,622.96,"[0.0, 0.0, 0.0, 0.0, 0.0, 0.0, 0.0, 0.0, 0.0, 0.0, 0.0, 0.0, 4.0, 2.0, 0.0]"
27,1345,1444.0507689130081,1340.8927689130082,1031.5800000000002,"[0.0, 0.0, 2.0, 0.0, 0.0, 0.0, 0.0, 0.0, 0.0, 2.0, 0.0, 4.0, 4.0, 0.0, 0.0]"
27,1346,1461.9482572388936,1333.4362572388936,1285.1200000000001,"[0.0, 2.0, 2.0, 0.0, 0.0, 0.0, 0.0, 0.0, 0.0, 4.0, 0.0, 2.0, 4.0, 0.0, 2.0]"
27,1347,1432.1363575247044,1349.8163575247045,823.2,"[0.0, 0.0, 2.0, 0.0, 0.0, 0.0, 0.0, 0.0, 0.0, 4.0, 0.0, 0.0, 4.0, 2.0, 0.0]"
27,1348,1492.6802586810827,1331.0162586810827,1616.6400000000003,"[4.0, 0.0, 2.0, 0.0, 0.0, 0.0, 0.0, 0.0, 0.0, 4.0, 0.0, 4.0, 4.0, 0.0, 0.0]"
27,1349,1467.6384150584233,1402.0844150584232,655.5400000000001,"[0.0, 0.0, 2.0, 0.0, 0.0, 0.0, 0.0, 0.0, 0.0, 4.0, 2.0, 0.0, 2.0, 0.0, 0.0]"
27,1350,1523.5132356228737,1425.8462356228738,976.6700000000001,"[0.0, 0.0, 2.0, 0.0, 0.0, 0.0, 0.0, 4.0, 0.0, 2.0, 0.0, 0.0, 2.0, 0.0, 0.0]"
28,1351,1424.8188466757124,1370.0488466757124,547.7,"[0.0, 0.0, 2.0, 0.0, 0.0, 0.0, 0.0, 0.0, 0.0, 0.0, 0.0, 0.0, 4.0, 0.0, 0.0]"
28,1352,1423.7021371433202,1368.9321371433202,547.7,"[0.0, 0.0, 2.0, 0.0, 0.0, 0.0, 0.0, 0.0, 0.0, 4.0, 0.0, 0.0, 4.0, 0.0, 0.0]"
28,1353,1445.5462813923818,1342.388281392382,1031.5800000000002,"[0.0, 0.0, 2.0, 0.0, 0.0, 0.0, 0.0, 0.0, 0.0, 2.0, 0.0, 4.0, 4.0, 0.0, 0.0]"
28,1354,1507.6874605321777,1392.7694605321776,1149.18,"[0.0, 0.0, 2.0, 0.0, 0.0, 0.0, 0.0, 4.0, 0.0, 4.0, 0.0, 0.0, 4.0, 0.0, 0.0]"
28,1355,1422.159165654111,1367.389165654111,547.7,"[0.0, 0.0, 2.0, 0.0, 0.0, 0.0, 0.0, 0.0, 0.0, 4.0, 0.0, 0.0, 4.0, 0.0, 0.0]"
28,1356,1422.3469425487535,1367.5769425487535,547.7,"[0.0, 0.0, 2.0, 0.0, 0.0, 0.0, 0.0, 0.0, 0.0, 2.0, 0.0, 0.0, 4.0, 0.0, 0.0]"
28,1357,1438.991823157767,1361.950823157767,770.4100000000001,"[0.0, 0.0, 2.0, 0.0, 0.0, 0.0, 0.0, 0.0, 2.0, 0.0, 0.0, 0.0, 4.0, 0.0, 0.0]"
28,1358,1498.1116064962944,1365.0256064962944,1330.8600000000001,"[0.0, 0.0, 2.0, 0.0, 4.0, 0.0, 0.0, 0.0, 0.0, 2.0, 0.0, 0.0, 4.0, 0.0, 0.0]"
28,1359,1454.9182695882866,1420.1722695882866,347.46000000000004,"[0.0, 0.0, 0.0, 0.0, 0.0, 0.0, 0.0, 0.0, 0.0, 4.0, 0.0, 0.0, 4.0, 0.0, 0.0]"
28,1360,1435.0494449101918,1356.863444910192,781.8600000000001,"[0.0, 0.0, 2.0, 0.0, 0.0, 0.0, 2.0, 0.0, 0.0, 0.0, 0.0, 0.0, 4.0, 0.0, 0.0]"
28,1361,1456.6232610808513,1352.2382610808513,1043.8500000000001,"[0.0, 2.0, 2.0, 0.0, 0.0, 0.0, 0.0, 0.0, 0.0, 0.0, 0.0, 0.0, 4.0, 0.0, 2.0]"
28,1362,1558.0858590286073,1333.4908590286072,2245.9500000000003,"[4.0, 0.0, 2.0, 0.0, 2.0, 0.0, 0.0, 0.0, 4.0, 4.0, 2.0, 0.0, 4.0, 0.0, 0.0]"
28,1363,1462.2414433824722,1356.4564433824721,1057.8500000000001,"[0.0, 0.0, 4.0, 0.0, 0.0, 2.0, 0.0, 0.0, 0.0, 2.0, 0.0, 0.0, 4.0, 0.0, 0.0]"
28,1364,1487.4386880213815,1331.0406880213816,1563.9800000000002,"[0.0, 0.0, 4.0, 2.0, 0.0, 0.0, 4.0, 0.0, 0.0, 2.0, 0.0, 0.0, 4.0, 0.0, 2.0]"
28,1365,1429.0190687699971,1350.1220687699972,788.9700000000001,"[0.0, 0.0, 2.0, 0.0, 0.0, 0.0, 0.0, 0.0, 0.0, 0.0, 0.0, 2.0, 4.0, 0.0, 0.0]"
28,1366,1422.1728877503492,1367.4028877503492,547.7,"[0.0, 0.0, 2.0, 0.0, 0.0, 0.0, 0.0, 0.0, 0.0, 2.0, 0.0, 0.0, 4.0, 0.0, 0.0]"
28,1367,1468.2415034929634,1383.1515034929635,850.9000000000001,"[0.0, 0.0, 2.0, 0.0, 0.0, 0.0, 0.0, 2.0, 0.0, 0.0, 0.0, 0.0, 4.0, 0.0, 0.0]"
28,1368,1486.07112797149,1351.8801279714899,1341.91,"[0.0, 0.0, 2.0, 0.0, 0.0, 2.0, 0.0, 0.0, 0.0, 4.0, 0.0, 4.0, 4.0, 0.0, 0.0]"
28,1369,1423.9805769425486,1369.2105769425486,547.7,"[0.0, 0.0, 2.0, 0.0, 0.0, 0.0, 0.0, 0.0, 0.0, 0.0, 0.0, 0.0, 4.0, 0.0, 0.0]"
28,1370,1457.6177523238623,1403.3697523238623,542.48,"[0.0, 0.0, 2.0, 0.0, 0.0, 0.0, 0.0, 0.0, 0.0, 0.0, 0.0, 0.0, 2.0, 0.0, 2.0]"
28,1371,1469.0631007168022,1363.9911007168023,1050.72,"[0.0, 0.0, 4.0, 0.0, 0.0, 0.0, 0.0, 2.0, 0.0, 0.0, 0.0, 0.0, 4.0, 0.0, 0.0]"
28,1372,1446.8357766528297,1343.6777766528298,1031.5800000000002,"[0.0, 0.0, 2.0, 0.0, 0.0, 0.0, 0.0, 0.0, 0.0, 2.0, 0.0, 4.0, 4.0, 0.0, 0.0]"
28,1373,1448.9649115008403,1388.0299115008404,609.35,"[0.0, 0.0, 2.0, 0.0, 0.0, 0.0, 2.0, 0.0, 0.0, 4.0, 0.0, 0.0, 2.0, 0.0, 0.0]"
28,1374,1472.8456135355705,1408.2636135355704,645.8200000000002,"[2.0, 0.0, 0.0, 0.0, 0.0, 0.0, 0.0, 0.0, 0.0, 2.0, 0.0, 0.0, 4.0, 0.0, 0.0]"
28,1375,1485.6186120200878,1367.2396120200876,1183.7900000000002,"[0.0, 0.0, 2.0, 0.0, 0.0, 2.0, 0.0, 0.0, 0.0, 2.0, 0.0, 0.0, 4.0, 0.0, 4.0]"
28,1376,1523.818377645034,1432.510377645034,913.0800000000002,"[0.0, 0.0, 0.0, 0.0, 0.0, 0.0, 0.0, 0.0, 0.0, 4.0, 4.0, 0.0, 4.0, 0.0, 0.0]"
28,1377,1436.2982594362545,1359.2572594362546,770.4100000000001,"[0.0, 0.0, 2.0, 0.0, 0.0, 0.0, 0.0, 0.0, 2.0, 4.0, 0.0, 0.0, 4.0, 0.0, 0.0]"
28,1378,1489.0687870289753,1352.3137870289752,1367.5500000000002,"[0.0, 2.0, 4.0, 0.0, 0.0, 0.0, 2.0, 0.0, 2.0, 4.0, 0.0, 0.0, 2.0, 0.0, 0.0]"
28,1379,1497.0386474375848,1338.0756474375848,1589.63,"[4.0, 0.0, 2.0, 0.0, 0.0, 0.0, 2.0, 0.0, 2.0, 4.0, 0.0, 0.0, 4.0, 0.0, 0.0]"
28,1380,1437.7325055178696,1360.6915055178697,770.4100000000001,"[0.0, 0.0, 2.0, 0.0, 0.0, 0.0, 0.0, 0.0, 2.0, 4.0, 0.0, 0.0, 4.0, 0.0, 0.0]"
28,1381,1451.3011682630972,1391.5111682630973,597.9,"[0.0, 0.0, 2.0, 0.0, 0.0, 0.0, 0.0, 0.0, 2.0, 4.0, 0.0, 0.0, 2.0, 0.0, 0.0]"
28,1382,1478.4825574952408,1439.824557495241,386.58000000000004,"[0.0, 0.0, 2.0, 2.0, 0.0, 0.0, 0.0, 0.0, 0.0, 4.0, 0.0, 0.0, 0.0, 0.0, 0.0]"
28,1383,1421.1619603078168,1366.3919603078168,547.7,"[0.0, 0.0, 2.0, 0.0, 0.0, 0.0, 0.0, 0.0, 0.0, 2.0, 0.0, 0.0, 4.0, 0.0, 0.0]"
28,1384,1481.4954810180404,1320.6874810180404,1608.0800000000002,"[4.0, 0.0, 4.0, 0.0, 0.0, 0.0, 0.0, 0.0, 0.0, 4.0, 0.0, 0.0, 4.0, 2.0, 0.0]"
28,1385,1465.836844529051,1418.2628445290509,475.74000000000007,"[0.0, 0.0, 2.0, 0.0, 0.0, 0.0, 0.0, 0.0, 0.0, 0.0, 0.0, 0.0, 0.0, 2.0, 0.0]"
28,1386,1422.4266018631024,1367.6566018631024,547.7,"[0.0, 0.0, 2.0, 0.0, 0.0, 0.0, 0.0, 0.0, 0.0, 4.0, 0.0, 0.0, 4.0, 0.0, 0.0]"
28,1387,1553.775765209645,1296.928765209645,2568.4700000000003,"[4.0, 4.0, 2.0, 0.0, 0.0, 0.0, 0.0, 0.0, 0.0, 4.0, 0.0, 4.0, 4.0, 2.0, 0.0]"
28,1388,1506.8068503158918,1363.1128503158918,1436.9400000000003,"[0.0, 0.0, 2.0, 0.0, 0.0, 4.0, 0.0, 0.0, 0.0, 4.0, 0.0, 0.0, 4.0, 2.0, 0.0]"
28,1389,1574.35427261683,1403.52227261683,1708.3200000000002,"[0.0, 0.0, 0.0, 0.0, 0.0, 0.0, 0.0, 4.0, 0.0, 2.0, 0.0, 4.0, 4.0, 2.0, 0.0]"
28,1390,1476.711834845294,1354.308834845294,1224.0300000000002,"[0.0, 4.0, 2.0, 0.0, 0.0, 0.0, 0.0, 0.0, 0.0, 4.0, 0.0, 0.0, 4.0, 0.0, 0.0]"
28,1391,1421.0236958282703,1366.2536958282703,547.7,"[0.0, 0.0, 2.0, 0.0, 0.0, 0.0, 0.0, 0.0, 0.0, 2.0, 0.0, 0.0, 4.0, 0.0, 0.0]"
28,1392,1422.4807533414337,1367.7107533414337,547.7,"[0.0, 0.0, 2.0, 0.0, 0.0, 0.0, 0.0, 0.0, 0.0, 4.0, 0.0, 0.0, 4.0, 0.0, 0.0]"
28,1393,1446.7152362958914,1343.5572362958915,1031.5800000000002,"[0.0, 0.0, 2.0, 0.0, 0.0, 0.0, 0.0, 0.0, 0.0, 2.0, 0.0, 4.0, 4.0, 0.0, 0.0]"
28,1394,1433.549675002531,1351.2296750025312,823.2,"[0.0, 0.0, 2.0, 0.0, 0.0, 0.0, 0.0, 0.0, 0.0, 2.0, 0.0, 0.0, 4.0, 2.0, 0.0]"
28,1395,1452.0253831575112,1351.3713831575112,1006.5400000000002,"[2.0, 0.0, 2.0, 0.0, 0.0, 0.0, 0.0, 0.0, 0.0, 2.0, 0.0, 0.0, 4.0, 0.0, 2.0]"
28,1396,1423.2816553539608,1348.5296553539608,747.5200000000001,"[0.0, 0.0, 4.0, 0.0, 0.0, 0.0, 0.0, 0.0, 0.0, 4.0, 0.0, 0.0, 4.0, 0.0, 0.0]"
28,1397,1442.3481159197229,1368.944115919723,734.0400000000001,"[0.0, 0.0, 2.0, 2.0, 0.0, 0.0, 0.0, 0.0, 0.0, 4.0, 0.0, 0.0, 4.0, 0.0, 0.0]"
28,1398,1421.125166967052,1366.3551669670521,547.7,"[0.0, 0.0, 2.0, 0.0, 0.0, 0.0, 0.0, 0.0, 0.0, 0.0, 0.0, 0.0, 4.0, 0.0, 0.0]"
28,1399,1446.342044404398,1337.161044404398,1091.8100000000002,"[0.0, 0.0, 2.0, 0.0, 0.0, 0.0, 0.0, 0.0, 0.0, 4.0, 0.0, 0.0, 4.0, 4.0, 0.0]"
28,1400,1497.3266468706342,1351.1196468706341,1462.0700000000002,"[0.0, 2.0, 2.0, 0.0, 0.0, 0.0, 0.0, 2.0, 0.0, 4.0, 0.0, 0.0, 4.0, 2.0, 0.0]"
29,1401,1421.017002835156,1366.247002835156,547.7,"[0.0, 0.0, 2.0, 0.0, 0.0, 0.0, 0.0, 0.0, 0.0, 2.0, 0.0, 0.0, 4.0, 0.0, 0.0]"
29,1402,1422.1137120291617,1367.3437120291617,547.7,"[0.0, 0.0, 2.0, 0.0, 0.0, 0.0, 0.0, 0.0, 0.0, 0.0, 0.0, 0.0, 4.0, 0.0, 0.0]"
29,1403,1419.758527744026,1364.988527744026,547.7,"[0.0, 0.0, 2.0, 0.0, 0.0, 0.0, 0.0, 0.0, 0.0, 0.0, 0.0, 0.0, 4.0, 0.0, 0.0]"
29,1404,1420.9505524615727,1366.1805524615727,547.7,"[0.0, 0.0, 2.0, 0.0, 0.0, 0.0, 0.0, 0.0, 0.0, 0.0, 0.0, 0.0, 4.0, 0.0, 0.0]"
29,1405,1498.8209732312803,1382.6769732312803,1161.4400000000003,"[0.0, 0.0, 2.0, 0.0, 0.0, 4.0, 0.0, 0.0, 0.0, 0.0, 0.0, 0.0, 4.0, 0.0, 0.0]"
29,1406,1439.5477139819786,1342.5247139819785,970.2300000000001,"[0.0, 0.0, 4.0, 0.0, 0.0, 0.0, 0.0, 0.0, 2.0, 4.0, 0.0, 0.0, 4.0, 0.0, 0.0]"
29,1407,1467.7004429482636,1389.3254429482636,783.75,"[0.0, 0.0, 2.0, 0.0, 0.0, 0.0, 0.0, 0.0, 0.0, 0.0, 0.0, 2.0, 2.0, 0.0, 2.0]"
29,1408,1421.3180954213158,1366.5480954213158,547.7,"[0.0, 0.0, 2.0, 0.0, 0.0, 0.0, 0.0, 0.0, 0.0, 4.0, 0.0, 0.0, 4.0, 0.0, 0.0]"
29,1409,1423.7569886593762,1368.9869886593763,547.7,"[0.0, 0.0, 2.0, 0.0, 0.0, 0.0, 0.0, 0.0, 0.0, 4.0, 0.0, 0.0, 4.0, 0.0, 0.0]"
29,1410,1436.3554135752472,1359.3144135752473,770.4100000000001,"[0.0, 0.0, 2.0, 0.0, 0.0, 0.0, 0.0, 0.0, 2.0, 0.0, 0.0, 0.0, 4.0, 0.0, 0.0]"
29,1411,1422.7083163564935,1367.9383163564935,547.7,"[0.0, 0.0, 2.0, 0.0, 0.0, 0.0, 0.0, 0.0, 0.0, 4.0, 0.0, 0.0, 4.0, 0.0, 0.0]"
29,1412,1510.829755756729,1483.279755756729,275.5,"[0.0, 0.0, 0.0, 0.0, 0.0, 0.0, 0.0, 0.0, 0.0, 0.0, 0.0, 0.0, 0.0, 2.0, 0.0]"
29,1413,1422.5662880460097,1367.7962880460097,547.7,"[0.0, 0.0, 2.0, 0.0, 0.0, 0.0, 0.0, 0.0, 0.0, 2.0, 0.0, 0.0, 4.0, 0.0, 0.0]"
29,1414,1441.912510073909,1357.306510073909,846.0600000000001,"[2.0, 0.0, 2.0, 0.0, 0.0, 0.0, 0.0, 0.0, 0.0, 2.0, 0.0, 0.0, 4.0, 0.0, 0.0]"
29,1415,1561.2049598315518,1371.3519598315518,1898.53,"[0.0, 0.0, 2.0, 0.0, 0.0, 0.0, 0.0, 0.0, 4.0, 4.0, 4.0, 2.0, 2.0, 2.0, 0.0]"
29,1416,1474.3877820346672,1389.8207820346672,845.6700000000001,"[0.0, 0.0, 0.0, 0.0, 0.0, 0.0, 0.0, 0.0, 2.0, 2.0, 0.0, 0.0, 4.0, 2.0, 0.0]"
29,1417,1424.0515816119887,1369.2815816119887,547.7,"[0.0, 0.0, 2.0, 0.0, 0.0, 0.0, 0.0, 0.0, 0.0, 0.0, 0.0, 0.0, 4.0, 0.0, 0.0]"
29,1418,1422.3790623734305,1367.6090623734306,547.7,"[0.0, 0.0, 2.0, 0.0, 0.0, 0.0, 0.0, 0.0, 0.0, 2.0, 0.0, 0.0, 4.0, 0.0, 0.0]"
29,1419,1456.6837693989955,1330.5567693989956,1261.2700000000002,"[0.0, 0.0, 2.0, 0.0, 0.0, 0.0, 4.0, 0.0, 0.0, 0.0, 0.0, 2.0, 4.0, 0.0, 0.0]"
29,1420,1449.995858739673,1349.5388587396728,1004.5700000000002,"[0.0, 0.0, 2.0, 0.0, 0.0, 0.0, 2.0, 0.0, 2.0, 0.0, 0.0, 0.0, 4.0, 0.0, 0.0]"
29,1421,1427.557365322695,1348.660365322695,788.9700000000001,"[0.0, 0.0, 2.0, 0.0, 0.0, 0.0, 0.0, 0.0, 0.0, 4.0, 0.0, 2.0, 4.0, 0.0, 0.0]"
29,1422,1508.2755903448556,1378.3095903448555,1299.66,"[0.0, 0.0, 2.0, 2.0, 0.0, 0.0, 0.0, 0.0, 0.0, 0.0, 4.0, 0.0, 4.0, 0.0, 0.0]"
29,1423,1543.0240607195644,1344.2110607195643,1988.1300000000003,"[0.0, 0.0, 2.0, 0.0, 0.0, 2.0, 4.0, 0.0, 2.0, 4.0, 2.0, 0.0, 4.0, 0.0, 2.0]"
29,1424,1493.9050915165012,1318.9820915165012,1749.23,"[0.0, 0.0, 2.0, 0.0, 2.0, 0.0, 0.0, 0.0, 0.0, 2.0, 0.0, 4.0, 4.0, 0.0, 4.0]"
29,1425,1507.8756766016036,1420.2186766016036,876.5700000000002,"[0.0, 4.0, 2.0, 0.0, 0.0, 0.0, 0.0, 0.0, 0.0, 4.0, 0.0, 0.0, 0.0, 0.0, 0.0]"
29,1426,1445.4732804633547,1372.0692804633547,734.0400000000001,"[0.0, 0.0, 2.0, 2.0, 0.0, 0.0, 0.0, 0.0, 0.0, 0.0, 0.0, 0.0, 4.0, 0.0, 0.0]"
29,1427,1548.0215588646165,1360.7725588646165,1872.4900000000002,"[0.0, 0.0, 2.0, 0.0, 4.0, 2.0, 2.0, 0.0, 0.0, 2.0, 0.0, 0.0, 4.0, 0.0, 0.0]"
29,1428,1634.2766364059687,1390.9626364059686,2433.1400000000003,"[0.0, 0.0, 2.0, 2.0, 0.0, 4.0, 0.0, 4.0, 0.0, 4.0, 0.0, 4.0, 4.0, 0.0, 0.0]"
29,1429,1476.831376161837,1354.428376161837,1224.0300000000002,"[0.0, 4.0, 2.0, 0.0, 0.0, 0.0, 0.0, 0.0, 0.0, 4.0, 0.0, 0.0, 4.0, 0.0, 0.0]"
29,1430,1470.9698869537042,1426.8188869537041,441.51000000000005,"[0.0, 0.0, 2.0, 0.0, 0.0, 0.0, 0.0, 0.0, 0.0, 0.0, 0.0, 2.0, 0.0, 0.0, 0.0]"
29,1431,1462.003303027235,1333.491303027235,1285.1200000000001,"[0.0, 2.0, 2.0, 0.0, 0.0, 0.0, 0.0, 0.0, 0.0, 0.0, 0.0, 2.0, 4.0, 0.0, 2.0]"
29,1432,1467.8881845132028,1344.9321845132026,1229.5600000000002,"[2.0, 0.0, 4.0, 2.0, 0.0, 0.0, 0.0, 0.0, 0.0, 4.0, 0.0, 0.0, 4.0, 0.0, 0.0]"
29,1433,1496.0235501154173,1397.7125501154173,983.1100000000001,"[0.0, 0.0, 2.0, 4.0, 0.0, 0.0, 2.0, 0.0, 0.0, 0.0, 0.0, 0.0, 2.0, 0.0, 0.0]"
29,1434,1486.2435279633905,1346.8915279633904,1393.5200000000002,"[0.0, 2.0, 4.0, 0.0, 0.0, 2.0, 0.0, 0.0, 0.0, 2.0, 0.0, 0.0, 4.0, 0.0, 0.0]"
29,1435,1423.83944978838,1369.06944978838,547.7,"[0.0, 0.0, 2.0, 0.0, 0.0, 0.0, 0.0, 0.0, 0.0, 2.0, 0.0, 0.0, 4.0, 0.0, 0.0]"
29,1436,1465.6071278172649,1341.336127817265,1242.71,"[0.0, 0.0, 2.0, 0.0, 0.0, 0.0, 4.0, 0.0, 2.0, 0.0, 0.0, 0.0, 4.0, 0.0, 0.0]"
29,1437,1519.2303790087465,1340.0903790087464,1791.4,"[4.0, 0.0, 2.0, 2.0, 0.0, 0.0, 4.0, 0.0, 0.0, 4.0, 0.0, 0.0, 4.0, 0.0, 0.0]"
29,1438,1434.3374600089094,1343.5374600089094,908.0,"[0.0, 0.0, 4.0, 0.0, 0.0, 0.0, 0.0, 0.0, 0.0, 2.0, 0.0, 0.0, 4.0, 0.0, 2.0]"
29,1439,1426.3662195536833,1347.4692195536834,788.9700000000001,"[0.0, 0.0, 2.0, 0.0, 0.0, 0.0, 0.0, 0.0, 0.0, 0.0, 0.0, 2.0, 4.0, 0.0, 0.0]"
29,1440,1555.87108969427,1340.86308969427,2150.0800000000004,"[4.0, 0.0, 2.0, 0.0, 4.0, 0.0, 2.0, 0.0, 0.0, 0.0, 0.0, 0.0, 4.0, 0.0, 0.0]"
29,1441,1436.1369420055078,1359.0959420055078,770.4100000000001,"[0.0, 0.0, 2.0, 0.0, 0.0, 0.0, 0.0, 0.0, 2.0, 4.0, 0.0, 0.0, 4.0, 0.0, 0.0]"
29,1442,1535.9509024864342,1371.831902486434,1641.1900000000003,"[0.0, 0.0, 2.0, 0.0, 4.0, 2.0, 0.0, 0.0, 0.0, 2.0, 0.0, 0.0, 4.0, 0.0, 0.0]"
29,1443,1590.7555841347616,1389.4395841347616,2013.1600000000003,"[2.0, 0.0, 2.0, 0.0, 0.0, 0.0, 0.0, 4.0, 0.0, 2.0, 4.0, 0.0, 4.0, 0.0, 0.0]"
29,1444,1564.8879750946605,1399.7899750946606,1650.98,"[0.0, 0.0, 2.0, 2.0, 0.0, 4.0, 0.0, 2.0, 0.0, 4.0, 0.0, 0.0, 4.0, 0.0, 0.0]"
29,1445,1451.7782512707317,1364.4322512707317,873.46,"[0.0, 0.0, 2.0, 0.0, 0.0, 0.0, 0.0, 0.0, 0.0, 0.0, 0.0, 0.0, 4.0, 0.0, 4.0]"
29,1446,1457.24491654347,1422.49891654347,347.46000000000004,"[0.0, 0.0, 0.0, 0.0, 0.0, 0.0, 0.0, 0.0, 0.0, 0.0, 0.0, 0.0, 4.0, 0.0, 0.0]"
29,1447,1505.5288126961627,1403.1498126961628,1023.7900000000002,"[0.0, 4.0, 0.0, 0.0, 0.0, 0.0, 0.0, 0.0, 0.0, 0.0, 0.0, 0.0, 4.0, 0.0, 0.0]"
29,1448,1491.5679951407167,1386.4159951407166,1051.5200000000002,"[0.0, 4.0, 2.0, 0.0, 0.0, 0.0, 0.0, 0.0, 0.0, 4.0, 0.0, 0.0, 2.0, 0.0, 0.0]"
29,1449,1443.9196946132038,1370.5156946132038,734.0400000000001,"[0.0, 0.0, 2.0, 2.0, 0.0, 0.0, 0.0, 0.0, 0.0, 2.0, 0.0, 0.0, 4.0, 0.0, 0.0]"
29,1450,1493.7914159191691,1353.257415919169,1405.3400000000001,"[0.0, 0.0, 2.0, 4.0, 0.0, 0.0, 0.0, 0.0, 0.0, 2.0, 0.0, 4.0, 4.0, 0.0, 0.0]"
30,1451,1421.1230001417548,1366.3530001417548,547.7,"[0.0, 0.0, 2.0, 0.0, 0.0, 0.0, 0.0, 0.0, 0.0, 0.0, 0.0, 0.0, 4.0, 0.0, 0.0]"
30,1452,1423.8744531297464,1369.1044531297464,547.7,"[0.0, 0.0, 2.0, 0.0, 0.0, 0.0, 0.0, 0.0, 0.0, 0.0, 0.0, 0.0, 4.0, 0.0, 0.0]"
30,1453,1423.9977651775948,1369.2277651775948,547.7,"[0.0, 0.0, 2.0, 0.0, 0.0, 0.0, 0.0, 0.0, 0.0, 2.0, 0.0, 0.0, 4.0, 0.0, 0.0]"
30,1454,1503.7415036954542,1353.4255036954542,1503.16,"[0.0, 0.0, 2.0, 0.0, 0.0, 0.0, 2.0, 0.0, 4.0, 0.0, 2.0, 0.0, 4.0, 0.0, 0.0]"
30,1455,1529.3557765067926,1348.5227765067925,1808.33,"[0.0, 0.0, 2.0, 0.0, 0.0, 0.0, 4.0, 0.0, 2.0, 0.0, 4.0, 0.0, 4.0, 0.0, 0.0]"
30,1456,1480.4596658296039,1423.2186658296039,572.4100000000001,"[0.0, 0.0, 4.0, 0.0, 0.0, 0.0, 0.0, 0.0, 0.0, 2.0, 0.0, 0.0, 0.0, 0.0, 2.0]"
30,1457,1469.8615802604133,1377.7155802604134,921.46,"[0.0, 0.0, 2.0, 4.0, 0.0, 0.0, 0.0, 0.0, 0.0, 4.0, 0.0, 0.0, 4.0, 0.0, 0.0]"
30,1458,1433.8890134067804,1363.0710134067804,708.1800000000001,"[0.0, 0.0, 2.0, 0.0, 0.0, 0.0, 0.0, 0.0, 0.0, 0.0, 0.0, 0.0, 4.0, 0.0, 2.0]"
30,1459,1460.398188919937,1374.5951889199368,858.0300000000002,"[0.0, 0.0, 2.0, 0.0, 0.0, 2.0, 0.0, 0.0, 0.0, 0.0, 0.0, 0.0, 4.0, 0.0, 0.0]"
30,1460,1517.33016518535,1332.13716518535,1851.93,"[4.0, 2.0, 4.0, 2.0, 0.0, 0.0, 0.0, 0.0, 0.0, 4.0, 0.0, 0.0, 4.0, 0.0, 0.0]"
30,1461,1422.6676448908509,1367.8976448908509,547.7,"[0.0, 0.0, 2.0, 0.0, 0.0, 0.0, 0.0, 0.0, 0.0, 2.0, 0.0, 0.0, 4.0, 0.0, 0.0]"
30,1462,1498.1771536374497,1318.7081536374496,1794.6900000000003,"[0.0, 0.0, 4.0, 0.0, 0.0, 0.0, 0.0, 0.0, 2.0, 4.0, 2.0, 0.0, 4.0, 4.0, 0.0]"
30,1463,1487.952387543533,1333.845387543533,1541.0700000000002,"[2.0, 0.0, 2.0, 0.0, 0.0, 0.0, 4.0, 0.0, 2.0, 0.0, 0.0, 0.0, 4.0, 0.0, 0.0]"
30,1464,1513.7723575622595,1317.1063575622595,1966.6600000000003,"[0.0, 0.0, 4.0, 0.0, 4.0, 0.0, 0.0, 0.0, 0.0, 2.0, 0.0, 0.0, 4.0, 2.0, 2.0]"
30,1465,1457.195628490998,1437.1716284909978,200.24,"[0.0, 0.0, 2.0, 0.0, 0.0, 0.0, 0.0, 0.0, 0.0, 4.0, 0.0, 0.0, 0.0, 0.0, 0.0]"
30,1466,1497.801384886405,1368.522384886405,1292.7900000000002,"[0.0, 4.0, 2.0, 0.0, 0.0, 0.0, 0.0, 0.0, 0.0, 4.0, 0.0, 2.0, 2.0, 0.0, 0.0]"
30,1467,1444.2576481642736,1370.8536481642736,734.0400000000001,"[0.0, 0.0, 2.0, 2.0, 0.0, 0.0, 0.0, 0.0, 0.0, 2.0, 0.0, 0.0, 4.0, 0.0, 0.0]"
30,1468,1485.51081340488,1346.15881340488,1393.5200000000002,"[0.0, 2.0, 4.0, 0.0, 0.0, 2.0, 0.0, 0.0, 0.0, 2.0, 0.0, 0.0, 4.0, 0.0, 0.0]"
30,1469,1427.4182515440536,1352.6662515440537,747.5200000000001,"[0.0, 0.0, 4.0, 0.0, 0.0, 0.0, 0.0, 0.0, 0.0, 4.0, 0.0, 0.0, 4.0, 0.0, 0.0]"
30,1470,1516.5489085975785,1391.8989085975784,1246.5,"[0.0, 4.0, 0.0, 0.0, 0.0, 0.0, 0.0, 0.0, 2.0, 0.0, 0.0, 0.0, 4.0, 0.0, 0.0]"
30,1471,1449.8830952718436,1332.6670952718437,1172.16,"[0.0, 0.0, 2.0, 0.0, 0.0, 0.0, 0.0, 0.0, 2.0, 4.0, 0.0, 2.0, 4.0, 0.0, 2.0]"
30,1472,1515.0728628356217,1354.5588628356215,1605.1400000000003,"[0.0, 0.0, 0.0, 0.0, 0.0, 0.0, 4.0, 0.0, 0.0, 0.0, 0.0, 2.0, 4.0, 4.0, 0.0]"
30,1473,1503.2956181295315,1452.9516181295314,503.44000000000005,"[0.0, 0.0, 2.0, 0.0, 0.0, 0.0, 0.0, 2.0, 0.0, 4.0, 0.0, 0.0, 0.0, 0.0, 0.0]"
30,1474,1490.2520323769413,1398.5230323769413,917.29,"[0.0, 2.0, 0.0, 0.0, 0.0, 0.0, 2.0, 0.0, 0.0, 0.0, 0.0, 0.0, 4.0, 0.0, 0.0]"
30,1475,1488.0753267186392,1373.1493267186393,1149.26,"[2.0, 0.0, 2.0, 0.0, 0.0, 0.0, 0.0, 2.0, 0.0, 2.0, 0.0, 0.0, 4.0, 0.0, 0.0]"
30,1476,1455.8924601599676,1349.0154601599677,1068.7700000000002,"[2.0, 0.0, 2.0, 0.0, 0.0, 0.0, 0.0, 0.0, 2.0, 0.0, 0.0, 0.0, 4.0, 0.0, 0.0]"
30,1477,1477.423994734497,1423.919994734497,535.0400000000001,"[0.0, 0.0, 0.0, 2.0, 0.0, 0.0, 0.0, 0.0, 0.0, 4.0, 0.0, 0.0, 4.0, 0.0, 0.0]"
30,1478,1452.3142916616043,1344.9862916616044,1073.2800000000002,"[0.0, 0.0, 4.0, 0.0, 0.0, 0.0, 0.0, 0.0, 0.0, 0.0, 0.0, 0.0, 4.0, 0.0, 4.0]"
30,1479,1459.2278931637777,1329.2388931637777,1299.8900000000003,"[0.0, 0.0, 4.0, 0.0, 2.0, 0.0, 0.0, 0.0, 0.0, 2.0, 0.0, 0.0, 4.0, 0.0, 2.0]"
30,1480,1434.2784677791728,1396.7594677791728,375.19000000000005,"[0.0, 0.0, 2.0, 0.0, 0.0, 0.0, 0.0, 0.0, 0.0, 2.0, 0.0, 0.0, 2.0, 0.0, 0.0]"
30,1481,1422.6263689752939,1367.856368975294,547.7,"[0.0, 0.0, 2.0, 0.0, 0.0, 0.0, 0.0, 0.0, 0.0, 2.0, 0.0, 0.0, 4.0, 0.0, 0.0]"
30,1482,1546.5053992832702,1354.3693992832702,1921.3600000000004,"[2.0, 0.0, 2.0, 0.0, 0.0, 4.0, 4.0, 0.0, 0.0, 2.0, 0.0, 0.0, 4.0, 0.0, 0.0]"
30,1483,1466.8128416789843,1353.5368416789843,1132.76,"[4.0, 0.0, 2.0, 0.0, 0.0, 0.0, 0.0, 0.0, 0.0, 0.0, 0.0, 0.0, 4.0, 0.0, 0.0]"
30,1484,1493.500069938849,1330.811069938849,1626.8900000000003,"[0.0, 0.0, 2.0, 2.0, 0.0, 0.0, 2.0, 0.0, 2.0, 0.0, 0.0, 0.0, 4.0, 2.0, 2.0]"
30,1485,1478.594036954541,1362.955036954541,1156.39,"[2.0, 0.0, 2.0, 0.0, 0.0, 2.0, 0.0, 0.0, 0.0, 0.0, 0.0, 0.0, 4.0, 0.0, 0.0]"
30,1486,1442.8446462821967,1341.6766462821965,1011.6800000000002,"[0.0, 0.0, 2.0, 0.0, 0.0, 0.0, 0.0, 0.0, 2.0, 2.0, 0.0, 2.0, 4.0, 0.0, 0.0]"
30,1487,1424.4349134942493,1349.6829134942493,747.5200000000001,"[0.0, 0.0, 4.0, 0.0, 0.0, 0.0, 0.0, 0.0, 0.0, 2.0, 0.0, 0.0, 4.0, 0.0, 0.0]"
30,1488,1471.7547657446032,1349.4737657446033,1222.8100000000002,"[0.0, 0.0, 2.0, 0.0, 0.0, 0.0, 2.0, 0.0, 4.0, 2.0, 0.0, 0.0, 4.0, 0.0, 0.0]"
30,1489,1510.490075630252,1409.689075630252,1008.0100000000001,"[4.0, 0.0, 2.0, 0.0, 0.0, 0.0, 0.0, 0.0, 2.0, 4.0, 0.0, 0.0, 0.0, 0.0, 0.0]"
30,1490,1448.2959559794274,1359.9589559794274,883.3700000000001,"[0.0, 2.0, 2.0, 0.0, 0.0, 0.0, 0.0, 0.0, 0.0, 4.0, 0.0, 0.0, 4.0, 0.0, 0.0]"
30,1491,1436.4761611858091,1359.4351611858092,770.4100000000001,"[0.0, 0.0, 2.0, 0.0, 0.0, 0.0, 0.0, 0.0, 2.0, 2.0, 0.0, 0.0, 4.0, 0.0, 0.0]"
30,1492,1468.7262947393997,1363.6542947393998,1050.72,"[0.0, 0.0, 4.0, 0.0, 0.0, 0.0, 0.0, 2.0, 0.0, 4.0, 0.0, 0.0, 4.0, 0.0, 0.0]"
30,1493,1478.1098855453404,1356.9858855453404,1211.2400000000002,"[0.0, 0.0, 2.0, 0.0, 0.0, 0.0, 0.0, 0.0, 2.0, 0.0, 2.0, 0.0, 4.0, 0.0, 2.0]"
30,1494,1495.3334690208148,1338.7474690208148,1565.8600000000001,"[0.0, 0.0, 2.0, 0.0, 0.0, 2.0, 4.0, 0.0, 0.0, 4.0, 0.0, 2.0, 4.0, 0.0, 0.0]"
30,1495,1536.5797465732621,1304.5867465732622,2319.9300000000003,"[0.0, 0.0, 2.0, 0.0, 4.0, 0.0, 4.0, 0.0, 0.0, 4.0, 0.0, 2.0, 4.0, 2.0, 0.0]"
30,1496,1420.989319562576,1366.219319562576,547.7,"[0.0, 0.0, 2.0, 0.0, 0.0, 0.0, 0.0, 0.0, 0.0, 0.0, 0.0, 0.0, 4.0, 0.0, 0.0]"
30,1497,1422.2106136087486,1367.4406136087487,547.7,"[0.0, 0.0, 2.0, 0.0, 0.0, 0.0, 0.0, 0.0, 0.0, 2.0, 0.0, 0.0, 4.0, 0.0, 0.0]"
30,1498,1501.7795893157288,1444.3795893157287,574.0,"[0.0, 0.0, 2.0, 4.0, 0.0, 0.0, 0.0, 0.0, 0.0, 4.0, 0.0, 0.0, 0.0, 0.0, 0.0]"
30,1499,1498.1576577028998,1404.9056577028998,932.5200000000001,"[4.0, 0.0, 0.0, 0.0, 0.0, 0.0, 0.0, 0.0, 0.0, 0.0, 0.0, 0.0, 4.0, 0.0, 0.0]"
30,1500,1423.7599250708788,1368.9899250708788,547.7,"[0.0, 0.0, 2.0, 0.0, 0.0, 0.0, 0.0, 0.0, 0.0, 4.0, 0.0, 0.0, 4.0, 0.0, 0.0]"
31,1501,1422.4402612393683,1367.6702612393683,547.7,"[0.0, 0.0, 2.0, 0.0, 0.0, 0.0, 0.0, 0.0, 0.0, 0.0, 0.0, 0.0, 4.0, 0.0, 0.0]"
31,1502,1422.2101073309034,1367.4401073309034,547.7,"[0.0, 0.0, 2.0, 0.0, 0.0, 0.0, 0.0, 0.0, 0.0, 0.0, 0.0, 0.0, 4.0, 0.0, 0.0]"
31,1503,1513.2143085209784,1414.3213085209784,988.9300000000002,"[0.0, 0.0, 2.0, 0.0, 0.0, 4.0, 0.0, 0.0, 0.0, 4.0, 0.0, 0.0, 2.0, 0.0, 0.0]"
31,1504,1453.708662144376,1346.380662144376,1073.2800000000002,"[0.0, 0.0, 4.0, 0.0, 0.0, 0.0, 0.0, 0.0, 0.0, 0.0, 0.0, 0.0, 4.0, 0.0, 4.0]"
31,1505,1496.369870160376,1350.5178701603759,1458.5200000000002,"[4.0, 0.0, 2.0, 0.0, 0.0, 0.0, 0.0, 0.0, 0.0, 0.0, 0.0, 0.0, 4.0, 0.0, 4.0]"
31,1506,1435.383879541496,1364.565879541496,708.1800000000001,"[0.0, 0.0, 2.0, 0.0, 0.0, 0.0, 0.0, 0.0, 0.0, 0.0, 0.0, 0.0, 4.0, 0.0, 2.0]"
31,1507,1526.5188804664722,1330.9868804664723,1955.3200000000002,"[0.0, 0.0, 2.0, 0.0, 4.0, 0.0, 0.0, 0.0, 2.0, 4.0, 0.0, 2.0, 4.0, 0.0, 2.0]"
31,1508,1472.8047610562126,1349.8247610562125,1229.8000000000002,"[0.0, 0.0, 2.0, 0.0, 0.0, 0.0, 0.0, 0.0, 0.0, 2.0, 2.0, 2.0, 4.0, 0.0, 2.0]"
31,1509,1460.4192279547249,1348.666227954725,1117.5300000000002,"[0.0, 2.0, 2.0, 0.0, 0.0, 0.0, 2.0, 0.0, 0.0, 4.0, 0.0, 0.0, 4.0, 0.0, 0.0]"
31,1510,1491.1479258899283,1377.3099258899283,1138.38,"[0.0, 0.0, 2.0, 0.0, 0.0, 2.0, 0.0, 0.0, 0.0, 0.0, 2.0, 0.0, 4.0, 0.0, 0.0]"
31,1511,1460.3479124228006,1374.5449124228005,858.0300000000002,"[0.0, 0.0, 2.0, 0.0, 0.0, 2.0, 0.0, 0.0, 0.0, 0.0, 0.0, 0.0, 4.0, 0.0, 0.0]"
31,1512,1424.1602901344565,1349.4082901344566,747.5200000000001,"[0.0, 0.0, 4.0, 0.0, 0.0, 0.0, 0.0, 0.0, 0.0, 4.0, 0.0, 0.0, 4.0, 0.0, 0.0]"
31,1513,1446.6606342283237,1358.3236342283237,883.3700000000001,"[0.0, 2.0, 2.0, 0.0, 0.0, 0.0, 0.0, 0.0, 0.0, 4.0, 0.0, 0.0, 4.0, 0.0, 0.0]"
31,1514,1422.4128788400396,1367.6428788400397,547.7,"[0.0, 0.0, 2.0, 0.0, 0.0, 0.0, 0.0, 0.0, 0.0, 0.0, 0.0, 0.0, 4.0, 0.0, 0.0]"
31,1515,1479.9520227590256,1312.9480227590257,1670.0400000000002,"[0.0, 0.0, 2.0, 2.0, 2.0, 0.0, 0.0, 0.0, 0.0, 0.0, 0.0, 0.0, 4.0, 4.0, 0.0]"
31,1516,1424.1284577064052,1369.3584577064053,547.7,"[0.0, 0.0, 2.0, 0.0, 0.0, 0.0, 0.0, 0.0, 0.0, 2.0, 0.0, 0.0, 4.0, 0.0, 0.0]"
31,1517,1456.246623926778,1326.257623926778,1299.8900000000003,"[0.0, 0.0, 4.0, 0.0, 2.0, 0.0, 0.0, 0.0, 0.0, 2.0, 0.0, 0.0, 4.0, 0.0, 2.0]"
31,1518,1478.2391360774232,1307.869136077423,1703.7,"[0.0, 0.0, 4.0, 0.0, 0.0, 0.0, 4.0, 0.0, 0.0, 2.0, 0.0, 4.0, 4.0, 0.0, 0.0]"
31,1519,1419.5054948459872,1364.7354948459872,547.7,"[0.0, 0.0, 2.0, 0.0, 0.0, 0.0, 0.0, 0.0, 0.0, 0.0, 0.0, 0.0, 4.0, 0.0, 0.0]"
31,1520,1541.5060277412172,1384.538027741217,1569.6800000000003,"[0.0, 0.0, 2.0, 2.0, 0.0, 0.0, 2.0, 4.0, 0.0, 2.0, 0.0, 0.0, 4.0, 0.0, 0.0]"
31,1521,1434.2650664560806,1331.9630664560805,1023.0200000000001,"[0.0, 0.0, 4.0, 0.0, 0.0, 0.0, 0.0, 0.0, 0.0, 4.0, 0.0, 0.0, 4.0, 2.0, 0.0]"
31,1522,1466.154386250886,1381.405386250886,847.49,"[0.0, 0.0, 2.0, 0.0, 0.0, 0.0, 4.0, 0.0, 0.0, 2.0, 0.0, 0.0, 2.0, 0.0, 0.0]"
31,1523,1469.4950128581552,1377.3490128581552,921.46,"[0.0, 0.0, 2.0, 4.0, 0.0, 0.0, 0.0, 0.0, 0.0, 2.0, 0.0, 0.0, 4.0, 0.0, 0.0]"
31,1524,1436.59243730763,1358.40643730763,781.8600000000001,"[0.0, 0.0, 2.0, 0.0, 0.0, 0.0, 2.0, 0.0, 0.0, 0.0, 0.0, 0.0, 4.0, 0.0, 0.0]"
31,1525,1527.4686341660931,1306.154634166093,2213.1400000000003,"[0.0, 0.0, 4.0, 0.0, 2.0, 0.0, 4.0, 0.0, 4.0, 0.0, 0.0, 0.0, 4.0, 0.0, 2.0]"
31,1526,1466.5713625318917,1347.7363625318917,1188.3500000000001,"[0.0, 0.0, 4.0, 0.0, 0.0, 0.0, 0.0, 0.0, 0.0, 2.0, 2.0, 0.0, 4.0, 0.0, 2.0]"
31,1527,1497.1200684188145,1356.0830684188145,1410.3700000000001,"[0.0, 4.0, 2.0, 2.0, 0.0, 0.0, 0.0, 0.0, 0.0, 2.0, 0.0, 0.0, 4.0, 0.0, 0.0]"
31,1528,1420.9078189550423,1366.1378189550423,547.7,"[0.0, 0.0, 2.0, 0.0, 0.0, 0.0, 0.0, 0.0, 0.0, 2.0, 0.0, 0.0, 4.0, 0.0, 0.0]"
31,1529,1433.8347891933493,1363.0167891933493,708.1800000000001,"[0.0, 0.0, 2.0, 0.0, 0.0, 0.0, 0.0, 0.0, 0.0, 2.0, 0.0, 0.0, 4.0, 0.0, 2.0]"
31,1530,1422.0774687620242,1367.3074687620242,547.7,"[0.0, 0.0, 2.0, 0.0, 0.0, 0.0, 0.0, 0.0, 0.0, 2.0, 0.0, 0.0, 4.0, 0.0, 0.0]"
31,1531,1423.7400182260023,1368.9700182260024,547.7,"[0.0, 0.0, 2.0, 0.0, 0.0, 0.0, 0.0, 0.0, 0.0, 4.0, 0.0, 0.0, 4.0, 0.0, 0.0]"
31,1532,1492.1488709977923,1428.0298709977924,641.19,"[0.0, 0.0, 2.0, 0.0, 0.0, 0.0, 0.0, 0.0, 4.0, 4.0, 0.0, 0.0, 0.0, 0.0, 0.0]"
31,1533,1422.424637505063,1367.654637505063,547.7,"[0.0, 0.0, 2.0, 0.0, 0.0, 0.0, 0.0, 0.0, 0.0, 2.0, 0.0, 0.0, 4.0, 0.0, 0.0]"
31,1534,1442.8244909068815,1369.4204909068815,734.0400000000001,"[0.0, 0.0, 2.0, 2.0, 0.0, 0.0, 0.0, 0.0, 0.0, 0.0, 0.0, 0.0, 4.0, 0.0, 0.0]"
31,1535,1481.4497389781081,1444.1907389781081,372.59000000000003,"[0.0, 0.0, 2.0, 0.0, 0.0, 0.0, 0.0, 0.0, 0.0, 0.0, 0.0, 0.0, 0.0, 0.0, 2.0]"
31,1536,1477.65310532391,1419.27910532391,583.7400000000001,"[0.0, 0.0, 4.0, 2.0, 0.0, 0.0, 0.0, 0.0, 0.0, 2.0, 0.0, 0.0, 0.0, 0.0, 0.0]"
31,1537,1495.1293572296477,1444.0723572296477,510.5700000000001,"[0.0, 0.0, 2.0, 0.0, 0.0, 2.0, 0.0, 0.0, 0.0, 2.0, 0.0, 0.0, 0.0, 0.0, 0.0]"
31,1538,1520.8777545351475,1341.5217545351475,1793.5600000000004,"[0.0, 4.0, 2.0, 2.0, 0.0, 0.0, 0.0, 0.0, 2.0, 4.0, 0.0, 0.0, 4.0, 0.0, 2.0]"
31,1539,1543.744131720158,1424.487131720158,1192.5700000000002,"[2.0, 0.0, 2.0, 0.0, 0.0, 0.0, 0.0, 0.0, 0.0, 0.0, 2.0, 2.0, 0.0, 0.0, 2.0]"
31,1540,1487.380651910654,1418.968651910654,684.1200000000001,"[0.0, 0.0, 2.0, 0.0, 0.0, 0.0, 0.0, 0.0, 0.0, 0.0, 0.0, 4.0, 0.0, 0.0, 0.0]"
31,1541,1467.0581504505417,1353.7821504505416,1132.76,"[4.0, 0.0, 2.0, 0.0, 0.0, 0.0, 0.0, 0.0, 0.0, 2.0, 0.0, 0.0, 4.0, 0.0, 0.0]"
31,1542,1520.4564788595496,1385.6784788595496,1347.7800000000002,"[0.0, 0.0, 2.0, 2.0, 0.0, 4.0, 0.0, 0.0, 0.0, 0.0, 0.0, 0.0, 4.0, 0.0, 0.0]"
31,1543,1463.3608575247042,1323.0038575247042,1403.5700000000002,"[0.0, 0.0, 2.0, 0.0, 2.0, 0.0, 0.0, 0.0, 2.0, 2.0, 0.0, 2.0, 4.0, 0.0, 0.0]"
31,1544,1439.784691236028,1337.471691236028,1023.1300000000001,"[0.0, 0.0, 2.0, 0.0, 0.0, 0.0, 2.0, 0.0, 0.0, 0.0, 0.0, 2.0, 4.0, 0.0, 0.0]"
31,1545,1476.8925080187917,1355.7685080187916,1211.2400000000002,"[0.0, 0.0, 2.0, 0.0, 0.0, 0.0, 0.0, 0.0, 2.0, 2.0, 2.0, 0.0, 4.0, 0.0, 2.0]"
31,1546,1422.5697853468873,1367.7997853468873,547.7,"[0.0, 0.0, 2.0, 0.0, 0.0, 0.0, 0.0, 0.0, 0.0, 0.0, 0.0, 0.0, 4.0, 0.0, 0.0]"
31,1547,1495.8215146004618,1363.8345146004617,1319.8700000000001,"[0.0, 0.0, 2.0, 2.0, 0.0, 2.0, 0.0, 0.0, 0.0, 2.0, 0.0, 0.0, 4.0, 2.0, 0.0]"
31,1548,1424.4382673632203,1349.6862673632204,747.5200000000001,"[0.0, 0.0, 4.0, 0.0, 0.0, 0.0, 0.0, 0.0, 0.0, 2.0, 0.0, 0.0, 4.0, 0.0, 0.0]"
31,1549,1432.5347709662392,1361.7167709662392,708.1800000000001,"[0.0, 0.0, 2.0, 0.0, 0.0, 0.0, 0.0, 0.0, 0.0, 0.0, 0.0, 0.0, 4.0, 0.0, 2.0]"
31,1550,1504.473946942082,1447.0739469420819,574.0,"[0.0, 0.0, 2.0, 4.0, 0.0, 0.0, 0.0, 0.0, 0.0, 4.0, 0.0, 0.0, 0.0, 0.0, 0.0]"
32,1551,1422.47212636695,1367.70212636695,547.7,"[0.0, 0.0, 2.0, 0.0, 0.0, 0.0, 0.0, 0.0, 0.0, 0.0, 0.0, 0.0, 4.0, 0.0, 0.0]"
32,1552,1420.8088307243677,1366.0388307243677,547.7,"[0.0, 0.0, 2.0, 0.0, 0.0, 0.0, 0.0, 0.0, 0.0, 2.0, 0.0, 0.0, 4.0, 0.0, 0.0]"
32,1553,1424.7216454245388,1349.9696454245388,747.5200000000001,"[0.0, 0.0, 4.0, 0.0, 0.0, 0.0, 0.0, 0.0, 0.0, 4.0, 0.0, 0.0, 4.0, 0.0, 0.0]"
32,1554,1562.0690672282522,1457.7700672282522,1042.9900000000002,"[0.0, 0.0, 2.0, 0.0, 0.0, 0.0, 0.0, 4.0, 0.0, 4.0, 0.0, 2.0, 0.0, 0.0, 0.0]"
32,1555,1502.3039474344955,1373.7359474344955,1285.6800000000003,"[0.0, 4.0, 2.0, 0.0, 0.0, 0.0, 2.0, 0.0, 0.0, 0.0, 0.0, 0.0, 2.0, 0.0, 0.0]"
32,1556,1479.2616031022822,1363.6996031022823,1155.6200000000001,"[0.0, 0.0, 2.0, 4.0, 0.0, 0.0, 2.0, 0.0, 0.0, 2.0, 0.0, 0.0, 4.0, 0.0, 0.0]"
32,1557,1489.3609716484407,1426.5799716484407,627.8100000000001,"[0.0, 0.0, 0.0, 0.0, 0.0, 0.0, 0.0, 0.0, 0.0, 2.0, 2.0, 0.0, 4.0, 0.0, 0.0]"
32,1558,1502.8014838533336,1297.0224838533336,2057.7900000000004,"[0.0, 0.0, 2.0, 0.0, 2.0, 0.0, 0.0, 0.0, 4.0, 4.0, 0.0, 2.0, 4.0, 2.0, 2.0]"
32,1559,1520.458068434906,1313.8080684349059,2066.5,"[2.0, 4.0, 2.0, 0.0, 0.0, 0.0, 0.0, 0.0, 0.0, 4.0, 0.0, 0.0, 4.0, 4.0, 0.0]"
32,1560,1434.4486597817063,1332.1466597817061,1023.0200000000001,"[0.0, 0.0, 4.0, 0.0, 0.0, 0.0, 0.0, 0.0, 0.0, 0.0, 0.0, 0.0, 4.0, 2.0, 0.0]"
32,1561,1462.0194263729145,1376.2164263729144,858.0300000000002,"[0.0, 0.0, 2.0, 0.0, 0.0, 2.0, 0.0, 0.0, 0.0, 4.0, 0.0, 0.0, 4.0, 0.0, 0.0]"
32,1562,1424.643695690912,1349.891695690912,747.5200000000001,"[0.0, 0.0, 4.0, 0.0, 0.0, 0.0, 0.0, 0.0, 0.0, 0.0, 0.0, 0.0, 4.0, 0.0, 0.0]"
32,1563,1422.2190391041088,1367.4490391041088,547.7,"[0.0, 0.0, 2.0, 0.0, 0.0, 0.0, 0.0, 0.0, 0.0, 0.0, 0.0, 0.0, 4.0, 0.0, 0.0]"
32,1564,1466.8963644757623,1374.7503644757624,921.46,"[0.0, 0.0, 2.0, 4.0, 0.0, 0.0, 0.0, 0.0, 0.0, 2.0, 0.0, 0.0, 4.0, 0.0, 0.0]"
32,1565,1422.292012960713,1367.522012960713,547.7,"[0.0, 0.0, 2.0, 0.0, 0.0, 0.0, 0.0, 0.0, 0.0, 0.0, 0.0, 0.0, 4.0, 0.0, 0.0]"
32,1566,1432.3632833245574,1361.5452833245574,708.1800000000001,"[0.0, 0.0, 2.0, 0.0, 0.0, 0.0, 0.0, 0.0, 0.0, 2.0, 0.0, 0.0, 4.0, 0.0, 2.0]"
32,1567,1469.9640407006175,1384.8740407006176,850.9000000000001,"[0.0, 0.0, 2.0, 0.0, 0.0, 0.0, 0.0, 2.0, 0.0, 2.0, 0.0, 0.0, 4.0, 0.0, 0.0]"
32,1568,1422.179021871203,1367.409021871203,547.7,"[0.0, 0.0, 2.0, 0.0, 0.0, 0.0, 0.0, 0.0, 0.0, 2.0, 0.0, 0.0, 4.0, 0.0, 0.0]"
32,1569,1423.7650789793438,1368.9950789793438,547.7,"[0.0, 0.0, 2.0, 0.0, 0.0, 0.0, 0.0, 0.0, 0.0, 2.0, 0.0, 0.0, 4.0, 0.0, 0.0]"
32,1570,1523.6366490119858,1339.3576490119858,1842.7900000000002,"[0.0, 0.0, 4.0, 2.0, 0.0, 2.0, 0.0, 0.0, 0.0, 0.0, 0.0, 0.0, 4.0, 2.0, 4.0]"
32,1571,1423.6181368975294,1368.8481368975295,547.7,"[0.0, 0.0, 2.0, 0.0, 0.0, 0.0, 0.0, 0.0, 0.0, 4.0, 0.0, 0.0, 4.0, 0.0, 0.0]"
32,1572,1446.876877819625,1343.718877819625,1031.5800000000002,"[0.0, 0.0, 2.0, 0.0, 0.0, 0.0, 0.0, 0.0, 0.0, 0.0, 0.0, 4.0, 4.0, 0.0, 0.0]"
32,1573,1473.6857014417626,1325.0407014417626,1486.45,"[0.0, 0.0, 2.0, 0.0, 0.0, 0.0, 2.0, 0.0, 0.0, 2.0, 0.0, 0.0, 4.0, 4.0, 2.0]"
32,1574,1508.3795779924264,1373.4795779924264,1349.0,"[0.0, 0.0, 4.0, 0.0, 0.0, 0.0, 0.0, 4.0, 0.0, 0.0, 0.0, 0.0, 4.0, 0.0, 0.0]"
32,1575,1448.9256427920538,1361.5796427920538,873.46,"[0.0, 0.0, 2.0, 0.0, 0.0, 0.0, 0.0, 0.0, 0.0, 2.0, 0.0, 0.0, 4.0, 0.0, 4.0]"
32,1576,1422.3771869747472,1367.6071869747473,547.7,"[0.0, 0.0, 2.0, 0.0, 0.0, 0.0, 0.0, 0.0, 0.0, 4.0, 0.0, 0.0, 4.0, 0.0, 0.0]"
32,1577,1547.066732831228,1306.1877328312278,2408.7900000000004,"[0.0, 4.0, 4.0, 0.0, 0.0, 0.0, 0.0, 0.0, 0.0, 2.0, 2.0, 0.0, 4.0, 4.0, 2.0]"
32,1578,1467.7609536729572,1348.9259536729571,1188.3500000000001,"[0.0, 0.0, 4.0, 0.0, 0.0, 0.0, 0.0, 0.0, 0.0, 2.0, 2.0, 0.0, 4.0, 0.0, 2.0]"
32,1579,1465.169370064391,1359.3843700643909,1057.8500000000001,"[0.0, 0.0, 4.0, 0.0, 0.0, 2.0, 0.0, 0.0, 0.0, 0.0, 0.0, 0.0, 4.0, 0.0, 0.0]"
32,1580,1470.76777959787,1355.85477959787,1149.13,"[0.0, 0.0, 2.0, 0.0, 0.0, 0.0, 0.0, 0.0, 4.0, 2.0, 0.0, 0.0, 4.0, 0.0, 2.0]"
32,1581,1454.6033939087117,1324.6143939087117,1299.8900000000003,"[0.0, 0.0, 4.0, 0.0, 2.0, 0.0, 0.0, 0.0, 0.0, 2.0, 0.0, 0.0, 4.0, 0.0, 2.0]"
32,1582,1466.1199637512402,1328.0899637512402,1380.3000000000002,"[0.0, 0.0, 4.0, 0.0, 0.0, 0.0, 4.0, 0.0, 0.0, 0.0, 0.0, 0.0, 4.0, 0.0, 2.0]"
32,1583,1450.448021729885,1389.5130217298852,609.35,"[0.0, 0.0, 2.0, 0.0, 0.0, 0.0, 2.0, 0.0, 0.0, 0.0, 0.0, 0.0, 2.0, 0.0, 0.0]"
32,1584,1492.6903730763,1353.1893730763,1395.0100000000002,"[0.0, 0.0, 2.0, 0.0, 0.0, 0.0, 0.0, 2.0, 0.0, 4.0, 0.0, 0.0, 4.0, 4.0, 0.0]"
32,1585,1425.3856922703064,1370.6156922703065,547.7,"[0.0, 0.0, 2.0, 0.0, 0.0, 0.0, 0.0, 0.0, 0.0, 0.0, 0.0, 0.0, 4.0, 0.0, 0.0]"
32,1586,1525.8476215450032,1381.0936215450033,1447.5400000000002,"[2.0, 0.0, 2.0, 0.0, 0.0, 0.0, 0.0, 4.0, 0.0, 0.0, 0.0, 0.0, 4.0, 0.0, 0.0]"
32,1587,1468.4851750698579,1376.339175069858,921.46,"[0.0, 0.0, 2.0, 4.0, 0.0, 0.0, 0.0, 0.0, 0.0, 4.0, 0.0, 0.0, 4.0, 0.0, 0.0]"
32,1588,1482.3176352886387,1331.3756352886387,1509.42,"[0.0, 2.0, 2.0, 0.0, 2.0, 0.0, 2.0, 0.0, 0.0, 0.0, 0.0, 0.0, 4.0, 0.0, 0.0]"
32,1589,1431.1727024990885,1360.3547024990885,708.1800000000001,"[0.0, 0.0, 2.0, 0.0, 0.0, 0.0, 0.0, 0.0, 0.0, 2.0, 0.0, 0.0, 4.0, 0.0, 2.0]"
32,1590,1502.321806154469,1298.384806154469,2039.3700000000001,"[0.0, 2.0, 4.0, 0.0, 0.0, 0.0, 4.0, 0.0, 0.0, 0.0, 0.0, 4.0, 4.0, 0.0, 0.0]"
32,1591,1495.5266457603434,1429.7476457603434,657.7900000000001,"[0.0, 0.0, 0.0, 0.0, 0.0, 2.0, 0.0, 0.0, 0.0, 0.0, 0.0, 0.0, 4.0, 0.0, 0.0]"
32,1592,1441.8181373898958,1347.8591373898957,939.59,"[0.0, 0.0, 2.0, 0.0, 2.0, 0.0, 0.0, 0.0, 0.0, 0.0, 0.0, 0.0, 4.0, 0.0, 0.0]"
32,1593,1435.1074912714164,1364.2894912714164,708.1800000000001,"[0.0, 0.0, 2.0, 0.0, 0.0, 0.0, 0.0, 0.0, 0.0, 2.0, 0.0, 0.0, 4.0, 0.0, 2.0]"
32,1594,1534.6481113315654,1359.7571113315653,1748.9100000000003,"[0.0, 0.0, 4.0, 2.0, 0.0, 0.0, 2.0, 2.0, 0.0, 0.0, 2.0, 0.0, 4.0, 0.0, 0.0]"
32,1595,1436.5302176457483,1358.3442176457484,781.8600000000001,"[0.0, 0.0, 2.0, 0.0, 0.0, 0.0, 2.0, 0.0, 0.0, 4.0, 0.0, 0.0, 4.0, 0.0, 0.0]"
32,1596,1548.6029067093173,1370.2819067093171,1783.2100000000003,"[2.0, 2.0, 2.0, 0.0, 0.0, 0.0, 0.0, 4.0, 0.0, 4.0, 0.0, 0.0, 4.0, 0.0, 0.0]"
32,1597,1522.8282575779053,1373.1172575779053,1497.1100000000001,"[0.0, 2.0, 2.0, 0.0, 0.0, 4.0, 0.0, 0.0, 0.0, 2.0, 0.0, 0.0, 4.0, 0.0, 0.0]"
32,1598,1422.5292397577916,1367.7592397577916,547.7,"[0.0, 0.0, 2.0, 0.0, 0.0, 0.0, 0.0, 0.0, 0.0, 4.0, 0.0, 0.0, 4.0, 0.0, 0.0]"
32,1599,1529.6168113054746,1334.0848113054744,1955.3200000000002,"[0.0, 0.0, 2.0, 0.0, 4.0, 0.0, 0.0, 0.0, 2.0, 4.0, 0.0, 2.0, 4.0, 0.0, 2.0]"
32,1600,1475.1630524440125,1349.1850524440124,1259.7800000000002,"[0.0, 0.0, 2.0, 0.0, 0.0, 2.0, 0.0, 0.0, 0.0, 0.0, 0.0, 2.0, 4.0, 0.0, 2.0]"
33,1601,1421.0336289995948,1366.2636289995949,547.7,"[0.0, 0.0, 2.0, 0.0, 0.0, 0.0, 0.0, 0.0, 0.0, 2.0, 0.0, 0.0, 4.0, 0.0, 0.0]"
33,1602,1421.1136443166401,1366.3436443166402,547.7,"[0.0, 0.0, 2.0, 0.0, 0.0, 0.0, 0.0, 0.0, 0.0, 2.0, 0.0, 0.0, 4.0, 0.0, 0.0]"
33,1603,1486.2571609767951,1374.925160976795,1113.3200000000002,"[0.0, 0.0, 2.0, 0.0, 0.0, 0.0, 0.0, 0.0, 0.0, 4.0, 4.0, 0.0, 4.0, 0.0, 0.0]"
33,1604,1424.4214609808448,1349.6694609808449,747.5200000000001,"[0.0, 0.0, 4.0, 0.0, 0.0, 0.0, 0.0, 0.0, 0.0, 0.0, 0.0, 0.0, 4.0, 0.0, 0.0]"
33,1605,1468.3013742102705,1376.1553742102706,921.46,"[0.0, 0.0, 2.0, 4.0, 0.0, 0.0, 0.0, 0.0, 0.0, 4.0, 0.0, 0.0, 4.0, 0.0, 0.0]"
33,1606,1544.9110687560737,1364.5870687560737,1803.2400000000002,"[0.0, 0.0, 2.0, 4.0, 0.0, 0.0, 0.0, 0.0, 4.0, 2.0, 2.0, 0.0, 4.0, 0.0, 2.0]"
33,1607,1499.5937274715482,1434.8687274715483,647.25,"[0.0, 0.0, 0.0, 0.0, 0.0, 0.0, 4.0, 0.0, 0.0, 0.0, 0.0, 0.0, 2.0, 0.0, 0.0]"
33,1608,1435.5396582096503,1344.7396582096503,908.0,"[0.0, 0.0, 4.0, 0.0, 0.0, 0.0, 0.0, 0.0, 0.0, 4.0, 0.0, 0.0, 4.0, 0.0, 2.0]"
33,1609,1422.6513791008506,1367.8813791008506,547.7,"[0.0, 0.0, 2.0, 0.0, 0.0, 0.0, 0.0, 0.0, 0.0, 0.0, 0.0, 0.0, 4.0, 0.0, 0.0]"
33,1610,1464.67405371859,1352.0810537185898,1125.93,"[0.0, 0.0, 2.0, 2.0, 2.0, 0.0, 0.0, 0.0, 0.0, 2.0, 0.0, 0.0, 4.0, 0.0, 0.0]"
33,1611,1525.5202211018648,1363.2202211018648,1623.0,"[0.0, 0.0, 2.0, 0.0, 0.0, 4.0, 4.0, 0.0, 0.0, 0.0, 0.0, 0.0, 4.0, 0.0, 0.0]"
33,1612,1521.5005160349856,1333.7365160349855,1877.6400000000003,"[0.0, 0.0, 2.0, 4.0, 0.0, 0.0, 4.0, 0.0, 0.0, 4.0, 0.0, 4.0, 4.0, 0.0, 0.0]"
33,1613,1432.4107682650251,1350.0907682650252,823.2,"[0.0, 0.0, 2.0, 0.0, 0.0, 0.0, 0.0, 0.0, 0.0, 0.0, 0.0, 0.0, 4.0, 2.0, 0.0]"
33,1614,1470.3083664601306,1368.4573664601305,1018.5100000000001,"[0.0, 0.0, 2.0, 0.0, 0.0, 2.0, 0.0, 0.0, 0.0, 4.0, 0.0, 0.0, 4.0, 0.0, 2.0]"
33,1615,1434.5472664317822,1343.7472664317822,908.0,"[0.0, 0.0, 4.0, 0.0, 0.0, 0.0, 0.0, 0.0, 0.0, 0.0, 0.0, 0.0, 4.0, 0.0, 2.0]"
33,1616,1465.8924472117606,1353.2994472117605,1125.93,"[0.0, 0.0, 2.0, 2.0, 2.0, 0.0, 0.0, 0.0, 0.0, 2.0, 0.0, 0.0, 4.0, 0.0, 0.0]"
33,1617,1437.9674699973675,1400.4484699973675,375.19000000000005,"[0.0, 0.0, 2.0, 0.0, 0.0, 0.0, 0.0, 0.0, 0.0, 4.0, 0.0, 0.0, 2.0, 0.0, 0.0]"
33,1618,1422.3944912010693,1367.6244912010693,547.7,"[0.0, 0.0, 2.0, 0.0, 0.0, 0.0, 0.0, 0.0, 0.0, 0.0, 0.0, 0.0, 4.0, 0.0, 0.0]"
33,1619,1468.840193415138,1363.7681934151378,1050.72,"[0.0, 0.0, 4.0, 0.0, 0.0, 0.0, 0.0, 2.0, 0.0, 4.0, 0.0, 0.0, 4.0, 0.0, 0.0]"
33,1620,1433.328828770452,1351.008828770452,823.2,"[0.0, 0.0, 2.0, 0.0, 0.0, 0.0, 0.0, 0.0, 0.0, 0.0, 0.0, 0.0, 4.0, 2.0, 0.0]"
33,1621,1508.963972866255,1371.783972866255,1371.8000000000002,"[0.0, 0.0, 4.0, 2.0, 0.0, 0.0, 0.0, 0.0, 0.0, 0.0, 0.0, 0.0, 2.0, 2.0, 4.0]"
33,1622,1496.1354651925649,1379.9914651925649,1161.4400000000003,"[0.0, 0.0, 2.0, 0.0, 0.0, 4.0, 0.0, 0.0, 0.0, 2.0, 0.0, 0.0, 4.0, 0.0, 0.0]"
33,1623,1450.1586911160164,1362.8126911160164,873.46,"[0.0, 0.0, 2.0, 0.0, 0.0, 0.0, 0.0, 0.0, 0.0, 2.0, 0.0, 0.0, 4.0, 0.0, 4.0]"
33,1624,1436.8101477003463,1399.2911477003463,375.19000000000005,"[0.0, 0.0, 2.0, 0.0, 0.0, 0.0, 0.0, 0.0, 0.0, 2.0, 0.0, 0.0, 2.0, 0.0, 0.0]"
33,1625,1442.114887415207,1348.155887415207,939.59,"[0.0, 0.0, 2.0, 0.0, 2.0, 0.0, 0.0, 0.0, 0.0, 2.0, 0.0, 0.0, 4.0, 0.0, 0.0]"
33,1626,1514.2038224454257,1383.8238224454255,1303.8000000000002,"[0.0, 0.0, 2.0, 0.0, 0.0, 0.0, 0.0, 4.0, 0.0, 2.0, 0.0, 0.0, 4.0, 0.0, 2.0]"
33,1627,1423.6876370521882,1368.9176370521882,547.7,"[0.0, 0.0, 2.0, 0.0, 0.0, 0.0, 0.0, 0.0, 0.0, 0.0, 0.0, 0.0, 4.0, 0.0, 0.0]"
33,1628,1459.334697276501,1360.469697276501,988.6500000000001,"[0.0, 0.0, 2.0, 0.0, 0.0, 0.0, 0.0, 0.0, 4.0, 2.0, 0.0, 0.0, 4.0, 0.0, 0.0]"
33,1629,1421.1185348615863,1366.3485348615864,547.7,"[0.0, 0.0, 2.0, 0.0, 0.0, 0.0, 0.0, 0.0, 0.0, 4.0, 0.0, 0.0, 4.0, 0.0, 0.0]"
33,1630,1435.7068625465736,1344.9068625465736,908.0,"[0.0, 0.0, 4.0, 0.0, 0.0, 0.0, 0.0, 0.0, 0.0, 2.0, 0.0, 0.0, 4.0, 0.0, 2.0]"
33,1631,1451.3862688320105,1349.3862688320105,1020.0,"[0.0, 0.0, 2.0, 0.0, 0.0, 0.0, 4.0, 0.0, 0.0, 2.0, 0.0, 0.0, 4.0, 0.0, 0.0]"
33,1632,1560.2356367391567,1394.0396367391568,1661.9600000000003,"[4.0, 0.0, 2.0, 0.0, 0.0, 0.0, 2.0, 2.0, 0.0, 0.0, 0.0, 0.0, 2.0, 0.0, 2.0]"
33,1633,1444.9087516452364,1351.7887516452363,931.2,"[0.0, 0.0, 4.0, 2.0, 0.0, 0.0, 0.0, 0.0, 0.0, 2.0, 0.0, 0.0, 4.0, 0.0, 0.0]"
33,1634,1454.2885220314272,1323.580522031427,1307.0800000000002,"[0.0, 0.0, 2.0, 0.0, 0.0, 0.0, 0.0, 0.0, 0.0, 4.0, 0.0, 4.0, 4.0, 2.0, 0.0]"
33,1635,1453.3093031002572,1370.5043031002572,828.0500000000001,"[0.0, 0.0, 2.0, 0.0, 0.0, 0.0, 0.0, 0.0, 0.0, 2.0, 2.0, 0.0, 4.0, 0.0, 0.0]"
33,1636,1449.033103592111,1355.944103592111,930.89,"[0.0, 0.0, 2.0, 0.0, 0.0, 0.0, 0.0, 0.0, 2.0, 2.0, 0.0, 0.0, 4.0, 0.0, 2.0]"
33,1637,1464.4203533651898,1307.69635336519,1567.2400000000002,"[0.0, 0.0, 2.0, 0.0, 0.0, 0.0, 2.0, 0.0, 0.0, 0.0, 0.0, 2.0, 4.0, 4.0, 0.0]"
33,1638,1466.8405327528603,1374.6945327528604,921.46,"[0.0, 0.0, 2.0, 4.0, 0.0, 0.0, 0.0, 0.0, 0.0, 2.0, 0.0, 0.0, 4.0, 0.0, 0.0]"
33,1639,1424.4596482261459,1349.707648226146,747.5200000000001,"[0.0, 0.0, 4.0, 0.0, 0.0, 0.0, 0.0, 0.0, 0.0, 4.0, 0.0, 0.0, 4.0, 0.0, 0.0]"
33,1640,1467.1997091542307,1355.5717091542308,1116.2800000000002,"[0.0, 0.0, 4.0, 4.0, 0.0, 0.0, 0.0, 0.0, 0.0, 4.0, 0.0, 0.0, 4.0, 0.0, 0.0]"
33,1641,1421.3218620522064,1366.5518620522064,547.7,"[0.0, 0.0, 2.0, 0.0, 0.0, 0.0, 0.0, 0.0, 0.0, 0.0, 0.0, 0.0, 4.0, 0.0, 0.0]"
33,1642,1522.8752421291329,1351.651242129133,1712.2400000000002,"[2.0, 0.0, 2.0, 0.0, 0.0, 2.0, 0.0, 0.0, 0.0, 2.0, 2.0, 0.0, 4.0, 2.0, 0.0]"
33,1643,1497.699668624195,1367.8016686241951,1298.9800000000002,"[0.0, 0.0, 2.0, 0.0, 0.0, 2.0, 0.0, 0.0, 4.0, 2.0, 0.0, 0.0, 4.0, 0.0, 0.0]"
33,1644,1474.2343690946277,1351.8313690946277,1224.0300000000002,"[0.0, 4.0, 2.0, 0.0, 0.0, 0.0, 0.0, 0.0, 0.0, 0.0, 0.0, 0.0, 4.0, 0.0, 0.0]"
33,1645,1514.219129336006,1370.3111293360062,1439.0800000000002,"[0.0, 0.0, 2.0, 0.0, 0.0, 0.0, 0.0, 0.0, 0.0, 2.0, 4.0, 0.0, 4.0, 0.0, 4.0]"
33,1646,1481.0535000506206,1373.6925000506205,1073.6100000000001,"[0.0, 0.0, 2.0, 0.0, 0.0, 0.0, 0.0, 2.0, 2.0, 0.0, 0.0, 0.0, 4.0, 0.0, 0.0]"
33,1647,1511.4354928821658,1373.0204928821659,1384.15,"[0.0, 0.0, 2.0, 0.0, 0.0, 4.0, 0.0, 0.0, 2.0, 4.0, 0.0, 0.0, 4.0, 0.0, 0.0]"
33,1648,1422.615750389826,1367.845750389826,547.7,"[0.0, 0.0, 2.0, 0.0, 0.0, 0.0, 0.0, 0.0, 0.0, 0.0, 0.0, 0.0, 4.0, 0.0, 0.0]"
33,1649,1464.2912188563098,1365.4382188563097,988.5300000000002,"[0.0, 0.0, 2.0, 0.0, 0.0, 0.0, 0.0, 0.0, 0.0, 4.0, 2.0, 0.0, 4.0, 0.0, 2.0]"
33,1650,1471.1657210691505,1369.3147210691504,1018.5100000000001,"[0.0, 0.0, 2.0, 0.0, 0.0, 2.0, 0.0, 0.0, 0.0, 2.0, 0.0, 0.0, 4.0, 0.0, 2.0]"
34,1651,1422.5126335081713,1367.7426335081714,547.7,"[0.0, 0.0, 2.0, 0.0, 0.0, 0.0, 0.0, 0.0, 0.0, 2.0, 0.0, 0.0, 4.0, 0.0, 0.0]"
34,1652,1422.4404400477915,1367.6704400477915,547.7,"[0.0, 0.0, 2.0, 0.0, 0.0, 0.0, 0.0, 0.0, 0.0, 2.0, 0.0, 0.0, 4.0, 0.0, 0.0]"
34,1653,1499.0804786878607,1382.9364786878607,1161.4400000000003,"[0.0, 0.0, 2.0, 0.0, 0.0, 4.0, 0.0, 0.0, 0.0, 0.0, 0.0, 0.0, 4.0, 0.0, 0.0]"
34,1654,1510.3093681056127,1323.2653681056127,1870.4400000000003,"[0.0, 0.0, 2.0, 0.0, 0.0, 0.0, 2.0, 2.0, 0.0, 0.0, 0.0, 2.0, 4.0, 4.0, 0.0]"
34,1655,1432.4074253315782,1350.0874253315783,823.2,"[0.0, 0.0, 2.0, 0.0, 0.0, 0.0, 0.0, 0.0, 0.0, 0.0, 0.0, 0.0, 4.0, 2.0, 0.0]"
34,1656,1451.5045027539286,1364.1585027539286,873.46,"[0.0, 0.0, 2.0, 0.0, 0.0, 0.0, 0.0, 0.0, 0.0, 0.0, 0.0, 0.0, 4.0, 0.0, 4.0]"
34,1657,1445.9938928824545,1322.8538928824544,1231.4,"[0.0, 0.0, 4.0, 0.0, 0.0, 0.0, 0.0, 0.0, 0.0, 2.0, 0.0, 4.0, 4.0, 0.0, 0.0]"
34,1658,1573.870767357104,1343.4097673571039,2304.61,"[2.0, 0.0, 2.0, 2.0, 0.0, 0.0, 0.0, 0.0, 2.0, 0.0, 4.0, 4.0, 4.0, 0.0, 0.0]"
34,1659,1530.364842057305,1381.879842057305,1484.8500000000001,"[0.0, 2.0, 2.0, 0.0, 0.0, 0.0, 0.0, 4.0, 0.0, 2.0, 0.0, 0.0, 4.0, 0.0, 0.0]"
34,1660,1462.7602012716152,1333.2102012716152,1295.5,"[0.0, 0.0, 2.0, 0.0, 0.0, 0.0, 4.0, 0.0, 0.0, 0.0, 0.0, 0.0, 4.0, 2.0, 0.0]"
34,1661,1498.6514818774551,1382.5074818774551,1161.4400000000003,"[0.0, 0.0, 2.0, 0.0, 0.0, 4.0, 0.0, 0.0, 0.0, 2.0, 0.0, 0.0, 4.0, 0.0, 0.0]"
34,1662,1449.4084777255791,1336.3374777255792,1130.71,"[0.0, 0.0, 4.0, 0.0, 0.0, 0.0, 0.0, 0.0, 2.0, 0.0, 0.0, 0.0, 4.0, 0.0, 2.0]"
34,1663,1542.1476683404876,1383.1346683404877,1590.13,"[0.0, 0.0, 2.0, 0.0, 0.0, 0.0, 0.0, 4.0, 4.0, 2.0, 0.0, 0.0, 4.0, 0.0, 0.0]"
34,1664,1436.6350918609126,1399.1160918609125,375.19000000000005,"[0.0, 0.0, 2.0, 0.0, 0.0, 0.0, 0.0, 0.0, 0.0, 2.0, 0.0, 0.0, 2.0, 0.0, 0.0]"
34,1665,1459.2767181558647,1286.7797181558647,1724.9700000000003,"[0.0, 0.0, 2.0, 0.0, 2.0, 0.0, 0.0, 0.0, 0.0, 2.0, 0.0, 2.0, 4.0, 4.0, 0.0]"
34,1666,1486.1881008037576,1295.8971008037577,1902.9100000000003,"[0.0, 2.0, 2.0, 0.0, 0.0, 0.0, 2.0, 0.0, 0.0, 0.0, 0.0, 2.0, 4.0, 4.0, 0.0]"
34,1667,1461.0075910176975,1362.1425910176974,988.6500000000001,"[0.0, 0.0, 2.0, 0.0, 0.0, 0.0, 0.0, 0.0, 4.0, 4.0, 0.0, 0.0, 4.0, 0.0, 0.0]"
34,1668,1467.0450313879553,1342.9750313879554,1240.7,"[2.0, 0.0, 2.0, 0.0, 0.0, 0.0, 2.0, 0.0, 0.0, 0.0, 0.0, 0.0, 4.0, 0.0, 2.0]"
34,1669,1432.4070608484358,1350.0870608484358,823.2,"[0.0, 0.0, 2.0, 0.0, 0.0, 0.0, 0.0, 0.0, 0.0, 0.0, 0.0, 0.0, 4.0, 2.0, 0.0]"
34,1670,1446.1671629677626,1353.0781629677626,930.89,"[0.0, 0.0, 2.0, 0.0, 0.0, 0.0, 0.0, 0.0, 2.0, 2.0, 0.0, 0.0, 4.0, 0.0, 2.0]"
34,1671,1481.3056249417864,1386.9286249417864,943.7700000000001,"[0.0, 0.0, 4.0, 4.0, 0.0, 0.0, 0.0, 0.0, 0.0, 0.0, 0.0, 0.0, 2.0, 0.0, 0.0]"
34,1672,1442.9781196290448,1358.3721196290448,846.0600000000001,"[2.0, 0.0, 2.0, 0.0, 0.0, 0.0, 0.0, 0.0, 0.0, 2.0, 0.0, 0.0, 4.0, 0.0, 0.0]"
34,1673,1432.280474628437,1349.9604746284372,823.2,"[0.0, 0.0, 2.0, 0.0, 0.0, 0.0, 0.0, 0.0, 0.0, 0.0, 0.0, 0.0, 4.0, 2.0, 0.0]"
34,1674,1442.5628699878494,1369.1588699878494,734.0400000000001,"[0.0, 0.0, 2.0, 2.0, 0.0, 0.0, 0.0, 0.0, 0.0, 0.0, 0.0, 0.0, 4.0, 0.0, 0.0]"
34,1675,1471.4207368378422,1329.9437368378422,1414.7700000000002,"[0.0, 0.0, 2.0, 0.0, 0.0, 0.0, 0.0, 0.0, 2.0, 2.0, 0.0, 4.0, 4.0, 0.0, 2.0]"
34,1676,1422.2117387254207,1367.4417387254207,547.7,"[0.0, 0.0, 2.0, 0.0, 0.0, 0.0, 0.0, 0.0, 0.0, 2.0, 0.0, 0.0, 4.0, 0.0, 0.0]"
34,1677,1597.1930862997613,1433.5330862997612,1636.6000000000001,"[0.0, 0.0, 0.0, 0.0, 0.0, 2.0, 0.0, 4.0, 2.0, 2.0, 0.0, 0.0, 4.0, 0.0, 2.0]"
34,1678,1432.4555511361334,1361.6375511361334,708.1800000000001,"[0.0, 0.0, 2.0, 0.0, 0.0, 0.0, 0.0, 0.0, 0.0, 0.0, 0.0, 0.0, 4.0, 0.0, 2.0]"
34,1679,1462.524080692518,1356.739080692518,1057.8500000000001,"[0.0, 0.0, 4.0, 0.0, 0.0, 2.0, 0.0, 0.0, 0.0, 0.0, 0.0, 0.0, 4.0, 0.0, 0.0]"
34,1680,1448.1052288375859,1388.315228837586,597.9,"[0.0, 0.0, 2.0, 0.0, 0.0, 0.0, 0.0, 0.0, 2.0, 0.0, 0.0, 0.0, 2.0, 0.0, 0.0]"
34,1681,1422.789198055893,1368.019198055893,547.7,"[0.0, 0.0, 2.0, 0.0, 0.0, 0.0, 0.0, 0.0, 0.0, 0.0, 0.0, 0.0, 4.0, 0.0, 0.0]"
34,1682,1477.057737647821,1364.7587376478211,1122.9900000000002,"[0.0, 0.0, 2.0, 0.0, 0.0, 0.0, 4.0, 0.0, 0.0, 0.0, 0.0, 0.0, 2.0, 2.0, 0.0]"
34,1683,1450.5447918354123,1348.5447918354123,1020.0,"[0.0, 0.0, 2.0, 0.0, 0.0, 0.0, 4.0, 0.0, 0.0, 2.0, 0.0, 0.0, 4.0, 0.0, 0.0]"
34,1684,1474.731672275203,1305.673672275203,1690.58,"[0.0, 0.0, 4.0, 2.0, 0.0, 0.0, 0.0, 0.0, 0.0, 4.0, 0.0, 4.0, 4.0, 2.0, 0.0]"
34,1685,1466.898546474424,1342.627546474424,1242.71,"[0.0, 0.0, 2.0, 0.0, 0.0, 0.0, 4.0, 0.0, 2.0, 2.0, 0.0, 0.0, 4.0, 0.0, 0.0]"
34,1686,1528.998563411079,1346.7165634110788,1822.8200000000002,"[0.0, 0.0, 4.0, 0.0, 0.0, 4.0, 4.0, 0.0, 0.0, 0.0, 0.0, 0.0, 4.0, 0.0, 0.0]"
34,1687,1493.245785841568,1346.688785841568,1465.5700000000002,"[0.0, 0.0, 2.0, 4.0, 0.0, 0.0, 0.0, 0.0, 0.0, 0.0, 0.0, 0.0, 4.0, 4.0, 0.0]"
34,1688,1422.4789324045198,1367.7089324045198,547.7,"[0.0, 0.0, 2.0, 0.0, 0.0, 0.0, 0.0, 0.0, 0.0, 0.0, 0.0, 0.0, 4.0, 0.0, 0.0]"
34,1689,1484.1929710629163,1350.6629710629163,1335.3000000000002,"[0.0, 0.0, 2.0, 2.0, 0.0, 0.0, 0.0, 0.0, 0.0, 2.0, 0.0, 0.0, 4.0, 2.0, 4.0]"
34,1690,1419.568714054273,1364.798714054273,547.7,"[0.0, 0.0, 2.0, 0.0, 0.0, 0.0, 0.0, 0.0, 0.0, 0.0, 0.0, 0.0, 4.0, 0.0, 0.0]"
34,1691,1447.8031423480338,1344.645142348034,1031.5800000000002,"[0.0, 0.0, 2.0, 0.0, 0.0, 0.0, 0.0, 0.0, 0.0, 0.0, 0.0, 4.0, 4.0, 0.0, 0.0]"
34,1692,1432.6645985623163,1350.3445985623164,823.2,"[0.0, 0.0, 2.0, 0.0, 0.0, 0.0, 0.0, 0.0, 0.0, 0.0, 0.0, 0.0, 4.0, 2.0, 0.0]"
34,1693,1496.2885764386667,1356.9125764386667,1393.7600000000002,"[0.0, 0.0, 2.0, 4.0, 0.0, 0.0, 4.0, 0.0, 0.0, 2.0, 0.0, 0.0, 4.0, 0.0, 0.0]"
34,1694,1436.1581474131822,1357.9721474131823,781.8600000000001,"[0.0, 0.0, 2.0, 0.0, 0.0, 0.0, 2.0, 0.0, 0.0, 4.0, 0.0, 0.0, 4.0, 0.0, 0.0]"
34,1695,1536.9943838678328,1319.7453838678327,2172.4900000000002,"[4.0, 0.0, 2.0, 0.0, 0.0, 0.0, 0.0, 0.0, 0.0, 4.0, 2.0, 4.0, 4.0, 2.0, 0.0]"
34,1696,1440.713919569091,1356.107919569091,846.0600000000001,"[2.0, 0.0, 2.0, 0.0, 0.0, 0.0, 0.0, 0.0, 0.0, 2.0, 0.0, 0.0, 4.0, 0.0, 0.0]"
34,1697,1435.8070387769565,1357.6210387769565,781.8600000000001,"[0.0, 0.0, 2.0, 0.0, 0.0, 0.0, 2.0, 0.0, 0.0, 0.0, 0.0, 0.0, 4.0, 0.0, 0.0]"
34,1698,1450.1734160170092,1296.8834160170093,1532.9,"[0.0, 0.0, 4.0, 0.0, 0.0, 0.0, 0.0, 0.0, 0.0, 0.0, 0.0, 2.0, 4.0, 4.0, 0.0]"
34,1699,1450.0838753822163,1362.7378753822163,873.46,"[0.0, 0.0, 2.0, 0.0, 0.0, 0.0, 0.0, 0.0, 0.0, 4.0, 0.0, 0.0, 4.0, 0.0, 4.0]"
34,1700,1517.4426823934393,1367.0806823934392,1503.6200000000001,"[0.0, 0.0, 4.0, 0.0, 0.0, 0.0, 0.0, 4.0, 0.0, 2.0, 0.0, 0.0, 4.0, 0.0, 2.0]"
35,1701,1421.0748602673148,1366.3048602673148,547.7,"[0.0, 0.0, 2.0, 0.0, 0.0, 0.0, 0.0, 0.0, 0.0, 0.0, 0.0, 0.0, 4.0, 0.0, 0.0]"
35,1702,1421.0932280275415,1366.3232280275415,547.7,"[0.0, 0.0, 2.0, 0.0, 0.0, 0.0, 0.0, 0.0, 0.0, 2.0, 0.0, 0.0, 4.0, 0.0, 0.0]"
35,1703,1509.9806269237,1347.6856269236998,1622.95,"[2.0, 0.0, 2.0, 0.0, 0.0, 2.0, 4.0, 0.0, 0.0, 2.0, 0.0, 0.0, 4.0, 0.0, 0.0]"
35,1704,1450.458109347157,1317.150109347157,1333.0800000000002,"[0.0, 0.0, 2.0, 0.0, 0.0, 0.0, 0.0, 0.0, 0.0, 2.0, 0.0, 2.0, 4.0, 4.0, 0.0]"
35,1705,1453.6529466618067,1386.2979466618067,673.5500000000001,"[2.0, 0.0, 2.0, 0.0, 0.0, 0.0, 0.0, 0.0, 0.0, 0.0, 0.0, 0.0, 2.0, 0.0, 0.0]"
35,1706,1499.5202169757836,1317.8682169757835,1816.5200000000002,"[0.0, 0.0, 2.0, 0.0, 2.0, 0.0, 0.0, 0.0, 4.0, 2.0, 0.0, 0.0, 4.0, 2.0, 2.0]"
35,1707,1421.0619704333737,1366.2919704333738,547.7,"[0.0, 0.0, 2.0, 0.0, 0.0, 0.0, 0.0, 0.0, 0.0, 2.0, 0.0, 0.0, 4.0, 0.0, 0.0]"
35,1708,1476.0856674766621,1363.7866674766622,1122.9900000000002,"[0.0, 0.0, 2.0, 0.0, 0.0, 0.0, 4.0, 0.0, 0.0, 2.0, 0.0, 0.0, 2.0, 2.0, 0.0]"
35,1709,1448.2851438695961,1345.127143869596,1031.5800000000002,"[0.0, 0.0, 2.0, 0.0, 0.0, 0.0, 0.0, 0.0, 0.0, 0.0, 0.0, 4.0, 4.0, 0.0, 0.0]"
35,1710,1472.40917046352,1328.35417046352,1440.5500000000002,"[0.0, 0.0, 2.0, 0.0, 0.0, 0.0, 2.0, 0.0, 2.0, 2.0, 0.0, 0.0, 4.0, 2.0, 2.0]"
35,1711,1559.8659329607808,1353.2989329607808,2065.67,"[0.0, 0.0, 2.0, 2.0, 4.0, 0.0, 0.0, 0.0, 2.0, 2.0, 0.0, 0.0, 4.0, 0.0, 4.0]"
35,1712,1453.905726637643,1334.699726637643,1192.0600000000002,"[0.0, 0.0, 2.0, 0.0, 0.0, 0.0, 0.0, 0.0, 0.0, 2.0, 0.0, 4.0, 4.0, 0.0, 2.0]"
35,1713,1423.544240583232,1368.774240583232,547.7,"[0.0, 0.0, 2.0, 0.0, 0.0, 0.0, 0.0, 0.0, 0.0, 4.0, 0.0, 0.0, 4.0, 0.0, 0.0]"
35,1714,1464.1240796987001,1334.5740796987002,1295.5,"[0.0, 0.0, 2.0, 0.0, 0.0, 0.0, 4.0, 0.0, 0.0, 0.0, 0.0, 0.0, 4.0, 2.0, 0.0]"
35,1715,1511.5431905243977,1326.4811905243978,1850.6200000000001,"[2.0, 0.0, 4.0, 4.0, 0.0, 0.0, 0.0, 0.0, 0.0, 2.0, 0.0, 0.0, 4.0, 2.0, 2.0]"
35,1716,1447.3027584587037,1341.5667584587036,1057.3600000000001,"[0.0, 0.0, 2.0, 0.0, 0.0, 0.0, 2.0, 0.0, 0.0, 4.0, 0.0, 0.0, 4.0, 2.0, 0.0]"
35,1717,1539.007615502997,1400.831615502997,1381.7600000000002,"[0.0, 0.0, 2.0, 0.0, 0.0, 0.0, 0.0, 0.0, 4.0, 4.0, 4.0, 0.0, 2.0, 0.0, 0.0]"
35,1718,1448.35514121125,1347.8981412112498,1004.5700000000002,"[0.0, 0.0, 2.0, 0.0, 0.0, 0.0, 2.0, 0.0, 2.0, 0.0, 0.0, 0.0, 4.0, 0.0, 0.0]"
35,1719,1450.3064019357712,1352.7754019357712,975.3100000000001,"[0.0, 0.0, 2.0, 2.0, 0.0, 0.0, 0.0, 0.0, 0.0, 0.0, 0.0, 2.0, 4.0, 0.0, 0.0]"
35,1720,1449.1348340049,1339.9538340049,1091.8100000000002,"[0.0, 0.0, 2.0, 0.0, 0.0, 0.0, 0.0, 0.0, 0.0, 4.0, 0.0, 0.0, 4.0, 4.0, 0.0]"
35,1721,1422.7417198922662,1367.9717198922663,547.7,"[0.0, 0.0, 2.0, 0.0, 0.0, 0.0, 0.0, 0.0, 0.0, 2.0, 0.0, 0.0, 4.0, 0.0, 0.0]"
35,1722,1496.6802598457082,1344.4412598457081,1522.3900000000003,"[2.0, 4.0, 2.0, 0.0, 0.0, 0.0, 0.0, 0.0, 0.0, 2.0, 0.0, 0.0, 4.0, 0.0, 0.0]"
35,1723,1460.372029057406,1374.569029057406,858.0300000000002,"[0.0, 0.0, 2.0, 0.0, 0.0, 2.0, 0.0, 0.0, 0.0, 0.0, 0.0, 0.0, 4.0, 0.0, 0.0]"
35,1724,1559.7703414061234,1433.8353414061235,1259.3500000000001,"[2.0, 0.0, 0.0, 0.0, 0.0, 2.0, 0.0, 2.0, 0.0, 2.0, 0.0, 0.0, 4.0, 0.0, 0.0]"
35,1725,1446.417984772396,1323.277984772396,1231.4,"[0.0, 0.0, 4.0, 0.0, 0.0, 0.0, 0.0, 0.0, 0.0, 2.0, 0.0, 4.0, 4.0, 0.0, 0.0]"
35,1726,1465.9989088847492,1381.2499088847492,847.49,"[0.0, 0.0, 2.0, 0.0, 0.0, 0.0, 4.0, 0.0, 0.0, 2.0, 0.0, 0.0, 2.0, 0.0, 0.0]"
35,1727,1509.8886831619016,1344.1456831619016,1657.43,"[0.0, 0.0, 2.0, 0.0, 0.0, 0.0, 0.0, 0.0, 0.0, 2.0, 4.0, 0.0, 4.0, 4.0, 0.0]"
35,1728,1444.9626191228283,1363.3346191228284,816.2800000000001,"[0.0, 0.0, 4.0, 0.0, 0.0, 0.0, 0.0, 0.0, 0.0, 0.0, 0.0, 2.0, 2.0, 0.0, 0.0]"
35,1729,1508.925390733841,1365.231390733841,1436.9400000000003,"[0.0, 0.0, 2.0, 0.0, 0.0, 4.0, 0.0, 0.0, 0.0, 0.0, 0.0, 0.0, 4.0, 2.0, 0.0]"
35,1730,1451.6897518984265,1364.3437518984265,873.46,"[0.0, 0.0, 2.0, 0.0, 0.0, 0.0, 0.0, 0.0, 0.0, 0.0, 0.0, 0.0, 4.0, 0.0, 4.0]"
35,1731,1478.3791143690262,1337.5531143690262,1408.2600000000002,"[4.0, 0.0, 2.0, 0.0, 0.0, 0.0, 0.0, 0.0, 0.0, 2.0, 0.0, 0.0, 4.0, 2.0, 0.0]"
35,1732,1422.4214479546374,1367.6514479546374,547.7,"[0.0, 0.0, 2.0, 0.0, 0.0, 0.0, 0.0, 0.0, 0.0, 0.0, 0.0, 0.0, 4.0, 0.0, 0.0]"
35,1733,1420.54572345639,1365.77572345639,547.7,"[0.0, 0.0, 2.0, 0.0, 0.0, 0.0, 0.0, 0.0, 0.0, 0.0, 0.0, 0.0, 4.0, 0.0, 0.0]"
35,1734,1442.4226921565848,1369.0186921565848,734.0400000000001,"[0.0, 0.0, 2.0, 2.0, 0.0, 0.0, 0.0, 0.0, 0.0, 2.0, 0.0, 0.0, 4.0, 0.0, 0.0]"
35,1735,1432.3628782601654,1350.0428782601655,823.2,"[0.0, 0.0, 2.0, 0.0, 0.0, 0.0, 0.0, 0.0, 0.0, 0.0, 0.0, 0.0, 4.0, 2.0, 0.0]"
35,1736,1549.4797660970278,1383.7537660970277,1657.2600000000002,"[0.0, 0.0, 2.0, 0.0, 0.0, 0.0, 0.0, 0.0, 4.0, 0.0, 4.0, 0.0, 2.0, 2.0, 0.0]"
35,1737,1481.330010530579,1444.071010530579,372.59000000000003,"[0.0, 0.0, 2.0, 0.0, 0.0, 0.0, 0.0, 0.0, 0.0, 4.0, 0.0, 0.0, 0.0, 0.0, 2.0]"
35,1738,1503.9333734788506,1384.2653734788507,1196.68,"[0.0, 0.0, 2.0, 0.0, 0.0, 0.0, 0.0, 0.0, 0.0, 0.0, 0.0, 4.0, 2.0, 0.0, 4.0]"
35,1739,1445.3171539598648,1342.1591539598649,1031.5800000000002,"[0.0, 0.0, 2.0, 0.0, 0.0, 0.0, 0.0, 0.0, 0.0, 0.0, 0.0, 4.0, 4.0, 0.0, 0.0]"
35,1740,1443.1973416757785,1358.5913416757785,846.0600000000001,"[2.0, 0.0, 2.0, 0.0, 0.0, 0.0, 0.0, 0.0, 0.0, 0.0, 0.0, 0.0, 4.0, 0.0, 0.0]"
35,1741,1503.8841714251002,1335.7191714251003,1681.65,"[2.0, 0.0, 2.0, 0.0, 0.0, 0.0, 2.0, 0.0, 4.0, 0.0, 0.0, 0.0, 4.0, 0.0, 2.0]"
35,1742,1422.422794653706,1367.652794653706,547.7,"[0.0, 0.0, 2.0, 0.0, 0.0, 0.0, 0.0, 0.0, 0.0, 4.0, 0.0, 0.0, 4.0, 0.0, 0.0]"
35,1743,1480.5186502986735,1366.1016502986736,1144.17,"[0.0, 0.0, 2.0, 4.0, 0.0, 0.0, 0.0, 0.0, 2.0, 0.0, 0.0, 0.0, 4.0, 0.0, 0.0]"
35,1744,1451.497395188725,1364.151395188725,873.46,"[0.0, 0.0, 2.0, 0.0, 0.0, 0.0, 0.0, 0.0, 0.0, 2.0, 0.0, 0.0, 4.0, 0.0, 4.0]"
35,1745,1423.7031119256394,1368.9331119256394,547.7,"[0.0, 0.0, 2.0, 0.0, 0.0, 0.0, 0.0, 0.0, 0.0, 0.0, 0.0, 0.0, 4.0, 0.0, 0.0]"
35,1746,1445.4407762028188,1340.8527762028189,1045.88,"[2.0, 0.0, 4.0, 0.0, 0.0, 0.0, 0.0, 0.0, 0.0, 2.0, 0.0, 0.0, 4.0, 0.0, 0.0]"
35,1747,1432.4936189859063,1350.1736189859064,823.2,"[0.0, 0.0, 2.0, 0.0, 0.0, 0.0, 0.0, 0.0, 0.0, 0.0, 0.0, 0.0, 4.0, 2.0, 0.0]"
35,1748,1420.9668936049572,1366.1968936049573,547.7,"[0.0, 0.0, 2.0, 0.0, 0.0, 0.0, 0.0, 0.0, 0.0, 0.0, 0.0, 0.0, 4.0, 0.0, 0.0]"
35,1749,1430.8741864938745,1348.5541864938746,823.2,"[0.0, 0.0, 2.0, 0.0, 0.0, 0.0, 0.0, 0.0, 0.0, 0.0, 0.0, 0.0, 4.0, 2.0, 0.0]"
35,1750,1484.68299894707,1334.73199894707,1499.5100000000002,"[0.0, 0.0, 2.0, 0.0, 2.0, 0.0, 2.0, 0.0, 0.0, 4.0, 0.0, 0.0, 4.0, 0.0, 4.0]"
36,1751,1421.2707695423248,1366.5007695423249,547.7,"[0.0, 0.0, 2.0, 0.0, 0.0, 0.0, 0.0, 0.0, 0.0, 0.0, 0.0, 0.0, 4.0, 0.0, 0.0]"
36,1752,1422.5499108950992,1367.7799108950992,547.7,"[0.0, 0.0, 2.0, 0.0, 0.0, 0.0, 0.0, 0.0, 0.0, 0.0, 0.0, 0.0, 4.0, 0.0, 0.0]"
36,1753,1459.851682929299,1439.8276829292988,200.24,"[0.0, 0.0, 2.0, 0.0, 0.0, 0.0, 0.0, 0.0, 0.0, 2.0, 0.0, 0.0, 0.0, 0.0, 0.0]"
36,1754,1514.362576560159,1353.2415765601588,1611.21,"[0.0, 0.0, 2.0, 0.0, 4.0, 0.0, 0.0, 0.0, 0.0, 0.0, 2.0, 0.0, 4.0, 0.0, 0.0]"
36,1755,1422.6134620603066,1367.8434620603066,547.7,"[0.0, 0.0, 2.0, 0.0, 0.0, 0.0, 0.0, 0.0, 0.0, 4.0, 0.0, 0.0, 4.0, 0.0, 0.0]"
36,1756,1468.5659335007288,1383.4759335007288,850.9000000000001,"[0.0, 0.0, 2.0, 0.0, 0.0, 0.0, 0.0, 2.0, 0.0, 0.0, 0.0, 0.0, 4.0, 0.0, 0.0]"
36,1757,1445.1659987040075,1342.0079987040076,1031.5800000000002,"[0.0, 0.0, 2.0, 0.0, 0.0, 0.0, 0.0, 0.0, 0.0, 0.0, 0.0, 4.0, 4.0, 0.0, 0.0]"
36,1758,1432.4520779294423,1361.6340779294424,708.1800000000001,"[0.0, 0.0, 2.0, 0.0, 0.0, 0.0, 0.0, 0.0, 0.0, 2.0, 0.0, 0.0, 4.0, 0.0, 2.0]"
36,1759,1516.8627649178934,1361.5297649178933,1553.3300000000002,"[0.0, 0.0, 2.0, 0.0, 2.0, 4.0, 0.0, 0.0, 0.0, 2.0, 0.0, 0.0, 4.0, 0.0, 0.0]"
36,1760,1505.965123387538,1391.0471233875378,1149.18,"[0.0, 0.0, 2.0, 0.0, 0.0, 0.0, 0.0, 4.0, 0.0, 4.0, 0.0, 0.0, 4.0, 0.0, 0.0]"
36,1761,1536.096831652695,1454.6988316526952,813.98,"[0.0, 0.0, 2.0, 0.0, 0.0, 4.0, 0.0, 0.0, 0.0, 2.0, 0.0, 0.0, 0.0, 0.0, 0.0]"
36,1762,1432.1995107529058,1349.8795107529058,823.2,"[0.0, 0.0, 2.0, 0.0, 0.0, 0.0, 0.0, 0.0, 0.0, 0.0, 0.0, 0.0, 4.0, 2.0, 0.0]"
36,1763,1451.5224509335385,1364.1764509335385,873.46,"[0.0, 0.0, 2.0, 0.0, 0.0, 0.0, 0.0, 0.0, 0.0, 0.0, 0.0, 0.0, 4.0, 0.0, 4.0]"
36,1764,1467.2569206204564,1328.2399206204564,1390.17,"[2.0, 0.0, 2.0, 0.0, 0.0, 0.0, 0.0, 0.0, 0.0, 0.0, 0.0, 0.0, 4.0, 4.0, 0.0]"
36,1765,1427.5565520635048,1348.6595520635049,788.9700000000001,"[0.0, 0.0, 2.0, 0.0, 0.0, 0.0, 0.0, 0.0, 0.0, 0.0, 0.0, 2.0, 4.0, 0.0, 0.0]"
36,1766,1514.4793638278054,1378.6623638278054,1358.17,"[0.0, 0.0, 4.0, 0.0, 4.0, 0.0, 0.0, 0.0, 0.0, 0.0, 0.0, 0.0, 2.0, 0.0, 0.0]"
36,1767,1598.2440947560237,1310.5380947560236,2877.0600000000004,"[0.0, 4.0, 2.0, 0.0, 4.0, 0.0, 0.0, 0.0, 0.0, 2.0, 0.0, 0.0, 4.0, 4.0, 4.0]"
36,1768,1422.169989874443,1367.399989874443,547.7,"[0.0, 0.0, 2.0, 0.0, 0.0, 0.0, 0.0, 0.0, 0.0, 0.0, 0.0, 0.0, 4.0, 0.0, 0.0]"
36,1769,1422.5728452814906,1367.8028452814906,547.7,"[0.0, 0.0, 2.0, 0.0, 0.0, 0.0, 0.0, 0.0, 0.0, 0.0, 0.0, 0.0, 4.0, 0.0, 0.0]"
36,1770,1495.8147905234384,1360.3967905234383,1354.1800000000003,"[0.0, 2.0, 2.0, 0.0, 0.0, 2.0, 0.0, 0.0, 0.0, 0.0, 0.0, 0.0, 4.0, 0.0, 2.0]"
36,1771,1490.7557812177295,1343.5147812177295,1472.41,"[0.0, 0.0, 2.0, 0.0, 0.0, 0.0, 0.0, 0.0, 0.0, 0.0, 2.0, 4.0, 4.0, 0.0, 2.0]"
36,1772,1616.4888998947113,1327.4378998947113,2890.51,"[0.0, 0.0, 4.0, 0.0, 4.0, 2.0, 0.0, 0.0, 0.0, 2.0, 4.0, 4.0, 4.0, 0.0, 0.0]"
36,1773,1431.05954114693,1348.7395411469302,823.2,"[0.0, 0.0, 2.0, 0.0, 0.0, 0.0, 0.0, 0.0, 0.0, 0.0, 0.0, 0.0, 4.0, 2.0, 0.0]"
36,1774,1475.4906802203143,1353.0876802203143,1224.0300000000002,"[0.0, 4.0, 2.0, 0.0, 0.0, 0.0, 0.0, 0.0, 0.0, 0.0, 0.0, 0.0, 4.0, 0.0, 0.0]"
36,1775,1538.2093706163441,1371.7173706163442,1664.92,"[0.0, 0.0, 2.0, 0.0, 0.0, 2.0, 0.0, 0.0, 0.0, 0.0, 4.0, 2.0, 4.0, 0.0, 0.0]"
36,1776,1454.9641855002026,1420.2181855002025,347.46000000000004,"[0.0, 0.0, 0.0, 0.0, 0.0, 0.0, 0.0, 0.0, 0.0, 0.0, 0.0, 0.0, 4.0, 0.0, 0.0]"
36,1777,1458.2475250582158,1359.3825250582158,988.6500000000001,"[0.0, 0.0, 2.0, 0.0, 0.0, 0.0, 0.0, 0.0, 4.0, 0.0, 0.0, 0.0, 4.0, 0.0, 0.0]"
36,1778,1463.861557323938,1340.066557323938,1237.95,"[2.0, 0.0, 2.0, 0.0, 2.0, 0.0, 0.0, 0.0, 0.0, 0.0, 0.0, 0.0, 4.0, 0.0, 0.0]"
36,1779,1421.199829890644,1366.429829890644,547.7,"[0.0, 0.0, 2.0, 0.0, 0.0, 0.0, 0.0, 0.0, 0.0, 0.0, 0.0, 0.0, 4.0, 0.0, 0.0]"
36,1780,1498.0185996274097,1364.9325996274097,1330.8600000000001,"[0.0, 0.0, 2.0, 0.0, 4.0, 0.0, 0.0, 0.0, 0.0, 0.0, 0.0, 0.0, 4.0, 0.0, 0.0]"
36,1781,1451.6141543882386,1364.2681543882386,873.46,"[0.0, 0.0, 2.0, 0.0, 0.0, 0.0, 0.0, 0.0, 0.0, 2.0, 0.0, 0.0, 4.0, 0.0, 4.0]"
36,1782,1509.0811304066092,1416.4651304066092,926.1600000000001,"[0.0, 0.0, 0.0, 0.0, 0.0, 0.0, 0.0, 2.0, 0.0, 0.0, 0.0, 0.0, 4.0, 2.0, 0.0]"
36,1783,1490.8785429878915,1365.7445429878915,1251.3400000000001,"[0.0, 4.0, 4.0, 0.0, 0.0, 0.0, 0.0, 0.0, 0.0, 0.0, 0.0, 0.0, 2.0, 0.0, 0.0]"
36,1784,1475.51173309032,1403.81073309032,717.0100000000001,"[0.0, 0.0, 2.0, 0.0, 0.0, 0.0, 0.0, 0.0, 0.0, 0.0, 0.0, 2.0, 0.0, 2.0, 0.0]"
36,1785,1443.2483143528268,1349.2893143528268,939.59,"[0.0, 0.0, 2.0, 0.0, 2.0, 0.0, 0.0, 0.0, 0.0, 2.0, 0.0, 0.0, 4.0, 0.0, 0.0]"
36,1786,1495.0804833171364,1313.4344833171365,1816.4600000000003,"[4.0, 0.0, 4.0, 0.0, 0.0, 0.0, 0.0, 0.0, 0.0, 0.0, 0.0, 4.0, 4.0, 0.0, 0.0]"
36,1787,1545.9708904275997,1332.5608904275996,2134.1,"[4.0, 0.0, 2.0, 0.0, 0.0, 0.0, 2.0, 2.0, 2.0, 0.0, 0.0, 2.0, 4.0, 0.0, 0.0]"
36,1788,1448.7450948302046,1361.3990948302046,873.46,"[0.0, 0.0, 2.0, 0.0, 0.0, 0.0, 0.0, 0.0, 0.0, 2.0, 0.0, 0.0, 4.0, 0.0, 4.0]"
36,1789,1464.0972088572992,1353.7422088572991,1103.55,"[0.0, 0.0, 2.0, 0.0, 0.0, 0.0, 0.0, 0.0, 0.0, 0.0, 2.0, 0.0, 4.0, 2.0, 0.0]"
36,1790,1422.286838801134,1367.516838801134,547.7,"[0.0, 0.0, 2.0, 0.0, 0.0, 0.0, 0.0, 0.0, 0.0, 0.0, 0.0, 0.0, 4.0, 0.0, 0.0]"
36,1791,1426.1205883806167,1351.3685883806168,747.5200000000001,"[0.0, 0.0, 4.0, 0.0, 0.0, 0.0, 0.0, 0.0, 0.0, 0.0, 0.0, 0.0, 4.0, 0.0, 0.0]"
36,1792,1489.7311446534513,1330.9881446534514,1587.4300000000003,"[0.0, 0.0, 2.0, 0.0, 0.0, 0.0, 0.0, 0.0, 0.0, 2.0, 2.0, 4.0, 4.0, 2.0, 0.0]"
36,1793,1483.7262181589924,1353.6912181589923,1300.3500000000001,"[0.0, 0.0, 2.0, 0.0, 0.0, 0.0, 4.0, 0.0, 0.0, 0.0, 2.0, 0.0, 4.0, 0.0, 0.0]"
36,1794,1462.3568971103416,1332.8068971103417,1295.5,"[0.0, 0.0, 2.0, 0.0, 0.0, 0.0, 4.0, 0.0, 0.0, 0.0, 0.0, 0.0, 4.0, 2.0, 0.0]"
36,1795,1521.0541366811785,1371.5501366811784,1495.0400000000002,"[2.0, 0.0, 2.0, 0.0, 0.0, 0.0, 0.0, 0.0, 0.0, 0.0, 0.0, 4.0, 2.0, 0.0, 4.0]"
36,1796,1572.5407154543982,1432.977715454398,1395.63,"[0.0, 0.0, 2.0, 4.0, 0.0, 0.0, 4.0, 0.0, 0.0, 0.0, 0.0, 0.0, 0.0, 0.0, 4.0]"
36,1797,1423.199078000972,1348.447078000972,747.5200000000001,"[0.0, 0.0, 4.0, 0.0, 0.0, 0.0, 0.0, 0.0, 0.0, 0.0, 0.0, 0.0, 4.0, 0.0, 0.0]"
36,1798,1534.9813779811313,1316.6953779811313,2182.86,"[2.0, 4.0, 4.0, 0.0, 2.0, 0.0, 0.0, 0.0, 0.0, 2.0, 0.0, 2.0, 2.0, 0.0, 0.0]"
36,1799,1468.0303974566664,1332.4583974566663,1355.7200000000003,"[2.0, 0.0, 2.0, 0.0, 0.0, 0.0, 2.0, 0.0, 0.0, 2.0, 0.0, 0.0, 4.0, 2.0, 0.0]"
36,1800,1592.944614350502,1345.943614350502,2470.01,"[0.0, 0.0, 2.0, 0.0, 4.0, 2.0, 0.0, 0.0, 2.0, 0.0, 2.0, 0.0, 4.0, 0.0, 4.0]"
37,1801,1423.6162535439448,1368.8462535439448,547.7,"[0.0, 0.0, 2.0, 0.0, 0.0, 0.0, 0.0, 0.0, 0.0, 0.0, 0.0, 0.0, 4.0, 0.0, 0.0]"
37,1802,1421.2999513973268,1366.5299513973268,547.7,"[0.0, 0.0, 2.0, 0.0, 0.0, 0.0, 0.0, 0.0, 0.0, 0.0, 0.0, 0.0, 4.0, 0.0, 0.0]"
37,1803,1469.903333657312,1356.627333657312,1132.76,"[4.0, 0.0, 2.0, 0.0, 0.0, 0.0, 0.0, 0.0, 0.0, 0.0, 0.0, 0.0, 4.0, 0.0, 0.0]"
37,1804,1471.7959662029443,1358.4429662029443,1133.5300000000002,"[0.0, 0.0, 2.0, 0.0, 0.0, 2.0, 0.0, 0.0, 0.0, 0.0, 0.0, 0.0, 4.0, 2.0, 0.0]"
37,1805,1470.8090993034182,1385.7190993034183,850.9000000000001,"[0.0, 0.0, 2.0, 0.0, 0.0, 0.0, 0.0, 2.0, 0.0, 0.0, 0.0, 0.0, 4.0, 0.0, 0.0]"
37,1806,1570.169903679106,1417.010903679106,1531.5900000000001,"[0.0, 0.0, 2.0, 0.0, 0.0, 0.0, 4.0, 2.0, 0.0, 0.0, 2.0, 0.0, 0.0, 2.0, 0.0]"
37,1807,1470.520030274802,1344.105030274802,1264.15,"[0.0, 0.0, 2.0, 0.0, 0.0, 0.0, 0.0, 0.0, 4.0, 0.0, 0.0, 0.0, 4.0, 2.0, 0.0]"
37,1808,1443.7115739165654,1370.3075739165654,734.0400000000001,"[0.0, 0.0, 2.0, 2.0, 0.0, 0.0, 0.0, 0.0, 0.0, 0.0, 0.0, 0.0, 4.0, 0.0, 0.0]"
37,1809,1592.6316021096109,1412.3206021096107,1803.1100000000004,"[0.0, 2.0, 2.0, 4.0, 0.0, 0.0, 0.0, 0.0, 0.0, 2.0, 0.0, 0.0, 0.0, 4.0, 4.0]"
37,1810,1587.5280091111563,1363.1450091111562,2243.8300000000004,"[0.0, 0.0, 2.0, 0.0, 0.0, 4.0, 0.0, 0.0, 0.0, 0.0, 4.0, 2.0, 4.0, 2.0, 0.0]"
37,1811,1615.145677382784,1337.490677382784,2776.55,"[0.0, 4.0, 4.0, 0.0, 0.0, 0.0, 0.0, 2.0, 0.0, 0.0, 4.0, 4.0, 4.0, 0.0, 0.0]"
37,1812,1471.8301792483396,1338.5721792483396,1332.5800000000002,"[4.0, 0.0, 4.0, 0.0, 0.0, 0.0, 0.0, 0.0, 0.0, 0.0, 0.0, 0.0, 4.0, 0.0, 0.0]"
37,1813,1420.9166484406644,1366.1466484406644,547.7,"[0.0, 0.0, 2.0, 0.0, 0.0, 0.0, 0.0, 0.0, 0.0, 0.0, 0.0, 0.0, 4.0, 0.0, 0.0]"
37,1814,1429.203524776736,1350.306524776736,788.9700000000001,"[0.0, 0.0, 2.0, 0.0, 0.0, 0.0, 0.0, 0.0, 0.0, 0.0, 0.0, 2.0, 4.0, 0.0, 0.0]"
37,1815,1612.6451285685362,1337.0851285685362,2755.6000000000004,"[2.0, 0.0, 2.0, 0.0, 0.0, 2.0, 4.0, 0.0, 0.0, 0.0, 4.0, 2.0, 4.0, 0.0, 4.0]"
37,1816,1550.7588140881574,1338.6378140881573,2121.2100000000005,"[0.0, 0.0, 2.0, 0.0, 0.0, 4.0, 4.0, 0.0, 2.0, 0.0, 0.0, 0.0, 4.0, 2.0, 0.0]"
37,1817,1461.1631411736118,1362.2981411736118,988.6500000000001,"[0.0, 0.0, 2.0, 0.0, 0.0, 0.0, 0.0, 0.0, 4.0, 0.0, 0.0, 0.0, 4.0, 0.0, 0.0]"
37,1818,1444.3507463145959,1350.3917463145958,939.59,"[0.0, 0.0, 2.0, 0.0, 2.0, 0.0, 0.0, 0.0, 0.0, 0.0, 0.0, 0.0, 4.0, 0.0, 0.0]"
37,1819,1579.1936946750354,1368.8716946750353,2103.2200000000003,"[0.0, 2.0, 2.0, 0.0, 0.0, 4.0, 0.0, 0.0, 0.0, 0.0, 2.0, 0.0, 4.0, 0.0, 4.0]"
37,1820,1444.4343361412602,1350.4753361412602,939.59,"[0.0, 0.0, 2.0, 0.0, 2.0, 0.0, 0.0, 0.0, 0.0, 2.0, 0.0, 0.0, 4.0, 0.0, 0.0]"
37,1821,1522.6198913818243,1404.9708913818242,1176.4900000000002,"[0.0, 0.0, 4.0, 0.0, 0.0, 0.0, 0.0, 4.0, 0.0, 0.0, 0.0, 0.0, 2.0, 0.0, 0.0]"
37,1822,1422.4940234098135,1367.7240234098135,547.7,"[0.0, 0.0, 2.0, 0.0, 0.0, 0.0, 0.0, 0.0, 0.0, 4.0, 0.0, 0.0, 4.0, 0.0, 0.0]"
37,1823,1478.2115480317511,1348.1045480317512,1301.0700000000002,"[0.0, 0.0, 2.0, 2.0, 0.0, 0.0, 0.0, 0.0, 0.0, 2.0, 0.0, 2.0, 4.0, 0.0, 4.0]"
37,1824,1457.9451121752686,1359.0801121752686,988.6500000000001,"[0.0, 0.0, 2.0, 0.0, 0.0, 0.0, 0.0, 0.0, 4.0, 4.0, 0.0, 0.0, 4.0, 0.0, 0.0]"
37,1825,1447.039029075889,1341.3030290758888,1057.3600000000001,"[0.0, 0.0, 2.0, 0.0, 0.0, 0.0, 2.0, 0.0, 0.0, 0.0, 0.0, 0.0, 4.0, 2.0, 0.0]"
37,1826,1533.1112045841096,1368.9922045841097,1641.1900000000003,"[0.0, 0.0, 2.0, 0.0, 4.0, 2.0, 0.0, 0.0, 0.0, 0.0, 0.0, 0.0, 4.0, 0.0, 0.0]"
37,1827,1445.4258285344026,1340.8378285344027,1045.88,"[2.0, 0.0, 4.0, 0.0, 0.0, 0.0, 0.0, 0.0, 0.0, 0.0, 0.0, 0.0, 4.0, 0.0, 0.0]"
37,1828,1511.9974605074003,1336.8044605074003,1751.93,"[0.0, 2.0, 2.0, 2.0, 0.0, 0.0, 0.0, 0.0, 4.0, 2.0, 0.0, 2.0, 4.0, 0.0, 0.0]"
37,1829,1468.4861751543992,1355.2101751543992,1132.76,"[4.0, 0.0, 2.0, 0.0, 0.0, 0.0, 0.0, 0.0, 0.0, 2.0, 0.0, 0.0, 4.0, 0.0, 0.0]"
37,1830,1488.471027335682,1393.7750273356821,946.96,"[0.0, 0.0, 2.0, 0.0, 0.0, 0.0, 2.0, 0.0, 0.0, 0.0, 0.0, 0.0, 2.0, 0.0, 4.0]"
37,1831,1437.6932962902965,1360.6522962902966,770.4100000000001,"[0.0, 0.0, 2.0, 0.0, 0.0, 0.0, 0.0, 0.0, 2.0, 0.0, 0.0, 0.0, 4.0, 0.0, 0.0]"
37,1832,1517.4641249113995,1466.2081249113994,512.5600000000001,"[0.0, 0.0, 0.0, 0.0, 0.0, 0.0, 0.0, 0.0, 0.0, 0.0, 0.0, 0.0, 2.0, 0.0, 4.0]"
37,1833,1549.9310131195334,1335.8810131195335,2140.5,"[0.0, 0.0, 2.0, 0.0, 4.0, 0.0, 0.0, 0.0, 0.0, 0.0, 0.0, 4.0, 4.0, 0.0, 4.0]"
37,1834,1505.9677130765804,1389.8447130765803,1161.2300000000002,"[0.0, 0.0, 2.0, 0.0, 0.0, 2.0, 0.0, 2.0, 0.0, 2.0, 0.0, 0.0, 4.0, 0.0, 0.0]"
37,1835,1499.4287397537662,1363.3027397537662,1361.2600000000002,"[0.0, 0.0, 4.0, 0.0, 0.0, 4.0, 0.0, 0.0, 0.0, 0.0, 0.0, 0.0, 4.0, 0.0, 0.0]"
37,1836,1450.2314869084503,1362.8854869084503,873.46,"[0.0, 0.0, 2.0, 0.0, 0.0, 0.0, 0.0, 0.0, 0.0, 2.0, 0.0, 0.0, 4.0, 0.0, 4.0]"
37,1837,1554.4656487334723,1353.9036487334722,2005.6200000000001,"[0.0, 0.0, 2.0, 0.0, 0.0, 0.0, 0.0, 4.0, 0.0, 0.0, 0.0, 0.0, 4.0, 4.0, 4.0]"
37,1838,1443.3232275543676,1358.7172275543676,846.0600000000001,"[2.0, 0.0, 2.0, 0.0, 0.0, 0.0, 0.0, 0.0, 0.0, 0.0, 0.0, 0.0, 4.0, 0.0, 0.0]"
37,1839,1432.4880048604641,1361.6700048604641,708.1800000000001,"[0.0, 0.0, 2.0, 0.0, 0.0, 0.0, 0.0, 0.0, 0.0, 0.0, 0.0, 0.0, 4.0, 0.0, 2.0]"
37,1840,1468.3445206034219,1383.254520603422,850.9000000000001,"[0.0, 0.0, 2.0, 0.0, 0.0, 0.0, 0.0, 2.0, 0.0, 0.0, 0.0, 0.0, 4.0, 0.0, 0.0]"
37,1841,1568.6795298643449,1367.7975298643448,2008.8200000000002,"[0.0, 0.0, 2.0, 0.0, 0.0, 4.0, 0.0, 0.0, 0.0, 2.0, 2.0, 2.0, 4.0, 0.0, 4.0]"
37,1842,1474.2761446044185,1351.8731446044185,1224.0300000000002,"[0.0, 4.0, 2.0, 0.0, 0.0, 0.0, 0.0, 0.0, 0.0, 4.0, 0.0, 0.0, 4.0, 0.0, 0.0]"
37,1843,1534.0346587835102,1370.7286587835101,1633.0600000000002,"[0.0, 0.0, 2.0, 0.0, 0.0, 0.0, 0.0, 4.0, 0.0, 0.0, 0.0, 4.0, 4.0, 0.0, 0.0]"
37,1844,1493.7413399343943,1402.2923399343942,914.49,"[0.0, 0.0, 0.0, 0.0, 0.0, 0.0, 0.0, 0.0, 0.0, 0.0, 0.0, 2.0, 4.0, 0.0, 4.0]"
37,1845,1444.5577685532046,1321.4177685532045,1231.4,"[0.0, 0.0, 4.0, 0.0, 0.0, 0.0, 0.0, 0.0, 0.0, 0.0, 0.0, 4.0, 4.0, 0.0, 0.0]"
37,1846,1588.1451478549593,1302.6291478549592,2855.1600000000003,"[0.0, 2.0, 2.0, 0.0, 4.0, 0.0, 4.0, 0.0, 0.0, 0.0, 2.0, 0.0, 4.0, 2.0, 2.0]"
37,1847,1443.9719377126198,1340.8139377126197,1031.5800000000002,"[0.0, 0.0, 2.0, 0.0, 0.0, 0.0, 0.0, 0.0, 0.0, 0.0, 0.0, 4.0, 4.0, 0.0, 0.0]"
37,1848,1525.066144500243,1398.7211445002429,1263.45,"[4.0, 0.0, 2.0, 0.0, 0.0, 0.0, 0.0, 2.0, 0.0, 0.0, 0.0, 0.0, 2.0, 0.0, 0.0]"
37,1849,1470.4019731097883,1314.8479731097882,1555.5400000000002,"[2.0, 0.0, 4.0, 0.0, 0.0, 0.0, 2.0, 0.0, 0.0, 0.0, 0.0, 0.0, 4.0, 2.0, 0.0]"
37,1850,1422.616142162819,1367.846142162819,547.7,"[0.0, 0.0, 2.0, 0.0, 0.0, 0.0, 0.0, 0.0, 0.0, 0.0, 0.0, 0.0, 4.0, 0.0, 0.0]"
38,1851,1423.5502507138663,1368.7802507138663,547.7,"[0.0, 0.0, 2.0, 0.0, 0.0, 0.0, 0.0, 0.0, 0.0, 0.0, 0.0, 0.0, 4.0, 0.0, 0.0]"
38,1852,1425.2980781692995,1370.5280781692995,547.7,"[0.0, 0.0, 2.0, 0.0, 0.0, 0.0, 0.0, 0.0, 0.0, 0.0, 0.0, 0.0, 4.0, 0.0, 0.0]"
38,1853,1420.8249604098742,1366.0549604098742,547.7,"[0.0, 0.0, 2.0, 0.0, 0.0, 0.0, 0.0, 0.0, 0.0, 0.0, 0.0, 0.0, 4.0, 0.0, 0.0]"
38,1854,1517.3079188532556,1345.4489188532555,1718.5900000000001,"[4.0, 0.0, 2.0, 0.0, 0.0, 2.0, 0.0, 0.0, 0.0, 0.0, 0.0, 0.0, 4.0, 2.0, 0.0]"
38,1855,1474.6443085894787,1338.9103085894787,1357.3400000000001,"[0.0, 0.0, 2.0, 0.0, 0.0, 0.0, 0.0, 0.0, 0.0, 0.0, 0.0, 4.0, 4.0, 0.0, 4.0]"
38,1856,1486.2841018102297,1374.9521018102296,1113.3200000000002,"[0.0, 0.0, 2.0, 0.0, 0.0, 0.0, 0.0, 0.0, 0.0, 4.0, 4.0, 0.0, 4.0, 0.0, 0.0]"
38,1857,1458.5550063389837,1438.5310063389838,200.24,"[0.0, 0.0, 2.0, 0.0, 0.0, 0.0, 0.0, 0.0, 0.0, 2.0, 0.0, 0.0, 0.0, 0.0, 0.0]"
38,1858,1503.3385278109624,1348.3595278109624,1549.7900000000002,"[0.0, 4.0, 2.0, 0.0, 0.0, 0.0, 0.0, 0.0, 0.0, 4.0, 0.0, 0.0, 4.0, 0.0, 4.0]"
38,1859,1491.0243382335075,1377.1863382335075,1138.38,"[0.0, 0.0, 2.0, 0.0, 0.0, 2.0, 0.0, 0.0, 0.0, 2.0, 2.0, 0.0, 4.0, 0.0, 0.0]"
38,1860,1490.2401027598355,1337.7751027598356,1524.65,"[4.0, 0.0, 2.0, 0.0, 2.0, 0.0, 0.0, 0.0, 0.0, 0.0, 0.0, 0.0, 4.0, 0.0, 0.0]"
38,1861,1518.4220460068038,1372.4420460068038,1459.8000000000002,"[2.0, 0.0, 2.0, 0.0, 0.0, 4.0, 0.0, 0.0, 0.0, 4.0, 0.0, 0.0, 4.0, 0.0, 0.0]"
38,1862,1425.9420451572403,1351.1900451572403,747.5200000000001,"[0.0, 0.0, 4.0, 0.0, 0.0, 0.0, 0.0, 0.0, 0.0, 0.0, 0.0, 0.0, 4.0, 0.0, 0.0]"
38,1863,1421.0342264074525,1366.2642264074525,547.7,"[0.0, 0.0, 2.0, 0.0, 0.0, 0.0, 0.0, 0.0, 0.0, 0.0, 0.0, 0.0, 4.0, 0.0, 0.0]"
38,1864,1520.5273504100437,1368.8073504100437,1517.2,"[0.0, 0.0, 2.0, 2.0, 4.0, 0.0, 0.0, 0.0, 0.0, 0.0, 0.0, 0.0, 4.0, 0.0, 0.0]"
38,1865,1524.1931667814183,1391.2521667814183,1329.41,"[4.0, 0.0, 2.0, 0.0, 0.0, 0.0, 0.0, 0.0, 0.0, 2.0, 0.0, 0.0, 0.0, 4.0, 0.0]"
38,1866,1444.646904930647,1321.506904930647,1231.4,"[0.0, 0.0, 4.0, 0.0, 0.0, 0.0, 0.0, 0.0, 0.0, 0.0, 0.0, 4.0, 4.0, 0.0, 0.0]"
38,1867,1421.2334677305037,1366.4634677305037,547.7,"[0.0, 0.0, 2.0, 0.0, 0.0, 0.0, 0.0, 0.0, 0.0, 2.0, 0.0, 0.0, 4.0, 0.0, 0.0]"
38,1868,1483.8958246061638,1359.6168246061638,1242.7900000000002,"[0.0, 0.0, 2.0, 0.0, 2.0, 0.0, 0.0, 2.0, 0.0, 0.0, 0.0, 0.0, 4.0, 0.0, 0.0]"
38,1869,1510.2306863042818,1304.4806863042818,2057.5,"[2.0, 2.0, 2.0, 0.0, 2.0, 0.0, 0.0, 0.0, 0.0, 0.0, 0.0, 4.0, 4.0, 0.0, 0.0]"
38,1870,1570.5402066284696,1391.5582066284696,1789.8200000000002,"[0.0, 4.0, 2.0, 0.0, 0.0, 0.0, 4.0, 0.0, 4.0, 0.0, 0.0, 0.0, 0.0, 0.0, 0.0]"
38,1871,1547.255695740201,1352.508695740201,1947.4700000000003,"[4.0, 0.0, 2.0, 4.0, 0.0, 0.0, 0.0, 0.0, 4.0, 4.0, 0.0, 0.0, 4.0, 0.0, 0.0]"
38,1872,1527.1275281827016,1346.8115281827015,1803.1600000000003,"[0.0, 0.0, 2.0, 0.0, 4.0, 0.0, 4.0, 0.0, 0.0, 2.0, 0.0, 0.0, 4.0, 0.0, 0.0]"
38,1873,1523.3339103277924,1323.5189103277924,1998.15,"[0.0, 0.0, 2.0, 4.0, 0.0, 0.0, 2.0, 0.0, 0.0, 0.0, 0.0, 2.0, 4.0, 2.0, 4.0]"
38,1874,1502.2328927522733,1429.7158927522732,725.1700000000001,"[0.0, 0.0, 0.0, 4.0, 0.0, 0.0, 0.0, 0.0, 0.0, 0.0, 0.0, 0.0, 4.0, 0.0, 0.0]"
38,1875,1509.8852271088972,1395.8442271088973,1140.41,"[0.0, 0.0, 2.0, 2.0, 0.0, 0.0, 0.0, 0.0, 0.0, 2.0, 0.0, 2.0, 2.0, 0.0, 4.0]"
38,1876,1440.596432511238,1355.990432511238,846.0600000000001,"[2.0, 0.0, 2.0, 0.0, 0.0, 0.0, 0.0, 0.0, 0.0, 0.0, 0.0, 0.0, 4.0, 0.0, 0.0]"
38,1877,1513.1513834315454,1369.5553834315454,1435.96,"[4.0, 0.0, 2.0, 0.0, 0.0, 0.0, 0.0, 2.0, 0.0, 0.0, 0.0, 0.0, 4.0, 0.0, 0.0]"
38,1878,1478.0258603596305,1347.9188603596306,1301.0700000000002,"[0.0, 0.0, 2.0, 2.0, 0.0, 0.0, 0.0, 0.0, 0.0, 2.0, 0.0, 2.0, 4.0, 0.0, 4.0]"
38,1879,1432.3955649074487,1361.5775649074487,708.1800000000001,"[0.0, 0.0, 2.0, 0.0, 0.0, 0.0, 0.0, 0.0, 0.0, 0.0, 0.0, 0.0, 4.0, 0.0, 2.0]"
38,1880,1496.600779602665,1462.376779602665,342.24,"[0.0, 0.0, 0.0, 0.0, 0.0, 0.0, 0.0, 0.0, 0.0, 4.0, 0.0, 0.0, 2.0, 0.0, 2.0]"
38,1881,1614.1536104632328,1389.3446104632328,2248.09,"[0.0, 0.0, 2.0, 4.0, 2.0, 2.0, 2.0, 0.0, 0.0, 0.0, 4.0, 0.0, 2.0, 0.0, 0.0]"
38,1882,1549.7619893705332,1373.7749893705331,1759.8700000000001,"[2.0, 0.0, 2.0, 0.0, 0.0, 0.0, 0.0, 4.0, 0.0, 0.0, 0.0, 0.0, 4.0, 0.0, 4.0]"
38,1883,1422.4256399351964,1367.6556399351964,547.7,"[0.0, 0.0, 2.0, 0.0, 0.0, 0.0, 0.0, 0.0, 0.0, 0.0, 0.0, 0.0, 4.0, 0.0, 0.0]"
38,1884,1448.3816929758843,1339.6486929758844,1087.3300000000002,"[2.0, 0.0, 2.0, 0.0, 0.0, 0.0, 0.0, 0.0, 0.0, 0.0, 0.0, 2.0, 4.0, 0.0, 0.0]"
38,1885,1495.8124782828795,1326.4884782828794,1693.2400000000002,"[0.0, 0.0, 2.0, 0.0, 0.0, 0.0, 0.0, 0.0, 4.0, 0.0, 0.0, 0.0, 4.0, 4.0, 2.0]"
38,1886,1486.728405791232,1375.396405791232,1113.3200000000002,"[0.0, 0.0, 2.0, 0.0, 0.0, 0.0, 0.0, 0.0, 0.0, 0.0, 4.0, 0.0, 4.0, 0.0, 0.0]"
38,1887,1536.3803287837673,1383.0023287837673,1533.7800000000002,"[4.0, 0.0, 0.0, 0.0, 0.0, 0.0, 0.0, 0.0, 0.0, 0.0, 0.0, 0.0, 4.0, 2.0, 4.0]"
38,1888,1422.6291433778858,1367.8591433778859,547.7,"[0.0, 0.0, 2.0, 0.0, 0.0, 0.0, 0.0, 0.0, 0.0, 0.0, 0.0, 0.0, 4.0, 0.0, 0.0]"
38,1889,1514.3753446041708,1339.1823446041708,1751.93,"[0.0, 2.0, 2.0, 2.0, 0.0, 0.0, 0.0, 0.0, 4.0, 2.0, 0.0, 2.0, 4.0, 0.0, 0.0]"
38,1890,1557.906788136451,1298.466788136451,2594.4,"[2.0, 2.0, 2.0, 2.0, 0.0, 0.0, 0.0, 0.0, 4.0, 2.0, 0.0, 2.0, 4.0, 4.0, 0.0]"
38,1891,1432.6188093791764,1350.2988093791764,823.2,"[0.0, 0.0, 2.0, 0.0, 0.0, 0.0, 0.0, 0.0, 0.0, 0.0, 0.0, 0.0, 4.0, 2.0, 0.0]"
38,1892,1555.8165258575305,1403.3555258575304,1524.6100000000001,"[0.0, 0.0, 2.0, 4.0, 0.0, 0.0, 2.0, 0.0, 4.0, 0.0, 0.0, 0.0, 0.0, 2.0, 0.0]"
38,1893,1514.2619142371234,1334.4329142371234,1798.2900000000002,"[0.0, 0.0, 2.0, 0.0, 0.0, 0.0, 0.0, 0.0, 4.0, 0.0, 0.0, 4.0, 4.0, 0.0, 4.0]"
38,1894,1466.94047089315,1355.31247089315,1116.2800000000002,"[0.0, 0.0, 4.0, 4.0, 0.0, 0.0, 0.0, 0.0, 0.0, 0.0, 0.0, 0.0, 4.0, 0.0, 0.0]"
38,1895,1560.1204868410398,1357.5874868410397,2025.3300000000004,"[0.0, 4.0, 4.0, 0.0, 0.0, 0.0, 0.0, 4.0, 0.0, 0.0, 0.0, 0.0, 4.0, 0.0, 0.0]"
38,1896,1465.0998455495264,1332.1058455495263,1329.9400000000003,"[2.0, 0.0, 2.0, 0.0, 0.0, 0.0, 0.0, 0.0, 0.0, 4.0, 0.0, 4.0, 4.0, 0.0, 0.0]"
38,1897,1436.4600239951403,1359.4190239951404,770.4100000000001,"[0.0, 0.0, 2.0, 0.0, 0.0, 0.0, 0.0, 0.0, 2.0, 0.0, 0.0, 0.0, 4.0, 0.0, 0.0]"
38,1898,1446.0069970033207,1340.2709970033206,1057.3600000000001,"[0.0, 0.0, 2.0, 0.0, 0.0, 0.0, 2.0, 0.0, 0.0, 0.0, 0.0, 0.0, 4.0, 2.0, 0.0]"
38,1899,1575.3039219088498,1380.3269219088497,1949.7700000000002,"[0.0, 0.0, 2.0, 0.0, 0.0, 4.0, 0.0, 0.0, 2.0, 0.0, 4.0, 0.0, 4.0, 0.0, 0.0]"
38,1900,1427.6517081932689,1348.754708193269,788.9700000000001,"[0.0, 0.0, 2.0, 0.0, 0.0, 0.0, 0.0, 0.0, 0.0, 0.0, 0.0, 2.0, 4.0, 0.0, 0.0]"
39,1901,1422.4119704333737,1367.6419704333737,547.7,"[0.0, 0.0, 2.0, 0.0, 0.0, 0.0, 0.0, 0.0, 0.0, 0.0, 0.0, 0.0, 4.0, 0.0, 0.0]"
39,1902,1421.327837181045,1366.557837181045,547.7,"[0.0, 0.0, 2.0, 0.0, 0.0, 0.0, 0.0, 0.0, 0.0, 0.0, 0.0, 0.0, 4.0, 0.0, 0.0]"
39,1903,1466.9703930509436,1309.4013930509436,1575.6900000000003,"[0.0, 0.0, 2.0, 0.0, 0.0, 0.0, 0.0, 0.0, 0.0, 2.0, 0.0, 4.0, 4.0, 4.0, 0.0]"
39,1904,1422.549601466151,1367.779601466151,547.7,"[0.0, 0.0, 2.0, 0.0, 0.0, 0.0, 0.0, 0.0, 0.0, 0.0, 0.0, 0.0, 4.0, 0.0, 0.0]"
39,1905,1501.2461937300013,1445.3531937300013,558.9300000000001,"[0.0, 0.0, 2.0, 2.0, 0.0, 0.0, 0.0, 0.0, 0.0, 4.0, 0.0, 0.0, 0.0, 0.0, 2.0]"
39,1906,1464.256262454435,1405.383262454435,588.73,"[0.0, 0.0, 0.0, 0.0, 0.0, 0.0, 0.0, 0.0, 0.0, 2.0, 0.0, 2.0, 4.0, 0.0, 0.0]"
39,1907,1557.1047026687727,1437.7437026687726,1193.6100000000001,"[0.0, 0.0, 2.0, 0.0, 2.0, 0.0, 0.0, 4.0, 0.0, 0.0, 0.0, 0.0, 0.0, 0.0, 0.0]"
39,1908,1459.7229629442138,1360.8579629442138,988.6500000000001,"[0.0, 0.0, 2.0, 0.0, 0.0, 0.0, 0.0, 0.0, 4.0, 2.0, 0.0, 0.0, 4.0, 0.0, 0.0]"
39,1909,1422.471812474686,1367.701812474686,547.7,"[0.0, 0.0, 2.0, 0.0, 0.0, 0.0, 0.0, 0.0, 0.0, 0.0, 0.0, 0.0, 4.0, 0.0, 0.0]"
39,1910,1446.299127265364,1323.1591272653638,1231.4,"[0.0, 0.0, 4.0, 0.0, 0.0, 0.0, 0.0, 0.0, 0.0, 0.0, 0.0, 4.0, 4.0, 0.0, 0.0]"
39,1911,1446.4392999898755,1343.2812999898754,1031.5800000000002,"[0.0, 0.0, 2.0, 0.0, 0.0, 0.0, 0.0, 0.0, 0.0, 0.0, 0.0, 4.0, 4.0, 0.0, 0.0]"
39,1912,1593.0369965580078,1405.3529965580078,1876.8400000000001,"[0.0, 0.0, 2.0, 0.0, 4.0, 0.0, 0.0, 0.0, 0.0, 0.0, 0.0, 0.0, 0.0, 4.0, 4.0]"
39,1913,1422.8707573763188,1368.1007573763188,547.7,"[0.0, 0.0, 2.0, 0.0, 0.0, 0.0, 0.0, 0.0, 0.0, 0.0, 0.0, 0.0, 4.0, 0.0, 0.0]"
39,1914,1574.844990687128,1328.589990687128,2462.55,"[0.0, 0.0, 2.0, 0.0, 0.0, 0.0, 4.0, 0.0, 4.0, 0.0, 4.0, 0.0, 4.0, 2.0, 2.0]"
39,1915,1459.07194496416,1312.96294496416,1461.0900000000001,"[0.0, 0.0, 4.0, 0.0, 0.0, 0.0, 4.0, 0.0, 0.0, 0.0, 0.0, 2.0, 4.0, 0.0, 0.0]"
39,1916,1440.7476089580043,1356.1416089580043,846.0600000000001,"[2.0, 0.0, 2.0, 0.0, 0.0, 0.0, 0.0, 0.0, 0.0, 0.0, 0.0, 0.0, 4.0, 0.0, 0.0]"
39,1917,1489.424485967683,1344.750485967683,1446.7400000000002,"[0.0, 4.0, 2.0, 0.0, 0.0, 0.0, 0.0, 0.0, 2.0, 4.0, 0.0, 0.0, 4.0, 0.0, 0.0]"
39,1918,1500.0526578920726,1429.7266578920726,703.2600000000001,"[0.0, 0.0, 4.0, 0.0, 0.0, 0.0, 0.0, 2.0, 0.0, 0.0, 0.0, 0.0, 0.0, 0.0, 0.0]"
39,1919,1427.0102007046532,1352.2582007046533,747.5200000000001,"[0.0, 0.0, 4.0, 0.0, 0.0, 0.0, 0.0, 0.0, 0.0, 0.0, 0.0, 0.0, 4.0, 0.0, 0.0]"
39,1920,1482.2767535184173,1351.0837535184173,1311.9300000000003,"[0.0, 0.0, 2.0, 0.0, 0.0, 0.0, 0.0, 0.0, 0.0, 0.0, 2.0, 4.0, 4.0, 0.0, 0.0]"
39,1921,1426.1017769475325,1347.2047769475325,788.9700000000001,"[0.0, 0.0, 2.0, 0.0, 0.0, 0.0, 0.0, 0.0, 0.0, 0.0, 0.0, 2.0, 4.0, 0.0, 0.0]"
39,1922,1609.9467844574483,1457.8347844574482,1521.1200000000001,"[0.0, 0.0, 4.0, 2.0, 0.0, 0.0, 0.0, 4.0, 0.0, 2.0, 0.0, 0.0, 0.0, 0.0, 4.0]"
39,1923,1485.315316695353,1361.036316695353,1242.7900000000002,"[0.0, 0.0, 2.0, 0.0, 2.0, 0.0, 0.0, 2.0, 0.0, 0.0, 0.0, 0.0, 4.0, 0.0, 0.0]"
39,1924,1491.9372949276096,1343.5312949276097,1484.0600000000002,"[0.0, 0.0, 2.0, 0.0, 2.0, 0.0, 0.0, 2.0, 0.0, 0.0, 0.0, 2.0, 4.0, 0.0, 0.0]"
39,1925,1513.5093709981168,1369.9133709981168,1435.96,"[4.0, 0.0, 2.0, 0.0, 0.0, 0.0, 0.0, 2.0, 0.0, 0.0, 0.0, 0.0, 4.0, 0.0, 0.0]"
39,1926,1541.3268069820183,1400.1978069820184,1411.2900000000002,"[0.0, 0.0, 0.0, 0.0, 0.0, 0.0, 0.0, 0.0, 2.0, 0.0, 4.0, 0.0, 4.0, 2.0, 0.0]"
39,1927,1465.6168602673147,1407.4548602673146,581.6200000000001,"[0.0, 0.0, 0.0, 0.0, 0.0, 0.0, 2.0, 0.0, 0.0, 0.0, 0.0, 0.0, 4.0, 0.0, 0.0]"
39,1928,1456.666548370765,1402.418548370765,542.48,"[0.0, 0.0, 2.0, 0.0, 0.0, 0.0, 0.0, 0.0, 0.0, 4.0, 0.0, 0.0, 2.0, 0.0, 2.0]"
39,1929,1468.5881909736988,1315.6121909736987,1529.7600000000002,"[2.0, 0.0, 4.0, 0.0, 0.0, 0.0, 0.0, 0.0, 0.0, 0.0, 0.0, 4.0, 4.0, 0.0, 0.0]"
39,1930,1490.3989488923985,1337.9339488923986,1524.65,"[4.0, 0.0, 2.0, 0.0, 2.0, 0.0, 0.0, 0.0, 0.0, 0.0, 0.0, 0.0, 4.0, 0.0, 0.0]"
39,1931,1419.994053785869,1365.224053785869,547.7,"[0.0, 0.0, 2.0, 0.0, 0.0, 0.0, 0.0, 0.0, 0.0, 2.0, 0.0, 0.0, 4.0, 0.0, 0.0]"
39,1932,1554.287651370945,1417.887651370945,1364.0,"[4.0, 0.0, 2.0, 0.0, 0.0, 0.0, 0.0, 2.0, 0.0, 0.0, 0.0, 0.0, 0.0, 2.0, 0.0]"
39,1933,1439.4728744583485,1342.4498744583486,970.2300000000001,"[0.0, 0.0, 4.0, 0.0, 0.0, 0.0, 0.0, 0.0, 2.0, 0.0, 0.0, 0.0, 4.0, 0.0, 0.0]"
39,1934,1455.9974273912692,1316.809427391269,1391.88,"[0.0, 0.0, 4.0, 0.0, 0.0, 0.0, 0.0, 0.0, 0.0, 0.0, 0.0, 4.0, 4.0, 0.0, 2.0]"
39,1935,1477.7866332894605,1349.0856332894605,1287.0100000000002,"[2.0, 0.0, 2.0, 0.0, 0.0, 0.0, 0.0, 0.0, 4.0, 4.0, 0.0, 0.0, 4.0, 0.0, 0.0]"
39,1936,1447.7001096328695,1344.5421096328696,1031.5800000000002,"[0.0, 0.0, 2.0, 0.0, 0.0, 0.0, 0.0, 0.0, 0.0, 2.0, 0.0, 4.0, 4.0, 0.0, 0.0]"
39,1937,1453.4190593977198,1418.6730593977197,347.46000000000004,"[0.0, 0.0, 0.0, 0.0, 0.0, 0.0, 0.0, 0.0, 0.0, 0.0, 0.0, 0.0, 4.0, 0.0, 0.0]"
39,1938,1505.4089905047274,1328.5329905047274,1768.7600000000002,"[0.0, 0.0, 4.0, 0.0, 0.0, 0.0, 2.0, 2.0, 0.0, 0.0, 0.0, 4.0, 4.0, 0.0, 0.0]"
39,1939,1424.6411689952618,1349.8891689952618,747.5200000000001,"[0.0, 0.0, 4.0, 0.0, 0.0, 0.0, 0.0, 0.0, 0.0, 0.0, 0.0, 0.0, 4.0, 0.0, 0.0]"
39,1940,1440.566758904165,1355.960758904165,846.0600000000001,"[2.0, 0.0, 2.0, 0.0, 0.0, 0.0, 0.0, 0.0, 0.0, 2.0, 0.0, 0.0, 4.0, 0.0, 0.0]"
39,1941,1643.8518787461526,1515.3318787461526,1285.2,"[0.0, 0.0, 0.0, 2.0, 0.0, 4.0, 0.0, 0.0, 0.0, 0.0, 0.0, 4.0, 0.0, 0.0, 0.0]"
39,1942,1495.5467580341412,1379.6027580341413,1159.4400000000003,"[0.0, 0.0, 4.0, 0.0, 0.0, 0.0, 0.0, 0.0, 0.0, 2.0, 0.0, 4.0, 0.0, 2.0, 0.0]"
39,1943,1482.791913342782,1316.4019133427819,1663.9,"[0.0, 0.0, 4.0, 0.0, 0.0, 0.0, 2.0, 0.0, 4.0, 0.0, 0.0, 2.0, 4.0, 0.0, 0.0]"
39,1944,1496.1236271817925,1357.2416271817924,1388.8200000000002,"[0.0, 0.0, 2.0, 0.0, 0.0, 0.0, 0.0, 0.0, 0.0, 0.0, 4.0, 0.0, 4.0, 2.0, 0.0]"
39,1945,1469.271235699099,1342.7362356990989,1265.3500000000001,"[0.0, 0.0, 2.0, 0.0, 2.0, 0.0, 0.0, 0.0, 0.0, 0.0, 0.0, 0.0, 4.0, 0.0, 4.0]"
39,1946,1527.9940557366428,1285.9790557366427,2420.15,"[0.0, 0.0, 4.0, 0.0, 0.0, 0.0, 4.0, 0.0, 4.0, 0.0, 0.0, 4.0, 4.0, 2.0, 0.0]"
39,1947,1459.4477351529754,1348.8397351529754,1106.0800000000002,"[0.0, 2.0, 2.0, 0.0, 0.0, 0.0, 0.0, 0.0, 2.0, 0.0, 0.0, 0.0, 4.0, 0.0, 0.0]"
39,1948,1556.2709332671943,1352.4559332671943,2038.15,"[0.0, 0.0, 2.0, 0.0, 0.0, 0.0, 0.0, 0.0, 4.0, 0.0, 4.0, 4.0, 4.0, 0.0, 0.0]"
39,1949,1549.161335276968,1368.3203352769679,1808.4100000000003,"[0.0, 0.0, 2.0, 0.0, 2.0, 0.0, 0.0, 2.0, 0.0, 4.0, 4.0, 0.0, 4.0, 0.0, 0.0]"
39,1950,1435.9633671634538,1357.7773671634538,781.8600000000001,"[0.0, 0.0, 2.0, 0.0, 0.0, 0.0, 2.0, 0.0, 0.0, 0.0, 0.0, 0.0, 4.0, 0.0, 0.0]"
40,1951,1423.9297002835156,1369.1597002835156,547.7,"[0.0, 0.0, 2.0, 0.0, 0.0, 0.0, 0.0, 0.0, 0.0, 2.0, 0.0, 0.0, 4.0, 0.0, 0.0]"
40,1952,1423.8011152062536,1369.0311152062536,547.7,"[0.0, 0.0, 2.0, 0.0, 0.0, 0.0, 0.0, 0.0, 0.0, 0.0, 0.0, 0.0, 4.0, 0.0, 0.0]"
40,1953,1569.0303761742791,1346.5103761742791,2225.2000000000003,"[0.0, 0.0, 4.0, 4.0, 4.0, 0.0, 0.0, 0.0, 0.0, 4.0, 0.0, 0.0, 4.0, 0.0, 4.0]"
40,1954,1443.2033503968896,1349.2443503968896,939.59,"[0.0, 0.0, 2.0, 0.0, 2.0, 0.0, 0.0, 0.0, 0.0, 0.0, 0.0, 0.0, 4.0, 0.0, 0.0]"
40,1955,1430.873973878708,1348.5539738787081,823.2,"[0.0, 0.0, 2.0, 0.0, 0.0, 0.0, 0.0, 0.0, 0.0, 0.0, 0.0, 0.0, 4.0, 2.0, 0.0]"
40,1956,1584.6084108119053,1373.9394108119052,2106.69,"[0.0, 0.0, 2.0, 0.0, 2.0, 0.0, 0.0, 4.0, 0.0, 0.0, 4.0, 0.0, 4.0, 0.0, 0.0]"
40,1957,1475.7307005466696,1305.3607005466695,1703.7,"[0.0, 0.0, 4.0, 0.0, 0.0, 0.0, 4.0, 0.0, 0.0, 0.0, 0.0, 4.0, 4.0, 0.0, 0.0]"
40,1958,1489.2975561405285,1340.8915561405286,1484.0600000000002,"[0.0, 0.0, 2.0, 0.0, 2.0, 0.0, 0.0, 2.0, 0.0, 0.0, 0.0, 2.0, 4.0, 0.0, 0.0]"
40,1959,1531.359163309105,1348.574163309105,1827.8500000000001,"[4.0, 0.0, 2.0, 0.0, 2.0, 0.0, 0.0, 2.0, 0.0, 0.0, 0.0, 0.0, 4.0, 0.0, 0.0]"
40,1960,1458.9636569808647,1362.1436569808648,968.2,"[0.0, 0.0, 2.0, 2.0, 0.0, 0.0, 2.0, 0.0, 0.0, 0.0, 0.0, 0.0, 4.0, 0.0, 0.0]"
40,1961,1458.530145790305,1342.300145790305,1162.3,"[0.0, 0.0, 2.0, 0.0, 2.0, 0.0, 0.0, 0.0, 2.0, 0.0, 0.0, 0.0, 4.0, 0.0, 0.0]"
40,1962,1469.8094795990685,1384.7194795990686,850.9000000000001,"[0.0, 0.0, 2.0, 0.0, 0.0, 0.0, 0.0, 2.0, 0.0, 4.0, 0.0, 0.0, 4.0, 0.0, 0.0]"
40,1963,1514.5315005162674,1315.4465005162674,1990.8500000000001,"[0.0, 4.0, 2.0, 0.0, 0.0, 0.0, 0.0, 0.0, 2.0, 4.0, 0.0, 0.0, 4.0, 4.0, 0.0]"
40,1964,1422.2931272403248,1367.5231272403248,547.7,"[0.0, 0.0, 2.0, 0.0, 0.0, 0.0, 0.0, 0.0, 0.0, 2.0, 0.0, 0.0, 4.0, 0.0, 0.0]"
40,1965,1421.2197883801464,1366.4497883801464,547.7,"[0.0, 0.0, 2.0, 0.0, 0.0, 0.0, 0.0, 0.0, 0.0, 2.0, 0.0, 0.0, 4.0, 0.0, 0.0]"
40,1966,1565.2269683166314,1372.6469683166313,1925.8000000000002,"[0.0, 2.0, 2.0, 0.0, 0.0, 0.0, 0.0, 4.0, 4.0, 2.0, 0.0, 0.0, 4.0, 0.0, 0.0]"
40,1967,1525.6510518376026,1371.1440518376025,1545.0700000000002,"[0.0, 0.0, 2.0, 0.0, 0.0, 0.0, 0.0, 4.0, 0.0, 0.0, 0.0, 2.0, 4.0, 0.0, 2.0]"
40,1968,1486.5552697175256,1412.5682697175255,739.8700000000001,"[2.0, 0.0, 2.0, 0.0, 0.0, 0.0, 0.0, 0.0, 0.0, 0.0, 0.0, 2.0, 0.0, 0.0, 0.0]"
40,1969,1566.1168132175183,1398.0248132175182,1680.92,"[0.0, 0.0, 2.0, 0.0, 0.0, 0.0, 0.0, 0.0, 4.0, 2.0, 2.0, 4.0, 0.0, 2.0, 0.0]"
40,1970,1444.4555677952374,1321.3155677952373,1231.4,"[0.0, 0.0, 4.0, 0.0, 0.0, 0.0, 0.0, 0.0, 0.0, 2.0, 0.0, 4.0, 4.0, 0.0, 0.0]"
40,1971,1480.118492811728,1337.867492811728,1422.5100000000002,"[0.0, 0.0, 4.0, 0.0, 0.0, 0.0, 2.0, 0.0, 0.0, 0.0, 2.0, 0.0, 4.0, 0.0, 2.0]"
40,1972,1482.0771507542777,1398.9431507542777,831.34,"[0.0, 0.0, 0.0, 0.0, 0.0, 0.0, 0.0, 0.0, 0.0, 0.0, 0.0, 4.0, 4.0, 0.0, 0.0]"
40,1973,1467.1985807059111,1328.181580705911,1390.17,"[2.0, 0.0, 2.0, 0.0, 0.0, 0.0, 0.0, 0.0, 0.0, 0.0, 0.0, 0.0, 4.0, 4.0, 0.0]"
40,1974,1434.7393685681307,1356.5533685681307,781.8600000000001,"[0.0, 0.0, 2.0, 0.0, 0.0, 0.0, 2.0, 0.0, 0.0, 0.0, 0.0, 0.0, 4.0, 0.0, 0.0]"
40,1975,1427.5279410502014,1348.6309410502015,788.9700000000001,"[0.0, 0.0, 2.0, 0.0, 0.0, 0.0, 0.0, 0.0, 0.0, 2.0, 0.0, 2.0, 4.0, 0.0, 0.0]"
40,1976,1453.2470125351858,1418.5010125351857,347.46000000000004,"[0.0, 0.0, 0.0, 0.0, 0.0, 0.0, 0.0, 0.0, 0.0, 0.0, 0.0, 0.0, 4.0, 0.0, 0.0]"
40,1977,1483.885067549508,1375.674067549508,1082.1100000000001,"[2.0, 0.0, 2.0, 0.0, 0.0, 0.0, 0.0, 0.0, 0.0, 0.0, 0.0, 2.0, 2.0, 0.0, 2.0]"
40,1978,1497.1239814102303,1432.3989814102304,647.25,"[0.0, 0.0, 0.0, 0.0, 0.0, 0.0, 4.0, 0.0, 0.0, 0.0, 0.0, 0.0, 2.0, 0.0, 0.0]"
40,1979,1457.3777506581878,1437.353750658188,200.24,"[0.0, 0.0, 2.0, 0.0, 0.0, 0.0, 0.0, 0.0, 0.0, 2.0, 0.0, 0.0, 0.0, 0.0, 0.0]"
40,1980,1520.620285506014,1368.900285506014,1517.2,"[0.0, 0.0, 2.0, 2.0, 4.0, 0.0, 0.0, 0.0, 0.0, 0.0, 0.0, 0.0, 4.0, 0.0, 0.0]"
40,1981,1484.8851293784167,1326.8491293784166,1580.3600000000001,"[0.0, 0.0, 4.0, 0.0, 2.0, 0.0, 0.0, 0.0, 4.0, 0.0, 0.0, 0.0, 4.0, 0.0, 0.0]"
40,1982,1433.2373324153573,1355.0513324153574,781.8600000000001,"[0.0, 0.0, 2.0, 0.0, 0.0, 0.0, 2.0, 0.0, 0.0, 2.0, 0.0, 0.0, 4.0, 0.0, 0.0]"
40,1983,1441.9160700631785,1357.3100700631785,846.0600000000001,"[2.0, 0.0, 2.0, 0.0, 0.0, 0.0, 0.0, 0.0, 0.0, 4.0, 0.0, 0.0, 4.0, 0.0, 0.0]"
40,1984,1587.62685057704,1415.49185057704,1721.3500000000001,"[0.0, 0.0, 2.0, 0.0, 2.0, 0.0, 0.0, 2.0, 0.0, 0.0, 0.0, 4.0, 0.0, 0.0, 4.0]"
40,1985,1446.4908892421083,1337.3098892421083,1091.8100000000002,"[0.0, 0.0, 2.0, 0.0, 0.0, 0.0, 0.0, 0.0, 0.0, 2.0, 0.0, 0.0, 4.0, 4.0, 0.0]"
40,1986,1421.0192608343457,1366.2492608343457,547.7,"[0.0, 0.0, 2.0, 0.0, 0.0, 0.0, 0.0, 0.0, 0.0, 0.0, 0.0, 0.0, 4.0, 0.0, 0.0]"
40,1987,1447.99516274879,1359.6581627487901,883.3700000000001,"[0.0, 2.0, 2.0, 0.0, 0.0, 0.0, 0.0, 0.0, 0.0, 2.0, 0.0, 0.0, 4.0, 0.0, 0.0]"
40,1988,1507.5966817316648,1358.4626817316648,1491.3400000000001,"[0.0, 0.0, 2.0, 0.0, 4.0, 0.0, 0.0, 0.0, 0.0, 0.0, 0.0, 0.0, 4.0, 0.0, 2.0]"
40,1989,1466.8674996152756,1361.7914996152756,1050.76,"[0.0, 0.0, 2.0, 0.0, 0.0, 0.0, 0.0, 0.0, 2.0, 0.0, 2.0, 0.0, 4.0, 0.0, 0.0]"
40,1990,1422.6830839796683,1367.9130839796683,547.7,"[0.0, 0.0, 2.0, 0.0, 0.0, 0.0, 0.0, 0.0, 0.0, 0.0, 0.0, 0.0, 4.0, 0.0, 0.0]"
40,1991,1530.4991507623154,1368.9861507623154,1615.13,"[0.0, 0.0, 2.0, 0.0, 0.0, 0.0, 0.0, 2.0, 0.0, 0.0, 2.0, 4.0, 4.0, 0.0, 0.0]"
40,1992,1472.0443046330797,1345.5093046330796,1265.3500000000001,"[0.0, 0.0, 2.0, 0.0, 2.0, 0.0, 0.0, 0.0, 0.0, 0.0, 0.0, 0.0, 4.0, 0.0, 4.0]"
40,1993,1422.7998602673147,1368.0298602673147,547.7,"[0.0, 0.0, 2.0, 0.0, 0.0, 0.0, 0.0, 0.0, 0.0, 0.0, 0.0, 0.0, 4.0, 0.0, 0.0]"
40,1994,1424.0805103280682,1369.3105103280682,547.7,"[0.0, 0.0, 2.0, 0.0, 0.0, 0.0, 0.0, 0.0, 0.0, 0.0, 0.0, 0.0, 4.0, 0.0, 0.0]"
40,1995,1508.5721537091026,1330.1491537091026,1784.23,"[0.0, 0.0, 2.0, 0.0, 0.0, 0.0, 4.0, 0.0, 0.0, 0.0, 2.0, 4.0, 4.0, 0.0, 0.0]"
40,1996,1506.9314809152577,1385.0504809152576,1218.8100000000002,"[0.0, 4.0, 2.0, 0.0, 0.0, 0.0, 0.0, 0.0, 0.0, 4.0, 0.0, 0.0, 2.0, 0.0, 2.0]"
40,1997,1476.3008804446874,1407.9878804446873,683.1300000000001,"[0.0, 2.0, 0.0, 0.0, 0.0, 0.0, 0.0, 0.0, 0.0, 0.0, 0.0, 0.0, 4.0, 0.0, 0.0]"
40,1998,1581.196457439054,1436.416457439054,1447.8000000000002,"[2.0, 2.0, 2.0, 0.0, 0.0, 2.0, 0.0, 2.0, 0.0, 0.0, 0.0, 0.0, 0.0, 0.0, 0.0]"
40,1999,1544.6136364777583,1380.5856364777583,1640.28,"[0.0, 0.0, 0.0, 0.0, 4.0, 0.0, 2.0, 0.0, 0.0, 0.0, 0.0, 0.0, 4.0, 2.0, 0.0]"
40,2000,1479.380649250709,1411.813649250709,675.6700000000001,"[0.0, 0.0, 2.0, 0.0, 0.0, 0.0, 2.0, 0.0, 0.0, 0.0, 0.0, 2.0, 0.0, 0.0, 0.0]"
41,2001,1421.2810872602822,1366.5110872602822,547.7,"[0.0, 0.0, 2.0, 0.0, 0.0, 0.0, 0.0, 0.0, 0.0, 0.0, 0.0, 0.0, 4.0, 0.0, 0.0]"
41,2002,1422.76590927501,1367.99590927501,547.7,"[0.0, 0.0, 2.0, 0.0, 0.0, 0.0, 0.0, 0.0, 0.0, 2.0, 0.0, 0.0, 4.0, 0.0, 0.0]"
41,2003,1446.6489115592542,1358.3119115592542,883.3700000000001,"[0.0, 2.0, 2.0, 0.0, 0.0, 0.0, 0.0, 0.0, 0.0, 0.0, 0.0, 0.0, 4.0, 0.0, 0.0]"
41,2004,1471.6735970436366,1351.0395970436366,1206.3400000000001,"[0.0, 0.0, 2.0, 2.0, 0.0, 0.0, 4.0, 0.0, 0.0, 2.0, 0.0, 0.0, 4.0, 0.0, 0.0]"
41,2005,1427.0160376632582,1352.2640376632583,747.5200000000001,"[0.0, 0.0, 4.0, 0.0, 0.0, 0.0, 0.0, 0.0, 0.0, 0.0, 0.0, 0.0, 4.0, 0.0, 0.0]"
41,2006,1487.8040992143842,1322.2000992143842,1656.0400000000002,"[0.0, 0.0, 2.0, 0.0, 2.0, 0.0, 0.0, 0.0, 4.0, 0.0, 0.0, 0.0, 4.0, 2.0, 0.0]"
41,2007,1422.3732625205048,1367.6032625205048,547.7,"[0.0, 0.0, 2.0, 0.0, 0.0, 0.0, 0.0, 0.0, 0.0, 0.0, 0.0, 0.0, 4.0, 0.0, 0.0]"
41,2008,1422.628799108951,1367.858799108951,547.7,"[0.0, 0.0, 2.0, 0.0, 0.0, 0.0, 0.0, 0.0, 0.0, 0.0, 0.0, 0.0, 4.0, 0.0, 0.0]"
41,2009,1595.9840701299754,1322.0940701299753,2738.9,"[0.0, 4.0, 4.0, 0.0, 0.0, 0.0, 4.0, 4.0, 0.0, 4.0, 0.0, 2.0, 4.0, 0.0, 0.0]"
41,2010,1422.4184174075049,1367.648417407505,547.7,"[0.0, 0.0, 2.0, 0.0, 0.0, 0.0, 0.0, 0.0, 0.0, 0.0, 0.0, 0.0, 4.0, 0.0, 0.0]"
41,2011,1619.9310606526847,1355.0240606526845,2649.07,"[4.0, 2.0, 0.0, 2.0, 2.0, 0.0, 0.0, 2.0, 2.0, 0.0, 0.0, 0.0, 4.0, 2.0, 0.0]"
41,2012,1478.3643687205133,1370.1703687205134,1081.9400000000003,"[0.0, 0.0, 2.0, 4.0, 0.0, 0.0, 0.0, 0.0, 0.0, 0.0, 0.0, 0.0, 4.0, 0.0, 2.0]"
41,2013,1517.895244998785,1358.175244998785,1597.2,"[0.0, 0.0, 2.0, 0.0, 0.0, 0.0, 0.0, 0.0, 0.0, 0.0, 4.0, 4.0, 4.0, 0.0, 0.0]"
41,2014,1432.2529742426696,1349.9329742426696,823.2,"[0.0, 0.0, 2.0, 0.0, 0.0, 0.0, 0.0, 0.0, 0.0, 0.0, 0.0, 0.0, 4.0, 2.0, 0.0]"
41,2015,1541.4793012755617,1313.9583012755618,2275.2100000000005,"[0.0, 0.0, 2.0, 4.0, 0.0, 0.0, 0.0, 0.0, 0.0, 0.0, 0.0, 4.0, 4.0, 4.0, 4.0]"
41,2016,1468.5616439953835,1363.4856439953835,1050.76,"[0.0, 0.0, 2.0, 0.0, 0.0, 0.0, 0.0, 0.0, 2.0, 0.0, 2.0, 0.0, 4.0, 0.0, 0.0]"
41,2017,1573.694218813906,1377.2372188139059,1964.5700000000002,"[0.0, 0.0, 2.0, 0.0, 0.0, 0.0, 0.0, 4.0, 2.0, 0.0, 2.0, 0.0, 4.0, 0.0, 4.0]"
41,2018,1444.0607164179103,1370.6567164179103,734.0400000000001,"[0.0, 0.0, 2.0, 2.0, 0.0, 0.0, 0.0, 0.0, 0.0, 2.0, 0.0, 0.0, 4.0, 0.0, 0.0]"
41,2019,1480.5469248759746,1351.8459248759746,1287.0100000000002,"[2.0, 0.0, 2.0, 0.0, 0.0, 0.0, 0.0, 0.0, 4.0, 0.0, 0.0, 0.0, 4.0, 0.0, 0.0]"
41,2020,1480.363709425939,1342.309709425939,1380.5400000000002,"[0.0, 0.0, 2.0, 0.0, 2.0, 0.0, 0.0, 0.0, 4.0, 0.0, 0.0, 0.0, 4.0, 0.0, 0.0]"
41,2021,1455.6312158101487,1321.4972158101486,1341.3400000000001,"[0.0, 0.0, 2.0, 0.0, 2.0, 0.0, 0.0, 0.0, 0.0, 0.0, 0.0, 2.0, 4.0, 0.0, 2.0]"
41,2022,1504.9820823496061,1388.859082349606,1161.2300000000002,"[0.0, 0.0, 2.0, 0.0, 0.0, 2.0, 0.0, 2.0, 0.0, 2.0, 0.0, 0.0, 4.0, 0.0, 0.0]"
41,2023,1497.0566219018308,1365.7826219018307,1312.7400000000002,"[0.0, 0.0, 2.0, 2.0, 0.0, 0.0, 0.0, 2.0, 0.0, 0.0, 0.0, 0.0, 4.0, 2.0, 0.0]"
41,2024,1437.8574622673982,1331.4104622673983,1064.47,"[0.0, 0.0, 2.0, 0.0, 0.0, 0.0, 0.0, 0.0, 0.0, 2.0, 0.0, 2.0, 4.0, 2.0, 0.0]"
41,2025,1423.786930274003,1369.016930274003,547.7,"[0.0, 0.0, 2.0, 0.0, 0.0, 0.0, 0.0, 0.0, 0.0, 0.0, 0.0, 0.0, 4.0, 0.0, 0.0]"
41,2026,1436.0895498045886,1357.9035498045887,781.8600000000001,"[0.0, 0.0, 2.0, 0.0, 0.0, 0.0, 2.0, 0.0, 0.0, 2.0, 0.0, 0.0, 4.0, 0.0, 0.0]"
41,2027,1524.2220140115007,1352.8410140115006,1713.8100000000004,"[0.0, 0.0, 2.0, 0.0, 2.0, 4.0, 0.0, 0.0, 0.0, 0.0, 0.0, 0.0, 4.0, 0.0, 2.0]"
41,2028,1550.3978647986557,1318.7458647986557,2316.52,"[2.0, 4.0, 4.0, 0.0, 0.0, 0.0, 0.0, 0.0, 2.0, 0.0, 0.0, 0.0, 2.0, 4.0, 0.0]"
41,2029,1486.727550200478,1418.315550200478,684.1200000000001,"[0.0, 0.0, 2.0, 0.0, 0.0, 0.0, 0.0, 0.0, 0.0, 2.0, 0.0, 4.0, 0.0, 0.0, 0.0]"
41,2030,1513.5638612967239,1362.724861296724,1508.3900000000003,"[0.0, 4.0, 2.0, 0.0, 0.0, 0.0, 2.0, 0.0, 2.0, 2.0, 0.0, 0.0, 2.0, 0.0, 0.0]"
41,2031,1421.19449525121,1366.42449525121,547.7,"[0.0, 0.0, 2.0, 0.0, 0.0, 0.0, 0.0, 0.0, 0.0, 4.0, 0.0, 0.0, 4.0, 0.0, 0.0]"
41,2032,1480.3775147710935,1371.8715147710934,1085.0600000000002,"[0.0, 0.0, 2.0, 0.0, 0.0, 0.0, 2.0, 2.0, 0.0, 2.0, 0.0, 0.0, 4.0, 0.0, 0.0]"
41,2033,1491.8541207954474,1427.7351207954475,641.19,"[0.0, 0.0, 2.0, 0.0, 0.0, 0.0, 0.0, 0.0, 4.0, 0.0, 0.0, 0.0, 0.0, 0.0, 0.0]"
41,2034,1525.9941364032159,1449.4081364032158,765.8600000000001,"[0.0, 0.0, 2.0, 0.0, 0.0, 0.0, 0.0, 0.0, 0.0, 2.0, 4.0, 0.0, 0.0, 0.0, 0.0]"
41,2035,1422.4137221547185,1367.6437221547185,547.7,"[0.0, 0.0, 2.0, 0.0, 0.0, 0.0, 0.0, 0.0, 0.0, 0.0, 0.0, 0.0, 4.0, 0.0, 0.0]"
41,2036,1448.8852442743455,1361.5392442743455,873.46,"[0.0, 0.0, 2.0, 0.0, 0.0, 0.0, 0.0, 0.0, 0.0, 2.0, 0.0, 0.0, 4.0, 0.0, 4.0]"
41,2037,1554.0802421683575,1409.9272421683575,1441.5300000000002,"[0.0, 0.0, 0.0, 0.0, 0.0, 0.0, 4.0, 2.0, 0.0, 0.0, 0.0, 0.0, 4.0, 0.0, 4.0]"
41,2038,1467.1391371727113,1328.1221371727113,1390.17,"[2.0, 0.0, 2.0, 0.0, 0.0, 0.0, 0.0, 0.0, 0.0, 2.0, 0.0, 0.0, 4.0, 4.0, 0.0]"
41,2039,1421.011312272175,1366.241312272175,547.7,"[0.0, 0.0, 2.0, 0.0, 0.0, 0.0, 0.0, 0.0, 0.0, 0.0, 0.0, 0.0, 4.0, 0.0, 0.0]"
41,2040,1531.2522535185599,1385.1012535185598,1461.5100000000002,"[0.0, 0.0, 2.0, 0.0, 0.0, 0.0, 0.0, 4.0, 0.0, 2.0, 0.0, 0.0, 4.0, 0.0, 4.0]"
41,2041,1511.046848571371,1371.9658485713708,1390.8100000000002,"[0.0, 0.0, 2.0, 0.0, 0.0, 4.0, 2.0, 0.0, 0.0, 4.0, 0.0, 0.0, 4.0, 0.0, 0.0]"
41,2042,1469.5722497975055,1356.2962497975054,1132.76,"[4.0, 0.0, 2.0, 0.0, 0.0, 0.0, 0.0, 0.0, 0.0, 0.0, 0.0, 0.0, 4.0, 0.0, 0.0]"
41,2043,1478.6171567404467,1389.4601567404468,891.5700000000002,"[0.0, 0.0, 0.0, 0.0, 0.0, 0.0, 0.0, 0.0, 0.0, 2.0, 0.0, 0.0, 4.0, 4.0, 0.0]"
41,2044,1479.9905516948122,1337.7395516948122,1422.5100000000002,"[0.0, 0.0, 4.0, 0.0, 0.0, 0.0, 2.0, 0.0, 0.0, 0.0, 2.0, 0.0, 4.0, 0.0, 2.0]"
41,2045,1454.707595658513,1342.551595658513,1121.5600000000002,"[2.0, 0.0, 2.0, 0.0, 0.0, 0.0, 0.0, 0.0, 0.0, 2.0, 0.0, 0.0, 4.0, 2.0, 0.0]"
41,2046,1474.2670757750643,1361.6260757750642,1126.41,"[2.0, 0.0, 2.0, 0.0, 0.0, 0.0, 0.0, 0.0, 0.0, 4.0, 2.0, 0.0, 4.0, 0.0, 0.0]"
41,2047,1567.0111954805009,1398.1111954805008,1689.0,"[0.0, 2.0, 0.0, 0.0, 4.0, 0.0, 0.0, 0.0, 2.0, 0.0, 0.0, 0.0, 4.0, 0.0, 0.0]"
41,2048,1478.0139294696557,1409.7009294696556,683.1300000000001,"[0.0, 2.0, 0.0, 0.0, 0.0, 0.0, 0.0, 0.0, 0.0, 0.0, 0.0, 0.0, 4.0, 0.0, 0.0]"
41,2049,1460.283186692585,1374.480186692585,858.0300000000002,"[0.0, 0.0, 2.0, 0.0, 0.0, 2.0, 0.0, 0.0, 0.0, 0.0, 0.0, 0.0, 4.0, 0.0, 0.0]"
41,2050,1464.8322400583138,1331.8382400583137,1329.9400000000003,"[2.0, 0.0, 2.0, 0.0, 0.0, 0.0, 0.0, 0.0, 0.0, 0.0, 0.0, 4.0, 4.0, 0.0, 0.0]"
42,2051,1423.8450435416582,1369.0750435416583,547.7,"[0.0, 0.0, 2.0, 0.0, 0.0, 0.0, 0.0, 0.0, 0.0, 0.0, 0.0, 0.0, 4.0, 0.0, 0.0]"
42,2052,1421.3164256784123,1366.5464256784123,547.7,"[0.0, 0.0, 2.0, 0.0, 0.0, 0.0, 0.0, 0.0, 0.0, 4.0, 0.0, 0.0, 4.0, 0.0, 0.0]"
42,2053,1474.9648520168475,1337.5618520168475,1374.0300000000002,"[4.0, 0.0, 2.0, 0.0, 0.0, 0.0, 0.0, 0.0, 0.0, 0.0, 0.0, 2.0, 4.0, 0.0, 0.0]"
42,2054,1446.3052710779948,1337.1242710779948,1091.8100000000002,"[0.0, 0.0, 2.0, 0.0, 0.0, 0.0, 0.0, 0.0, 0.0, 0.0, 0.0, 0.0, 4.0, 4.0, 0.0]"
42,2055,1474.1304232482787,1400.1954232482788,739.35,"[0.0, 0.0, 0.0, 0.0, 2.0, 0.0, 0.0, 0.0, 0.0, 4.0, 0.0, 0.0, 4.0, 0.0, 0.0]"
42,2056,1477.7047022758566,1361.3327022758565,1163.72,"[0.0, 2.0, 2.0, 0.0, 0.0, 0.0, 0.0, 0.0, 0.0, 0.0, 2.0, 0.0, 4.0, 0.0, 0.0]"
42,2057,1495.8808704614949,1371.1588704614949,1247.2200000000003,"[0.0, 0.0, 2.0, 4.0, 0.0, 0.0, 0.0, 0.0, 0.0, 0.0, 0.0, 0.0, 4.0, 0.0, 4.0]"
42,2058,1432.505300012151,1361.6873000121511,708.1800000000001,"[0.0, 0.0, 2.0, 0.0, 0.0, 0.0, 0.0, 0.0, 0.0, 2.0, 0.0, 0.0, 4.0, 0.0, 2.0]"
42,2059,1483.3038171951566,1374.7978171951565,1085.0600000000002,"[0.0, 0.0, 2.0, 0.0, 0.0, 0.0, 2.0, 2.0, 0.0, 2.0, 0.0, 0.0, 4.0, 0.0, 0.0]"
42,2060,1468.3427702743747,1376.1967702743748,921.46,"[0.0, 0.0, 2.0, 4.0, 0.0, 0.0, 0.0, 0.0, 0.0, 4.0, 0.0, 0.0, 4.0, 0.0, 0.0]"
42,2061,1504.5911471672134,1349.6121471672134,1549.7900000000002,"[0.0, 4.0, 2.0, 0.0, 0.0, 0.0, 0.0, 0.0, 0.0, 4.0, 0.0, 0.0, 4.0, 0.0, 4.0]"
42,2062,1435.5892157855305,1344.7892157855306,908.0,"[0.0, 0.0, 4.0, 0.0, 0.0, 0.0, 0.0, 0.0, 0.0, 2.0, 0.0, 0.0, 4.0, 0.0, 2.0]"
42,2063,1467.1775645781863,1328.1605645781863,1390.17,"[2.0, 0.0, 2.0, 0.0, 0.0, 0.0, 0.0, 0.0, 0.0, 2.0, 0.0, 0.0, 4.0, 4.0, 0.0]"
42,2064,1421.0574746861075,1366.2874746861075,547.7,"[0.0, 0.0, 2.0, 0.0, 0.0, 0.0, 0.0, 0.0, 0.0, 0.0, 0.0, 0.0, 4.0, 0.0, 0.0]"
42,2065,1484.4944947760591,1350.303494776059,1341.91,"[0.0, 0.0, 2.0, 0.0, 0.0, 2.0, 0.0, 0.0, 0.0, 4.0, 0.0, 4.0, 4.0, 0.0, 0.0]"
42,2066,1476.9059361142047,1354.5029361142047,1224.0300000000002,"[0.0, 4.0, 2.0, 0.0, 0.0, 0.0, 0.0, 0.0, 0.0, 0.0, 0.0, 0.0, 4.0, 0.0, 0.0]"
42,2067,1469.668710337147,1356.392710337147,1132.76,"[4.0, 0.0, 2.0, 0.0, 0.0, 0.0, 0.0, 0.0, 0.0, 0.0, 0.0, 0.0, 4.0, 0.0, 0.0]"
42,2068,1423.8597428108546,1369.0897428108547,547.7,"[0.0, 0.0, 2.0, 0.0, 0.0, 0.0, 0.0, 0.0, 0.0, 0.0, 0.0, 0.0, 4.0, 0.0, 0.0]"
42,2069,1494.8493977484409,1327.162397748441,1676.8700000000001,"[4.0, 0.0, 2.0, 0.0, 0.0, 0.0, 0.0, 0.0, 0.0, 2.0, 0.0, 0.0, 4.0, 4.0, 0.0]"
42,2070,1470.1808171509567,1343.9778171509568,1262.0300000000002,"[0.0, 0.0, 4.0, 0.0, 0.0, 0.0, 2.0, 0.0, 0.0, 0.0, 2.0, 0.0, 4.0, 0.0, 0.0]"
42,2071,1473.5844636566108,1313.0404636566107,1605.4400000000003,"[2.0, 0.0, 2.0, 0.0, 0.0, 0.0, 0.0, 0.0, 0.0, 2.0, 0.0, 4.0, 4.0, 2.0, 0.0]"
42,2072,1445.0525550537677,1371.6485550537677,734.0400000000001,"[0.0, 0.0, 2.0, 2.0, 0.0, 0.0, 0.0, 0.0, 0.0, 2.0, 0.0, 0.0, 4.0, 0.0, 0.0]"
42,2073,1461.7445612027946,1375.9415612027944,858.0300000000002,"[0.0, 0.0, 2.0, 0.0, 0.0, 2.0, 0.0, 0.0, 0.0, 2.0, 0.0, 0.0, 4.0, 0.0, 0.0]"
42,2074,1509.755415831359,1374.8554158313589,1349.0,"[0.0, 0.0, 4.0, 0.0, 0.0, 0.0, 0.0, 4.0, 0.0, 0.0, 0.0, 0.0, 4.0, 0.0, 0.0]"
42,2075,1422.4733860548006,1367.7033860548006,547.7,"[0.0, 0.0, 2.0, 0.0, 0.0, 0.0, 0.0, 0.0, 0.0, 4.0, 0.0, 0.0, 4.0, 0.0, 0.0]"
42,2076,1422.400419814091,1367.630419814091,547.7,"[0.0, 0.0, 2.0, 0.0, 0.0, 0.0, 0.0, 0.0, 0.0, 2.0, 0.0, 0.0, 4.0, 0.0, 0.0]"
42,2077,1466.4891272502682,1336.1521272502682,1303.3700000000001,"[0.0, 0.0, 4.0, 0.0, 0.0, 0.0, 0.0, 0.0, 0.0, 0.0, 2.0, 0.0, 4.0, 2.0, 0.0]"
42,2078,1499.667738905086,1320.287738905086,1793.8000000000002,"[2.0, 0.0, 2.0, 0.0, 2.0, 0.0, 0.0, 0.0, 0.0, 2.0, 2.0, 0.0, 4.0, 2.0, 0.0]"
42,2079,1497.2417604989269,1381.0977604989268,1161.4400000000003,"[0.0, 0.0, 2.0, 0.0, 0.0, 4.0, 0.0, 0.0, 0.0, 4.0, 0.0, 0.0, 4.0, 0.0, 0.0]"
42,2080,1449.2865791232155,1361.9405791232155,873.46,"[0.0, 0.0, 2.0, 0.0, 0.0, 0.0, 0.0, 0.0, 0.0, 0.0, 0.0, 0.0, 4.0, 0.0, 4.0]"
42,2081,1545.050039444377,1393.732039444377,1513.1800000000003,"[0.0, 0.0, 2.0, 4.0, 0.0, 0.0, 0.0, 0.0, 0.0, 0.0, 2.0, 4.0, 2.0, 0.0, 0.0]"
42,2082,1522.6216223653041,1322.358622365304,2002.6300000000003,"[4.0, 0.0, 2.0, 0.0, 0.0, 0.0, 0.0, 0.0, 0.0, 4.0, 0.0, 0.0, 4.0, 4.0, 4.0]"
42,2083,1422.0972241236152,1367.3272241236152,547.7,"[0.0, 0.0, 2.0, 0.0, 0.0, 0.0, 0.0, 0.0, 0.0, 4.0, 0.0, 0.0, 4.0, 0.0, 0.0]"
42,2084,1422.3885929241176,1367.6185929241176,547.7,"[0.0, 0.0, 2.0, 0.0, 0.0, 0.0, 0.0, 0.0, 0.0, 2.0, 0.0, 0.0, 4.0, 0.0, 0.0]"
42,2085,1535.3633860373768,1344.4063860373767,1909.5700000000002,"[2.0, 0.0, 2.0, 0.0, 4.0, 0.0, 0.0, 0.0, 0.0, 4.0, 2.0, 0.0, 4.0, 0.0, 0.0]"
42,2086,1509.241547950753,1370.1605479507532,1390.8100000000002,"[0.0, 0.0, 2.0, 0.0, 0.0, 4.0, 2.0, 0.0, 0.0, 4.0, 0.0, 0.0, 4.0, 0.0, 0.0]"
42,2087,1485.3771905764675,1335.4241905764675,1499.5300000000002,"[0.0, 4.0, 2.0, 0.0, 0.0, 0.0, 0.0, 0.0, 0.0, 0.0, 0.0, 0.0, 4.0, 2.0, 0.0]"
42,2088,1498.9440303735953,1382.8000303735953,1161.4400000000003,"[0.0, 0.0, 2.0, 0.0, 0.0, 4.0, 0.0, 0.0, 0.0, 0.0, 0.0, 0.0, 4.0, 0.0, 0.0]"
42,2089,1432.4405552405638,1350.1205552405638,823.2,"[0.0, 0.0, 2.0, 0.0, 0.0, 0.0, 0.0, 0.0, 0.0, 0.0, 0.0, 0.0, 4.0, 2.0, 0.0]"
42,2090,1420.9571772544095,1366.1871772544096,547.7,"[0.0, 0.0, 2.0, 0.0, 0.0, 0.0, 0.0, 0.0, 0.0, 4.0, 0.0, 0.0, 4.0, 0.0, 0.0]"
42,2091,1497.7840874724118,1381.6400874724118,1161.4400000000003,"[0.0, 0.0, 2.0, 0.0, 0.0, 4.0, 0.0, 0.0, 0.0, 0.0, 0.0, 0.0, 4.0, 0.0, 0.0]"
42,2092,1571.771339745277,1444.383339745277,1273.88,"[0.0, 2.0, 2.0, 0.0, 0.0, 0.0, 0.0, 0.0, 0.0, 0.0, 4.0, 0.0, 0.0, 0.0, 2.0]"
42,2093,1467.9579482636427,1340.1429482636427,1278.15,"[0.0, 0.0, 2.0, 2.0, 0.0, 0.0, 0.0, 0.0, 0.0, 2.0, 0.0, 0.0, 4.0, 4.0, 0.0]"
42,2094,1473.241393147162,1399.306393147162,739.35,"[0.0, 0.0, 0.0, 0.0, 2.0, 0.0, 0.0, 0.0, 0.0, 2.0, 0.0, 0.0, 4.0, 0.0, 0.0]"
42,2095,1466.883835375114,1374.737835375114,921.46,"[0.0, 0.0, 2.0, 4.0, 0.0, 0.0, 0.0, 0.0, 0.0, 0.0, 0.0, 0.0, 4.0, 0.0, 0.0]"
42,2096,1491.9726854851774,1365.0726854851773,1269.0,"[0.0, 0.0, 2.0, 0.0, 0.0, 0.0, 0.0, 0.0, 4.0, 0.0, 2.0, 0.0, 4.0, 0.0, 0.0]"
42,2097,1421.2886812741745,1366.5186812741745,547.7,"[0.0, 0.0, 2.0, 0.0, 0.0, 0.0, 0.0, 0.0, 0.0, 2.0, 0.0, 0.0, 4.0, 0.0, 0.0]"
42,2098,1484.2077416977158,1366.7087416977158,1174.9900000000002,"[0.0, 0.0, 2.0, 2.0, 0.0, 0.0, 0.0, 0.0, 4.0, 4.0, 0.0, 0.0, 4.0, 0.0, 0.0]"
42,2099,1422.3608363710005,1367.5908363710005,547.7,"[0.0, 0.0, 2.0, 0.0, 0.0, 0.0, 0.0, 0.0, 0.0, 2.0, 0.0, 0.0, 4.0, 0.0, 0.0]"
42,2100,1433.4757418544843,1351.1557418544844,823.2,"[0.0, 0.0, 2.0, 0.0, 0.0, 0.0, 0.0, 0.0, 0.0, 0.0, 0.0, 0.0, 4.0, 2.0, 0.0]"
43,2101,1422.7054407565663,1367.9354407565663,547.7,"[0.0, 0.0, 2.0, 0.0, 0.0, 0.0, 0.0, 0.0, 0.0, 4.0, 0.0, 0.0, 4.0, 0.0, 0.0]"
43,2102,1423.693805184285,1368.9238051842851,547.7,"[0.0, 0.0, 2.0, 0.0, 0.0, 0.0, 0.0, 0.0, 0.0, 0.0, 0.0, 0.0, 4.0, 0.0, 0.0]"
43,2103,1463.0660361445782,1377.1590361445783,859.0700000000002,"[0.0, 0.0, 2.0, 0.0, 0.0, 0.0, 0.0, 0.0, 0.0, 2.0, 0.0, 4.0, 2.0, 0.0, 0.0]"
43,2104,1422.4183495342245,1367.6483495342245,547.7,"[0.0, 0.0, 2.0, 0.0, 0.0, 0.0, 0.0, 0.0, 0.0, 2.0, 0.0, 0.0, 4.0, 0.0, 0.0]"
43,2105,1446.3888119305068,1337.2078119305068,1091.8100000000002,"[0.0, 0.0, 2.0, 0.0, 0.0, 0.0, 0.0, 0.0, 0.0, 0.0, 0.0, 0.0, 4.0, 4.0, 0.0]"
43,2106,1477.1937421027055,1364.5537421027054,1126.4,"[0.0, 0.0, 2.0, 0.0, 0.0, 0.0, 0.0, 2.0, 0.0, 0.0, 0.0, 0.0, 4.0, 2.0, 0.0]"
43,2107,1568.8080463647223,1361.8100463647222,2069.9800000000005,"[4.0, 0.0, 2.0, 0.0, 0.0, 0.0, 0.0, 0.0, 0.0, 0.0, 4.0, 0.0, 2.0, 4.0, 0.0]"
43,2108,1499.5369310547312,1329.3149310547312,1702.2200000000003,"[0.0, 0.0, 2.0, 0.0, 0.0, 0.0, 4.0, 0.0, 4.0, 0.0, 0.0, 2.0, 4.0, 0.0, 0.0]"
43,2109,1483.6146885757098,1353.5796885757097,1300.3500000000001,"[0.0, 0.0, 2.0, 0.0, 0.0, 0.0, 4.0, 0.0, 0.0, 0.0, 2.0, 0.0, 4.0, 0.0, 0.0]"
43,2110,1453.003209541552,1351.003209541552,1020.0,"[0.0, 0.0, 2.0, 0.0, 0.0, 0.0, 4.0, 0.0, 0.0, 0.0, 0.0, 0.0, 4.0, 0.0, 0.0]"
43,2111,1422.6448278655325,1367.8748278655326,547.7,"[0.0, 0.0, 2.0, 0.0, 0.0, 0.0, 0.0, 0.0, 0.0, 2.0, 0.0, 0.0, 4.0, 0.0, 0.0]"
43,2112,1483.1905657588336,1400.0565657588336,831.34,"[0.0, 0.0, 0.0, 0.0, 0.0, 0.0, 0.0, 0.0, 0.0, 2.0, 0.0, 4.0, 4.0, 0.0, 0.0]"
43,2113,1420.9830822195222,1366.2130822195222,547.7,"[0.0, 0.0, 2.0, 0.0, 0.0, 0.0, 0.0, 0.0, 0.0, 0.0, 0.0, 0.0, 4.0, 0.0, 0.0]"
43,2114,1483.3986289359118,1345.3446289359117,1380.5400000000002,"[0.0, 0.0, 2.0, 0.0, 2.0, 0.0, 0.0, 0.0, 4.0, 4.0, 0.0, 0.0, 4.0, 0.0, 0.0]"
43,2115,1424.5179309506934,1349.7659309506935,747.5200000000001,"[0.0, 0.0, 4.0, 0.0, 0.0, 0.0, 0.0, 0.0, 0.0, 0.0, 0.0, 0.0, 4.0, 0.0, 0.0]"
43,2116,1470.0136435094257,1356.7376435094257,1132.76,"[4.0, 0.0, 2.0, 0.0, 0.0, 0.0, 0.0, 0.0, 0.0, 4.0, 0.0, 0.0, 4.0, 0.0, 0.0]"
43,2117,1536.5107811614157,1400.4657811614156,1360.45,"[0.0, 4.0, 2.0, 0.0, 0.0, 0.0, 0.0, 0.0, 0.0, 4.0, 0.0, 4.0, 0.0, 0.0, 0.0]"
43,2118,1425.2760144590025,1370.5060144590025,547.7,"[0.0, 0.0, 2.0, 0.0, 0.0, 0.0, 0.0, 0.0, 0.0, 4.0, 0.0, 0.0, 4.0, 0.0, 0.0]"
43,2119,1446.7703427825136,1358.4333427825136,883.3700000000001,"[0.0, 2.0, 2.0, 0.0, 0.0, 0.0, 0.0, 0.0, 0.0, 2.0, 0.0, 0.0, 4.0, 0.0, 0.0]"
43,2120,1485.9490210594524,1402.8150210594524,831.34,"[0.0, 0.0, 0.0, 0.0, 0.0, 0.0, 0.0, 0.0, 0.0, 4.0, 0.0, 4.0, 4.0, 0.0, 0.0]"
43,2121,1453.184432193265,1370.3794321932648,828.0500000000001,"[0.0, 0.0, 2.0, 0.0, 0.0, 0.0, 0.0, 0.0, 0.0, 2.0, 2.0, 0.0, 4.0, 0.0, 0.0]"
43,2122,1445.342452454236,1342.1844524542362,1031.5800000000002,"[0.0, 0.0, 2.0, 0.0, 0.0, 0.0, 0.0, 0.0, 0.0, 4.0, 0.0, 4.0, 4.0, 0.0, 0.0]"
43,2123,1459.7662048192772,1360.9012048192772,988.6500000000001,"[0.0, 0.0, 2.0, 0.0, 0.0, 0.0, 0.0, 0.0, 4.0, 2.0, 0.0, 0.0, 4.0, 0.0, 0.0]"
43,2124,1444.3607515439912,1350.4017515439912,939.59,"[0.0, 0.0, 2.0, 0.0, 2.0, 0.0, 0.0, 0.0, 0.0, 4.0, 0.0, 0.0, 4.0, 0.0, 0.0]"
43,2125,1522.0070706258734,1355.3760706258734,1666.3100000000004,"[0.0, 0.0, 2.0, 0.0, 0.0, 4.0, 2.0, 0.0, 0.0, 0.0, 0.0, 0.0, 4.0, 2.0, 0.0]"
43,2126,1432.208202656731,1349.888202656731,823.2,"[0.0, 0.0, 2.0, 0.0, 0.0, 0.0, 0.0, 0.0, 0.0, 0.0, 0.0, 0.0, 4.0, 2.0, 0.0]"
43,2127,1535.356537282611,1325.234537282611,2101.2200000000003,"[0.0, 0.0, 4.0, 4.0, 0.0, 0.0, 0.0, 0.0, 0.0, 0.0, 2.0, 0.0, 4.0, 4.0, 2.0]"
43,2128,1485.0933204827084,1336.6193204827084,1484.7400000000002,"[0.0, 0.0, 4.0, 0.0, 0.0, 0.0, 2.0, 0.0, 2.0, 4.0, 2.0, 0.0, 4.0, 0.0, 0.0]"
43,2129,1509.0283021221449,1385.7453021221447,1232.8300000000002,"[0.0, 0.0, 2.0, 4.0, 0.0, 0.0, 0.0, 0.0, 0.0, 0.0, 0.0, 4.0, 2.0, 0.0, 0.0]"
43,2130,1496.4393511543135,1445.3823511543135,510.5700000000001,"[0.0, 0.0, 2.0, 0.0, 0.0, 2.0, 0.0, 0.0, 0.0, 2.0, 0.0, 0.0, 0.0, 0.0, 0.0]"
43,2131,1422.4363730255163,1367.6663730255164,547.7,"[0.0, 0.0, 2.0, 0.0, 0.0, 0.0, 0.0, 0.0, 0.0, 4.0, 0.0, 0.0, 4.0, 0.0, 0.0]"
43,2132,1474.4872494735137,1365.2702494735136,1092.17,"[0.0, 0.0, 2.0, 0.0, 0.0, 0.0, 0.0, 2.0, 0.0, 4.0, 0.0, 2.0, 4.0, 0.0, 0.0]"
43,2133,1464.8617974081199,1380.1127974081198,847.49,"[0.0, 0.0, 2.0, 0.0, 0.0, 0.0, 4.0, 0.0, 0.0, 2.0, 0.0, 0.0, 2.0, 0.0, 0.0]"
43,2134,1466.974951397327,1424.679951397327,422.95000000000005,"[0.0, 0.0, 2.0, 0.0, 0.0, 0.0, 0.0, 0.0, 2.0, 4.0, 0.0, 0.0, 0.0, 0.0, 0.0]"
43,2135,1497.7428438018871,1381.5988438018871,1161.4400000000003,"[0.0, 0.0, 2.0, 0.0, 0.0, 4.0, 0.0, 0.0, 0.0, 4.0, 0.0, 0.0, 4.0, 0.0, 0.0]"
43,2136,1466.611400615584,1336.274400615584,1303.3700000000001,"[0.0, 0.0, 4.0, 0.0, 0.0, 0.0, 0.0, 0.0, 0.0, 0.0, 2.0, 0.0, 4.0, 2.0, 0.0]"
43,2137,1501.5170504201683,1375.8260504201683,1256.91,"[0.0, 0.0, 2.0, 0.0, 0.0, 0.0, 0.0, 0.0, 0.0, 4.0, 0.0, 0.0, 2.0, 4.0, 4.0]"
43,2138,1422.1007142423198,1367.3307142423198,547.7,"[0.0, 0.0, 2.0, 0.0, 0.0, 0.0, 0.0, 0.0, 0.0, 0.0, 0.0, 0.0, 4.0, 0.0, 0.0]"
43,2139,1513.5879783735622,1403.5769783735623,1100.1100000000001,"[0.0, 0.0, 0.0, 0.0, 0.0, 0.0, 4.0, 0.0, 0.0, 0.0, 2.0, 0.0, 4.0, 0.0, 0.0]"
43,2140,1454.8534042889253,1378.1454042889252,767.08,"[0.0, 0.0, 2.0, 0.0, 2.0, 0.0, 0.0, 0.0, 0.0, 2.0, 0.0, 0.0, 2.0, 0.0, 0.0]"
43,2141,1476.6062313845405,1408.0542313845406,685.5200000000001,"[0.0, 0.0, 2.0, 0.0, 0.0, 2.0, 0.0, 0.0, 0.0, 0.0, 0.0, 0.0, 2.0, 0.0, 0.0]"
43,2142,1468.6356845675639,1329.6186845675638,1390.17,"[2.0, 0.0, 2.0, 0.0, 0.0, 0.0, 0.0, 0.0, 0.0, 0.0, 0.0, 0.0, 4.0, 4.0, 0.0]"
43,2143,1432.3367626569461,1361.5187626569461,708.1800000000001,"[0.0, 0.0, 2.0, 0.0, 0.0, 0.0, 0.0, 0.0, 0.0, 4.0, 0.0, 0.0, 4.0, 0.0, 2.0]"
43,2144,1423.5840137707573,1368.8140137707574,547.7,"[0.0, 0.0, 2.0, 0.0, 0.0, 0.0, 0.0, 0.0, 0.0, 0.0, 0.0, 0.0, 4.0, 0.0, 0.0]"
43,2145,1507.3230995423803,1384.1440995423802,1231.7900000000002,"[0.0, 0.0, 2.0, 4.0, 0.0, 2.0, 0.0, 0.0, 0.0, 0.0, 0.0, 0.0, 4.0, 0.0, 0.0]"
43,2146,1425.9929379936007,1351.2409379936007,747.5200000000001,"[0.0, 0.0, 4.0, 0.0, 0.0, 0.0, 0.0, 0.0, 0.0, 0.0, 0.0, 0.0, 4.0, 0.0, 0.0]"
43,2147,1462.8867410497328,1352.5317410497328,1103.55,"[0.0, 0.0, 2.0, 0.0, 0.0, 0.0, 0.0, 0.0, 0.0, 0.0, 2.0, 0.0, 4.0, 2.0, 0.0]"
43,2148,1480.4173340960172,1386.0003340960172,944.1700000000001,"[0.0, 0.0, 4.0, 0.0, 0.0, 0.0, 0.0, 0.0, 0.0, 0.0, 0.0, 0.0, 0.0, 4.0, 0.0]"
43,2149,1437.0752801247518,1399.5562801247518,375.19000000000005,"[0.0, 0.0, 2.0, 0.0, 0.0, 0.0, 0.0, 0.0, 0.0, 4.0, 0.0, 0.0, 2.0, 0.0, 0.0]"
43,2150,1467.6165167469928,1339.8015167469928,1278.15,"[0.0, 0.0, 2.0, 2.0, 0.0, 0.0, 0.0, 0.0, 0.0, 2.0, 0.0, 0.0, 4.0, 4.0, 0.0]"
44,2151,1422.2643298029607,1367.4943298029607,547.7,"[0.0, 0.0, 2.0, 0.0, 0.0, 0.0, 0.0, 0.0, 0.0, 0.0, 0.0, 0.0, 4.0, 0.0, 0.0]"
44,2152,1422.39627582017,1367.6262758201701,547.7,"[0.0, 0.0, 2.0, 0.0, 0.0, 0.0, 0.0, 0.0, 0.0, 0.0, 0.0, 0.0, 4.0, 0.0, 0.0]"
44,2153,1421.1156623871045,1366.3456623871045,547.7,"[0.0, 0.0, 2.0, 0.0, 0.0, 0.0, 0.0, 0.0, 0.0, 0.0, 0.0, 0.0, 4.0, 0.0, 0.0]"
44,2154,1474.7927464765914,1324.4047464765915,1503.88,"[0.0, 0.0, 2.0, 0.0, 0.0, 0.0, 4.0, 0.0, 0.0, 0.0, 0.0, 4.0, 4.0, 0.0, 0.0]"
44,2155,1510.1586922890006,1371.7436922890006,1384.15,"[0.0, 0.0, 2.0, 0.0, 0.0, 4.0, 0.0, 0.0, 2.0, 4.0, 0.0, 0.0, 4.0, 0.0, 0.0]"
44,2156,1475.4843506125342,1353.0813506125342,1224.0300000000002,"[0.0, 4.0, 2.0, 0.0, 0.0, 0.0, 0.0, 0.0, 0.0, 2.0, 0.0, 0.0, 4.0, 0.0, 0.0]"
44,2157,1494.4147432528193,1314.1907432528194,1802.2400000000002,"[2.0, 0.0, 2.0, 0.0, 0.0, 0.0, 4.0, 0.0, 0.0, 0.0, 0.0, 4.0, 4.0, 0.0, 0.0]"
44,2158,1461.8140061759643,1375.9070061759644,859.0700000000002,"[0.0, 0.0, 2.0, 0.0, 0.0, 0.0, 0.0, 0.0, 0.0, 2.0, 0.0, 4.0, 2.0, 0.0, 0.0]"
44,2159,1420.7717111844636,1366.0017111844636,547.7,"[0.0, 0.0, 2.0, 0.0, 0.0, 0.0, 0.0, 0.0, 0.0, 4.0, 0.0, 0.0, 4.0, 0.0, 0.0]"
44,2160,1422.3412448611757,1367.5712448611757,547.7,"[0.0, 0.0, 2.0, 0.0, 0.0, 0.0, 0.0, 0.0, 0.0, 4.0, 0.0, 0.0, 4.0, 0.0, 0.0]"
44,2161,1559.709181293653,1321.471181293653,2382.3800000000006,"[0.0, 0.0, 2.0, 0.0, 0.0, 4.0, 4.0, 0.0, 0.0, 2.0, 0.0, 4.0, 4.0, 2.0, 0.0]"
44,2162,1420.6628918590523,1365.8928918590523,547.7,"[0.0, 0.0, 2.0, 0.0, 0.0, 0.0, 0.0, 0.0, 0.0, 0.0, 0.0, 0.0, 4.0, 0.0, 0.0]"
44,2163,1516.048567228252,1358.832567228252,1572.16,"[2.0, 0.0, 2.0, 0.0, 0.0, 0.0, 0.0, 0.0, 0.0, 2.0, 4.0, 0.0, 4.0, 0.0, 2.0]"
44,2164,1468.9063693248552,1341.0913693248551,1278.15,"[0.0, 0.0, 2.0, 2.0, 0.0, 0.0, 0.0, 0.0, 0.0, 2.0, 0.0, 0.0, 4.0, 4.0, 0.0]"
44,2165,1543.8087216676454,1335.4577216676453,2083.51,"[0.0, 0.0, 2.0, 0.0, 4.0, 0.0, 4.0, 0.0, 0.0, 4.0, 2.0, 0.0, 4.0, 0.0, 0.0]"
44,2166,1539.4149401259442,1386.1109401259441,1533.0400000000002,"[0.0, 0.0, 2.0, 0.0, 0.0, 4.0, 0.0, 0.0, 0.0, 2.0, 0.0, 0.0, 2.0, 4.0, 0.0]"
44,2167,1446.64418957941,1343.48618957941,1031.5800000000002,"[0.0, 0.0, 2.0, 0.0, 0.0, 0.0, 0.0, 0.0, 0.0, 4.0, 0.0, 4.0, 4.0, 0.0, 0.0]"
44,2168,1467.0696376154222,1353.793637615422,1132.76,"[4.0, 0.0, 2.0, 0.0, 0.0, 0.0, 0.0, 0.0, 0.0, 0.0, 0.0, 0.0, 4.0, 0.0, 0.0]"
44,2169,1536.8724155817863,1339.5144155817864,1973.5800000000004,"[0.0, 2.0, 2.0, 4.0, 0.0, 0.0, 0.0, 0.0, 4.0, 2.0, 0.0, 0.0, 4.0, 2.0, 0.0]"
44,2170,1442.9604680571024,1349.0014680571023,939.59,"[0.0, 0.0, 2.0, 0.0, 2.0, 0.0, 0.0, 0.0, 0.0, 4.0, 0.0, 0.0, 4.0, 0.0, 0.0]"
44,2171,1486.829844892174,1355.5158448921738,1313.1400000000003,"[0.0, 0.0, 4.0, 0.0, 0.0, 0.0, 0.0, 0.0, 0.0, 0.0, 4.0, 0.0, 4.0, 0.0, 0.0]"
44,2172,1432.4325675111893,1361.6145675111893,708.1800000000001,"[0.0, 0.0, 2.0, 0.0, 0.0, 0.0, 0.0, 0.0, 0.0, 4.0, 0.0, 0.0, 4.0, 0.0, 2.0]"
44,2173,1505.5712952313456,1403.1922952313455,1023.7900000000002,"[0.0, 4.0, 0.0, 0.0, 0.0, 0.0, 0.0, 0.0, 0.0, 4.0, 0.0, 0.0, 4.0, 0.0, 0.0]"
44,2174,1422.214835965978,1367.444835965978,547.7,"[0.0, 0.0, 2.0, 0.0, 0.0, 0.0, 0.0, 0.0, 0.0, 4.0, 0.0, 0.0, 4.0, 0.0, 0.0]"
44,2175,1512.0952255699997,1396.2602255699996,1158.3500000000001,"[0.0, 0.0, 2.0, 0.0, 4.0, 0.0, 0.0, 0.0, 0.0, 4.0, 0.0, 0.0, 2.0, 0.0, 0.0]"
44,2176,1471.03237769318,1344.49737769318,1265.3500000000001,"[0.0, 0.0, 2.0, 0.0, 2.0, 0.0, 0.0, 0.0, 0.0, 4.0, 0.0, 0.0, 4.0, 0.0, 4.0]"
44,2177,1468.114298876177,1383.024298876177,850.9000000000001,"[0.0, 0.0, 2.0, 0.0, 0.0, 0.0, 0.0, 2.0, 0.0, 2.0, 0.0, 0.0, 4.0, 0.0, 0.0]"
44,2178,1547.0279069927522,1324.550906992752,2224.77,"[0.0, 0.0, 4.0, 0.0, 2.0, 0.0, 0.0, 4.0, 0.0, 0.0, 0.0, 4.0, 4.0, 0.0, 0.0]"
44,2179,1459.362710889726,1362.672710889726,966.9000000000001,"[0.0, 0.0, 4.0, 0.0, 2.0, 0.0, 0.0, 0.0, 0.0, 2.0, 0.0, 0.0, 2.0, 0.0, 0.0]"
44,2180,1453.3184570178814,1418.5724570178813,347.46000000000004,"[0.0, 0.0, 0.0, 0.0, 0.0, 0.0, 0.0, 0.0, 0.0, 0.0, 0.0, 0.0, 4.0, 0.0, 0.0]"
44,2181,1423.925153908465,1369.155153908465,547.7,"[0.0, 0.0, 2.0, 0.0, 0.0, 0.0, 0.0, 0.0, 0.0, 0.0, 0.0, 0.0, 4.0, 0.0, 0.0]"
44,2182,1497.553502075529,1365.233502075529,1323.2,"[0.0, 0.0, 2.0, 0.0, 0.0, 0.0, 4.0, 2.0, 0.0, 4.0, 0.0, 0.0, 4.0, 0.0, 0.0]"
44,2183,1423.8759335763468,1369.1059335763468,547.7,"[0.0, 0.0, 2.0, 0.0, 0.0, 0.0, 0.0, 0.0, 0.0, 4.0, 0.0, 0.0, 4.0, 0.0, 0.0]"
44,2184,1501.6585469031568,1399.4015469031567,1022.5700000000002,"[0.0, 0.0, 0.0, 0.0, 0.0, 0.0, 2.0, 0.0, 4.0, 2.0, 0.0, 0.0, 4.0, 0.0, 0.0]"
44,2185,1436.9932773109244,1346.1932773109245,908.0,"[0.0, 0.0, 4.0, 0.0, 0.0, 0.0, 0.0, 0.0, 0.0, 0.0, 0.0, 0.0, 4.0, 0.0, 2.0]"
44,2186,1492.1011395216979,1349.1701395216978,1429.3100000000002,"[0.0, 0.0, 2.0, 0.0, 0.0, 0.0, 0.0, 0.0, 0.0, 0.0, 2.0, 0.0, 4.0, 2.0, 4.0]"
44,2187,1423.8632949920009,1369.093294992001,547.7,"[0.0, 0.0, 2.0, 0.0, 0.0, 0.0, 0.0, 0.0, 0.0, 2.0, 0.0, 0.0, 4.0, 0.0, 0.0]"
44,2188,1468.9608033815937,1341.1458033815936,1278.15,"[0.0, 0.0, 2.0, 2.0, 0.0, 0.0, 0.0, 0.0, 0.0, 2.0, 0.0, 0.0, 4.0, 4.0, 0.0]"
44,2189,1424.4503739672768,1349.698373967277,747.5200000000001,"[0.0, 0.0, 4.0, 0.0, 0.0, 0.0, 0.0, 0.0, 0.0, 0.0, 0.0, 0.0, 4.0, 0.0, 0.0]"
44,2190,1582.0461891727741,1395.5741891727741,1864.7200000000003,"[0.0, 4.0, 4.0, 0.0, 0.0, 0.0, 0.0, 0.0, 2.0, 4.0, 4.0, 0.0, 0.0, 0.0, 0.0]"
44,2191,1513.2005899050432,1327.8045899050433,1853.9600000000003,"[0.0, 2.0, 2.0, 0.0, 2.0, 0.0, 0.0, 2.0, 0.0, 0.0, 0.0, 0.0, 4.0, 2.0, 0.0]"
44,2192,1511.95442526222,1401.94342526222,1100.1100000000001,"[0.0, 0.0, 0.0, 0.0, 0.0, 0.0, 4.0, 0.0, 0.0, 0.0, 2.0, 0.0, 4.0, 0.0, 0.0]"
44,2193,1501.4726371717254,1340.8366371717254,1606.3600000000001,"[0.0, 0.0, 2.0, 0.0, 4.0, 0.0, 0.0, 0.0, 0.0, 0.0, 0.0, 0.0, 4.0, 2.0, 0.0]"
44,2194,1425.037284325638,1370.267284325638,547.7,"[0.0, 0.0, 2.0, 0.0, 0.0, 0.0, 0.0, 0.0, 0.0, 0.0, 0.0, 0.0, 4.0, 0.0, 0.0]"
44,2195,1481.9328477816252,1398.7988477816252,831.34,"[0.0, 0.0, 0.0, 0.0, 0.0, 0.0, 0.0, 0.0, 0.0, 2.0, 0.0, 4.0, 4.0, 0.0, 0.0]"
44,2196,1422.356602134424,1367.586602134424,547.7,"[0.0, 0.0, 2.0, 0.0, 0.0, 0.0, 0.0, 0.0, 0.0, 0.0, 0.0, 0.0, 4.0, 0.0, 0.0]"
44,2197,1480.7316273032843,1324.3206273032843,1564.1100000000001,"[0.0, 0.0, 2.0, 0.0, 0.0, 0.0, 4.0, 0.0, 0.0, 4.0, 0.0, 0.0, 4.0, 4.0, 0.0]"
44,2198,1484.8416183051534,1373.5096183051533,1113.3200000000002,"[0.0, 0.0, 2.0, 0.0, 0.0, 0.0, 0.0, 0.0, 0.0, 0.0, 4.0, 0.0, 4.0, 0.0, 0.0]"
44,2199,1432.146539910096,1349.826539910096,823.2,"[0.0, 0.0, 2.0, 0.0, 0.0, 0.0, 0.0, 0.0, 0.0, 0.0, 0.0, 0.0, 4.0, 2.0, 0.0]"
44,2200,1482.8786729569938,1331.7036729569938,1511.75,"[0.0, 0.0, 4.0, 0.0, 0.0, 0.0, 0.0, 0.0, 0.0, 0.0, 2.0, 4.0, 4.0, 0.0, 0.0]"
45,2201,1421.0236350749292,1366.2536350749292,547.7,"[0.0, 0.0, 2.0, 0.0, 0.0, 0.0, 0.0, 0.0, 0.0, 0.0, 0.0, 0.0, 4.0, 0.0, 0.0]"
45,2202,1421.0201670683057,1366.2501670683057,547.7,"[0.0, 0.0, 2.0, 0.0, 0.0, 0.0, 0.0, 0.0, 0.0, 4.0, 0.0, 0.0, 4.0, 0.0, 0.0]"
45,2203,1507.073503877853,1358.999503877853,1480.7400000000002,"[0.0, 0.0, 2.0, 0.0, 0.0, 0.0, 4.0, 2.0, 0.0, 4.0, 0.0, 0.0, 4.0, 0.0, 2.0]"
45,2204,1495.5200640150672,1429.7410640150672,657.7900000000001,"[0.0, 0.0, 0.0, 0.0, 0.0, 2.0, 0.0, 0.0, 0.0, 0.0, 0.0, 0.0, 4.0, 0.0, 0.0]"
45,2205,1432.5174587425333,1350.1974587425334,823.2,"[0.0, 0.0, 2.0, 0.0, 0.0, 0.0, 0.0, 0.0, 0.0, 0.0, 0.0, 0.0, 4.0, 2.0, 0.0]"
45,2206,1446.6836758124937,1343.5256758124938,1031.5800000000002,"[0.0, 0.0, 2.0, 0.0, 0.0, 0.0, 0.0, 0.0, 0.0, 4.0, 0.0, 4.0, 4.0, 0.0, 0.0]"
45,2207,1448.0893892443507,1359.7523892443508,883.3700000000001,"[0.0, 2.0, 2.0, 0.0, 0.0, 0.0, 0.0, 0.0, 0.0, 4.0, 0.0, 0.0, 4.0, 0.0, 0.0]"
45,2208,1419.8223187525314,1365.0523187525314,547.7,"[0.0, 0.0, 2.0, 0.0, 0.0, 0.0, 0.0, 0.0, 0.0, 4.0, 0.0, 0.0, 4.0, 0.0, 0.0]"
45,2209,1446.5342407313665,1337.3532407313664,1091.8100000000002,"[0.0, 0.0, 2.0, 0.0, 0.0, 0.0, 0.0, 0.0, 0.0, 4.0, 0.0, 0.0, 4.0, 4.0, 0.0]"
45,2210,1436.2467185671183,1359.2057185671183,770.4100000000001,"[0.0, 0.0, 2.0, 0.0, 0.0, 0.0, 0.0, 0.0, 2.0, 0.0, 0.0, 0.0, 4.0, 0.0, 0.0]"
45,2211,1422.1370669474707,1367.3670669474707,547.7,"[0.0, 0.0, 2.0, 0.0, 0.0, 0.0, 0.0, 0.0, 0.0, 0.0, 0.0, 0.0, 4.0, 0.0, 0.0]"
45,2212,1455.13492489014,1420.3889248901398,347.46000000000004,"[0.0, 0.0, 0.0, 0.0, 0.0, 0.0, 0.0, 0.0, 0.0, 4.0, 0.0, 0.0, 4.0, 0.0, 0.0]"
45,2213,1557.882737774628,1428.669737774628,1292.13,"[0.0, 0.0, 2.0, 0.0, 0.0, 4.0, 0.0, 2.0, 0.0, 4.0, 0.0, 0.0, 2.0, 0.0, 0.0]"
45,2214,1436.1373937148178,1359.0963937148179,770.4100000000001,"[0.0, 0.0, 2.0, 0.0, 0.0, 0.0, 0.0, 0.0, 2.0, 4.0, 0.0, 0.0, 4.0, 0.0, 0.0]"
45,2215,1491.9479790422195,1345.3909790422194,1465.5700000000002,"[0.0, 0.0, 2.0, 4.0, 0.0, 0.0, 0.0, 0.0, 0.0, 2.0, 0.0, 0.0, 4.0, 4.0, 0.0]"
45,2216,1469.2499978737621,1341.434997873762,1278.15,"[0.0, 0.0, 2.0, 2.0, 0.0, 0.0, 0.0, 0.0, 0.0, 2.0, 0.0, 0.0, 4.0, 4.0, 0.0]"
45,2217,1432.5065204713885,1350.1865204713886,823.2,"[0.0, 0.0, 2.0, 0.0, 0.0, 0.0, 0.0, 0.0, 0.0, 0.0, 0.0, 0.0, 4.0, 2.0, 0.0]"
45,2218,1460.1483477776653,1374.3453477776652,858.0300000000002,"[0.0, 0.0, 2.0, 0.0, 0.0, 2.0, 0.0, 0.0, 0.0, 0.0, 0.0, 0.0, 4.0, 0.0, 0.0]"
45,2219,1526.2886513887763,1339.6946513887763,1865.9400000000003,"[0.0, 4.0, 4.0, 0.0, 2.0, 0.0, 0.0, 0.0, 2.0, 2.0, 0.0, 0.0, 2.0, 0.0, 0.0]"
45,2220,1422.7801660591333,1368.0101660591333,547.7,"[0.0, 0.0, 2.0, 0.0, 0.0, 0.0, 0.0, 0.0, 0.0, 4.0, 0.0, 0.0, 4.0, 0.0, 0.0]"
45,2221,1453.1176712564545,1343.1106712564545,1100.0700000000002,"[0.0, 0.0, 2.0, 0.0, 2.0, 0.0, 0.0, 0.0, 0.0, 4.0, 0.0, 0.0, 4.0, 0.0, 2.0]"
45,2222,1446.5395558952762,1337.3585558952761,1091.8100000000002,"[0.0, 0.0, 2.0, 0.0, 0.0, 0.0, 0.0, 0.0, 0.0, 4.0, 0.0, 0.0, 4.0, 4.0, 0.0]"
45,2223,1468.4543335020755,1355.1783335020755,1132.76,"[4.0, 0.0, 2.0, 0.0, 0.0, 0.0, 0.0, 0.0, 0.0, 0.0, 0.0, 0.0, 4.0, 0.0, 0.0]"
45,2224,1435.9809437064637,1357.7949437064638,781.8600000000001,"[0.0, 0.0, 2.0, 0.0, 0.0, 0.0, 2.0, 0.0, 0.0, 0.0, 0.0, 0.0, 4.0, 0.0, 0.0]"
45,2225,1528.0313380572538,1327.7333380572538,2002.9800000000005,"[0.0, 0.0, 4.0, 0.0, 4.0, 0.0, 4.0, 0.0, 0.0, 0.0, 0.0, 0.0, 4.0, 0.0, 0.0]"
45,2226,1502.0623655820357,1352.2353655820357,1498.2700000000002,"[0.0, 0.0, 2.0, 2.0, 0.0, 0.0, 0.0, 0.0, 0.0, 0.0, 2.0, 4.0, 4.0, 0.0, 0.0]"
45,2227,1445.747496931894,1380.678496931894,650.69,"[0.0, 0.0, 2.0, 0.0, 0.0, 0.0, 0.0, 0.0, 0.0, 0.0, 0.0, 0.0, 2.0, 2.0, 0.0]"
45,2228,1469.4332621241265,1384.3432621241266,850.9000000000001,"[0.0, 0.0, 2.0, 0.0, 0.0, 0.0, 0.0, 2.0, 0.0, 0.0, 0.0, 0.0, 4.0, 0.0, 0.0]"
45,2229,1436.391393066159,1378.890393066159,575.0100000000001,"[0.0, 0.0, 4.0, 0.0, 0.0, 0.0, 0.0, 0.0, 0.0, 4.0, 0.0, 0.0, 2.0, 0.0, 0.0]"
45,2230,1455.2611910576516,1336.0551910576514,1192.0600000000002,"[0.0, 0.0, 2.0, 0.0, 0.0, 0.0, 0.0, 0.0, 0.0, 0.0, 0.0, 4.0, 4.0, 0.0, 2.0]"
45,2231,1520.206724489796,1339.498724489796,1807.08,"[0.0, 0.0, 2.0, 0.0, 0.0, 0.0, 4.0, 2.0, 0.0, 2.0, 0.0, 4.0, 4.0, 0.0, 0.0]"
45,2232,1446.6225742634401,1343.4645742634402,1031.5800000000002,"[0.0, 0.0, 2.0, 0.0, 0.0, 0.0, 0.0, 0.0, 0.0, 4.0, 0.0, 4.0, 4.0, 0.0, 0.0]"
45,2233,1478.1367319888227,1321.7257319888226,1564.1100000000001,"[0.0, 0.0, 2.0, 0.0, 0.0, 0.0, 4.0, 0.0, 0.0, 4.0, 0.0, 0.0, 4.0, 4.0, 0.0]"
45,2234,1475.4957545916611,1353.092754591661,1224.0300000000002,"[0.0, 4.0, 2.0, 0.0, 0.0, 0.0, 0.0, 0.0, 0.0, 4.0, 0.0, 0.0, 4.0, 0.0, 0.0]"
45,2235,1522.996827121252,1341.5228271212518,1814.7400000000002,"[0.0, 0.0, 2.0, 0.0, 4.0, 0.0, 0.0, 0.0, 0.0, 2.0, 0.0, 4.0, 4.0, 0.0, 0.0]"
45,2236,1427.390287027662,1348.493287027662,788.9700000000001,"[0.0, 0.0, 2.0, 0.0, 0.0, 0.0, 0.0, 0.0, 0.0, 4.0, 0.0, 2.0, 4.0, 0.0, 0.0]"
45,2237,1433.6020536271212,1362.7840536271212,708.1800000000001,"[0.0, 0.0, 2.0, 0.0, 0.0, 0.0, 0.0, 0.0, 0.0, 0.0, 0.0, 0.0, 4.0, 0.0, 2.0]"
45,2238,1423.1696577631074,1368.3996577631074,547.7,"[0.0, 0.0, 2.0, 0.0, 0.0, 0.0, 0.0, 0.0, 0.0, 2.0, 0.0, 0.0, 4.0, 0.0, 0.0]"
45,2239,1574.673878029521,1417.2158780295208,1574.5800000000002,"[2.0, 0.0, 2.0, 4.0, 2.0, 2.0, 0.0, 0.0, 0.0, 4.0, 0.0, 0.0, 0.0, 0.0, 0.0]"
45,2240,1435.9255613964037,1357.7395613964038,781.8600000000001,"[0.0, 0.0, 2.0, 0.0, 0.0, 0.0, 2.0, 0.0, 0.0, 0.0, 0.0, 0.0, 4.0, 0.0, 0.0]"
45,2241,1499.525149759041,1358.214149759041,1413.1100000000001,"[4.0, 0.0, 2.0, 0.0, 0.0, 0.0, 0.0, 0.0, 0.0, 4.0, 2.0, 0.0, 4.0, 0.0, 0.0]"
45,2242,1454.8571333252335,1372.0521333252334,828.0500000000001,"[0.0, 0.0, 2.0, 0.0, 0.0, 0.0, 0.0, 0.0, 0.0, 0.0, 2.0, 0.0, 4.0, 0.0, 0.0]"
45,2243,1481.773100164004,1322.977100164004,1587.96,"[0.0, 2.0, 2.0, 0.0, 0.0, 0.0, 0.0, 0.0, 0.0, 0.0, 0.0, 0.0, 4.0, 4.0, 2.0]"
45,2244,1435.9675790539445,1357.7815790539446,781.8600000000001,"[0.0, 0.0, 2.0, 0.0, 0.0, 0.0, 2.0, 0.0, 0.0, 0.0, 0.0, 0.0, 4.0, 0.0, 0.0]"
45,2245,1505.4568385515818,1439.5738385515817,658.83,"[0.0, 0.0, 0.0, 0.0, 0.0, 0.0, 0.0, 0.0, 0.0, 0.0, 0.0, 4.0, 2.0, 0.0, 0.0]"
45,2246,1558.6746460691218,1340.4906460691218,2181.84,"[0.0, 0.0, 4.0, 0.0, 2.0, 0.0, 0.0, 4.0, 4.0, 2.0, 0.0, 0.0, 4.0, 0.0, 0.0]"
45,2247,1422.4716565075635,1367.7016565075635,547.7,"[0.0, 0.0, 2.0, 0.0, 0.0, 0.0, 0.0, 0.0, 0.0, 4.0, 0.0, 0.0, 4.0, 0.0, 0.0]"
45,2248,1419.9000627784528,1365.1300627784528,547.7,"[0.0, 0.0, 2.0, 0.0, 0.0, 0.0, 0.0, 0.0, 0.0, 2.0, 0.0, 0.0, 4.0, 0.0, 0.0]"
45,2249,1529.238460398445,1348.405460398445,1808.33,"[0.0, 0.0, 2.0, 0.0, 0.0, 0.0, 4.0, 0.0, 2.0, 0.0, 4.0, 0.0, 4.0, 0.0, 0.0]"
