grid_y,grid_x,median_evacuation_time,completed_count,x_min,y_min
13,80,1.2,21,400.0,65.0
13,81,0.9,36,405.0,65.0
13,82,2.1,3,410.0,65.0
14,80,0.0,83,400.0,70.0
14,81,0.0,78,405.0,70.0
14,82,0.25,8,410.0,70.0
15,80,1.65,54,400.0,75.0
15,81,0.0,102,405.0,75.0
15,82,3.0,15,410.0,75.0
16,80,6.65,52,400.0,80.0
16,81,6.3,71,405.0,80.0
16,82,7.6,28,410.0,80.0
17,80,13.3,45,400.0,85.0
17,81,15.0,103,405.0,85.0
17,82,12.3,53,410.0,85.0
18,80,24.6001,39,400.0,90.0
18,81,27.0001,97,405.0,90.0
18,82,18.85,70,410.0,90.0
18,83,23.600099999999998,28,415.0,90.0
19,80,36.2,42,400.0,95.0
19,81,38.1,87,405.0,95.0
19,82,29.2501,80,410.0,95.0
20,80,47.1999,32,400.0,100.0
20,81,51.3998,103,405.0,100.0
20,82,38.6,95,410.0,100.0
20,83,31.4501,8,415.0,100.0
21,80,58.0997,18,400.0,105.0
21,81,61.1996,77,405.0,105.0
21,82,49.3998,92,410.0,105.0
21,83,40.8999,53,415.0,105.0
21,84,42.0499,18,420.0,105.0
22,80,67.9995,8,400.0,110.0
22,81,72.3495,86,405.0,110.0
22,82,61.0496,98,410.0,110.0
22,83,49.299800000000005,18,415.0,110.0
22,96,287.208,59,480.0,110.0
22,97,297.30899999999997,52,485.0,110.0
22,98,301.3595,36,490.0,110.0
22,99,267.007,27,495.0,110.0
22,100,255.30599999999998,6,500.0,110.0
22,130,101.049,6,650.0,110.0
23,80,75.14945,6,400.0,115.0
23,81,83.5993,103,405.0,115.0
23,82,71.1995,82,410.0,115.0
23,83,57.0497,64,415.0,115.0
23,84,63.0496,8,420.0,115.0
23,96,332.211,80,480.0,115.0
23,97,367.863,74,485.0,115.0
23,98,368.613,76,490.0,115.0
23,99,363.96299999999997,72,495.0,115.0
23,100,346.11199999999997,82,500.0,115.0
23,101,329.56100000000004,86,505.0,115.0
23,102,317.01,73,510.0,115.0
23,103,300.759,58,515.0,115.0
23,104,287.408,43,520.0,115.0
23,105,231.705,33,525.0,115.0
23,106,223.3545,28,530.0,115.0
23,107,208.2035,16,535.0,115.0
23,108,204.103,3,540.0,115.0
23,130,101.199,1,650.0,115.0
24,80,87.04925,2,400.0,120.0
24,81,94.6991,83,405.0,120.0
24,82,82.6993,80,410.0,120.0
24,83,68.2495,30,415.0,120.0
24,84,75.1994,21,420.0,120.0
24,85,65.2496,8,425.0,120.0
24,96,320.61,40,480.0,120.0
24,99,382.56399999999996,4,495.0,120.0
24,100,379.36400000000003,56,500.0,120.0
24,101,364.713,27,505.0,120.0
24,102,349.162,32,510.0,120.0
24,103,333.011,57,515.0,120.0
24,104,324.811,61,520.0,120.0
24,105,308.41,67,525.0,120.0
24,106,294.30899999999997,84,530.0,120.0
24,107,281.108,79,535.0,120.0
24,108,267.007,97,540.0,120.0
24,109,257.30600000000004,64,545.0,120.0
24,110,244.356,80,550.0,120.0
24,111,213.804,61,555.0,120.0
24,112,209.2035,44,560.0,120.0
24,113,167.301,47,565.0,120.0
24,114,147.2,25,570.0,120.0
24,115,135.849,10,575.0,120.0
24,116,127.299,9,580.0,120.0
24,130,101.599,1,650.0,120.0
25,81,107.249,80,405.0,125.0
25,82,94.1991,92,410.0,125.0
25,83,79.5994,25,415.0,125.0
25,84,298.0106,4,420.0,125.0
25,85,76.9494,22,425.0,125.0
25,95,307.71,3,475.0,125.0
25,96,325.461,14,480.0,125.0
25,100,382.614,33,500.0,125.0
25,103,342.512,33,515.0,125.0
25,104,340.2615,2,520.0,125.0
25,106,307.21,13,530.0,125.0
25,107,300.55899999999997,48,535.0,125.0
25,108,280.008,39,540.0,125.0
25,109,266.107,56,545.0,125.0
25,110,253.006,77,550.0,125.0
25,111,244.05599999999998,82,555.0,125.0
25,112,232.70499999999998,90,560.0,125.0
25,113,217.204,97,565.0,125.0
25,114,203.003,89,570.0,125.0
25,115,192.103,81,575.0,125.0
25,116,180.402,84,580.0,125.0
25,117,168.601,91,585.0,125.0
25,118,153.75,78,590.0,125.0
25,119,138.49900000000002,60,595.0,125.0
25,120,125.19900000000001,46,600.0,125.0
25,121,96.1991,49,605.0,125.0
25,122,84.6993,53,610.0,125.0
25,123,73.0995,35,615.0,125.0
25,124,66.99955,40,620.0,125.0
25,125,57.0997,47,625.0,125.0
25,126,43.4999,35,630.0,125.0
25,127,31.1001,37,635.0,125.0
25,128,19.4,32,640.0,125.0
25,129,8.7,36,645.0,125.0
25,130,2.85,20,650.0,125.0
25,131,0.0,26,655.0,125.0
25,132,0.0,32,660.0,125.0
26,81,120.799,97,405.0,130.0
26,82,108.599,98,410.0,130.0
26,83,88.4992,35,415.0,130.0
26,85,92.4992,31,425.0,130.0
26,100,387.06399999999996,46,500.0,130.0
26,103,353.312,31,515.0,130.0
26,106,315.26,26,530.0,130.0
26,107,307.81,7,535.0,130.0
26,109,267.907,5,545.0,130.0
26,110,264.007,31,550.0,130.0
26,112,232.905,12,560.0,130.0
26,113,216.704,57,565.0,130.0
26,114,203.903,53,570.0,130.0
26,115,191.803,61,575.0,130.0
26,116,179.702,79,580.0,130.0
26,117,164.601,105,585.0,130.0
26,118,151.5,87,590.0,130.0
26,119,130.799,94,595.0,130.0
26,120,113.999,77,600.0,130.0
26,121,100.099,86,605.0,130.0
26,122,87.9992,74,610.0,130.0
26,123,76.8994,109,615.0,130.0
26,124,67.1995,77,620.0,130.0
26,125,56.4997,83,625.0,130.0
26,126,46.3499,86,630.0,130.0
26,127,34.0001,99,635.0,130.0
26,128,19.75,94,640.0,130.0
26,129,10.2,87,645.0,130.0
26,130,3.5,80,650.0,130.0
26,131,0.0,77,655.0,130.0
26,132,0.0,56,660.0,130.0
27,81,134.599,82,405.0,135.0
27,82,125.449,70,410.0,135.0
27,83,104.949,56,415.0,135.0
27,85,95.3991,29,425.0,135.0
27,89,654.687,11,445.0,135.0
27,90,648.139,16,450.0,135.0
27,99,350.912,3,495.0,135.0
27,100,365.513,45,500.0,135.0
27,103,365.71299999999997,34,515.0,135.0
27,106,322.26,42,530.0,135.0
27,107,314.26,2,535.0,135.0
27,109,276.608,18,545.0,135.0
27,110,272.35699999999997,20,550.0,135.0
27,112,240.8055,2,560.0,135.0
27,113,222.404,59,565.0,135.0
27,114,206.6035,2,570.0,135.0
27,115,187.602,31,575.0,135.0
27,116,175.702,5,580.0,135.0
27,118,128.099,7,590.0,135.0
27,119,109.699,43,595.0,135.0
27,120,102.699,56,600.0,135.0
27,121,93.24915,76,605.0,135.0
27,122,78.4994,71,610.0,135.0
27,123,58.8997,35,615.0,135.0
27,124,52.1498,40,620.0,135.0
27,125,45.6999,41,625.0,135.0
27,126,39.150000000000006,64,630.0,135.0
27,127,33.9001,67,635.0,135.0
27,128,30.0001,76,640.0,135.0
27,129,19.1,77,645.0,135.0
28,81,133.199,67,405.0,140.0
28,82,136.899,75,410.0,140.0
28,83,113.199,77,415.0,140.0
28,84,115.399,1,420.0,140.0
28,85,94.2991,7,425.0,140.0
28,88,719.771,47,440.0,140.0
28,89,677.282,34,445.0,140.0
28,90,580.0554999999999,40,450.0,140.0
28,99,388.264,14,495.0,140.0
28,100,392.515,37,500.0,140.0
28,101,382.414,5,505.0,140.0
28,102,398.315,1,510.0,140.0
28,103,375.214,39,515.0,140.0
28,104,366.113,17,520.0,140.0
28,105,352.712,4,525.0,140.0
28,106,333.111,41,530.0,140.0
28,109,291.55899999999997,36,545.0,140.0
28,110,304.509,1,550.0,140.0
28,112,231.155,30,560.0,140.0
28,113,211.704,55,565.0,140.0
28,114,203.203,37,570.0,140.0
28,115,180.502,53,575.0,140.0
28,119,112.199,37,595.0,140.0
28,120,107.34899999999999,10,600.0,140.0
28,121,104.599,31,605.0,140.0
28,122,78.7994,61,610.0,140.0
28,129,23.80005,4,645.0,140.0
29,81,166.75099999999998,64,405.0,145.0
29,82,185.85199999999998,104,410.0,145.0
29,83,211.904,80,415.0,145.0
29,84,225.105,47,420.0,145.0
29,85,234.85500000000002,56,425.0,145.0
29,86,237.45499999999998,38,430.0,145.0
29,88,781.2059999999999,32,440.0,145.0
29,89,802.151,17,445.0,145.0
29,90,546.4135,30,450.0,145.0
29,91,589.403,5,455.0,145.0
29,99,388.5145,20,495.0,145.0
29,100,380.61400000000003,66,500.0,145.0
29,101,381.36400000000003,46,505.0,145.0
29,102,376.81399999999996,46,510.0,145.0
29,103,369.563,44,515.0,145.0
29,104,355.4625,28,520.0,145.0
29,105,342.512,71,525.0,145.0
29,106,321.51,55,530.0,145.0
29,107,306.209,3,535.0,145.0
29,109,295.05899999999997,38,545.0,145.0
29,111,240.305,3,555.0,145.0
29,112,223.00400000000002,70,560.0,145.0
29,113,212.304,1,565.0,145.0
29,115,149.15,36,575.0,145.0
29,116,141.149,42,580.0,145.0
29,117,134.849,28,585.0,145.0
29,118,130.549,38,590.0,145.0
29,119,121.949,78,595.0,145.0
29,120,118.099,15,600.0,145.0
29,121,118.099,31,605.0,145.0
29,122,103.899,85,610.0,145.0
30,81,163.801,74,405.0,150.0
30,82,186.202,71,410.0,150.0
30,83,200.353,80,415.0,150.0
30,84,234.555,48,420.0,150.0
30,85,243.4555,2,425.0,150.0
30,86,241.3055,38,430.0,150.0
30,88,819.847,5,440.0,150.0
30,89,769.009,6,445.0,150.0
30,90,491.521,19,450.0,150.0
30,91,446.168,24,455.0,150.0
30,93,615.797,5,465.0,150.0
30,94,655.987,25,470.0,150.0
30,95,736.4175,44,475.0,150.0
30,96,777.607,34,480.0,150.0
30,97,873.134,11,485.0,150.0
30,99,1249.64,8,495.0,150.0
30,100,1156.165,20,500.0,150.0
30,105,296.809,57,525.0,150.0
30,106,287.808,58,530.0,150.0
30,107,293.909,57,535.0,150.0
30,108,271.35699999999997,50,540.0,150.0
30,109,274.00750000000005,70,545.0,150.0
30,110,252.506,37,550.0,150.0
30,111,241.906,47,555.0,150.0
30,112,208.7035,46,560.0,150.0
30,114,160.501,53,570.0,150.0
30,115,154.8,21,575.0,150.0
30,119,165.801,42,595.0,150.0
30,120,151.8,90,600.0,150.0
30,121,136.999,77,605.0,150.0
30,122,134.399,75,610.0,150.0
31,80,125.499,8,400.0,155.0
31,81,157.85,82,405.0,155.0
31,82,165.45100000000002,34,410.0,155.0
31,83,230.905,46,415.0,155.0
31,84,255.756,78,420.0,155.0
31,90,413.26599999999996,34,450.0,155.0
31,91,444.568,58,455.0,155.0
31,92,527.968,68,460.0,155.0
31,93,641.2405,64,465.0,155.0
31,94,738.2165,42,470.0,155.0
31,95,832.594,14,475.0,155.0
31,97,998.303,42,485.0,155.0
31,98,1082.78,35,490.0,155.0
31,99,1160.06,51,495.0,155.0
31,100,1177.26,25,500.0,155.0
31,105,310.91,35,525.0,155.0
31,109,299.409,3,545.0,155.0
31,110,255.106,10,550.0,155.0
31,111,225.6045,36,555.0,155.0
31,112,200.303,9,560.0,155.0
31,113,164.901,5,565.0,155.0
31,114,161.501,19,570.0,155.0
31,120,210.804,44,600.0,155.0
31,121,185.55200000000002,86,605.0,155.0
31,122,182.102,78,610.0,155.0
32,69,3.3,2,345.0,160.0
32,70,3.2,19,350.0,160.0
32,71,4.75,16,355.0,160.0
32,80,110.399,35,400.0,160.0
32,81,145.0,85,405.0,160.0
32,82,153.0,18,410.0,160.0
32,83,239.305,3,415.0,160.0
32,84,273.007,1,420.0,160.0
32,90,370.21299999999997,54,450.0,160.0
32,91,397.315,13,455.0,160.0
32,92,581.2055,36,460.0,160.0
32,95,902.127,16,475.0,160.0
32,96,935.3185,40,480.0,160.0
32,97,980.3575000000001,64,485.0,160.0
32,98,1034.145,18,490.0,160.0
32,99,1226.55,10,495.0,160.0
32,100,1253.245,22,500.0,160.0
32,105,325.311,33,525.0,160.0
32,111,213.504,33,555.0,160.0
32,113,169.051,20,565.0,160.0
32,114,165.101,12,570.0,160.0
32,120,268.007,5,600.0,160.0
32,121,166.901,87,605.0,160.0
32,122,156.5,88,610.0,160.0
32,123,138.399,3,615.0,160.0
33,69,0.95,46,345.0,165.0
33,70,0.0,99,350.0,165.0
33,71,2.15,46,355.0,165.0
33,77,72.29945000000001,4,385.0,165.0
33,78,80.9993,18,390.0,165.0
33,79,98.09909999999999,34,395.0,165.0
33,80,116.699,63,400.0,165.0
33,81,134.299,73,405.0,165.0
33,82,149.15,12,410.0,165.0
33,89,334.511,1,445.0,165.0
33,90,344.012,22,450.0,165.0
33,92,759.762,39,460.0,165.0
33,93,736.717,10,465.0,165.0
33,95,845.0405000000001,14,475.0,165.0
33,96,875.433,39,480.0,165.0
33,97,932.219,23,485.0,165.0
33,98,998.2529999999999,72,490.0,165.0
33,99,1129.37,80,495.0,165.0
33,100,1223.65,18,500.0,165.0
33,105,330.911,39,525.0,165.0
33,110,286.908,3,550.0,165.0
33,111,226.405,40,555.0,165.0
33,113,180.302,47,565.0,165.0
33,119,235.405,9,595.0,165.0
33,120,214.85399999999998,76,600.0,165.0
33,121,133.799,91,605.0,165.0
33,122,118.599,89,610.0,165.0
33,123,108.899,9,615.0,165.0
34,48,4.2,3,240.0,170.0
34,49,2.8499999999999996,12,245.0,170.0
34,50,3.6500000000000004,26,250.0,170.0
34,51,5.8,5,255.0,170.0
34,69,0.0,29,345.0,170.0
34,70,0.0,83,350.0,170.0
34,71,1.65,76,355.0,170.0
34,72,12.1,19,360.0,170.0
34,73,27.350099999999998,44,365.0,170.0
34,74,45.6499,48,370.0,170.0
34,75,60.6996,72,375.0,170.0
34,76,75.74940000000001,80,380.0,170.0
34,77,90.9992,79,385.0,170.0
34,78,105.499,98,390.0,170.0
34,79,118.299,73,395.0,170.0
34,80,132.199,93,400.0,170.0
34,81,154.75,52,405.0,170.0
34,89,312.11,7,445.0,170.0
34,90,328.01099999999997,24,450.0,170.0
34,92,718.4715,12,460.0,170.0
34,93,652.388,57,465.0,170.0
34,95,833.344,3,475.0,170.0
34,96,813.0985000000001,40,480.0,170.0
34,97,1020.8,1,485.0,170.0
34,98,937.818,43,490.0,170.0
34,99,1137.07,25,495.0,170.0
34,100,1196.705,36,500.0,170.0
34,104,462.619,5,520.0,170.0
34,105,543.914,23,525.0,170.0
34,108,434.217,12,540.0,170.0
34,110,235.605,13,550.0,170.0
34,111,230.055,18,555.0,170.0
34,113,179.702,39,565.0,170.0
34,118,224.404,1,590.0,170.0
34,119,236.005,68,595.0,170.0
34,120,161.101,81,600.0,170.0
34,121,111.199,38,605.0,170.0
34,122,91.8992,91,610.0,170.0
34,123,79.5994,12,615.0,170.0
35,48,2.1,10,240.0,175.0
35,49,0.0,94,245.0,175.0
35,50,0.0,82,250.0,175.0
35,51,4.0,23,255.0,175.0
35,64,81.8993,1,320.0,175.0
35,65,79.7994,9,325.0,175.0
35,66,49.7998,21,330.0,175.0
35,67,33.5001,34,335.0,175.0
35,68,19.2,59,340.0,175.0
35,69,6.3,64,345.0,175.0
35,70,4.0,78,350.0,175.0
35,71,6.55,88,355.0,175.0
35,72,14.7,109,360.0,175.0
35,73,24.8001,85,365.0,175.0
35,74,40.8999,95,370.0,175.0
35,75,56.5497,92,375.0,175.0
35,76,72.0495,86,380.0,175.0
35,77,85.1993,92,385.0,175.0
35,78,85.4993,77,390.0,175.0
35,79,94.3991,19,395.0,175.0
35,80,113.19900000000001,62,400.0,175.0
35,81,165.951,58,405.0,175.0
35,83,199.653,8,415.0,175.0
35,84,220.904,39,420.0,175.0
35,85,254.856,38,425.0,175.0
35,86,254.706,40,430.0,175.0
35,87,261.807,35,435.0,175.0
35,88,277.058,30,440.0,175.0
35,89,279.95799999999997,36,445.0,175.0
35,90,314.81,40,450.0,175.0
35,91,346.012,29,455.0,175.0
35,92,426.817,48,460.0,175.0
35,93,478.07,36,465.0,175.0
35,94,574.607,35,470.0,175.0
35,95,634.142,32,475.0,175.0
35,96,713.8225,58,480.0,175.0
35,97,855.138,47,485.0,175.0
35,98,888.73,55,490.0,175.0
35,99,948.1155000000001,6,495.0,175.0
35,100,1079.18,40,500.0,175.0
35,101,1231.045,10,505.0,175.0
35,102,1227.25,27,510.0,175.0
35,103,1274.74,39,515.0,175.0
35,104,470.66949999999997,16,520.0,175.0
35,105,458.219,35,525.0,175.0
35,106,459.619,17,530.0,175.0
35,108,446.818,32,540.0,175.0
35,109,382.36400000000003,30,545.0,175.0
35,110,441.168,36,550.0,175.0
35,111,376.714,3,555.0,175.0
35,113,186.752,20,565.0,175.0
35,117,280.558,2,585.0,175.0
35,118,279.50800000000004,56,590.0,175.0
35,119,222.454,98,595.0,175.0
35,120,160.5005,22,600.0,175.0
35,121,84.3993,5,605.0,175.0
35,122,71.4995,85,610.0,175.0
35,123,49.2498,22,615.0,175.0
36,49,0.0,82,245.0,180.0
36,50,0.0,98,250.0,180.0
36,51,4.15,34,255.0,180.0
36,55,116.499,1,275.0,180.0
36,56,142.399,11,280.0,180.0
36,57,177.902,22,285.0,180.0
36,58,213.104,29,290.0,180.0
36,59,241.206,39,295.0,180.0
36,60,228.155,52,300.0,180.0
36,61,198.553,62,305.0,180.0
36,62,160.601,85,310.0,180.0
36,63,133.399,76,315.0,180.0
36,64,104.099,81,320.0,180.0
36,65,75.04939999999999,100,325.0,180.0
36,66,54.9997,75,330.0,180.0
36,67,45.4999,87,335.0,180.0
36,68,30.6001,79,340.0,180.0
36,69,12.2,74,345.0,180.0
36,70,11.9,100,350.0,180.0
36,71,11.1,85,355.0,180.0
36,72,25.4501,88,360.0,180.0
36,73,36.25,80,365.0,180.0
36,74,40.7999,63,370.0,180.0
36,75,48.549800000000005,40,375.0,180.0
36,76,56.4997,39,380.0,180.0
36,77,63.3996,23,385.0,180.0
36,78,65.84955,12,390.0,180.0
36,79,138.099,7,395.0,180.0
36,80,128.249,56,400.0,180.0
36,81,180.952,74,405.0,180.0
36,82,196.103,38,410.0,180.0
36,83,218.704,23,415.0,180.0
36,84,234.555,6,420.0,180.0
36,85,294.05899999999997,8,425.0,180.0
36,86,289.8585,40,430.0,180.0
36,88,277.108,2,440.0,180.0
36,89,313.96000000000004,42,445.0,180.0
36,90,294.6085,12,450.0,180.0
36,91,351.112,9,455.0,180.0
36,92,391.815,15,460.0,180.0
36,93,483.32,35,465.0,180.0
36,94,521.52,21,470.0,180.0
36,95,570.608,7,475.0,180.0
36,96,783.456,41,480.0,180.0
36,97,850.339,19,485.0,180.0
36,98,920.7225000000001,24,490.0,180.0
36,99,997.6034999999999,44,495.0,180.0
36,100,1050.49,91,500.0,180.0
36,101,1148.67,31,505.0,180.0
36,102,1285.48,16,510.0,180.0
36,103,1286.58,22,515.0,180.0
36,106,469.6195,32,530.0,180.0
36,108,403.915,35,540.0,180.0
36,109,363.113,18,545.0,180.0
36,110,361.8625,42,550.0,180.0
36,111,346.512,44,555.0,180.0
36,112,196.503,15,560.0,180.0
36,113,183.502,21,565.0,180.0
36,116,270.207,11,580.0,180.0
36,117,317.81,79,585.0,180.0
36,118,265.607,79,590.0,180.0
36,119,221.00400000000002,28,595.0,180.0
36,121,66.9995,5,605.0,180.0
36,122,49.2998,91,610.0,180.0
36,123,29.9001,42,615.0,180.0
36,124,24.5001,14,620.0,180.0
36,125,23.2001,3,625.0,180.0
36,126,17.450000000000003,2,630.0,180.0
37,49,4.0,51,245.0,185.0
37,50,5.4,101,250.0,185.0
37,51,11.1,97,255.0,185.0
37,52,19.9,69,260.0,185.0
37,53,29.2001,54,265.0,185.0
37,54,51.4998,79,270.0,185.0
37,55,97.5991,73,275.0,185.0
37,56,147.2,100,280.0,185.0
37,57,206.90300000000002,96,285.0,185.0
37,58,256.106,74,290.0,185.0
37,59,286.70799999999997,84,295.0,185.0
37,60,250.706,85,300.0,185.0
37,61,156.0,82,305.0,185.0
37,62,123.899,95,310.0,185.0
37,63,102.999,87,315.0,185.0
37,64,90.3992,77,320.0,185.0
37,65,82.0993,91,325.0,185.0
37,66,74.4994,79,330.0,185.0
37,67,60.9996,69,335.0,185.0
37,68,32.7501,48,340.0,185.0
37,69,17.299999999999997,38,345.0,185.0
37,70,20.3,33,350.0,185.0
37,71,14.0,18,355.0,185.0
37,72,21.3,3,360.0,185.0
37,76,226.005,7,380.0,185.0
37,77,190.302,50,385.0,185.0
37,78,164.351,36,390.0,185.0
37,79,156.5,41,395.0,185.0
37,80,139.599,11,400.0,185.0
37,81,197.703,26,405.0,185.0
37,82,224.0045,38,410.0,185.0
37,83,280.808,2,415.0,185.0
37,86,309.46000000000004,66,430.0,185.0
37,89,337.511,1,445.0,185.0
37,93,487.5705,30,465.0,185.0
37,96,855.538,35,480.0,185.0
37,100,1111.63,42,500.0,185.0
37,101,1129.2199999999998,18,505.0,185.0
37,103,520.9195,12,515.0,185.0
37,105,491.721,31,525.0,185.0
37,106,434.067,68,530.0,185.0
37,107,431.517,11,535.0,185.0
37,108,420.316,29,540.0,185.0
37,110,352.36199999999997,30,550.0,185.0
37,111,307.3095,4,555.0,185.0
37,115,321.51,17,575.0,185.0
37,116,307.5595,50,580.0,185.0
37,117,317.51,38,585.0,185.0
37,118,272.257,70,590.0,185.0
37,119,270.60699999999997,2,595.0,185.0
37,122,66.0996,85,610.0,185.0
37,123,40.5,19,615.0,185.0
37,124,25.1001,12,620.0,185.0
37,125,21.45,26,625.0,185.0
37,126,16.85,52,630.0,185.0
37,127,13.8,54,635.0,185.0
37,128,9.7,71,640.0,185.0
37,129,4.65,66,645.0,185.0
37,130,3.0,43,650.0,185.0
37,131,5.4,28,655.0,185.0
38,48,20.85,12,240.0,190.0
38,49,12.75,58,245.0,190.0
38,50,11.4,83,250.0,190.0
38,51,18.95,92,255.0,190.0
38,52,33.6001,85,260.0,190.0
38,53,42.5499,82,265.0,190.0
38,54,51.8998,78,270.0,190.0
38,55,66.7996,91,275.0,190.0
38,56,95.54910000000001,86,280.0,190.0
38,57,143.9,97,285.0,190.0
38,58,204.90300000000002,106,290.0,190.0
38,59,251.706,109,295.0,190.0
38,60,200.503,73,300.0,190.0
38,61,139.99900000000002,38,305.0,190.0
38,62,125.399,29,310.0,190.0
38,63,122.999,31,315.0,190.0
38,64,103.499,29,320.0,190.0
38,70,189.8525,8,350.0,190.0
38,71,195.503,27,355.0,190.0
38,72,219.004,31,360.0,190.0
38,73,226.2045,2,365.0,190.0
38,76,233.405,13,380.0,190.0
38,77,233.605,13,385.0,190.0
38,79,206.95299999999997,36,395.0,190.0
38,82,246.606,73,410.0,190.0
38,83,280.808,37,415.0,190.0
38,86,320.61,43,430.0,190.0
38,89,375.61400000000003,2,445.0,190.0
38,92,514.571,18,460.0,190.0
38,93,500.021,35,465.0,190.0
38,96,859.387,28,480.0,190.0
38,97,885.231,10,485.0,190.0
38,99,1298.13,22,495.0,190.0
38,100,1196.105,58,500.0,190.0
38,101,1133.37,1,505.0,190.0
38,102,638.391,7,510.0,190.0
38,103,557.611,47,515.0,190.0
38,105,462.519,40,525.0,190.0
38,106,412.616,6,530.0,190.0
38,107,409.616,21,535.0,190.0
38,108,389.115,53,540.0,190.0
38,109,416.56600000000003,12,545.0,190.0
38,110,300.959,30,550.0,190.0
38,113,313.40999999999997,22,565.0,190.0
38,114,312.61,32,570.0,190.0
38,115,330.811,33,575.0,190.0
38,118,132.499,52,590.0,190.0
38,119,114.499,37,595.0,190.0
38,121,93.39915,16,605.0,190.0
38,122,90.5492,84,610.0,190.0
38,123,74.5994,41,615.0,190.0
38,127,12.1,21,635.0,190.0
38,128,7.05,78,640.0,190.0
38,129,0.5,87,645.0,190.0
38,130,0.0,81,650.0,190.0
38,131,2.1,71,655.0,190.0
39,48,26.350099999999998,32,240.0,195.0
39,49,28.600099999999998,78,245.0,195.0
39,50,22.1,103,250.0,195.0
39,51,23.1001,97,255.0,195.0
39,52,47.14985,90,260.0,195.0
39,53,75.8994,102,265.0,195.0
39,54,86.3493,74,270.0,195.0
39,55,78.1994,75,275.0,195.0
39,56,89.94919999999999,96,280.0,195.0
39,57,109.749,68,285.0,195.0
39,58,133.699,31,290.0,195.0
39,59,177.502,82,295.0,195.0
39,60,220.404,15,300.0,195.0
39,63,127.299,13,315.0,195.0
39,64,96.6491,28,320.0,195.0
39,65,129.24900000000002,12,325.0,195.0
39,66,147.45,30,330.0,195.0
39,67,163.301,38,335.0,195.0
39,68,170.001,37,340.0,195.0
39,69,175.902,43,345.0,195.0
39,70,187.402,35,350.0,195.0
39,71,207.4035,24,355.0,195.0
39,72,256.80649999999997,10,360.0,195.0
39,73,233.105,19,365.0,195.0
39,76,264.507,3,380.0,195.0
39,77,250.05599999999998,24,385.0,195.0
39,79,221.654,34,395.0,195.0
39,82,236.505,31,410.0,195.0
39,83,287.558,24,415.0,195.0
39,86,349.66200000000003,24,430.0,195.0
39,87,356.213,39,435.0,195.0
39,88,384.814,23,440.0,195.0
39,89,415.816,25,445.0,195.0
39,90,409.416,9,450.0,195.0
39,92,538.616,15,460.0,195.0
39,93,556.911,29,465.0,195.0
39,96,908.725,16,480.0,195.0
39,97,887.13,9,485.0,195.0
39,100,1287.03,31,500.0,195.0
39,101,1291.03,4,505.0,195.0
39,102,654.2370000000001,32,510.0,195.0
39,103,582.605,7,515.0,195.0
39,104,490.27099999999996,12,520.0,195.0
39,105,508.422,23,525.0,195.0
39,107,391.115,21,535.0,195.0
39,108,387.4145,2,540.0,195.0
39,109,359.813,37,545.0,195.0
39,110,351.312,43,550.0,195.0
39,111,331.56100000000004,44,555.0,195.0
39,112,316.11,47,560.0,195.0
39,113,312.26,28,565.0,195.0
39,118,126.599,39,590.0,195.0
39,119,122.499,75,595.0,195.0
39,121,91.6492,12,605.0,195.0
39,122,81.3993,11,610.0,195.0
39,123,68.4995,63,615.0,195.0
39,124,49.7998,1,620.0,195.0
39,127,12.2,26,635.0,195.0
39,128,7.799995,98,640.0,195.0
39,129,1.2,91,645.0,195.0
39,130,0.0,94,650.0,195.0
39,131,2.7,55,655.0,195.0
40,34,371.213,1,170.0,200.0
40,44,239.705,17,220.0,200.0
40,45,211.00400000000002,52,225.0,200.0
40,46,104.099,39,230.0,200.0
40,47,55.4497,24,235.0,200.0
40,48,37.95,36,240.0,200.0
40,49,50.049800000000005,84,245.0,200.0
40,50,41.6999,79,250.0,200.0
40,51,30.6001,87,255.0,200.0
40,52,41.3999,89,260.0,200.0
40,53,92.5992,73,265.0,200.0
40,54,135.399,85,270.0,200.0
40,55,141.949,74,275.0,200.0
40,56,142.399,86,280.0,200.0
40,57,141.099,91,285.0,200.0
40,58,158.4,61,290.0,200.0
40,59,175.101,69,295.0,200.0
40,60,201.603,48,300.0,200.0
40,61,209.55349999999999,38,305.0,200.0
40,64,140.099,38,320.0,200.0
40,65,137.399,18,325.0,200.0
40,66,193.0525,14,330.0,200.0
40,67,218.904,37,335.0,200.0
40,68,243.006,35,340.0,200.0
40,69,253.506,37,345.0,200.0
40,70,264.907,23,350.0,200.0
40,71,222.004,31,355.0,200.0
40,72,286.108,1,360.0,200.0
40,73,244.706,35,365.0,200.0
40,74,327.511,27,370.0,200.0
40,75,318.06,20,375.0,200.0
40,76,294.109,33,380.0,200.0
40,77,275.108,35,385.0,200.0
40,79,230.155,34,395.0,200.0
40,82,226.405,12,410.0,200.0
40,83,273.057,50,415.0,200.0
40,86,381.714,31,430.0,200.0
40,87,390.515,32,435.0,200.0
40,93,618.296,55,465.0,200.0
40,96,903.926,3,480.0,200.0
40,97,920.3725,28,485.0,200.0
40,100,683.0799999999999,32,500.0,200.0
40,101,637.491,23,505.0,200.0
40,102,588.0535,28,510.0,200.0
40,104,520.02,30,520.0,200.0
40,105,492.271,2,525.0,200.0
40,107,418.26599999999996,42,535.0,200.0
40,111,354.312,11,555.0,200.0
40,112,346.16200000000003,36,560.0,200.0
40,118,113.69900000000001,12,590.0,200.0
40,119,116.399,82,595.0,200.0
40,120,99.999,35,600.0,200.0
40,123,57.899699999999996,44,615.0,200.0
40,124,39.5,34,620.0,200.0
40,126,18.6,27,630.0,200.0
40,127,19.4,66,635.0,200.0
40,128,15.35,100,640.0,200.0
40,129,7.0,111,645.0,200.0
40,130,5.7,69,650.0,200.0
40,131,7.05,60,655.0,200.0
41,34,374.314,61,170.0,205.0
41,35,367.313,63,175.0,205.0
41,36,354.012,35,180.0,205.0
41,37,334.711,28,185.0,205.0
41,38,349.012,9,190.0,205.0
41,39,320.5605,2,195.0,205.0
41,43,286.508,26,215.0,205.0
41,44,246.306,76,220.0,205.0
41,45,190.702,91,225.0,205.0
41,46,141.699,87,230.0,205.0
41,47,84.0993,92,235.0,205.0
41,48,59.6997,83,240.0,205.0
41,49,81.0993,91,245.0,205.0
41,50,69.3495,92,250.0,205.0
41,51,43.8999,98,255.0,205.0
41,52,50.2498,88,260.0,205.0
41,53,82.6993,53,265.0,205.0
41,54,122.499,11,270.0,205.0
41,55,157.6,81,275.0,205.0
41,56,210.104,93,280.0,205.0
41,57,209.104,33,285.0,205.0
41,58,204.853,8,290.0,205.0
41,59,209.654,8,295.0,205.0
41,60,220.704,1,300.0,205.0
41,61,225.1045,10,305.0,205.0
41,64,162.00099999999998,22,320.0,205.0
41,65,166.451,60,325.0,205.0
41,66,192.4525,20,330.0,205.0
41,67,235.1055,4,335.0,205.0
41,71,241.30599999999998,32,355.0,205.0
41,73,245.006,28,365.0,205.0
41,74,343.812,43,370.0,205.0
41,75,298.85900000000004,12,375.0,205.0
41,77,722.2705,8,385.0,205.0
41,79,248.806,19,395.0,205.0
41,80,277.808,13,400.0,205.0
41,83,266.007,63,415.0,205.0
41,86,437.4675,2,430.0,205.0
41,87,442.218,37,435.0,205.0
41,90,542.1645,2,450.0,205.0
41,93,670.683,53,465.0,205.0
41,97,939.318,33,485.0,205.0
41,100,639.991,1,500.0,205.0
41,101,660.286,13,505.0,205.0
41,102,593.302,40,510.0,205.0
41,103,558.911,51,515.0,205.0
41,104,528.418,66,520.0,205.0
41,105,506.122,14,525.0,205.0
41,106,445.46799999999996,16,530.0,205.0
41,107,409.516,19,535.0,205.0
41,112,361.963,48,560.0,205.0
41,119,101.999,60,595.0,205.0
41,120,94.4991,82,600.0,205.0
41,121,75.6994,1,605.0,205.0
41,123,46.6999,12,615.0,205.0
41,124,35.9,80,620.0,205.0
41,125,35.1,81,625.0,205.0
41,126,35.9,94,630.0,205.0
41,127,32.6001,71,635.0,205.0
41,128,21.2,49,640.0,205.0
41,129,12.6,50,645.0,205.0
41,130,12.05,42,650.0,205.0
41,131,10.2,23,655.0,205.0
42,34,386.514,29,170.0,210.0
42,35,368.46299999999997,36,175.0,210.0
42,36,345.41200000000003,46,180.0,210.0
42,37,335.361,34,185.0,210.0
42,38,327.011,65,190.0,210.0
42,39,317.11,82,195.0,210.0
42,40,308.40999999999997,76,200.0,210.0
42,41,295.409,63,205.0,210.0
42,42,271.807,44,210.0,210.0
42,43,253.306,55,215.0,210.0
42,44,220.304,87,220.0,210.0
42,45,201.353,92,225.0,210.0
42,46,178.10199999999998,72,230.0,210.0
42,47,144.35,82,235.0,210.0
42,48,83.4993,63,240.0,210.0
42,49,110.749,86,245.0,210.0
42,50,103.299,77,250.0,210.0
42,51,64.0996,87,255.0,210.0
42,52,56.6997,79,260.0,210.0
42,53,86.0493,94,265.0,210.0
42,54,110.749,82,270.0,210.0
42,55,197.653,62,275.0,210.0
42,56,241.006,39,280.0,210.0
42,64,175.702,3,320.0,210.0
42,65,168.701,31,325.0,210.0
42,71,268.407,46,355.0,210.0
42,73,257.907,25,365.0,210.0
42,74,394.065,26,370.0,210.0
42,75,358.713,21,375.0,210.0
42,77,606.049,32,385.0,210.0
42,79,251.9565,2,395.0,210.0
42,80,304.509,39,400.0,210.0
42,83,277.208,53,415.0,210.0
42,90,530.4175,8,450.0,210.0
42,91,521.32,15,455.0,210.0
42,93,758.662,53,465.0,210.0
42,94,711.873,3,470.0,210.0
42,97,978.058,30,485.0,210.0
42,102,604.999,35,510.0,210.0
42,104,558.811,25,520.0,210.0
42,105,512.522,25,525.0,210.0
42,106,471.42,57,530.0,210.0
42,107,523.719,65,535.0,210.0
42,108,627.594,41,540.0,210.0
42,109,634.1925,24,545.0,210.0
42,110,669.384,30,550.0,210.0
42,112,386.314,39,560.0,210.0
42,119,87.7992,9,595.0,210.0
42,120,80.1993,87,600.0,210.0
42,121,63.699600000000004,34,605.0,210.0
42,122,54.3497,36,610.0,210.0
42,123,52.6998,81,615.0,210.0
42,124,53.1998,75,620.0,210.0
42,125,49.9998,54,625.0,210.0
42,126,41.6999,11,630.0,210.0
43,38,311.41,25,190.0,215.0
43,39,311.21,31,195.0,215.0
43,40,291.209,26,200.0,215.0
43,41,279.20799999999997,42,205.0,215.0
43,42,265.207,53,210.0,215.0
43,43,263.007,75,215.0,215.0
43,44,264.707,73,220.0,215.0
43,45,253.606,93,225.0,215.0
43,46,203.403,93,230.0,215.0
43,47,133.24900000000002,82,235.0,215.0
43,48,110.049,104,240.0,215.0
43,49,133.99900000000002,78,245.0,215.0
43,50,129.699,93,250.0,215.0
43,51,85.79929999999999,106,255.0,215.0
43,52,67.5995,49,260.0,215.0
43,53,76.2994,3,265.0,215.0
43,63,232.505,11,315.0,215.0
43,64,206.20299999999997,40,320.0,215.0
43,65,179.902,45,325.0,215.0
43,71,283.908,31,355.0,215.0
43,72,278.658,16,360.0,215.0
43,73,290.309,27,365.0,215.0
43,74,351.312,16,370.0,215.0
43,75,410.916,31,375.0,215.0
43,77,584.2545,26,385.0,215.0
43,78,884.231,1,390.0,215.0
43,80,344.212,47,400.0,215.0
43,83,269.757,40,415.0,215.0
43,84,315.61,17,420.0,215.0
43,91,518.1705,30,455.0,215.0
43,93,820.647,9,465.0,215.0
43,94,751.164,5,470.0,215.0
43,97,986.106,35,485.0,215.0
43,102,652.388,23,510.0,215.0
43,103,621.895,19,515.0,215.0
43,104,557.111,30,520.0,215.0
43,107,552.512,51,535.0,215.0
43,108,620.496,1,540.0,215.0
43,112,218.704,46,560.0,215.0
43,113,234.505,8,565.0,215.0
43,117,103.999,34,585.0,215.0
43,120,72.14949999999999,48,600.0,215.0
43,121,66.2996,91,605.0,215.0
43,122,68.5995,77,610.0,215.0
43,123,64.34960000000001,38,615.0,215.0
43,124,57.3997,7,620.0,215.0
44,38,324.661,22,190.0,220.0
44,44,248.45600000000002,16,220.0,220.0
44,45,218.704,15,225.0,220.0
44,46,181.80200000000002,44,230.0,220.0
44,47,136.299,49,235.0,220.0
44,48,127.699,71,240.0,220.0
44,49,152.9,69,245.0,220.0
44,50,159.201,81,250.0,220.0
44,51,113.299,94,255.0,220.0
44,52,79.4494,66,260.0,220.0
44,58,241.156,4,290.0,220.0
44,59,259.007,23,295.0,220.0
44,60,354.462,38,300.0,220.0
44,61,320.01,44,305.0,220.0
44,62,286.708,57,310.0,220.0
44,63,268.107,45,315.0,220.0
44,64,226.505,19,320.0,220.0
44,65,210.954,54,325.0,220.0
44,66,207.803,3,330.0,220.0
44,71,295.309,35,355.0,220.0
44,72,293.309,23,360.0,220.0
44,75,437.36749999999995,38,375.0,220.0
44,77,613.197,9,385.0,220.0
44,78,562.76,24,390.0,220.0
44,80,378.914,35,400.0,220.0
44,81,420.616,1,405.0,220.0
44,83,283.408,34,415.0,220.0
44,84,312.41,31,420.0,220.0
44,88,436.917,17,440.0,220.0
44,89,438.1675,40,445.0,220.0
44,90,458.71900000000005,40,450.0,220.0
44,91,483.91999999999996,42,455.0,220.0
44,97,1022.9,28,485.0,220.0
44,102,653.288,53,510.0,220.0
44,103,650.588,80,515.0,220.0
44,104,589.903,21,520.0,220.0
44,105,687.379,1,525.0,220.0
44,107,561.01,52,535.0,220.0
44,112,206.703,5,560.0,220.0
44,113,226.305,47,565.0,220.0
44,115,243.406,13,575.0,220.0
44,116,111.649,30,580.0,220.0
44,117,111.199,9,585.0,220.0
44,118,97.1491,36,590.0,220.0
44,119,82.8493,30,595.0,220.0
44,120,85.3993,83,600.0,220.0
44,121,84.0993,63,605.0,220.0
44,122,82.9993,6,610.0,220.0
45,38,341.41200000000003,28,190.0,225.0
45,43,708.424,28,215.0,225.0
45,46,151.7,12,230.0,225.0
45,47,142.399,17,235.0,225.0
45,49,183.402,17,245.0,225.0
45,50,175.3015,38,250.0,225.0
45,51,155.0,73,255.0,225.0
45,52,101.299,72,260.0,225.0
45,54,136.74900000000002,4,270.0,225.0
45,55,180.102,18,275.0,225.0
45,56,224.0045,38,280.0,225.0
45,57,272.007,59,285.0,225.0
45,58,303.309,71,290.0,225.0
45,59,323.76099999999997,44,295.0,225.0
45,60,380.814,79,300.0,225.0
45,62,320.51,1,310.0,225.0
45,63,308.86,26,315.0,225.0
45,65,232.105,29,325.0,225.0
45,66,215.904,17,330.0,225.0
45,67,230.60500000000002,2,335.0,225.0
45,68,272.357,16,340.0,225.0
45,69,290.709,29,345.0,225.0
45,70,374.214,23,350.0,225.0
45,71,386.014,19,355.0,225.0
45,72,299.30899999999997,42,360.0,225.0
45,75,457.219,35,375.0,225.0
45,78,536.366,32,390.0,225.0
45,80,382.714,25,400.0,225.0
45,81,424.51649999999995,16,405.0,225.0
45,83,305.409,23,415.0,225.0
45,84,320.90999999999997,62,420.0,225.0
45,85,356.513,35,425.0,225.0
45,86,376.31399999999996,44,430.0,225.0
45,87,396.465,24,435.0,225.0
45,88,408.41549999999995,14,440.0,225.0
45,89,418.716,1,445.0,225.0
45,97,1071.69,9,485.0,225.0
45,98,1061.39,11,490.0,225.0
45,102,643.34,34,510.0,225.0
45,103,649.9884999999999,66,515.0,225.0
45,104,626.0445,42,520.0,225.0
45,105,598.1510000000001,32,525.0,225.0
45,106,590.953,12,530.0,225.0
45,107,612.4975,62,535.0,225.0
45,108,585.504,6,540.0,225.0
45,113,205.653,48,565.0,225.0
45,114,225.705,41,570.0,225.0
45,115,245.80599999999998,26,575.0,225.0
45,118,104.649,40,590.0,225.0
45,119,105.799,77,595.0,225.0
45,120,104.199,18,600.0,225.0
45,121,94.14914999999999,12,605.0,225.0
45,122,96.3991,13,610.0,225.0
46,38,333.361,26,190.0,230.0
46,42,667.284,1,210.0,230.0
46,43,714.173,37,215.0,230.0
46,46,159.0005,20,230.0,230.0
46,47,135.599,4,235.0,230.0
46,49,188.902,33,245.0,230.0
46,51,174.9015,40,255.0,230.0
46,52,129.399,83,260.0,230.0
46,53,111.049,84,265.0,230.0
46,54,150.85,78,270.0,230.0
46,55,230.455,66,275.0,230.0
46,56,283.308,40,280.0,230.0
46,57,300.009,23,285.0,230.0
46,58,313.36,2,290.0,230.0
46,60,404.56550000000004,24,300.0,230.0
46,63,338.011,41,315.0,230.0
46,65,261.0565,2,325.0,230.0
46,66,237.705,47,330.0,230.0
46,67,243.30599999999998,28,335.0,230.0
46,68,320.51,29,340.0,230.0
46,69,401.265,32,345.0,230.0
46,72,308.71,45,360.0,230.0
46,73,308.31,27,365.0,230.0
46,74,320.71,41,370.0,230.0
46,75,465.769,42,375.0,230.0
46,78,555.4114999999999,24,390.0,230.0
46,80,401.915,19,400.0,230.0
46,81,444.818,45,405.0,230.0
46,84,331.611,55,420.0,230.0
46,91,1318.23,15,455.0,230.0
46,92,1335.82,29,460.0,230.0
46,93,1298.58,24,465.0,230.0
46,97,927.521,1,485.0,230.0
46,98,1043.09,25,490.0,230.0
46,102,631.493,23,510.0,230.0
46,103,663.385,19,515.0,230.0
46,104,683.18,1,520.0,230.0
46,107,614.597,27,535.0,230.0
46,108,657.287,29,540.0,230.0
46,113,188.402,47,565.0,230.0
46,114,200.303,23,570.0,230.0
46,117,118.999,40,585.0,230.0
46,118,128.899,77,590.0,230.0
46,119,134.399,21,595.0,230.0
46,122,101.59899999999999,32,610.0,230.0
47,37,364.513,1,185.0,235.0
47,38,347.86199999999997,30,190.0,235.0
47,42,687.979,25,210.0,235.0
47,43,700.626,8,215.0,235.0
47,46,151.7,27,230.0,235.0
47,49,197.203,47,245.0,235.0
47,50,216.25400000000002,18,250.0,235.0
47,51,202.45299999999997,14,255.0,235.0
47,52,172.601,104,260.0,235.0
47,53,140.599,51,265.0,235.0
47,60,406.916,20,300.0,235.0
47,61,407.616,25,305.0,235.0
47,62,363.71299999999997,22,310.0,235.0
47,63,358.213,27,315.0,235.0
47,66,266.307,33,330.0,235.0
47,69,450.618,39,345.0,235.0
47,72,333.711,42,360.0,235.0
47,78,507.722,37,390.0,235.0
47,79,502.421,5,395.0,235.0
47,80,450.918,19,400.0,235.0
47,81,451.71799999999996,58,405.0,235.0
47,82,459.81899999999996,24,410.0,235.0
47,83,395.91499999999996,24,415.0,235.0
47,84,363.413,91,420.0,235.0
47,85,374.314,29,425.0,235.0
47,86,414.616,35,430.0,235.0
47,87,451.46799999999996,34,435.0,235.0
47,88,516.821,30,440.0,235.0
47,89,541.615,13,445.0,235.0
47,90,779.707,10,450.0,235.0
47,93,1304.53,39,465.0,235.0
47,94,1312.6799999999998,6,470.0,235.0
47,98,1060.49,31,490.0,235.0
47,99,1092.78,3,495.0,235.0
47,102,650.3879999999999,2,510.0,235.0
47,103,664.385,33,515.0,235.0
47,107,629.7935,2,535.0,235.0
47,108,674.7819999999999,28,540.0,235.0
47,113,170.101,7,565.0,235.0
47,114,172.25099999999998,56,570.0,235.0
47,115,182.602,27,575.0,235.0
47,116,122.999,1,580.0,235.0
47,117,132.349,42,585.0,235.0
47,118,138.1995,8,590.0,235.0
47,119,146.0,29,595.0,235.0
47,120,150.0,17,600.0,235.0
47,121,123.499,40,605.0,235.0
47,122,112.899,49,610.0,235.0
47,123,147.8,23,615.0,235.0
47,124,167.601,5,620.0,235.0
48,37,352.012,15,185.0,240.0
48,38,349.812,18,190.0,240.0
48,42,673.083,34,210.0,240.0
48,43,656.337,2,215.0,240.0
48,46,164.801,26,230.0,240.0
48,49,212.204,11,245.0,240.0
48,50,200.203,17,250.0,240.0
48,51,219.704,19,255.0,240.0
48,52,195.45299999999997,62,260.0,240.0
48,53,166.001,73,265.0,240.0
48,61,409.56600000000003,26,305.0,240.0
48,66,293.159,32,330.0,240.0
48,67,274.95799999999997,10,335.0,240.0
48,69,477.52,37,345.0,240.0
48,70,435.117,1,350.0,240.0
48,72,342.812,39,360.0,240.0
48,73,320.61,7,365.0,240.0
48,76,758.062,21,380.0,240.0
48,78,501.4715,12,390.0,240.0
48,79,507.622,39,395.0,240.0
48,80,496.971,14,400.0,240.0
48,81,504.37149999999997,6,405.0,240.0
48,84,417.01599999999996,48,420.0,240.0
48,85,401.315,5,425.0,240.0
48,86,430.717,19,430.0,240.0
48,90,656.987,13,450.0,240.0
48,91,1326.82,15,455.0,240.0
48,92,1300.13,29,460.0,240.0
48,93,1279.1350000000002,26,465.0,240.0
48,94,1244.3449999999998,20,470.0,240.0
48,98,1046.1399999999999,6,490.0,240.0
48,99,1087.58,38,495.0,240.0
48,103,675.882,35,515.0,240.0
48,104,457.919,7,520.0,240.0
48,105,378.114,25,525.0,240.0
48,106,370.513,13,530.0,240.0
48,107,356.0125,12,535.0,240.0
48,108,349.512,55,540.0,240.0
48,109,334.411,21,545.0,240.0
48,110,335.06100000000004,6,550.0,240.0
48,114,154.8,57,570.0,240.0
48,115,159.5005,6,575.0,240.0
48,116,139.999,49,580.0,240.0
48,117,141.7495,18,585.0,240.0
48,119,140.499,1,595.0,240.0
48,120,135.149,46,600.0,240.0
48,121,136.799,31,605.0,240.0
48,122,166.501,7,610.0,240.0
48,123,153.9,89,615.0,240.0
49,35,398.615,5,175.0,245.0
49,36,397.815,9,180.0,245.0
49,37,368.3135,20,185.0,245.0
49,38,358.913,6,190.0,245.0
49,42,576.756,38,210.0,245.0
49,46,172.601,27,230.0,245.0
49,52,221.804,34,260.0,245.0
49,53,186.202,97,265.0,245.0
49,54,220.254,12,270.0,245.0
49,61,418.516,41,305.0,245.0
49,62,446.868,32,310.0,245.0
49,63,488.471,42,315.0,245.0
49,66,298.60900000000004,4,330.0,245.0
49,67,307.41,25,335.0,245.0
49,69,483.41999999999996,22,345.0,245.0
49,70,473.52,17,350.0,245.0
49,72,360.0625,16,360.0,245.0
49,73,358.313,30,365.0,245.0
49,76,764.46,25,380.0,245.0
49,78,585.1045,2,390.0,245.0
49,79,526.718,17,395.0,245.0
49,81,615.7470000000001,4,405.0,245.0
49,82,580.3554999999999,22,410.0,245.0
49,83,521.22,27,415.0,245.0
49,84,475.72,70,420.0,245.0
49,85,497.071,26,425.0,245.0
49,86,500.8215,42,430.0,245.0
49,87,599.401,27,435.0,245.0
49,88,575.6065,52,440.0,245.0
49,89,651.988,73,445.0,245.0
49,90,694.977,7,450.0,245.0
49,94,1266.74,42,470.0,245.0
49,95,1216.9499999999998,30,475.0,245.0
49,96,1205.65,31,480.0,245.0
49,97,1166.1599999999999,50,485.0,245.0
49,98,1163.71,66,490.0,245.0
49,99,1101.88,34,495.0,245.0
49,100,563.609,21,500.0,245.0
49,101,474.82,1,505.0,245.0
49,102,505.02200000000005,16,510.0,245.0
49,103,492.621,44,515.0,245.0
49,104,475.72,56,520.0,245.0
49,105,461.919,17,525.0,245.0
49,106,374.614,38,530.0,245.0
49,107,360.313,12,535.0,245.0
49,108,335.511,3,540.0,245.0
49,109,335.111,72,545.0,245.0
49,110,318.11,9,550.0,245.0
49,114,150.89999999999998,22,570.0,245.0
49,115,146.5,66,575.0,245.0
49,116,152.8,23,580.0,245.0
49,122,150.2,2,610.0,245.0
49,123,138.099,72,615.0,245.0
50,35,424.917,47,175.0,250.0
50,36,407.06600000000003,92,180.0,250.0
50,37,381.214,58,185.0,250.0
50,38,374.464,28,190.0,250.0
50,42,579.7555,54,210.0,250.0
50,43,518.72,31,215.0,250.0
50,46,187.902,35,230.0,250.0
50,52,232.85500000000002,26,260.0,250.0
50,53,203.203,83,265.0,250.0
50,54,215.25400000000002,22,270.0,250.0
50,61,430.217,29,305.0,250.0
50,63,529.168,38,315.0,250.0
50,67,325.211,31,335.0,250.0
50,69,486.3205,2,345.0,250.0
50,70,506.972,36,350.0,250.0
50,72,339.211,1,360.0,250.0
50,73,362.663,30,365.0,250.0
50,76,754.663,37,380.0,250.0
50,79,582.505,27,395.0,250.0
50,81,680.281,21,405.0,250.0
50,82,572.407,13,410.0,250.0
50,83,547.813,2,415.0,250.0
50,84,543.314,49,420.0,250.0
50,85,439.318,1,425.0,250.0
50,86,561.41,33,430.0,250.0
50,88,657.487,7,440.0,250.0
50,89,740.516,2,445.0,250.0
50,92,1326.0749999999998,2,460.0,250.0
50,93,1300.33,22,465.0,250.0
50,94,1272.04,41,470.0,250.0
50,95,1295.5300000000002,8,475.0,250.0
50,96,1258.49,10,480.0,250.0
50,97,1228.55,27,485.0,250.0
50,98,1174.31,20,490.0,250.0
50,100,544.714,56,500.0,250.0
50,101,528.618,49,505.0,250.0
50,102,502.321,7,510.0,250.0
50,103,513.572,18,515.0,250.0
50,104,483.22,2,520.0,250.0
50,105,449.318,48,525.0,250.0
50,106,364.013,3,530.0,250.0
50,109,314.91,29,545.0,250.0
50,110,307.51,43,550.0,250.0
50,114,150.85,2,570.0,250.0
50,115,161.601,62,575.0,250.0
50,116,166.101,2,580.0,250.0
50,120,149.2,29,600.0,250.0
50,123,124.949,56,615.0,250.0
51,34,456.719,7,170.0,255.0
51,35,455.619,99,175.0,255.0
51,36,435.917,79,180.0,255.0
51,37,404.215,99,185.0,255.0
51,38,409.416,97,190.0,255.0
51,39,642.64,74,195.0,255.0
51,40,617.846,38,200.0,255.0
51,41,570.608,1,205.0,255.0
51,42,559.81,75,210.0,255.0
51,43,475.41999999999996,50,215.0,255.0
51,45,208.704,12,225.0,255.0
51,46,187.602,13,230.0,255.0
51,48,314.61,36,240.0,255.0
51,49,294.80899999999997,46,245.0,255.0
51,50,267.307,33,250.0,255.0
51,51,257.3565,18,255.0,255.0
51,52,244.506,26,260.0,255.0
51,53,222.254,88,265.0,255.0
51,54,209.704,43,270.0,255.0
51,58,292.209,17,290.0,255.0
51,59,305.309,5,295.0,255.0
51,61,438.3175,16,305.0,255.0
51,62,451.468,30,310.0,255.0
51,63,553.412,17,315.0,255.0
51,64,541.9649999999999,12,320.0,255.0
51,67,369.213,31,335.0,255.0
51,70,512.172,36,350.0,255.0
51,73,351.312,35,365.0,255.0
51,76,703.275,32,380.0,255.0
51,79,603.7,19,395.0,255.0
51,81,682.3805,14,405.0,255.0
51,82,814.848,11,410.0,255.0
51,84,590.703,60,420.0,255.0
51,85,549.013,7,425.0,255.0
51,86,590.9024999999999,26,430.0,255.0
51,87,623.9445000000001,22,435.0,255.0
51,88,625.894,32,440.0,255.0
51,89,708.674,37,445.0,255.0
51,90,734.568,35,450.0,255.0
51,91,837.2929999999999,4,455.0,255.0
51,92,1258.44,23,460.0,255.0
51,93,1299.23,23,465.0,255.0
51,94,1265.04,29,470.0,255.0
51,97,1129.52,26,485.0,255.0
51,98,561.31,15,490.0,255.0
51,99,554.262,34,495.0,255.0
51,100,547.1135,50,500.0,255.0
51,101,531.717,39,505.0,255.0
51,102,518.6700000000001,26,510.0,255.0
51,103,515.121,33,515.0,255.0
51,104,523.519,23,520.0,255.0
51,105,456.319,15,525.0,255.0
51,106,427.417,25,530.0,255.0
51,110,296.709,46,550.0,255.0
51,115,166.801,22,575.0,255.0
51,116,173.401,45,580.0,255.0
51,119,158.8505,6,595.0,255.0
51,120,144.75,42,600.0,255.0
51,121,130.699,22,605.0,255.0
51,122,118.699,18,610.0,255.0
51,123,113.399,45,615.0,255.0
52,34,473.62,13,170.0,260.0
52,35,469.919,40,175.0,260.0
52,36,463.369,78,180.0,260.0
52,37,452.218,91,185.0,260.0
52,38,458.519,93,190.0,260.0
52,39,671.183,85,195.0,260.0
52,40,616.497,75,200.0,260.0
52,41,547.013,83,205.0,260.0
52,42,474.47,84,210.0,260.0
52,43,353.512,50,215.0,260.0
52,44,260.707,5,220.0,260.0
52,45,207.403,21,225.0,260.0
52,46,190.802,9,230.0,260.0
52,52,237.305,1,260.0,260.0
52,53,245.656,96,265.0,260.0
52,54,224.004,77,270.0,260.0
52,55,244.05599999999998,34,275.0,260.0
52,56,255.506,31,280.0,260.0
52,57,268.807,41,285.0,260.0
52,58,272.957,18,290.0,260.0
52,59,322.81,1,295.0,260.0
52,61,478.12,1,305.0,260.0
52,62,483.82,55,310.0,260.0
52,63,539.8655,4,315.0,260.0
52,64,560.31,41,320.0,260.0
52,65,581.705,19,325.0,260.0
52,67,355.51250000000005,4,335.0,260.0
52,68,390.615,43,340.0,260.0
52,70,546.2635,22,350.0,260.0
52,71,512.022,13,355.0,260.0
52,73,357.813,34,365.0,260.0
52,74,618.696,35,370.0,260.0
52,75,649.488,43,375.0,260.0
52,76,698.576,41,380.0,260.0
52,77,658.886,1,385.0,260.0
52,78,683.08,29,390.0,260.0
52,79,605.799,39,395.0,260.0
52,80,704.075,27,400.0,260.0
52,81,879.932,53,405.0,260.0
52,82,725.87,5,410.0,260.0
52,84,647.089,53,420.0,260.0
52,85,602.85,24,425.0,260.0
52,86,583.205,33,430.0,260.0
52,87,607.8485000000001,14,435.0,260.0
52,88,648.139,30,440.0,260.0
52,89,677.382,9,445.0,260.0
52,94,1207.755,12,470.0,260.0
52,95,1235.045,8,475.0,260.0
52,97,566.559,52,485.0,260.0
52,98,560.61,23,490.0,260.0
52,99,553.212,2,495.0,260.0
52,100,547.813,30,500.0,260.0
52,101,529.3679999999999,44,505.0,260.0
52,102,510.02200000000005,56,510.0,260.0
52,103,497.921,31,515.0,260.0
52,106,410.01599999999996,34,530.0,260.0
52,107,411.216,1,535.0,260.0
52,110,293.309,19,550.0,260.0
52,111,302.459,12,555.0,260.0
52,116,177.802,53,580.0,260.0
52,117,184.902,7,585.0,260.0
52,122,97.34909999999999,4,610.0,260.0
52,123,100.799,51,615.0,260.0
53,38,600.6,9,190.0,265.0
53,39,553.112,30,195.0,265.0
53,40,519.0705,40,200.0,265.0
53,41,491.721,66,205.0,265.0
53,42,403.215,65,210.0,265.0
53,43,315.81,77,215.0,265.0
53,44,266.207,78,220.0,265.0
53,45,217.704,73,225.0,265.0
53,46,221.304,6,230.0,265.0
53,51,341.012,36,255.0,265.0
53,52,322.01,47,260.0,265.0
53,53,282.308,88,265.0,265.0
53,54,235.405,49,270.0,265.0
53,62,493.621,43,310.0,265.0
53,65,608.3985,32,325.0,265.0
53,68,408.416,60,340.0,265.0
53,69,475.12,1,345.0,265.0
53,70,567.6585,2,350.0,265.0
53,71,533.067,42,355.0,265.0
53,72,562.5595000000001,20,360.0,265.0
53,73,589.803,69,365.0,265.0
53,74,600.6,9,370.0,265.0
53,78,641.19,23,390.0,265.0
53,81,973.859,26,405.0,265.0
53,82,1091.032,4,410.0,265.0
53,84,661.336,46,420.0,265.0
53,88,758.4615,20,440.0,265.0
53,89,758.562,9,445.0,265.0
53,94,1136.57,3,470.0,265.0
53,95,1180.26,31,475.0,265.0
53,97,1252.14,30,485.0,265.0
53,100,542.815,15,500.0,265.0
53,101,553.312,12,505.0,265.0
53,103,490.671,42,515.0,265.0
53,104,480.52,1,520.0,265.0
53,105,427.217,29,525.0,265.0
53,106,415.416,47,530.0,265.0
53,107,403.615,34,535.0,265.0
53,110,285.5085,2,550.0,265.0
53,111,278.308,30,555.0,265.0
53,116,186.902,18,580.0,265.0
53,117,190.902,33,585.0,265.0
53,118,204.503,15,590.0,265.0
53,119,220.50400000000002,38,595.0,265.0
53,122,86.54925,40,610.0,265.0
53,123,87.2492,46,615.0,265.0
54,43,383.514,65,215.0,270.0
54,44,308.11,87,220.0,270.0
54,45,258.007,101,225.0,270.0
54,46,268.207,73,230.0,270.0
54,47,327.211,19,235.0,270.0
54,52,328.611,17,260.0,270.0
54,53,292.209,79,265.0,270.0
54,54,242.356,62,270.0,270.0
54,55,335.661,16,275.0,270.0
54,56,309.01,42,280.0,270.0
54,60,444.318,1,300.0,270.0
54,61,451.118,43,305.0,270.0
54,62,525.2685,12,310.0,270.0
54,65,639.591,39,325.0,270.0
54,66,620.096,7,330.0,270.0
54,67,430.317,21,335.0,270.0
54,68,417.616,73,340.0,270.0
54,69,464.719,65,345.0,270.0
54,70,540.015,66,350.0,270.0
54,71,573.1569999999999,56,355.0,270.0
54,72,553.712,28,360.0,270.0
54,73,613.6475,20,365.0,270.0
54,74,653.887,39,370.0,270.0
54,75,662.7349999999999,2,375.0,270.0
54,76,735.867,13,380.0,270.0
54,77,753.2629999999999,20,385.0,270.0
54,78,665.3344999999999,42,390.0,270.0
54,79,695.377,26,395.0,270.0
54,80,1252.24,27,400.0,270.0
54,81,1151.57,29,405.0,270.0
54,82,1016.1,7,410.0,270.0
54,84,675.5319999999999,38,420.0,270.0
54,85,650.0885000000001,10,425.0,270.0
54,88,797.852,29,440.0,270.0
54,89,764.26,1,445.0,270.0
54,92,977.0084999999999,46,460.0,270.0
54,94,1024.6,7,470.0,270.0
54,95,1100.08,44,475.0,270.0
54,96,1139.77,28,480.0,270.0
54,97,1177.56,40,485.0,270.0
54,98,1234.05,17,490.0,270.0
54,100,551.512,4,500.0,270.0
54,101,548.813,22,505.0,270.0
54,103,479.32,43,515.0,270.0
54,104,461.119,31,520.0,270.0
54,105,481.9205,4,525.0,270.0
54,107,385.514,40,535.0,270.0
54,111,269.207,55,555.0,270.0
54,114,230.855,8,570.0,270.0
54,115,230.205,33,575.0,270.0
54,116,202.953,80,580.0,270.0
54,117,197.203,36,585.0,270.0
54,118,208.45350000000002,16,590.0,270.0
54,119,209.204,1,595.0,270.0
54,122,77.6994,50,610.0,270.0
54,123,65.4996,28,615.0,270.0
55,42,481.07000000000005,4,210.0,275.0
55,43,454.419,93,215.0,275.0
55,44,332.711,81,220.0,275.0
55,45,337.861,98,225.0,275.0
55,46,358.813,87,230.0,275.0
55,47,386.914,53,235.0,275.0
55,52,344.41200000000003,8,260.0,275.0
55,53,316.11,83,265.0,275.0
55,54,261.607,77,270.0,275.0
55,55,254.05599999999998,46,275.0,275.0
55,56,274.608,41,280.0,275.0
55,57,297.60900000000004,24,285.0,275.0
55,58,327.161,18,290.0,275.0
55,59,343.41200000000003,26,295.0,275.0
55,60,364.113,35,300.0,275.0
55,61,392.115,57,305.0,275.0
55,62,454.919,42,310.0,275.0
55,63,479.02,27,315.0,275.0
55,64,686.7795,38,320.0,275.0
55,65,634.192,59,325.0,275.0
55,66,560.3105,56,330.0,275.0
55,67,490.321,37,335.0,275.0
55,68,448.4185,10,340.0,275.0
55,69,479.52,57,345.0,275.0
55,73,666.6344999999999,2,365.0,275.0
55,74,677.082,44,370.0,275.0
55,75,682.98,13,375.0,275.0
55,78,707.074,33,390.0,275.0
55,84,706.9745,26,420.0,275.0
55,85,666.784,29,425.0,275.0
55,88,802.101,42,440.0,275.0
55,89,815.548,29,445.0,275.0
55,90,896.028,31,450.0,275.0
55,91,916.6234999999999,26,455.0,275.0
55,92,975.859,34,460.0,275.0
55,93,1001.9,45,465.0,275.0
55,94,1076.835,42,470.0,275.0
55,95,1128.97,31,475.0,275.0
55,98,1278.2350000000001,26,490.0,275.0
55,101,558.0605,12,505.0,275.0
55,106,397.065,12,530.0,275.0
55,107,376.61400000000003,28,535.0,275.0
55,108,349.912,22,540.0,275.0
55,111,269.957,36,555.0,275.0
55,112,262.507,43,560.0,275.0
55,113,260.807,58,565.0,275.0
55,114,244.70600000000002,38,570.0,275.0
55,115,233.105,15,575.0,275.0
55,116,219.704,37,580.0,275.0
55,122,64.14959999999999,48,610.0,275.0
55,123,49.3998,27,615.0,275.0
55,124,27.7001,2,620.0,275.0
56,42,496.021,21,210.0,280.0
56,43,484.02,90,215.0,280.0
56,44,363.013,82,220.0,280.0
56,45,504.222,93,225.0,280.0
56,46,495.621,95,230.0,280.0
56,47,451.518,87,235.0,280.0
56,48,475.22,50,240.0,280.0
56,49,500.021,22,245.0,280.0
56,52,358.613,28,260.0,280.0
56,53,324.011,77,265.0,280.0
56,54,286.008,27,270.0,280.0
56,55,275.808,55,275.0,280.0
56,56,283.358,42,280.0,280.0
56,57,297.809,59,285.0,280.0
56,58,315.86,72,290.0,280.0
56,59,330.661,76,295.0,280.0
56,60,357.413,84,300.0,280.0
56,61,375.614,93,305.0,280.0
56,62,372.814,81,310.0,280.0
56,63,446.01800000000003,50,315.0,280.0
56,64,726.77,7,320.0,280.0
56,65,677.5315,28,325.0,280.0
56,66,650.3885,14,330.0,280.0
56,69,508.822,34,345.0,280.0
56,72,1016.1,3,360.0,280.0
56,74,695.077,49,370.0,280.0
56,78,721.271,39,390.0,280.0
56,79,665.984,3,395.0,280.0
56,84,710.674,7,420.0,280.0
56,85,705.4749999999999,46,425.0,280.0
56,88,838.2925,30,440.0,280.0
56,93,1015.45,34,465.0,280.0
56,95,1181.26,7,475.0,280.0
56,96,1325.92,23,480.0,280.0
56,98,1257.24,23,490.0,280.0
56,106,404.315,5,530.0,280.0
56,108,333.76099999999997,40,540.0,280.0
56,109,275.2075,2,545.0,280.0
56,110,290.35850000000005,12,550.0,280.0
56,111,286.858,42,555.0,280.0
56,112,267.807,37,560.0,280.0
56,113,260.207,3,565.0,280.0
56,115,250.906,18,575.0,280.0
56,116,241.40550000000002,28,580.0,280.0
56,117,241.206,13,585.0,280.0
56,120,77.54939999999999,8,600.0,280.0
56,121,77.8994,12,605.0,280.0
56,122,66.99955,30,610.0,280.0
56,123,42.9499,92,615.0,280.0
56,124,28.400100000000002,98,620.0,280.0
56,125,14.5,84,625.0,280.0
56,126,5.0,47,630.0,280.0
56,127,0.0,53,635.0,280.0
56,128,0.0,44,640.0,280.0
57,42,520.3199999999999,34,210.0,285.0
57,43,467.569,88,215.0,285.0
57,44,436.467,84,220.0,285.0
57,45,674.482,92,225.0,285.0
57,46,640.5905,90,230.0,285.0
57,47,520.82,95,235.0,285.0
57,48,469.119,1,240.0,285.0
57,49,512.222,23,245.0,285.0
57,50,519.22,35,250.0,285.0
57,51,372.814,15,255.0,285.0
57,52,352.012,54,260.0,285.0
57,53,320.61,32,265.0,285.0
57,57,491.321,17,285.0,285.0
57,58,432.317,45,290.0,285.0
57,59,359.313,48,295.0,285.0
57,60,358.163,90,300.0,285.0
57,61,395.915,85,305.0,285.0
57,62,412.116,90,310.0,285.0
57,63,428.217,60,315.0,285.0
57,66,715.072,69,330.0,285.0
57,67,752.713,18,335.0,285.0
57,69,578.606,47,345.0,285.0
57,70,574.307,13,350.0,285.0
57,72,1000.5,25,360.0,285.0
57,74,723.6205,34,370.0,285.0
57,75,749.4145000000001,10,375.0,285.0
57,78,746.815,32,390.0,285.0
57,79,766.4095,8,395.0,285.0
57,80,1065.7849999999999,8,400.0,285.0
57,81,1114.925,6,405.0,285.0
57,84,759.7615000000001,2,420.0,285.0
57,85,734.768,51,425.0,285.0
57,88,887.03,17,440.0,285.0
57,89,863.136,7,445.0,285.0
57,93,1091.4299999999998,46,465.0,285.0
57,96,1238.495,32,480.0,285.0
57,103,420.8665,2,515.0,285.0
57,104,429.217,10,520.0,285.0
57,105,395.41499999999996,40,525.0,285.0
57,106,361.713,49,530.0,285.0
57,107,341.012,53,535.0,285.0
57,108,321.41,55,540.0,285.0
57,109,311.71000000000004,38,545.0,285.0
57,110,308.31,19,550.0,285.0
57,111,299.609,57,555.0,285.0
57,112,290.208,25,560.0,285.0
57,115,246.906,1,575.0,285.0
57,116,218.204,5,580.0,285.0
57,117,207.403,11,585.0,285.0
57,118,200.553,10,590.0,285.0
57,120,89.7992,69,600.0,285.0
57,121,73.1995,5,605.0,285.0
57,122,52.8998,15,610.0,285.0
57,123,35.0,41,615.0,285.0
57,124,18.2,10,620.0,285.0
57,125,10.5,17,625.0,285.0
57,126,6.2,28,630.0,285.0
57,127,1.1,36,635.0,285.0
57,128,0.0,43,640.0,285.0
58,42,530.068,42,210.0,290.0
58,43,487.771,84,215.0,290.0
58,44,597.3515,88,220.0,290.0
58,45,744.765,59,225.0,290.0
58,46,663.585,92,230.0,290.0
58,47,564.259,44,235.0,290.0
58,51,378.814,59,255.0,290.0
58,52,349.61199999999997,98,260.0,290.0
58,53,331.611,11,265.0,290.0
58,55,364.21299999999997,34,275.0,290.0
58,56,404.16499999999996,58,280.0,290.0
58,57,472.87,80,285.0,290.0
58,58,493.821,75,290.0,290.0
58,59,444.318,92,295.0,290.0
58,60,410.016,65,300.0,290.0
58,61,459.519,97,305.0,290.0
58,62,460.869,74,310.0,290.0
58,63,457.769,74,315.0,290.0
58,66,763.861,61,330.0,290.0
58,67,851.639,40,335.0,290.0
58,69,563.4095,6,345.0,290.0
58,70,571.0074999999999,34,350.0,290.0
58,72,930.12,17,360.0,290.0
58,73,976.6575,10,365.0,290.0
58,74,765.66,11,370.0,290.0
58,75,766.31,32,375.0,290.0
58,78,748.914,14,390.0,290.0
58,79,760.561,47,395.0,290.0
58,80,1068.79,19,400.0,290.0
58,81,1051.09,26,405.0,290.0
58,83,898.028,14,415.0,290.0
58,84,849.8895,50,420.0,290.0
58,85,774.158,67,425.0,290.0
58,86,744.265,13,430.0,290.0
58,88,825.146,1,440.0,290.0
58,89,862.736,25,445.0,290.0
58,91,1166.46,6,455.0,290.0
58,93,1144.87,37,465.0,290.0
58,94,1149.115,8,470.0,290.0
58,96,1261.0900000000001,18,480.0,290.0
58,101,473.92,17,505.0,290.0
58,102,466.269,42,510.0,290.0
58,103,436.66700000000003,86,515.0,290.0
58,104,415.616,15,520.0,290.0
58,105,397.71500000000003,8,525.0,290.0
58,106,359.663,32,530.0,290.0
58,110,1091.48,5,550.0,290.0
58,111,821.4965,70,555.0,290.0
58,112,259.7065,12,560.0,290.0
58,113,269.707,37,565.0,290.0
58,114,265.85699999999997,32,570.0,290.0
58,115,259.507,40,575.0,290.0
58,116,253.706,27,580.0,290.0
58,117,238.9555,10,585.0,290.0
58,118,181.452,24,590.0,290.0
58,120,103.699,35,600.0,290.0
58,121,107.499,20,605.0,290.0
58,122,51.5998,19,610.0,290.0
58,123,44.5999,13,615.0,290.0
59,33,772.458,13,165.0,295.0
59,34,786.405,30,170.0,295.0
59,35,756.662,19,175.0,295.0
59,36,685.18,5,180.0,295.0
59,42,538.9649999999999,74,210.0,295.0
59,43,524.419,95,215.0,295.0
59,44,742.566,85,220.0,295.0
59,45,693.578,89,225.0,295.0
59,46,605.299,75,230.0,295.0
59,47,596.901,3,235.0,295.0
59,50,407.166,32,250.0,295.0
59,51,387.514,87,255.0,295.0
59,52,354.712,15,260.0,295.0
59,53,352.312,35,265.0,295.0
59,54,362.613,47,270.0,295.0
59,55,369.613,96,275.0,295.0
59,56,416.01599999999996,100,280.0,295.0
59,57,480.32,89,285.0,295.0
59,58,557.611,97,290.0,295.0
59,59,516.721,95,295.0,295.0
59,60,483.41999999999996,66,300.0,295.0
59,61,497.871,76,305.0,295.0
59,62,544.2139999999999,88,310.0,295.0
59,63,518.42,55,315.0,295.0
59,64,538.5155,4,320.0,295.0
59,66,793.6034999999999,42,330.0,295.0
59,67,885.781,24,335.0,295.0
59,70,598.101,38,350.0,295.0
59,73,895.6279999999999,28,365.0,295.0
59,75,756.262,34,375.0,295.0
59,78,782.956,4,390.0,295.0
59,79,765.5105,62,395.0,295.0
59,80,974.809,45,400.0,295.0
59,81,973.859,56,405.0,295.0
59,82,942.917,45,410.0,295.0
59,83,902.7270000000001,20,415.0,295.0
59,84,828.545,13,420.0,295.0
59,85,795.053,7,425.0,295.0
59,86,758.862,65,430.0,295.0
59,87,696.177,1,435.0,295.0
59,89,929.5205,16,445.0,295.0
59,91,1113.3249999999998,22,455.0,295.0
59,92,1381.46,16,460.0,295.0
59,93,1414.95,48,465.0,295.0
59,94,1362.8649999999998,30,470.0,295.0
59,96,1238.14,29,480.0,295.0
59,98,1250.69,2,490.0,295.0
59,99,1179.46,23,495.0,295.0
59,100,473.52,40,500.0,295.0
59,101,469.019,11,505.0,295.0
59,103,451.368,40,515.0,295.0
59,106,373.364,28,530.0,295.0
59,109,998.103,31,545.0,295.0
59,110,1005.9,33,550.0,295.0
59,111,759.8615,40,555.0,295.0
59,112,265.90700000000004,4,560.0,295.0
59,118,175.1515,28,590.0,295.0
59,120,117.099,26,600.0,295.0
59,121,103.59905,12,605.0,295.0
59,122,57.5497,36,610.0,295.0
60,32,899.4775,6,160.0,300.0
60,33,827.0450000000001,72,165.0,300.0
60,34,847.44,85,170.0,300.0
60,35,861.137,97,175.0,300.0
60,36,827.4449999999999,68,180.0,300.0
60,37,751.6135,86,185.0,300.0
60,38,699.326,56,190.0,300.0
60,39,643.69,57,195.0,300.0
60,40,613.797,19,200.0,300.0
60,41,596.0515,8,205.0,300.0
60,42,556.011,80,210.0,300.0
60,43,602.0999999999999,94,215.0,300.0
60,44,784.456,81,220.0,300.0
60,45,622.0450000000001,48,225.0,300.0
60,46,621.9455,4,230.0,300.0
60,49,426.517,7,245.0,300.0
60,50,407.51599999999996,74,250.0,300.0
60,51,386.914,17,255.0,300.0
60,55,385.614,17,275.0,300.0
60,56,399.365,92,280.0,300.0
60,57,447.76800000000003,82,285.0,300.0
60,58,579.606,81,290.0,300.0
60,59,579.5055,82,295.0,300.0
60,60,528.318,57,300.0,300.0
60,61,514.8710000000001,34,305.0,300.0
60,62,552.412,20,310.0,300.0
60,63,511.5205,12,315.0,300.0
60,64,488.32050000000004,14,320.0,300.0
60,66,840.8415,34,330.0,300.0
60,69,697.577,27,345.0,300.0
60,70,644.7895,60,350.0,300.0
60,71,637.891,1,355.0,300.0
60,73,846.0905,28,365.0,300.0
60,74,887.93,15,370.0,300.0
60,75,812.149,59,375.0,300.0
60,76,812.4485,46,380.0,300.0
60,77,859.337,40,385.0,300.0
60,78,859.137,61,390.0,300.0
60,79,805.85,39,395.0,300.0
60,80,1023.25,58,400.0,300.0
60,81,990.205,27,405.0,300.0
60,84,874.4835,4,420.0,300.0
60,85,865.9355,12,425.0,300.0
60,86,824.846,47,430.0,300.0
60,87,763.761,59,435.0,300.0
60,88,777.7574999999999,22,440.0,300.0
60,89,882.7315,56,445.0,300.0
60,90,944.117,33,450.0,300.0
60,91,1024.7,36,455.0,300.0
60,92,1260.5900000000001,30,460.0,300.0
60,93,1421.05,14,465.0,300.0
60,94,1336.92,46,470.0,300.0
60,96,1098.78,26,480.0,300.0
60,97,1066.3899999999999,58,485.0,300.0
60,98,1186.56,45,490.0,300.0
60,99,1179.96,12,495.0,300.0
60,106,401.515,28,530.0,300.0
60,107,368.913,13,535.0,300.0
60,109,936.5685000000001,28,545.0,300.0
60,111,714.7225,42,555.0,300.0
60,118,150.0,24,590.0,300.0
60,119,151.0,3,595.0,300.0
60,120,68.2995,3,600.0,300.0
60,121,65.9996,39,605.0,300.0
60,122,54.9497,4,610.0,300.0
61,32,882.5315,26,160.0,305.0
61,33,907.7255,66,165.0,305.0
61,34,900.527,71,170.0,305.0
61,35,912.2745,54,175.0,305.0
61,36,856.988,78,180.0,305.0
61,37,790.754,87,185.0,305.0
61,38,725.17,79,190.0,305.0
61,39,653.038,94,195.0,305.0
61,40,611.198,47,200.0,305.0
61,41,589.003,79,205.0,305.0
61,42,580.1055,90,210.0,305.0
61,43,732.768,94,215.0,305.0
61,44,764.4604999999999,88,220.0,305.0
61,45,590.503,23,225.0,305.0
61,49,434.417,49,245.0,305.0
61,50,410.06600000000003,32,250.0,305.0
61,56,444.318,54,280.0,305.0
61,57,497.071,92,285.0,305.0
61,58,508.522,86,290.0,305.0
61,59,599.451,96,295.0,305.0
61,60,581.405,13,300.0,305.0
61,63,540.215,1,315.0,305.0
61,64,509.12199999999996,28,320.0,305.0
61,66,928.1205,14,330.0,305.0
61,67,889.83,13,335.0,305.0
61,69,694.677,5,345.0,305.0
61,70,659.986,24,350.0,305.0
61,71,646.189,37,355.0,305.0
61,72,710.174,35,360.0,305.0
61,73,787.105,46,365.0,305.0
61,74,888.03,29,370.0,305.0
61,75,827.345,52,375.0,305.0
61,78,903.6265,28,390.0,305.0
61,80,1106.08,36,400.0,305.0
61,81,1079.63,54,405.0,305.0
61,82,919.423,23,410.0,305.0
61,83,897.4780000000001,24,415.0,305.0
61,84,862.237,11,420.0,305.0
61,86,842.441,1,430.0,305.0
61,87,796.153,53,435.0,305.0
61,88,799.852,57,440.0,305.0
61,89,847.54,5,445.0,305.0
61,93,1396.41,15,465.0,305.0
61,94,1296.23,67,470.0,305.0
61,95,1172.86,49,475.0,305.0
61,96,1069.34,22,480.0,305.0
61,97,1066.69,14,485.0,305.0
61,98,1060.04,18,490.0,305.0
61,104,434.067,14,520.0,305.0
61,105,436.617,15,525.0,305.0
61,106,421.917,45,530.0,305.0
61,107,390.015,21,535.0,305.0
61,109,977.9065,2,545.0,305.0
61,111,697.2270000000001,34,555.0,305.0
61,116,214.704,20,580.0,305.0
61,117,182.102,40,585.0,305.0
61,118,145.5,35,590.0,305.0
61,119,126.249,30,595.0,305.0
61,121,59.5497,46,605.0,305.0
62,34,921.472,26,170.0,310.0
62,37,811.949,41,185.0,310.0
62,38,774.6579999999999,64,190.0,310.0
62,39,655.587,35,195.0,310.0
62,40,620.995,7,200.0,310.0
62,42,617.146,6,210.0,310.0
62,43,758.662,41,215.0,310.0
62,44,755.1125,60,220.0,310.0
62,45,591.6025,22,225.0,310.0
62,48,448.218,20,240.0,310.0
62,49,428.91700000000003,72,245.0,310.0
62,50,398.21500000000003,2,250.0,310.0
62,56,547.763,66,280.0,310.0
62,57,569.058,108,285.0,310.0
62,58,604.0,79,290.0,310.0
62,59,579.156,100,295.0,310.0
62,60,631.193,9,300.0,310.0
62,61,614.597,4,305.0,310.0
62,62,594.602,47,310.0,310.0
62,63,527.2180000000001,24,315.0,310.0
62,64,519.4205,38,320.0,310.0
62,66,841.442,1,330.0,310.0
62,67,926.121,33,335.0,310.0
62,69,813.648,1,345.0,310.0
62,70,719.1714999999999,32,350.0,310.0
62,71,708.374,60,355.0,310.0
62,73,896.028,16,365.0,310.0
62,74,905.526,9,370.0,310.0
62,75,832.144,25,375.0,310.0
62,76,831.194,18,380.0,310.0
62,78,922.072,48,390.0,310.0
62,80,1170.06,15,400.0,310.0
62,81,1139.12,42,405.0,310.0
62,85,995.104,23,425.0,310.0
62,86,976.2085,42,430.0,310.0
62,87,911.5745,46,435.0,310.0
62,88,883.631,71,440.0,310.0
62,93,1415.1,6,465.0,310.0
62,94,1449.29,12,470.0,310.0
62,95,1252.14,41,475.0,310.0
62,98,1049.69,47,490.0,310.0
62,99,1124.7199999999998,20,495.0,310.0
62,100,1127.97,31,500.0,310.0
62,101,1171.96,30,505.0,310.0
62,102,1236.3,54,510.0,310.0
62,103,1322.32,19,515.0,310.0
62,104,443.618,14,520.0,310.0
62,105,418.116,8,525.0,310.0
62,106,406.616,5,530.0,310.0
62,107,414.716,19,535.0,310.0
62,111,639.791,41,555.0,310.0
62,116,219.404,31,580.0,310.0
62,119,114.44900000000001,28,595.0,310.0
62,121,55.6997,24,605.0,310.0
63,34,903.926,37,170.0,315.0
63,37,860.337,34,185.0,315.0
63,38,878.5325,94,190.0,315.0
63,39,815.648,41,195.0,315.0
63,40,751.3140000000001,40,200.0,315.0
63,41,810.6995,34,205.0,315.0
63,42,838.292,20,210.0,315.0
63,43,826.5455,4,215.0,315.0
63,44,688.879,15,220.0,315.0
63,45,576.3565,2,225.0,315.0
63,47,461.419,1,235.0,315.0
63,48,453.118,60,240.0,315.0
63,49,416.716,20,245.0,315.0
63,55,579.206,7,275.0,315.0
63,56,569.508,15,280.0,315.0
63,57,614.997,1,285.0,315.0
63,58,632.093,15,290.0,315.0
63,59,611.748,20,295.0,315.0
63,60,630.793,1,300.0,315.0
63,61,542.0645,12,305.0,315.0
63,62,609.798,23,310.0,315.0
63,64,557.111,37,320.0,315.0
63,67,960.313,39,335.0,315.0
63,68,969.31,41,340.0,315.0
63,69,848.9395,46,345.0,315.0
63,70,782.956,13,350.0,315.0
63,71,794.653,48,355.0,315.0
63,73,873.034,3,365.0,315.0
63,74,966.511,21,370.0,315.0
63,75,861.737,7,375.0,315.0
63,76,846.5405000000001,34,380.0,315.0
63,78,931.2195,28,390.0,315.0
63,79,932.9695,4,395.0,315.0
63,80,1160.5149999999999,4,400.0,315.0
63,81,1178.01,52,405.0,315.0
63,82,1206.15,40,410.0,315.0
63,83,1164.11,26,415.0,315.0
63,84,1121.37,57,420.0,315.0
63,85,1072.2350000000001,16,425.0,315.0
63,88,934.619,71,440.0,315.0
63,89,983.607,9,445.0,315.0
63,95,1314.975,18,475.0,315.0
63,96,1181.86,3,480.0,315.0
63,98,990.005,37,490.0,315.0
63,99,1259.3899999999999,2,495.0,315.0
63,102,1251.74,16,510.0,315.0
63,110,540.515,1,550.0,315.0
63,111,499.971,50,555.0,315.0
63,112,563.609,25,560.0,315.0
63,113,638.2415000000001,38,565.0,315.0
63,114,659.2365,2,570.0,315.0
63,116,280.008,31,580.0,315.0
63,117,285.508,13,585.0,315.0
63,119,106.699,59,595.0,315.0
63,121,51.9498,22,605.0,315.0
63,122,44.2999,29,610.0,315.0
64,34,508.822,31,170.0,320.0
64,37,888.23,33,185.0,320.0
64,38,877.733,75,190.0,320.0
64,39,882.632,45,195.0,320.0
64,40,896.628,11,200.0,320.0
64,42,821.846,7,210.0,320.0
64,43,865.2860000000001,28,215.0,320.0
64,44,564.7090000000001,42,220.0,320.0
64,45,544.5640000000001,30,225.0,320.0
64,46,516.6705,10,230.0,320.0
64,47,469.419,37,235.0,320.0
64,48,439.718,54,240.0,320.0
64,55,593.402,47,275.0,320.0
64,56,592.802,3,280.0,320.0
64,60,787.005,6,300.0,320.0
64,62,622.595,31,310.0,320.0
64,64,581.705,23,320.0,320.0
64,68,967.311,21,340.0,320.0
64,69,929.3199999999999,10,345.0,320.0
64,71,837.6424999999999,32,355.0,320.0
64,72,766.3599999999999,6,360.0,320.0
64,74,1029.9,25,370.0,320.0
64,76,871.534,37,380.0,320.0
64,77,965.911,7,385.0,320.0
64,78,970.11,37,390.0,320.0
64,79,984.4065,22,395.0,320.0
64,81,1213.95,32,405.0,320.0
64,84,1185.16,23,420.0,320.0
64,88,1031.9,43,440.0,320.0
64,89,996.504,40,445.0,320.0
64,93,1359.52,13,465.0,320.0
64,95,1341.52,12,475.0,320.0
64,96,1302.88,18,480.0,320.0
64,98,965.4114999999999,40,490.0,320.0
64,101,1039.595,8,505.0,320.0
64,102,1030.394,2,510.0,320.0
64,108,595.2015,18,540.0,320.0
64,109,558.611,37,545.0,320.0
64,110,481.12,33,550.0,320.0
64,111,452.518,57,555.0,320.0
64,112,499.821,5,560.0,320.0
64,113,645.989,23,565.0,320.0
64,116,214.904,18,580.0,320.0
64,117,237.35500000000002,20,585.0,320.0
64,119,90.44919999999999,52,595.0,320.0
64,120,76.6494,6,600.0,320.0
64,121,46.099900000000005,2,605.0,320.0
64,122,39.8,61,610.0,320.0
65,34,474.87,32,170.0,325.0
65,37,886.731,3,185.0,325.0
65,38,902.027,76,190.0,325.0
65,39,889.23,45,195.0,325.0
65,40,899.527,71,200.0,325.0
65,41,898.2280000000001,50,205.0,325.0
65,42,914.874,36,210.0,325.0
65,43,644.39,13,215.0,325.0
65,45,530.9175,4,225.0,325.0
65,46,507.722,56,230.0,325.0
65,47,473.67,70,235.0,325.0
65,48,427.41700000000003,10,240.0,325.0
65,55,612.3475000000001,42,275.0,325.0
65,59,732.068,13,295.0,325.0
65,60,762.661,43,300.0,325.0
65,61,780.556,8,305.0,325.0
65,62,629.3435,36,310.0,325.0
65,64,599.8505,18,320.0,325.0
65,65,578.6555000000001,6,325.0,325.0
65,68,1024.4,19,340.0,325.0
65,69,1032.0,27,345.0,325.0
65,70,970.1600000000001,38,350.0,325.0
65,71,903.7265,30,355.0,325.0
65,72,840.842,29,360.0,325.0
65,74,1037.69,24,370.0,325.0
65,76,877.733,41,380.0,325.0
65,77,933.119,75,385.0,325.0
65,78,993.604,83,390.0,325.0
65,79,979.708,9,395.0,325.0
65,81,1253.29,42,405.0,325.0
65,84,1201.65,9,420.0,325.0
65,85,1221.95,25,425.0,325.0
65,88,1114.18,13,440.0,325.0
65,89,1062.49,45,445.0,325.0
65,90,1063.24,26,450.0,325.0
65,91,1207.25,9,455.0,325.0
65,92,1327.02,25,460.0,325.0
65,93,1362.91,33,465.0,325.0
65,94,1421.15,10,470.0,325.0
65,95,1342.12,1,475.0,325.0
65,96,1373.81,37,480.0,325.0
65,98,894.629,39,490.0,325.0
65,99,924.921,35,495.0,325.0
65,100,996.4555,16,500.0,325.0
65,101,1025.0,23,505.0,325.0
65,102,1030.6934999999999,2,510.0,325.0
65,111,375.61400000000003,62,555.0,325.0
65,115,178.002,25,575.0,325.0
65,116,201.80349999999999,8,580.0,325.0
65,119,76.34944999999999,4,595.0,325.0
65,120,70.6495,26,600.0,325.0
65,122,31.0001,45,610.0,325.0
65,123,21.2,1,615.0,325.0
66,32,409.816,1,160.0,330.0
66,34,461.21900000000005,40,170.0,330.0
66,37,866.635,23,185.0,330.0
66,38,879.332,79,190.0,330.0
66,41,883.331,25,205.0,330.0
66,42,891.0795,26,210.0,330.0
66,43,629.793,43,215.0,330.0
66,44,609.848,68,220.0,330.0
66,45,585.454,50,225.0,330.0
66,46,527.968,82,230.0,330.0
66,47,464.56899999999996,62,235.0,330.0
66,48,473.52,1,240.0,330.0
66,53,675.982,10,265.0,330.0
66,54,703.275,1,270.0,330.0
66,55,633.692,70,275.0,330.0
66,56,646.289,21,280.0,330.0
66,57,660.486,27,285.0,330.0
66,58,670.1334999999999,50,290.0,330.0
66,59,691.078,45,295.0,330.0
66,60,735.3175,14,300.0,330.0
66,62,647.789,48,310.0,330.0
66,64,549.313,3,320.0,330.0
66,65,528.418,15,325.0,330.0
66,68,1064.09,31,340.0,330.0
66,69,1107.68,18,345.0,330.0
66,72,940.4175,32,360.0,330.0
66,74,1081.28,21,370.0,330.0
66,75,1022.3475000000001,4,375.0,330.0
66,76,925.921,21,380.0,330.0
66,77,1030.1,67,385.0,330.0
66,78,1068.54,82,390.0,330.0
66,79,1079.88,53,395.0,330.0
66,80,1066.69,25,400.0,330.0
66,81,1264.44,43,405.0,330.0
66,82,1243.44,3,410.0,330.0
66,85,1280.88,38,425.0,330.0
66,88,1447.4450000000002,32,440.0,330.0
66,89,1412.2,7,445.0,330.0
66,90,1100.88,43,450.0,330.0
66,91,1179.66,66,455.0,330.0
66,92,1271.135,14,460.0,330.0
66,94,1428.75,20,470.0,330.0
66,96,1450.09,35,480.0,330.0
66,98,867.135,15,490.0,330.0
66,99,853.839,11,495.0,330.0
66,106,440.918,2,530.0,330.0
66,107,445.718,13,535.0,330.0
66,108,419.216,39,540.0,330.0
66,109,384.764,36,545.0,330.0
66,110,349.612,29,550.0,330.0
66,111,319.41,55,555.0,330.0
66,115,160.70049999999998,4,575.0,330.0
66,116,145.55,12,580.0,330.0
66,120,62.0996,24,600.0,330.0
66,121,39.2,1,605.0,330.0
66,122,34.30005,46,610.0,330.0
66,123,22.9001,83,615.0,330.0
66,124,12.85,74,620.0,330.0
66,125,5.6,64,625.0,330.0
66,126,0.0,46,630.0,330.0
66,127,0.0,36,635.0,330.0
67,34,441.218,31,170.0,335.0
67,38,532.517,58,190.0,335.0
67,39,542.4645,12,195.0,335.0
67,41,868.835,35,205.0,335.0
67,43,631.4929999999999,18,215.0,335.0
67,44,591.903,1,220.0,335.0
67,45,579.206,31,225.0,335.0
67,46,522.5195,90,230.0,335.0
67,47,482.32,90,235.0,335.0
67,48,480.92,92,240.0,335.0
67,49,500.821,58,245.0,335.0
67,50,513.922,7,250.0,335.0
67,53,704.375,79,265.0,335.0
67,54,664.585,68,270.0,335.0
67,55,659.686,95,275.0,335.0
67,58,685.2294999999999,22,290.0,335.0
67,59,723.7705000000001,30,295.0,335.0
67,60,704.275,1,300.0,335.0
67,62,658.686,47,310.0,335.0
67,65,578.006,31,325.0,335.0
67,68,1138.97,12,340.0,335.0
67,69,1139.57,21,345.0,335.0
67,72,904.2265,18,360.0,335.0
67,74,1161.96,6,370.0,335.0
67,75,1073.435,16,375.0,335.0
67,76,1009.7,14,380.0,335.0
67,77,1038.69,110,385.0,335.0
67,78,1119.37,75,390.0,335.0
67,79,1134.17,61,395.0,335.0
67,81,1295.63,22,405.0,335.0
67,82,1239.44,3,410.0,335.0
67,85,1315.5300000000002,32,425.0,335.0
67,88,1445.79,22,440.0,335.0
67,89,1437.1,37,445.0,335.0
67,90,1141.47,33,450.0,335.0
67,91,1226.85,65,455.0,335.0
67,92,1385.71,72,460.0,335.0
67,94,1427.7,21,470.0,335.0
67,96,1463.99,36,480.0,335.0
67,98,814.3485000000001,2,490.0,335.0
67,99,748.6144999999999,42,495.0,335.0
67,100,685.28,46,500.0,335.0
67,101,659.086,44,505.0,335.0
67,102,615.0464999999999,46,510.0,335.0
67,103,587.2035000000001,46,515.0,335.0
67,104,505.222,43,520.0,335.0
67,105,471.52,33,525.0,335.0
67,106,467.619,35,530.0,335.0
67,107,418.316,13,535.0,335.0
67,108,411.616,3,540.0,335.0
67,111,305.959,62,555.0,335.0
67,113,254.406,1,565.0,335.0
67,114,174.501,11,570.0,335.0
67,115,137.149,28,575.0,335.0
67,116,134.749,52,580.0,335.0
67,117,114.499,41,585.0,335.0
67,118,81.8993,55,590.0,335.0
67,119,64.1496,48,595.0,335.0
67,120,52.0998,43,600.0,335.0
67,121,46.2999,24,605.0,335.0
67,122,38.75,76,610.0,335.0
67,123,20.8,33,615.0,335.0
67,124,11.8,55,620.0,335.0
67,125,5.9,81,625.0,335.0
67,126,0.4,89,630.0,335.0
67,127,0.0,76,635.0,335.0
68,33,394.315,3,165.0,340.0
68,34,426.517,32,170.0,340.0
68,37,502.7715,24,185.0,340.0
68,38,520.42,65,190.0,340.0
68,39,539.3655,42,195.0,340.0
68,40,544.564,84,200.0,340.0
68,41,547.913,58,205.0,340.0
68,44,570.5575,18,220.0,340.0
68,45,554.762,58,225.0,340.0
68,46,510.222,65,230.0,340.0
68,47,525.319,63,235.0,340.0
68,48,546.0635,90,240.0,340.0
68,49,625.594,109,245.0,340.0
68,50,584.504,91,250.0,340.0
68,51,564.159,54,255.0,340.0
68,52,732.468,49,260.0,340.0
68,53,719.821,62,265.0,340.0
68,54,690.378,9,270.0,340.0
68,55,680.181,73,275.0,340.0
68,57,734.368,35,285.0,340.0
68,58,715.172,41,290.0,340.0
68,59,732.068,43,295.0,340.0
68,60,757.562,15,300.0,340.0
68,61,797.3025,4,305.0,340.0
68,62,672.683,57,310.0,340.0
68,63,701.076,1,315.0,340.0
68,64,611.298,29,320.0,340.0
68,65,574.507,51,325.0,340.0
68,66,596.201,3,330.0,340.0
68,69,1183.1100000000001,40,345.0,340.0
68,72,1009.35,30,360.0,340.0
68,73,946.916,17,365.0,340.0
68,74,1024.2,24,370.0,340.0
68,75,1067.79,52,375.0,340.0
68,76,1119.42,48,380.0,340.0
68,77,1133.67,53,385.0,340.0
68,78,1072.59,7,390.0,340.0
68,79,1112.18,25,395.0,340.0
68,80,1146.815,6,400.0,340.0
68,81,1324.525,18,405.0,340.0
68,82,1317.03,28,410.0,340.0
68,83,1446.6399999999999,10,415.0,340.0
68,84,1394.31,21,420.0,340.0
68,85,1367.465,24,425.0,340.0
68,86,1392.71,35,430.0,340.0
68,88,1455.29,5,440.0,340.0
68,89,1459.29,24,445.0,340.0
68,91,1228.55,11,455.0,340.0
68,92,1371.61,85,460.0,340.0
68,93,1426.8,15,465.0,340.0
68,94,1506.08,23,470.0,340.0
68,95,1480.435,8,475.0,340.0
68,96,1492.73,34,480.0,340.0
68,99,702.7755,38,495.0,340.0
68,100,729.269,3,500.0,340.0
68,103,552.512,3,515.0,340.0
68,104,516.421,23,520.0,340.0
68,105,542.513,6,525.0,340.0
68,111,257.3565,72,555.0,340.0
68,112,217.654,36,560.0,340.0
68,113,176.1015,44,565.0,340.0
68,114,135.599,45,570.0,340.0
68,115,110.899,7,575.0,340.0
68,118,86.2493,24,590.0,340.0
68,122,49.3998,63,610.0,340.0
69,34,415.516,29,170.0,345.0
69,35,439.668,10,175.0,345.0
69,36,453.9185,50,180.0,345.0
69,37,482.12,79,185.0,345.0
69,38,495.17100000000005,34,190.0,345.0
69,39,536.566,8,195.0,345.0
69,40,535.366,40,200.0,345.0
69,41,530.717,41,205.0,345.0
69,43,459.319,9,215.0,345.0
69,44,553.812,65,220.0,345.0
69,45,571.6075000000001,26,225.0,345.0
69,47,560.26,40,235.0,345.0
69,48,599.001,81,240.0,345.0
69,49,652.588,89,245.0,345.0
69,50,634.292,67,250.0,345.0
69,52,732.468,3,260.0,345.0
69,53,725.52,10,265.0,345.0
69,54,704.775,24,270.0,345.0
69,55,701.476,43,275.0,345.0
69,57,757.762,12,285.0,345.0
69,59,751.863,51,295.0,345.0
69,60,761.5115000000001,22,300.0,345.0
69,61,743.6655000000001,10,305.0,345.0
69,62,676.982,20,310.0,345.0
69,65,636.5915,18,325.0,345.0
69,66,620.3454999999999,20,330.0,345.0
69,69,1229.75,42,345.0,345.0
69,72,1037.543,4,360.0,345.0
69,73,1019.25,44,365.0,345.0
69,74,1048.94,6,370.0,345.0
69,75,1130.57,39,375.0,345.0
69,77,1176.66,30,385.0,345.0
69,79,1143.87,1,395.0,345.0
69,80,1120.57,26,400.0,345.0
69,81,1348.42,19,405.0,345.0
69,82,1331.77,48,410.0,345.0
69,83,1366.81,14,415.0,345.0
69,84,1469.0900000000001,36,420.0,345.0
69,86,1410.8,16,430.0,345.0
69,87,1449.59,7,435.0,345.0
69,88,1448.49,23,440.0,345.0
69,89,1455.39,29,445.0,345.0
69,91,1251.14,1,455.0,345.0
69,92,1343.37,70,460.0,345.0
69,93,1400.855,14,465.0,345.0
69,94,1562.77,13,470.0,345.0
69,95,1516.525,14,475.0,345.0
69,96,1486.28,64,480.0,345.0
69,99,811.049,54,495.0,345.0
69,103,597.401,37,515.0,345.0
69,104,527.118,31,520.0,345.0
69,105,525.119,24,525.0,345.0
69,110,334.011,15,550.0,345.0
69,111,292.009,52,555.0,345.0
69,113,158.5,9,565.0,345.0
69,114,173.25099999999998,28,570.0,345.0
69,115,194.903,21,575.0,345.0
69,116,264.507,34,580.0,345.0
69,117,277.708,1,585.0,345.0
69,118,93.0992,17,590.0,345.0
69,119,95.1991,5,595.0,345.0
69,121,68.9495,2,605.0,345.0
69,122,60.7996,56,610.0,345.0
69,123,67.2995,24,615.0,345.0
70,33,381.06399999999996,32,165.0,350.0
70,34,395.46500000000003,58,170.0,350.0
70,35,409.616,74,175.0,350.0
70,36,415.666,56,180.0,350.0
70,37,448.018,53,185.0,350.0
70,38,502.971,32,190.0,350.0
70,39,516.721,45,195.0,350.0
70,40,430.4675,4,200.0,350.0
70,41,446.418,33,205.0,350.0
70,42,418.466,32,210.0,350.0
70,43,440.118,42,215.0,350.0
70,45,592.902,15,225.0,350.0
70,46,596.1015,38,230.0,350.0
70,47,570.408,13,235.0,350.0
70,48,617.2965,8,240.0,350.0
70,49,635.592,43,245.0,350.0
70,50,644.49,58,250.0,350.0
70,51,638.191,34,255.0,350.0
70,52,619.996,15,260.0,350.0
70,54,710.024,16,270.0,350.0
70,55,714.9725000000001,18,275.0,350.0
70,56,711.5730000000001,22,280.0,350.0
70,57,725.77,11,285.0,350.0
70,59,778.357,33,295.0,350.0
70,60,787.755,1,300.0,350.0
70,61,765.66,1,305.0,350.0
70,62,687.179,5,310.0,350.0
70,66,627.394,31,330.0,350.0
70,69,1254.0900000000001,38,345.0,350.0
70,70,1287.93,6,350.0,350.0
70,73,1056.74,38,365.0,350.0
70,75,1205.25,34,375.0,350.0
70,76,1208.8,6,380.0,350.0
70,77,1190.86,33,385.0,350.0
70,80,1118.62,36,400.0,350.0
70,81,1302.88,6,405.0,350.0
70,82,1367.06,30,410.0,350.0
70,84,1418.25,30,420.0,350.0
70,87,1435.1,29,435.0,350.0
70,88,1475.3400000000001,24,440.0,350.0
70,89,1448.04,8,445.0,350.0
70,92,1340.02,33,460.0,350.0
70,93,1421.05,30,465.0,350.0
70,96,1512.18,54,480.0,350.0
70,99,845.8405,36,495.0,350.0
70,100,895.928,1,500.0,350.0
70,103,606.749,22,515.0,350.0
70,104,520.42,11,520.0,350.0
70,105,459.419,45,525.0,350.0
70,106,434.417,33,530.0,350.0
70,107,427.117,33,535.0,350.0
70,108,393.865,40,540.0,350.0
70,109,360.713,35,545.0,350.0
70,110,337.611,27,550.0,350.0
70,111,306.7095,52,555.0,350.0
70,114,194.303,49,570.0,350.0
70,118,273.407,5,590.0,350.0
70,119,195.503,16,595.0,350.0
70,120,174.301,5,600.0,350.0
70,122,71.5995,42,610.0,350.0
70,123,72.2995,1,615.0,350.0
71,33,362.413,75,165.0,355.0
71,34,366.013,41,170.0,355.0
71,35,365.813,1,175.0,355.0
71,38,517.121,5,190.0,355.0
71,39,529.018,65,195.0,355.0
71,40,540.915,9,200.0,355.0
71,42,404.065,52,210.0,355.0
71,43,430.317,40,215.0,355.0
71,44,454.118,22,220.0,355.0
71,45,470.92,5,225.0,355.0
71,50,691.478,13,250.0,355.0
71,51,659.736,34,255.0,355.0
71,52,676.182,90,260.0,355.0
71,53,659.286,73,265.0,355.0
71,54,727.719,32,270.0,355.0
71,55,738.267,1,275.0,355.0
71,59,785.3054999999999,34,295.0,355.0
71,61,853.1885,14,305.0,355.0
71,62,886.231,5,310.0,355.0
71,66,601.5,27,330.0,355.0
71,68,1373.11,15,340.0,355.0
71,69,1302.28,56,345.0,355.0
71,70,1278.63,59,350.0,355.0
71,71,1317.28,32,355.0,355.0
71,72,1289.83,7,360.0,355.0
71,73,1138.2199999999998,30,365.0,355.0
71,75,1242.54,7,375.0,355.0
71,76,1193.955,18,380.0,355.0
71,77,1166.46,16,385.0,355.0
71,78,1214.105,18,390.0,355.0
71,80,1166.86,13,400.0,355.0
71,82,1369.36,32,410.0,355.0
71,84,1443.79,33,420.0,355.0
71,85,1402.0549999999998,8,425.0,355.0
71,87,1451.49,31,435.0,355.0
71,92,1846.3,13,460.0,355.0
71,93,1853.54,52,465.0,355.0
71,94,1835.25,14,470.0,355.0
71,96,1795.61,25,480.0,355.0
71,99,887.4805,20,495.0,355.0
71,100,900.627,15,500.0,355.0
71,103,628.993,5,515.0,355.0
71,104,585.404,17,520.0,355.0
71,105,520.02,44,525.0,355.0
71,111,359.163,38,555.0,355.0
71,112,365.413,14,560.0,355.0
71,113,315.71,19,565.0,355.0
71,114,263.007,41,570.0,355.0
71,117,259.407,63,585.0,355.0
71,118,259.107,91,590.0,355.0
71,119,200.103,101,595.0,355.0
71,120,153.1,16,600.0,355.0
71,122,78.7994,17,610.0,355.0
72,32,353.712,5,160.0,360.0
72,33,336.511,67,165.0,360.0
72,39,540.615,27,195.0,360.0
72,40,528.2185,6,200.0,360.0
72,41,388.214,53,205.0,360.0
72,42,397.815,15,210.0,360.0
72,44,462.919,22,220.0,360.0
72,45,475.02,22,225.0,360.0
72,46,483.42,38,230.0,360.0
72,47,490.821,19,235.0,360.0
72,48,494.421,35,240.0,360.0
72,49,513.47,2,245.0,360.0
72,50,675.882,21,250.0,360.0
72,52,681.381,7,260.0,360.0
72,53,678.581,45,265.0,360.0
72,54,727.269,57,270.0,360.0
72,55,737.6669999999999,56,275.0,360.0
72,56,744.4649999999999,22,280.0,360.0
72,57,761.1614999999999,2,285.0,360.0
72,58,802.851,5,290.0,360.0
72,59,781.7560000000001,26,295.0,360.0
72,61,844.7905000000001,24,305.0,360.0
72,62,838.8924999999999,12,310.0,360.0
72,63,704.0755,4,315.0,360.0
72,66,625.2945,30,330.0,360.0
72,69,1365.31,15,345.0,360.0
72,70,1355.52,40,350.0,360.0
72,71,1278.7849999999999,2,355.0,360.0
72,72,1294.83,2,360.0,360.0
72,73,1155.07,19,365.0,360.0
72,74,1170.21,14,370.0,360.0
72,76,1307.28,18,380.0,360.0
72,77,1231.65,9,385.0,360.0
72,78,1207.95,40,390.0,360.0
72,79,1203.405,24,395.0,360.0
72,80,1220.95,33,400.0,360.0
72,81,1236.395,24,405.0,360.0
72,82,1384.6599999999999,52,410.0,360.0
72,83,1353.12,1,415.0,360.0
72,84,1459.8899999999999,6,420.0,360.0
72,85,1439.795,24,425.0,360.0
72,87,1435.8000000000002,30,435.0,360.0
72,88,1475.89,5,440.0,360.0
72,90,1861.09,7,450.0,360.0
72,91,1856.045,6,455.0,360.0
72,92,1789.81,2,460.0,360.0
72,93,1810.11,41,465.0,360.0
72,94,1829.5,27,470.0,360.0
72,96,1855.795,16,480.0,360.0
72,99,908.2255,2,495.0,360.0
72,100,930.4195,36,500.0,360.0
72,102,644.3395,12,510.0,360.0
72,103,639.7909999999999,32,515.0,360.0
72,104,642.5905,18,520.0,360.0
72,105,562.71,39,525.0,360.0
72,111,366.863,26,555.0,360.0
72,112,370.613,59,560.0,360.0
72,113,338.01149999999996,28,565.0,360.0
72,114,298.60900000000004,38,570.0,360.0
72,115,321.8605,2,575.0,360.0
72,117,199.203,61,585.0,360.0
72,118,166.101,86,590.0,360.0
72,119,143.3,68,595.0,360.0
72,120,120.099,43,600.0,360.0
72,122,84.9993,17,610.0,360.0
72,123,82.8993,3,615.0,360.0
73,32,326.51099999999997,10,160.0,365.0
73,33,309.01,57,165.0,365.0
73,40,371.36350000000004,36,200.0,365.0
73,41,372.8135,14,205.0,365.0
73,42,413.916,15,210.0,365.0
73,48,496.721,20,240.0,365.0
73,49,662.785,47,245.0,365.0
73,50,689.9285,16,250.0,365.0
73,52,662.9849999999999,12,260.0,365.0
73,53,669.084,23,265.0,365.0
73,55,745.015,24,275.0,365.0
73,56,745.265,61,280.0,365.0
73,57,755.263,25,285.0,365.0
73,58,786.455,23,290.0,365.0
73,59,797.152,5,295.0,365.0
73,61,821.746,39,305.0,365.0
73,62,700.726,28,310.0,365.0
73,63,703.2255,6,315.0,365.0
73,66,644.99,39,330.0,365.0
73,69,1439.0,1,345.0,365.0
73,70,1357.0700000000002,60,350.0,365.0
73,71,1428.5,3,355.0,365.0
73,73,1201.25,29,365.0,365.0
73,74,1184.56,29,370.0,365.0
73,75,1241.6950000000002,22,375.0,365.0
73,76,1269.94,23,380.0,365.0
73,77,1286.38,34,385.0,365.0
73,78,1219.9,8,390.0,365.0
73,79,1165.16,2,395.0,365.0
73,80,1238.04,25,400.0,365.0
73,82,1414.9,40,410.0,365.0
73,83,1400.31,13,415.0,365.0
73,85,1453.89,49,425.0,365.0
73,86,1451.49,25,430.0,365.0
73,87,1457.49,39,435.0,365.0
73,88,1452.29,9,440.0,365.0
73,90,1904.7849999999999,2,450.0,365.0
73,91,1892.685,16,455.0,365.0
73,93,1773.61,57,465.0,365.0
73,94,1769.71,55,470.0,365.0
73,95,1842.05,14,475.0,365.0
73,96,1816.6,10,480.0,365.0
73,98,969.71,5,490.0,365.0
73,99,984.9565,50,495.0,365.0
73,100,1011.2,45,500.0,365.0
73,102,739.167,3,510.0,365.0
73,103,615.097,7,515.0,365.0
73,105,627.694,17,525.0,365.0
73,111,428.017,7,555.0,365.0
73,112,386.414,27,560.0,365.0
73,114,304.0595,14,570.0,365.0
73,115,322.6105,20,575.0,365.0
73,116,242.606,16,580.0,365.0
73,117,202.303,45,585.0,365.0
73,118,124.299,63,590.0,365.0
73,119,106.349,46,595.0,365.0
73,120,99.3991,55,600.0,365.0
73,121,92.0992,20,605.0,365.0
73,122,85.2493,20,610.0,365.0
73,123,83.4993,10,615.0,365.0
74,32,291.809,53,160.0,370.0
74,33,270.507,83,165.0,370.0
74,35,277.208,5,175.0,370.0
74,36,296.60900000000004,28,180.0,370.0
74,37,312.71,33,185.0,370.0
74,38,323.111,46,190.0,370.0
74,39,340.11199999999997,56,195.0,370.0
74,40,367.413,58,200.0,370.0
74,46,541.015,7,230.0,370.0
74,47,557.961,42,235.0,370.0
74,48,573.107,26,240.0,370.0
74,49,602.4,27,245.0,370.0
74,52,684.28,21,260.0,370.0
74,55,747.864,26,275.0,370.0
74,56,759.062,46,280.0,370.0
74,58,789.454,39,290.0,370.0
74,59,786.3050000000001,2,295.0,370.0
74,61,803.601,36,305.0,370.0
74,62,677.7815,34,310.0,370.0
74,63,683.73,20,315.0,370.0
74,64,665.2845,38,320.0,370.0
74,65,665.635,36,325.0,370.0
74,66,642.59,60,330.0,370.0
74,67,651.688,23,335.0,370.0
74,68,675.7819999999999,12,340.0,370.0
74,69,621.1955,2,345.0,370.0
74,70,1378.41,45,350.0,370.0
74,73,1238.595,36,365.0,370.0
74,74,1182.86,1,370.0,370.0
74,80,1280.78,26,400.0,370.0
74,82,1384.11,11,410.0,370.0
74,83,1400.705,46,415.0,370.0
74,85,1454.8400000000001,32,425.0,370.0
74,86,1460.79,5,430.0,370.0
74,87,1424.65,6,435.0,370.0
74,91,1862.44,22,455.0,370.0
74,93,1773.41,59,465.0,370.0
74,94,1746.52,58,470.0,370.0
74,100,1005.4000000000001,40,500.0,370.0
74,105,760.4614999999999,22,525.0,370.0
74,111,397.71500000000003,8,555.0,370.0
74,112,391.415,39,560.0,370.0
74,114,245.606,1,570.0,370.0
74,115,256.056,20,575.0,370.0
74,116,258.307,7,580.0,370.0
74,119,101.49905000000001,2,595.0,370.0
75,32,241.206,80,160.0,375.0
75,33,255.20600000000002,102,165.0,375.0
75,34,293.209,33,170.0,375.0
75,35,313.86,28,175.0,375.0
75,36,305.409,9,180.0,375.0
75,39,403.3655,26,195.0,375.0
75,40,421.5665,26,200.0,375.0
75,45,524.8185,12,225.0,375.0
75,46,540.315,31,230.0,375.0
75,47,539.6655000000001,8,235.0,375.0
75,48,561.81,15,240.0,375.0
75,49,587.004,25,245.0,375.0
75,50,589.103,25,250.0,375.0
75,51,605.499,9,255.0,375.0
75,52,692.3779999999999,24,260.0,375.0
75,55,752.263,30,275.0,375.0
75,56,761.961,36,280.0,375.0
75,57,763.5609999999999,54,285.0,375.0
75,58,772.708,68,290.0,375.0
75,59,769.7090000000001,34,295.0,375.0
75,60,765.66,20,300.0,375.0
75,61,783.906,30,305.0,375.0
75,62,813.7985000000001,30,310.0,375.0
75,64,661.885,37,320.0,375.0
75,66,621.0455,6,330.0,375.0
75,67,626.994,7,335.0,375.0
75,68,643.19,12,340.0,375.0
75,69,1385.8600000000001,34,345.0,375.0
75,70,1403.5,30,350.0,375.0
75,73,1282.63,39,365.0,375.0
75,74,1322.625,58,370.0,375.0
75,75,1362.91,23,375.0,375.0
75,76,1338.275,8,380.0,375.0
75,77,1546.17,6,385.0,375.0
75,79,1283.03,15,395.0,375.0
75,80,1265.34,53,400.0,375.0
75,81,1303.83,31,405.0,375.0
75,82,1309.48,36,410.0,375.0
75,83,1341.12,42,415.0,375.0
75,85,1447.29,16,425.0,375.0
75,86,1455.99,25,430.0,375.0
75,91,1822.7,27,455.0,375.0
75,92,1658.44,1,460.0,375.0
75,93,1733.2199999999998,52,465.0,375.0
75,94,1691.83,63,470.0,375.0
75,100,967.911,39,500.0,375.0
75,101,876.733,19,505.0,375.0
75,102,906.9755,26,510.0,375.0
75,103,775.758,43,515.0,375.0
75,104,764.3605,52,520.0,375.0
75,105,724.0699999999999,52,525.0,375.0
75,111,461.019,13,555.0,375.0
75,112,446.318,63,560.0,375.0
75,116,637.4905,4,580.0,375.0
75,117,598.101,14,585.0,375.0
75,118,708.174,25,590.0,375.0
76,32,202.603,73,160.0,380.0
76,33,245.906,73,165.0,380.0
76,39,389.915,31,195.0,380.0
76,40,402.215,29,200.0,380.0
76,42,461.019,1,210.0,380.0
76,43,454.419,19,215.0,380.0
76,45,518.1705,40,225.0,380.0
76,46,555.1115,4,230.0,380.0
76,51,613.097,46,255.0,380.0
76,52,613.897,5,260.0,380.0
76,55,756.462,27,275.0,380.0
76,58,777.957,20,290.0,380.0
76,59,776.1575,18,295.0,380.0
76,60,783.406,36,300.0,380.0
76,61,794.553,79,305.0,380.0
76,62,808.05,49,310.0,380.0
76,64,694.1775,28,320.0,380.0
76,67,1599.06,1,335.0,380.0
76,68,1521.38,17,340.0,380.0
76,69,1401.5,25,345.0,380.0
76,70,1417.6,21,350.0,380.0
76,73,1311.225,36,365.0,380.0
76,77,1533.37,23,385.0,380.0
76,79,1300.43,19,395.0,380.0
76,80,1324.62,11,400.0,380.0
76,83,1826.9,5,415.0,380.0
76,84,1880.39,1,420.0,380.0
76,89,1870.5900000000001,6,445.0,380.0
76,90,1805.51,11,450.0,380.0
76,91,1807.61,33,455.0,380.0
76,92,1728.23,39,460.0,380.0
76,93,1685.8400000000001,48,465.0,380.0
76,94,1643.55,76,470.0,380.0
76,95,1529.17,6,475.0,380.0
76,100,922.6220000000001,22,500.0,380.0
76,101,943.4665,18,505.0,380.0
76,103,792.7035000000001,40,515.0,380.0
76,104,751.763,21,520.0,380.0
76,110,607.049,4,550.0,380.0
76,111,555.2615,12,555.0,380.0
76,112,470.019,59,560.0,380.0
76,113,460.669,30,565.0,380.0
76,114,452.8185,22,570.0,380.0
76,115,548.713,33,575.0,380.0
76,116,581.905,51,580.0,380.0
76,117,624.095,23,585.0,380.0
76,118,681.9305,4,590.0,380.0
76,120,996.304,19,600.0,380.0
76,121,988.9055000000001,40,605.0,380.0
76,122,952.514,49,610.0,380.0
76,123,954.664,18,615.0,380.0
76,124,994.504,17,620.0,380.0
77,32,183.052,76,160.0,385.0
77,33,242.206,85,165.0,385.0
77,34,243.306,13,170.0,385.0
77,35,262.40700000000004,18,175.0,385.0
77,36,308.31,16,180.0,385.0
77,37,303.209,5,185.0,385.0
77,38,323.0105,16,190.0,385.0
77,39,363.913,43,195.0,385.0
77,40,381.31399999999996,28,200.0,385.0
77,41,420.916,11,205.0,385.0
77,42,443.2175,14,210.0,385.0
77,43,436.117,15,215.0,385.0
77,45,496.671,58,225.0,385.0
77,50,609.098,13,250.0,385.0
77,51,600.5,21,255.0,385.0
77,54,772.758,3,270.0,385.0
77,55,765.36,34,275.0,385.0
77,58,783.156,19,290.0,385.0
77,61,829.2945,36,305.0,385.0
77,62,826.6949999999999,64,310.0,385.0
77,63,834.7935,42,315.0,385.0
77,64,678.3810000000001,46,320.0,385.0
77,65,698.6265000000001,30,325.0,385.0
77,66,678.481,13,330.0,385.0
77,67,1434.6,10,335.0,385.0
77,68,1536.92,36,340.0,385.0
77,69,1420.75,28,345.0,385.0
77,70,1374.26,2,350.0,385.0
77,73,1361.21,37,365.0,385.0
77,74,1418.55,8,370.0,385.0
77,75,1373.11,1,375.0,385.0
77,76,1464.19,12,380.0,385.0
77,77,1513.4250000000002,16,385.0,385.0
77,83,1905.38,3,415.0,385.0
77,84,1747.02,1,420.0,385.0
77,86,1883.74,10,430.0,385.0
77,87,1875.79,13,435.0,385.0
77,88,1851.645,28,440.0,385.0
77,89,1840.6,34,445.0,385.0
77,91,1772.11,3,455.0,385.0
77,92,1830.35,46,460.0,385.0
77,93,1683.44,19,465.0,385.0
77,94,1622.8000000000002,94,470.0,385.0
77,95,1515.0300000000002,26,475.0,385.0
77,97,1337.22,7,485.0,385.0
77,100,1002.8,3,500.0,385.0
77,101,1030.3,25,505.0,385.0
77,103,860.837,13,515.0,385.0
77,104,911.5745,42,520.0,385.0
77,105,962.312,13,525.0,385.0
77,106,930.97,42,530.0,385.0
77,107,846.9905000000001,40,535.0,385.0
77,108,786.9549999999999,42,540.0,385.0
77,109,720.421,40,545.0,385.0
77,110,725.47,43,550.0,385.0
77,111,588.303,62,555.0,385.0
77,112,558.1605,56,560.0,385.0
77,116,705.7245,10,580.0,385.0
77,117,726.52,26,585.0,385.0
77,118,890.9295,24,590.0,385.0
77,119,957.0635,16,595.0,385.0
77,120,959.213,17,600.0,385.0
77,121,867.935,1,605.0,385.0
77,122,944.216,41,610.0,385.0
78,25,89.8992,1,125.0,390.0
78,26,100.599,7,130.0,390.0
78,27,108.599,15,135.0,390.0
78,28,117.499,20,140.0,390.0
78,32,202.503,60,160.0,390.0
78,33,226.105,80,165.0,390.0
78,34,240.7055,14,170.0,390.0
78,35,249.806,17,175.0,390.0
78,36,265.407,31,180.0,390.0
78,37,282.208,29,185.0,390.0
78,38,294.209,62,190.0,390.0
78,39,343.112,39,195.0,390.0
78,40,370.163,64,200.0,390.0
78,41,411.216,29,205.0,390.0
78,42,427.767,34,210.0,390.0
78,43,451.518,39,215.0,390.0
78,44,458.519,19,220.0,390.0
78,45,474.32,45,225.0,390.0
78,46,499.021,43,230.0,390.0
78,47,534.617,19,235.0,390.0
78,48,568.708,17,240.0,390.0
78,50,602.2,30,250.0,390.0
78,54,777.1569999999999,50,270.0,390.0
78,55,768.7595,16,275.0,390.0
78,56,838.842,17,280.0,390.0
78,57,807.7,36,285.0,390.0
78,58,789.054,17,290.0,390.0
78,60,822.146,1,300.0,390.0
78,61,872.634,43,305.0,390.0
78,62,840.642,1,310.0,390.0
78,63,858.5375,20,315.0,390.0
78,64,703.5255,16,320.0,390.0
78,65,678.181,35,325.0,390.0
78,66,701.4755,40,330.0,390.0
78,67,1381.6100000000001,26,335.0,390.0
78,68,1475.79,47,340.0,390.0
78,69,1465.49,55,345.0,390.0
78,70,1456.19,45,350.0,390.0
78,71,1464.29,41,355.0,390.0
78,72,1393.71,35,360.0,390.0
78,73,1400.71,67,365.0,390.0
78,74,1397.21,19,370.0,390.0
78,75,1371.81,28,375.0,390.0
78,76,1431.3,47,380.0,390.0
78,77,1480.29,39,385.0,390.0
78,78,1525.27,29,390.0,390.0
78,79,1604.96,29,395.0,390.0
78,80,1622.95,10,400.0,390.0
78,81,1550.97,1,405.0,390.0
78,84,1887.69,16,420.0,390.0
78,85,1895.1799999999998,18,425.0,390.0
78,86,1881.3400000000001,18,430.0,390.0
78,87,1845.6,9,435.0,390.0
78,88,1861.79,7,440.0,390.0
78,89,1866.69,28,445.0,390.0
78,92,1828.75,12,460.0,390.0
78,93,1627.65,7,465.0,390.0
78,94,1547.97,75,470.0,390.0
78,95,1470.6399999999999,58,475.0,390.0
78,96,1405.5,90,480.0,390.0
78,97,1301.73,99,485.0,390.0
78,98,1177.56,47,490.0,390.0
78,99,1124.77,37,495.0,390.0
78,100,1134.87,38,500.0,390.0
78,101,1011.7,59,505.0,390.0
78,102,918.023,49,510.0,390.0
78,103,903.4265,38,515.0,390.0
78,104,918.723,35,520.0,390.0
78,105,991.855,58,525.0,390.0
78,106,918.7225000000001,16,530.0,390.0
78,107,820.847,5,535.0,390.0
78,112,608.2985,28,560.0,390.0
78,113,563.31,7,565.0,390.0
78,116,806.55,9,580.0,390.0
78,117,856.8875,36,585.0,390.0
78,118,773.3085,2,590.0,390.0
78,120,1023.55,22,600.0,390.0
78,122,962.512,37,610.0,390.0
79,18,29.3001,7,90.0,395.0
79,19,42.5999,19,95.0,395.0
79,20,56.6997,29,100.0,395.0
79,21,72.3995,47,105.0,395.0
79,22,84.2993,79,110.0,395.0
79,23,101.599,83,115.0,395.0
79,24,113.649,84,120.0,395.0
79,25,128.299,92,125.0,395.0
79,26,141.199,79,130.0,395.0
79,27,162.651,72,135.0,395.0
79,28,174.20100000000002,98,140.0,395.0
79,29,186.302,84,145.0,395.0
79,30,198.503,80,150.0,395.0
79,31,213.904,69,155.0,395.0
79,32,233.005,87,160.0,395.0
79,33,257.1565,50,165.0,395.0
79,34,267.407,1,170.0,395.0
79,38,337.511,47,190.0,395.0
79,39,371.113,3,195.0,395.0
79,40,396.615,56,200.0,395.0
79,44,556.411,11,220.0,395.0
79,45,510.572,56,225.0,395.0
79,46,473.21950000000004,6,230.0,395.0
79,47,537.616,9,235.0,395.0
79,48,547.213,31,240.0,395.0
79,49,575.8065,44,245.0,395.0
79,50,591.203,62,250.0,395.0
79,54,786.305,34,270.0,395.0
79,55,780.456,1,275.0,395.0
79,56,851.0895,4,280.0,395.0
79,57,816.548,63,285.0,395.0
79,58,789.654,7,290.0,395.0
79,60,882.9815,22,300.0,395.0
79,61,861.387,38,305.0,395.0
79,62,847.8399999999999,6,310.0,395.0
79,66,701.776,43,330.0,395.0
79,69,1488.48,13,345.0,395.0
79,70,1489.58,31,350.0,395.0
79,72,1458.09,29,360.0,395.0
79,73,1444.69,49,365.0,395.0
79,76,1417.75,22,380.0,395.0
79,79,1583.36,63,395.0,395.0
79,80,1651.04,25,400.0,395.0
79,81,1671.84,53,405.0,395.0
79,82,1767.52,19,410.0,395.0
79,84,1907.08,7,420.0,395.0
79,89,1864.69,19,445.0,395.0
79,90,1866.79,11,450.0,395.0
79,94,1555.82,76,470.0,395.0
79,95,1471.49,69,475.0,395.0
79,98,1178.76,34,490.0,395.0
79,102,944.9165,38,510.0,395.0
79,105,1077.13,56,525.0,395.0
79,112,685.5295,34,560.0,395.0
79,113,645.1895,40,565.0,395.0
79,114,745.365,37,570.0,395.0
79,115,771.059,31,575.0,395.0
79,116,821.846,29,580.0,395.0
79,117,1069.8339999999998,2,585.0,395.0
79,120,1052.5900000000001,2,600.0,395.0
79,121,845.041,1,605.0,395.0
79,122,902.4765,58,610.0,395.0
80,11,0.0,12,55.0,400.0
80,12,0.0,85,60.0,400.0
80,13,1.35,74,65.0,400.0
80,14,6.9,69,70.0,400.0
80,15,15.4,81,75.0,400.0
80,16,27.9501,62,80.0,400.0
80,17,39.75,96,85.0,400.0
80,18,52.8998,93,90.0,400.0
80,19,66.1996,94,95.0,400.0
80,20,81.3993,79,100.0,400.0
80,21,95.1991,93,105.0,400.0
80,22,108.999,87,110.0,400.0
80,23,127.299,93,115.0,400.0
80,24,138.799,85,120.0,400.0
80,25,151.05,84,125.0,400.0
80,26,162.501,41,130.0,400.0
80,27,172.401,34,135.0,400.0
80,28,188.002,64,140.0,400.0
80,29,204.603,42,145.0,400.0
80,30,215.35399999999998,20,150.0,400.0
80,31,228.005,47,155.0,400.0
80,32,248.956,64,160.0,400.0
80,33,275.708,105,165.0,400.0
80,34,278.308,69,170.0,400.0
80,35,287.308,96,175.0,400.0
80,36,289.308,50,180.0,400.0
80,37,304.909,41,185.0,400.0
80,38,325.211,70,190.0,400.0
80,39,355.012,65,195.0,400.0
80,40,376.414,65,200.0,400.0
80,41,404.215,19,205.0,400.0
80,42,440.318,3,210.0,400.0
80,45,549.363,40,225.0,400.0
80,46,577.306,6,230.0,400.0
80,49,591.603,19,245.0,400.0
80,50,592.2525,48,250.0,400.0
80,53,797.602,26,265.0,400.0
80,54,790.0540000000001,38,270.0,400.0
80,55,794.153,22,275.0,400.0
80,56,798.552,20,280.0,400.0
80,57,820.047,25,285.0,400.0
80,61,913.624,3,305.0,400.0
80,62,902.1769999999999,24,310.0,400.0
80,63,889.1800000000001,30,315.0,400.0
80,64,952.115,3,320.0,400.0
80,66,699.0260000000001,40,330.0,400.0
80,67,706.475,9,335.0,400.0
80,69,1517.38,31,345.0,400.0
80,70,1470.3400000000001,14,350.0,400.0
80,72,1536.27,3,360.0,400.0
80,73,1453.49,29,365.0,400.0
80,76,1477.79,16,380.0,400.0
80,79,1610.75,47,395.0,400.0
80,81,1768.2150000000001,22,405.0,400.0
80,82,1827.15,8,410.0,400.0
80,84,1922.88,3,420.0,400.0
80,85,1910.68,1,425.0,400.0
80,89,1929.18,3,445.0,400.0
80,90,1891.135,6,450.0,400.0
80,94,1613.25,75,470.0,400.0
80,95,1515.73,92,475.0,400.0
80,98,1269.04,51,490.0,400.0
80,102,1026.5,25,510.0,400.0
80,104,1195.66,3,520.0,400.0
80,105,1144.37,64,525.0,400.0
80,110,947.516,23,550.0,400.0
80,111,891.329,33,555.0,400.0
80,112,809.8995,48,560.0,400.0
80,113,754.9124999999999,14,565.0,400.0
80,122,890.38,44,610.0,400.0
81,11,0.0,18,55.0,405.0
81,12,0.0,61,60.0,405.0
81,13,1.9,73,65.0,405.0
81,14,7.2,88,70.0,405.0
81,15,15.6,85,75.0,405.0
81,16,28.0001,70,80.0,405.0
81,17,42.0999,85,85.0,405.0
81,18,53.749750000000006,58,90.0,405.0
81,19,67.7995,60,95.0,405.0
81,20,82.7993,46,100.0,405.0
81,21,97.7991,51,105.0,405.0
81,22,111.799,35,110.0,405.0
81,23,127.799,5,115.0,405.0
81,32,275.308,47,160.0,405.0
81,33,310.01,58,165.0,405.0
81,35,311.51,19,175.0,405.0
81,38,354.012,22,190.0,405.0
81,40,388.815,63,200.0,405.0
81,41,423.517,33,205.0,405.0
81,42,437.317,57,210.0,405.0
81,43,431.717,46,215.0,405.0
81,44,455.669,28,220.0,405.0
81,45,566.209,21,225.0,405.0
81,46,580.805,47,230.0,405.0
81,47,594.602,44,235.0,405.0
81,48,593.602,13,240.0,405.0
81,49,604.9995,28,245.0,405.0
81,50,599.101,33,250.0,405.0
81,53,790.054,39,265.0,405.0
81,56,795.153,13,280.0,405.0
81,57,847.34,43,285.0,405.0
81,58,862.436,51,290.0,405.0
81,59,860.537,25,295.0,405.0
81,63,898.428,11,315.0,405.0
81,64,900.227,17,320.0,405.0
81,65,883.531,20,325.0,405.0
81,66,715.672,39,330.0,405.0
81,67,715.672,25,335.0,405.0
81,69,1537.9699999999998,8,345.0,405.0
81,70,1436.5,1,350.0,405.0
81,72,1432.8,17,360.0,405.0
81,73,1485.28,21,365.0,405.0
81,76,1517.68,21,380.0,405.0
81,78,1694.13,6,390.0,405.0
81,79,1683.74,21,395.0,405.0
81,81,1780.21,35,405.0,405.0
81,82,1803.91,35,410.0,405.0
81,83,1820.2,13,415.0,405.0
81,85,1926.78,1,425.0,405.0
81,89,1528.17,4,445.0,405.0
81,90,1495.58,32,450.0,405.0
81,94,1635.9499999999998,64,470.0,405.0
81,95,1597.96,87,475.0,405.0
81,98,1321.22,55,490.0,405.0
81,100,1575.76,39,500.0,405.0
81,101,1107.78,1,505.0,405.0
81,102,1035.79,41,510.0,405.0
81,103,1280.13,23,515.0,405.0
81,104,1219.15,47,520.0,405.0
81,105,1141.47,38,525.0,405.0
81,109,1076.083,6,545.0,405.0
81,110,1006.3,35,550.0,405.0
81,112,942.767,8,560.0,405.0
81,113,857.738,25,565.0,405.0
81,117,741.966,1,585.0,405.0
81,118,724.9200000000001,24,590.0,405.0
81,119,681.031,26,595.0,405.0
81,120,796.8025,32,600.0,405.0
81,121,859.537,53,605.0,405.0
81,122,884.431,22,610.0,405.0
82,15,9.8,5,75.0,410.0
82,16,30.6001,37,80.0,410.0
82,17,39.55,20,85.0,410.0
82,18,62.9496,10,90.0,410.0
82,19,67.3495,24,95.0,410.0
82,21,110.59899999999999,8,105.0,410.0
82,22,117.199,31,110.0,410.0
82,32,314.91,51,160.0,410.0
82,33,333.911,53,165.0,410.0
82,35,318.40999999999997,42,175.0,410.0
82,38,353.86249999999995,14,190.0,410.0
82,40,401.41499999999996,54,200.0,410.0
82,42,456.919,38,210.0,410.0
82,43,487.8705,10,215.0,410.0
82,49,610.598,33,245.0,410.0
82,50,620.296,3,250.0,410.0
82,52,597.301,3,260.0,410.0
82,53,655.987,45,265.0,410.0
82,54,666.184,35,270.0,410.0
82,55,649.788,13,275.0,410.0
82,56,686.9295,10,280.0,410.0
82,58,877.433,15,290.0,410.0
82,59,879.2325000000001,64,295.0,410.0
82,60,868.635,31,300.0,410.0
82,66,720.8710000000001,30,330.0,410.0
82,67,722.471,15,335.0,410.0
82,72,1514.38,41,360.0,410.0
82,73,1402.5,5,365.0,410.0
82,75,1530.17,21,375.0,410.0
82,76,1536.17,7,380.0,410.0
82,78,1704.38,32,390.0,410.0
82,79,1617.55,2,395.0,410.0
82,81,1799.01,25,405.0,410.0
82,82,1806.705,6,410.0,410.0
82,83,1766.72,5,415.0,410.0
82,90,1472.09,59,450.0,410.0
82,94,1655.24,57,470.0,410.0
82,95,1694.53,113,475.0,410.0
82,96,1677.64,1,480.0,410.0
82,97,1384.71,1,485.0,410.0
82,98,1373.8600000000001,66,490.0,410.0
82,99,1415.3,15,495.0,410.0
82,100,1483.68,27,500.0,410.0
82,101,1125.67,16,505.0,410.0
82,102,1097.325,12,510.0,410.0
82,104,1207.25,33,520.0,410.0
82,105,1155.76,17,525.0,410.0
82,109,965.411,7,545.0,410.0
82,110,1010.3,9,550.0,410.0
82,112,501.721,1,560.0,410.0
82,113,849.54,51,565.0,410.0
82,114,551.712,50,570.0,410.0
82,115,591.203,37,575.0,410.0
82,116,630.293,43,580.0,410.0
82,117,694.5775,28,585.0,410.0
82,118,713.1225,24,590.0,410.0
82,119,742.066,3,595.0,410.0
82,121,833.144,45,605.0,410.0
83,16,39.4,35,80.0,415.0
83,17,50.7998,47,85.0,415.0
83,19,72.0995,32,95.0,415.0
83,22,123.099,57,110.0,415.0
83,32,344.16200000000003,48,160.0,415.0
83,33,345.262,48,165.0,415.0
83,35,327.811,27,175.0,415.0
83,38,363.913,12,190.0,415.0
83,39,439.218,1,195.0,415.0
83,40,427.517,41,200.0,415.0
83,42,481.52,19,210.0,415.0
83,43,490.121,52,215.0,415.0
83,44,565.409,3,220.0,415.0
83,45,568.858,8,225.0,415.0
83,49,618.146,40,245.0,415.0
83,50,581.655,2,250.0,415.0
83,52,632.293,23,260.0,415.0
83,53,648.3385000000001,16,265.0,415.0
83,54,668.584,2,270.0,415.0
83,55,679.181,31,275.0,415.0
83,59,888.83,31,295.0,415.0
83,61,764.6099999999999,18,305.0,415.0
83,62,737.617,2,310.0,415.0
83,66,713.673,39,330.0,415.0
83,67,737.067,2,335.0,415.0
83,69,1559.57,19,345.0,415.0
83,70,1564.07,41,350.0,415.0
83,71,1496.48,17,355.0,415.0
83,72,1514.88,55,360.0,415.0
83,75,1571.4099999999999,18,375.0,415.0
83,78,1727.175,32,390.0,415.0
83,79,1826.7,27,395.0,415.0
83,80,1810.41,9,400.0,415.0
83,81,1828.25,4,405.0,415.0
83,83,1855.345,2,415.0,415.0
83,85,1819.55,4,425.0,415.0
83,86,1753.42,7,430.0,415.0
83,90,1444.99,45,450.0,415.0
83,91,1416.9,19,455.0,415.0
83,94,1708.63,43,470.0,415.0
83,95,1776.51,97,475.0,415.0
83,96,1796.6100000000001,4,480.0,415.0
83,97,1394.455,6,485.0,415.0
83,98,1473.29,48,490.0,415.0
83,99,1617.25,5,495.0,415.0
83,100,1538.07,35,500.0,415.0
83,101,1122.07,23,505.0,415.0
83,104,1271.54,45,520.0,415.0
83,107,643.49,11,535.0,415.0
83,109,985.3565,24,545.0,415.0
83,110,905.326,5,550.0,415.0
83,111,546.414,45,555.0,415.0
83,112,524.769,26,560.0,415.0
83,113,502.771,52,565.0,415.0
83,114,510.422,3,570.0,415.0
83,121,824.046,18,605.0,415.0
83,122,819.247,37,610.0,415.0
84,16,56.8497,38,80.0,420.0
84,17,61.8996,49,85.0,420.0
84,19,80.09935,40,95.0,420.0
84,22,135.099,43,110.0,420.0
84,32,361.71299999999997,34,160.0,420.0
84,33,359.613,25,165.0,420.0
84,35,333.311,9,175.0,420.0
84,38,388.4145,6,190.0,420.0
84,39,445.618,4,195.0,420.0
84,40,452.118,51,200.0,420.0
84,44,563.609,13,220.0,420.0
84,45,559.81,1,225.0,420.0
84,47,576.106,1,235.0,420.0
84,48,604.9490000000001,22,240.0,420.0
84,49,617.596,47,245.0,420.0
84,50,623.195,39,250.0,420.0
84,51,630.143,48,255.0,420.0
84,52,631.593,64,260.0,420.0
84,53,647.1890000000001,12,265.0,420.0
84,55,665.085,27,275.0,420.0
84,58,720.5215000000001,38,290.0,420.0
84,59,731.3685,40,295.0,420.0
84,60,738.467,10,300.0,420.0
84,61,749.4639999999999,48,305.0,420.0
84,66,733.868,41,330.0,420.0
84,67,724.37,19,335.0,420.0
84,69,1575.76,36,345.0,420.0
84,71,1504.18,5,355.0,420.0
84,72,1530.67,57,360.0,420.0
84,73,1575.8600000000001,36,365.0,420.0
84,74,1587.86,27,370.0,420.0
84,75,1606.755,20,375.0,420.0
84,78,1843.9,31,390.0,420.0
84,80,1776.165,4,400.0,420.0
84,85,1755.22,21,425.0,420.0
84,86,1749.22,51,430.0,420.0
84,90,1449.99,17,450.0,420.0
84,91,1422.6,69,455.0,420.0
84,92,1354.965,8,460.0,420.0
84,93,1300.98,18,465.0,420.0
84,94,1698.83,47,470.0,420.0
84,95,1768.42,94,475.0,420.0
84,96,1758.365,8,480.0,420.0
84,97,1486.38,7,485.0,420.0
84,98,1442.99,47,490.0,420.0
84,99,1495.38,2,495.0,420.0
84,100,1553.12,12,500.0,420.0
84,101,1154.07,25,505.0,420.0
84,104,1240.345,44,520.0,420.0
84,107,636.2415,34,535.0,420.0
84,108,634.892,32,540.0,420.0
84,109,586.004,53,545.0,420.0
84,110,557.0615,30,550.0,420.0
84,111,578.1555000000001,16,555.0,420.0
84,113,485.91999999999996,40,565.0,420.0
84,115,607.1485,8,575.0,420.0
84,116,583.1045,30,580.0,420.0
84,117,634.642,24,585.0,420.0
84,122,778.857,48,610.0,420.0
84,123,748.9645,6,615.0,420.0
85,16,70.7995,35,80.0,425.0
85,17,70.1995,16,85.0,425.0
85,19,86.9992,35,95.0,425.0
85,22,144.4,49,110.0,425.0
85,23,148.4,1,115.0,425.0
85,28,421.417,9,140.0,425.0
85,29,413.666,22,145.0,425.0
85,30,395.515,29,150.0,425.0
85,31,382.364,30,155.0,425.0
85,32,376.914,65,160.0,425.0
85,33,361.363,28,165.0,425.0
85,39,463.119,15,195.0,425.0
85,40,463.819,67,200.0,425.0
85,44,577.606,25,220.0,425.0
85,45,578.106,12,225.0,425.0
85,46,593.802,28,230.0,425.0
85,47,603.9495,48,235.0,425.0
85,48,621.645,64,240.0,425.0
85,49,648.389,13,245.0,425.0
85,52,628.094,34,260.0,425.0
85,53,645.689,85,265.0,425.0
85,54,651.988,56,270.0,425.0
85,55,665.185,27,275.0,425.0
85,56,682.88,21,280.0,425.0
85,57,704.225,4,285.0,425.0
85,58,702.675,65,290.0,425.0
85,59,700.076,1,295.0,425.0
85,60,725.97,21,300.0,425.0
85,61,742.7660000000001,54,305.0,425.0
85,63,837.343,11,315.0,425.0
85,66,727.669,63,330.0,425.0
85,67,737.067,38,335.0,425.0
85,68,747.5645,12,340.0,425.0
85,69,1597.86,34,345.0,425.0
85,71,1518.88,1,355.0,425.0
85,72,1575.01,38,360.0,425.0
85,73,1578.66,1,365.0,425.0
85,75,1630.35,29,375.0,425.0
85,78,1829.45,22,390.0,425.0
85,84,1835.2,1,420.0,425.0
85,85,1782.76,58,425.0,425.0
85,86,1735.42,45,430.0,425.0
85,87,1782.31,1,435.0,425.0
85,91,1463.89,89,455.0,425.0
85,92,1406.65,102,460.0,425.0
85,93,1352.82,73,465.0,425.0
85,94,1303.43,69,470.0,425.0
85,95,1289.73,101,475.0,425.0
85,96,1245.495,12,480.0,425.0
85,97,1372.6599999999999,6,485.0,425.0
85,98,1306.23,61,490.0,425.0
85,99,1265.44,31,495.0,425.0
85,100,1207.5,26,500.0,425.0
85,101,1148.815,46,505.0,425.0
85,102,1094.98,31,510.0,425.0
85,103,1092.18,32,515.0,425.0
85,104,1273.64,29,520.0,425.0
85,105,1257.24,25,525.0,425.0
85,106,1234.05,19,530.0,425.0
85,109,756.6625,32,545.0,425.0
85,113,467.019,17,565.0,425.0
85,114,494.871,52,570.0,425.0
85,115,559.41,33,575.0,425.0
85,116,538.7155,10,580.0,425.0
85,122,757.062,20,610.0,425.0
85,123,754.563,19,615.0,425.0
86,16,78.6994,47,80.0,430.0
86,19,93.2991,41,95.0,430.0
86,22,154.2,36,110.0,430.0
86,23,152.1,15,115.0,430.0
86,27,454.2685,4,135.0,430.0
86,32,390.015,71,160.0,430.0
86,33,373.714,17,165.0,430.0
86,39,473.92,5,195.0,430.0
86,40,479.66999999999996,42,200.0,430.0
86,41,518.62,7,205.0,430.0
86,42,547.9635000000001,22,210.0,430.0
86,43,587.004,35,215.0,430.0
86,44,564.9590000000001,44,220.0,430.0
86,45,609.198,23,225.0,430.0
86,46,603.6500000000001,48,230.0,430.0
86,47,618.596,1,235.0,430.0
86,48,626.894,37,240.0,430.0
86,52,641.5899999999999,52,260.0,430.0
86,53,662.485,89,265.0,430.0
86,54,671.983,10,270.0,430.0
86,55,659.686,13,275.0,430.0
86,56,677.6320000000001,80,280.0,430.0
86,57,688.279,49,285.0,430.0
86,58,696.177,57,290.0,430.0
86,59,702.875,3,295.0,430.0
86,61,731.2685,18,305.0,430.0
86,63,835.043,21,315.0,430.0
86,65,713.273,1,325.0,430.0
86,66,740.766,87,330.0,430.0
86,67,753.2629999999999,6,335.0,430.0
86,68,1558.27,23,340.0,430.0
86,69,1644.1999999999998,40,345.0,430.0
86,70,1620.85,35,350.0,430.0
86,71,1629.25,41,355.0,430.0
86,72,1604.96,27,360.0,430.0
86,73,1626.95,23,365.0,430.0
86,74,1678.34,22,370.0,430.0
86,75,1636.15,38,375.0,430.0
86,76,1687.3400000000001,28,380.0,430.0
86,77,1732.12,31,385.0,430.0
86,78,1778.71,13,390.0,430.0
86,84,1831.4499999999998,18,420.0,430.0
86,85,1763.17,54,425.0,430.0
86,86,1681.64,37,430.0,430.0
86,90,1617.5,24,450.0,430.0
86,91,1546.92,64,455.0,430.0
86,92,1447.49,91,460.0,430.0
86,93,1374.31,49,465.0,430.0
86,94,1278.185,12,470.0,430.0
86,95,1265.94,84,475.0,430.0
86,96,1233.995,22,480.0,430.0
86,97,1244.995,6,485.0,430.0
86,98,1317.825,36,490.0,430.0
86,103,1019.4,19,515.0,430.0
86,104,1036.495,2,520.0,430.0
86,105,989.006,5,525.0,430.0
86,106,956.913,15,530.0,430.0
86,109,719.071,27,545.0,430.0
86,114,446.018,52,570.0,430.0
86,120,608.498,31,600.0,430.0
86,121,662.085,25,605.0,430.0
86,122,681.181,35,610.0,430.0
86,123,748.664,15,615.0,430.0
87,15,83.4993,6,75.0,435.0
87,16,88.3992,60,80.0,435.0
87,17,109.199,20,85.0,435.0
87,18,121.549,4,90.0,435.0
87,19,98.1991,25,95.0,435.0
87,20,100.09905,12,100.0,435.0
87,22,164.801,27,110.0,435.0
87,23,160.801,38,115.0,435.0
87,28,535.8164999999999,2,140.0,435.0
87,29,508.222,13,145.0,435.0
87,30,493.521,17,150.0,435.0
87,31,460.069,34,155.0,435.0
87,32,440.518,51,160.0,435.0
87,33,398.615,71,165.0,435.0
87,34,407.916,48,170.0,435.0
87,35,417.816,51,175.0,435.0
87,36,437.16700000000003,46,180.0,435.0
87,37,465.019,34,185.0,435.0
87,38,493.021,49,190.0,435.0
87,39,500.421,45,195.0,435.0
87,40,525.319,58,200.0,435.0
87,41,563.809,43,205.0,435.0
87,42,576.456,72,210.0,435.0
87,47,669.384,7,235.0,435.0
87,48,654.987,24,240.0,435.0
87,52,673.283,37,260.0,435.0
87,53,675.7819999999999,36,265.0,435.0
87,56,650.088,5,280.0,435.0
87,57,688.079,25,285.0,435.0
87,58,696.777,14,290.0,435.0
87,59,704.875,30,295.0,435.0
87,60,714.173,43,300.0,435.0
87,61,718.8215,32,305.0,435.0
87,62,828.8945,2,310.0,435.0
87,63,833.244,17,315.0,435.0
87,65,694.6275,4,325.0,435.0
87,66,730.769,83,330.0,435.0
87,71,1632.65,30,355.0,435.0
87,72,1641.05,7,360.0,435.0
87,74,1647.695,16,370.0,435.0
87,75,1691.13,15,375.0,435.0
87,77,1736.37,14,385.0,435.0
87,78,1773.06,30,390.0,435.0
87,79,1689.43,5,395.0,435.0
87,81,1836.3,2,405.0,435.0
87,82,1813.8,29,410.0,435.0
87,83,1838.3,25,415.0,435.0
87,84,1863.19,21,420.0,435.0
87,85,1785.01,59,425.0,435.0
87,86,1635.45,51,430.0,435.0
87,87,1655.34,37,435.0,435.0
87,88,1619.1,54,440.0,435.0
87,89,1657.0900000000001,94,445.0,435.0
87,90,1587.26,73,450.0,435.0
87,91,1488.68,93,455.0,435.0
87,92,1442.49,84,460.0,435.0
87,93,1345.0700000000002,52,465.0,435.0
87,94,1276.54,5,470.0,435.0
87,95,1219.3,80,475.0,435.0
87,96,1201.4499999999998,58,480.0,435.0
87,97,1192.56,33,485.0,435.0
87,103,1042.89,29,515.0,435.0
87,105,979.508,45,525.0,435.0
87,106,859.987,64,530.0,435.0
87,109,686.7795,30,545.0,435.0
87,114,433.917,57,570.0,435.0
87,115,416.616,1,575.0,435.0
87,119,589.903,1,595.0,435.0
87,120,600.3,39,600.0,435.0
88,15,96.6991,11,75.0,440.0
88,16,97.6991,41,80.0,440.0
88,17,110.899,14,85.0,440.0
88,18,110.399,2,90.0,440.0
88,19,104.499,4,95.0,440.0
88,20,106.249,26,100.0,440.0
88,22,175.3015,4,110.0,440.0
88,23,172.801,37,115.0,440.0
88,28,547.413,5,140.0,440.0
88,29,522.919,19,145.0,440.0
88,30,513.172,24,150.0,440.0
88,31,490.721,9,155.0,440.0
88,32,467.819,49,160.0,440.0
88,33,459.169,34,165.0,440.0
88,34,469.419,15,170.0,440.0
88,35,462.519,23,175.0,440.0
88,36,495.721,29,180.0,440.0
88,37,497.321,30,185.0,440.0
88,38,529.018,29,190.0,440.0
88,39,580.755,12,195.0,440.0
88,42,590.103,50,210.0,440.0
88,47,673.183,15,235.0,440.0
88,48,642.09,48,240.0,440.0
88,49,637.091,33,245.0,440.0
88,50,664.985,23,250.0,440.0
88,51,654.587,2,255.0,440.0
88,52,685.6295,20,260.0,440.0
88,57,703.175,39,285.0,440.0
88,61,710.9235,2,305.0,440.0
88,62,816.848,27,310.0,440.0
88,63,828.645,42,315.0,440.0
88,64,843.2909999999999,4,320.0,440.0
88,65,724.3199999999999,6,325.0,440.0
88,66,744.765,53,330.0,440.0
88,67,739.766,63,335.0,440.0
88,71,1670.34,41,355.0,440.0
88,74,1711.63,23,370.0,440.0
88,77,1756.52,27,385.0,440.0
88,78,1784.46,12,390.0,440.0
88,79,1766.92,9,395.0,440.0
88,80,1802.71,29,400.0,440.0
88,81,1836.4,9,405.0,440.0
88,82,1893.08,3,410.0,440.0
88,83,1887.835,2,415.0,440.0
88,84,1794.96,20,420.0,440.0
88,85,1803.26,34,425.0,440.0
88,86,1746.62,66,430.0,440.0
88,87,1774.76,74,435.0,440.0
88,88,1758.12,74,440.0,440.0
88,89,1632.85,82,445.0,440.0
88,90,1550.57,47,450.0,440.0
88,91,1496.18,9,455.0,440.0
88,93,1326.72,61,465.0,440.0
88,94,1280.53,21,470.0,440.0
88,95,1256.94,9,475.0,440.0
88,96,1175.6599999999999,12,480.0,440.0
88,97,1181.46,34,485.0,440.0
88,98,1182.56,53,490.0,440.0
88,99,1175.9099999999999,48,495.0,440.0
88,100,1156.1599999999999,46,500.0,440.0
88,101,1099.23,26,505.0,440.0
88,102,1069.79,15,510.0,440.0
88,103,1051.29,51,515.0,440.0
88,104,1058.1399999999999,38,520.0,440.0
88,105,980.008,73,525.0,440.0
88,106,809.0995,74,530.0,440.0
88,107,735.3675000000001,46,535.0,440.0
88,108,704.675,34,540.0,440.0
88,109,652.888,65,545.0,440.0
88,114,402.315,29,570.0,440.0
88,115,379.314,24,575.0,440.0
88,116,423.16650000000004,10,580.0,440.0
88,117,443.818,31,585.0,440.0
88,118,506.122,43,590.0,440.0
88,119,522.819,30,595.0,440.0
88,120,590.303,42,600.0,440.0
88,121,606.549,12,605.0,440.0
88,122,768.3095000000001,32,610.0,440.0
88,123,935.919,5,615.0,440.0
89,15,106.599,16,75.0,445.0
89,16,110.699,40,80.0,445.0
89,19,124.84899999999999,60,95.0,445.0
89,20,114.499,58,100.0,445.0
89,23,177.302,56,115.0,445.0
89,28,348.462,18,140.0,445.0
89,32,504.7715,54,160.0,445.0
89,33,497.121,13,165.0,445.0
89,38,566.6085,6,190.0,445.0
89,39,566.8085,12,195.0,445.0
89,42,607.899,49,210.0,445.0
89,43,621.795,1,215.0,445.0
89,47,652.788,39,235.0,445.0
89,48,634.792,23,240.0,445.0
89,57,723.77,71,285.0,445.0
89,58,744.965,20,290.0,445.0
89,62,798.052,35,310.0,445.0
89,63,819.697,10,315.0,445.0
89,64,851.489,24,320.0,445.0
89,65,852.2885,2,325.0,445.0
89,71,1694.43,49,355.0,445.0
89,72,1750.42,57,360.0,445.0
89,73,1759.8200000000002,18,365.0,445.0
89,74,1734.775,28,370.0,445.0
89,77,1799.81,31,385.0,445.0
89,79,1869.49,1,395.0,445.0
89,81,1828.0,13,405.0,445.0
89,86,1868.09,11,430.0,445.0
89,87,1687.04,55,435.0,445.0
89,88,1679.39,20,440.0,445.0
89,89,1608.45,9,445.0,445.0
89,93,1375.11,35,465.0,445.0
89,94,1360.365,8,470.0,445.0
89,98,1204.15,35,490.0,445.0
89,100,1112.38,1,500.0,445.0
89,101,1077.5349999999999,10,505.0,445.0
89,102,1045.89,31,510.0,445.0
89,103,1063.79,17,515.0,445.0
89,105,971.1600000000001,32,525.0,445.0
89,106,901.8765000000001,80,530.0,445.0
89,107,785.5554999999999,66,535.0,445.0
89,108,750.664,3,540.0,445.0
89,109,622.595,34,545.0,445.0
89,113,434.817,7,565.0,445.0
89,114,367.76300000000003,28,570.0,445.0
89,115,327.311,61,575.0,445.0
89,116,368.613,31,580.0,445.0
89,117,466.8195,4,585.0,445.0
89,119,732.918,6,595.0,445.0
89,120,688.579,39,600.0,445.0
89,121,697.5264999999999,74,605.0,445.0
89,122,778.557,21,610.0,445.0
89,123,799.352,3,615.0,445.0
90,15,118.099,5,75.0,450.0
90,16,122.499,3,80.0,450.0
90,18,151.1,2,90.0,450.0
90,19,140.949,18,95.0,450.0
90,20,126.199,39,100.0,450.0
90,23,191.402,55,115.0,450.0
90,24,188.902,27,120.0,450.0
90,25,197.703,25,125.0,450.0
90,26,209.404,29,130.0,450.0
90,28,342.512,43,140.0,450.0
90,32,537.016,53,160.0,450.0
90,33,567.009,1,165.0,450.0
90,40,542.9145,2,200.0,450.0
90,41,534.617,7,205.0,450.0
90,42,619.746,50,210.0,450.0
90,43,623.195,3,215.0,450.0
90,46,682.68,21,230.0,450.0
90,47,667.184,56,235.0,450.0
90,48,693.978,3,240.0,450.0
90,53,757.4625000000001,6,265.0,450.0
90,54,778.0074999999999,34,270.0,450.0
90,55,776.8074999999999,22,275.0,450.0
90,56,768.959,5,280.0,450.0
90,57,733.568,37,285.0,450.0
90,58,737.967,33,290.0,450.0
90,59,763.161,43,295.0,450.0
90,60,761.461,34,300.0,450.0
90,61,772.5585,24,305.0,450.0
90,62,788.754,64,310.0,450.0
90,63,799.152,21,315.0,450.0
90,64,823.746,62,320.0,450.0
90,65,847.44,22,325.0,450.0
90,71,1677.5900000000001,54,355.0,450.0
90,72,1738.32,53,360.0,450.0
90,73,1743.32,13,365.0,450.0
90,74,1808.9099999999999,40,370.0,450.0
90,75,1782.01,36,375.0,450.0
90,76,1814.4,7,380.0,450.0
90,77,1786.61,6,385.0,450.0
90,81,1850.7,21,405.0,450.0
90,87,1702.63,29,435.0,450.0
90,92,1662.94,6,460.0,450.0
90,93,1657.14,31,465.0,450.0
90,94,1503.88,33,470.0,450.0
90,97,1245.04,21,485.0,450.0
90,98,1227.1,50,490.0,450.0
90,99,1175.1100000000001,56,495.0,450.0
90,100,1162.8600000000001,34,500.0,450.0
90,101,1165.41,32,505.0,450.0
90,102,1100.13,36,510.0,450.0
90,103,1089.38,30,515.0,450.0
90,104,1168.9099999999999,2,520.0,450.0
90,105,998.704,2,525.0,450.0
90,106,972.61,43,530.0,450.0
90,107,861.537,23,535.0,450.0
90,109,584.8045,66,545.0,450.0
90,110,557.511,53,550.0,450.0
90,111,533.6665,56,555.0,450.0
90,112,497.721,61,560.0,450.0
90,113,443.71799999999996,54,565.0,450.0
90,114,365.613,16,570.0,450.0
90,115,303.409,48,575.0,450.0
90,116,297.209,2,580.0,450.0
90,119,772.758,12,595.0,450.0
90,120,773.258,23,600.0,450.0
91,20,129.349,28,100.0,455.0
91,23,208.25349999999997,48,115.0,455.0
91,26,211.354,14,130.0,455.0
91,28,342.712,44,140.0,455.0
91,30,560.9100000000001,30,150.0,455.0
91,31,561.51,25,155.0,455.0
91,32,549.3130000000001,86,160.0,455.0
91,35,540.665,10,175.0,455.0
91,37,529.068,36,185.0,455.0
91,38,534.117,41,190.0,455.0
91,39,512.422,56,195.0,455.0
91,40,518.62,29,200.0,455.0
91,41,548.113,19,205.0,455.0
91,42,638.2909999999999,50,210.0,455.0
91,43,631.9425,18,215.0,455.0
91,47,677.982,57,235.0,455.0
91,48,680.681,2,240.0,455.0
91,50,704.075,8,250.0,455.0
91,53,766.26,19,265.0,455.0
91,54,787.2545,20,270.0,455.0
91,56,767.1095,20,280.0,455.0
91,57,759.961,28,285.0,455.0
91,61,775.508,2,305.0,455.0
91,62,791.554,54,310.0,455.0
91,64,834.643,39,320.0,455.0
91,69,1748.57,34,345.0,455.0
91,70,1714.23,51,350.0,455.0
91,71,1681.3400000000001,52,355.0,455.0
91,72,1732.875,2,360.0,455.0
91,75,1794.96,28,375.0,455.0
91,76,1813.9,13,380.0,455.0
91,78,1874.19,1,390.0,455.0
91,80,1857.39,3,400.0,455.0
91,81,1865.94,12,405.0,455.0
91,85,1791.9099999999999,2,425.0,455.0
91,86,1731.32,22,430.0,455.0
91,87,1673.39,20,435.0,455.0
91,89,1779.065,8,445.0,455.0
91,90,1767.32,25,450.0,455.0
91,91,1695.03,55,455.0,455.0
91,92,1675.5900000000001,60,460.0,455.0
91,93,1651.44,39,465.0,455.0
91,94,1512.38,73,470.0,455.0
91,95,1383.11,47,475.0,455.0
91,96,1341.32,83,480.0,455.0
91,97,1307.93,71,485.0,455.0
91,98,1239.4450000000002,2,490.0,455.0
91,99,1247.6399999999999,42,495.0,455.0
91,102,1099.4299999999998,28,510.0,455.0
91,103,1117.82,30,515.0,455.0
91,104,1145.17,29,520.0,455.0
91,105,1189.305,42,525.0,455.0
91,107,961.912,1,535.0,455.0
91,108,604.999,2,540.0,455.0
91,109,594.902,48,545.0,455.0
91,110,531.017,7,550.0,455.0
91,112,442.46799999999996,30,560.0,455.0
91,115,304.709,29,575.0,455.0
91,116,287.75800000000004,28,580.0,455.0
91,119,360.413,19,595.0,455.0
91,120,388.3645,26,600.0,455.0
91,121,407.51599999999996,42,605.0,455.0
91,122,458.119,27,610.0,455.0
92,20,139.499,19,100.0,460.0
92,21,136.599,9,105.0,460.0
92,23,212.104,39,115.0,460.0
92,26,224.404,21,130.0,460.0
92,28,341.812,27,140.0,460.0
92,30,577.706,9,150.0,460.0
92,31,607.399,1,155.0,460.0
92,32,460.669,78,160.0,460.0
92,35,522.3195000000001,24,175.0,460.0
92,36,471.12,3,180.0,460.0
92,39,502.42150000000004,32,195.0,460.0
92,40,537.1659999999999,8,200.0,460.0
92,42,543.1645,16,210.0,460.0
92,43,634.992,26,215.0,460.0
92,44,653.9375,14,220.0,460.0
92,47,685.28,45,235.0,460.0
92,48,687.679,27,240.0,460.0
92,49,671.683,31,245.0,460.0
92,50,687.029,28,250.0,460.0
92,53,746.765,37,265.0,460.0
92,54,757.2625,2,270.0,460.0
92,56,788.0045,4,280.0,460.0
92,57,762.361,22,285.0,460.0
92,61,792.054,1,305.0,460.0
92,62,800.452,47,310.0,460.0
92,64,833.643,31,320.0,460.0
92,65,838.692,36,325.0,460.0
92,66,861.4865,6,330.0,460.0
92,71,1777.46,56,355.0,460.0
92,72,1808.01,32,360.0,460.0
92,73,1825.0,15,365.0,460.0
92,74,1798.31,1,370.0,460.0
92,75,1832.2,11,375.0,460.0
92,79,1864.79,2,395.0,460.0
92,80,1855.99,9,400.0,460.0
92,86,1717.58,10,430.0,460.0
92,87,1705.93,6,435.0,460.0
92,88,1791.06,2,440.0,460.0
92,89,1780.76,36,445.0,460.0
92,90,1787.51,22,450.0,460.0
92,91,1756.065,10,455.0,460.0
92,92,1761.665,24,460.0,460.0
92,93,1825.9,2,465.0,460.0
92,94,1589.46,36,470.0,460.0
92,95,1667.0900000000001,78,475.0,460.0
92,96,1585.56,71,480.0,460.0
92,97,1429.4,75,485.0,460.0
92,98,1404.6,7,490.0,460.0
92,99,1268.335,24,495.0,460.0
92,102,1159.96,36,510.0,460.0
92,105,1191.46,6,525.0,460.0
92,107,753.113,22,535.0,460.0
92,108,655.687,17,540.0,460.0
92,109,621.195,25,545.0,460.0
92,112,421.316,39,560.0,460.0
92,115,298.509,4,575.0,460.0
92,116,260.307,63,580.0,460.0
92,117,269.207,49,585.0,460.0
92,118,313.71,43,590.0,460.0
92,119,333.411,27,595.0,460.0
92,120,369.313,11,600.0,460.0
93,20,134.099,3,100.0,465.0
93,21,143.89999999999998,28,105.0,465.0
93,22,233.105,19,110.0,465.0
93,23,222.35399999999998,46,115.0,465.0
93,25,244.806,5,125.0,465.0
93,26,234.105,37,130.0,465.0
93,28,321.11,27,140.0,465.0
93,32,439.918,59,160.0,465.0
93,35,483.52,19,175.0,465.0
93,36,484.16999999999996,38,180.0,465.0
93,37,508.267,2,185.0,465.0
93,39,496.021,25,195.0,465.0
93,40,500.621,13,200.0,465.0
93,42,532.217,31,210.0,465.0
93,43,537.616,15,215.0,465.0
93,46,701.4255,4,230.0,465.0
93,47,705.475,27,235.0,465.0
93,50,728.369,9,250.0,465.0
93,53,742.066,39,265.0,465.0
93,56,784.2055,10,280.0,465.0
93,57,773.6085,6,285.0,465.0
93,61,800.852,9,305.0,465.0
93,62,813.1485,50,310.0,465.0
93,70,1783.26,24,350.0,465.0
93,71,1789.71,32,355.0,465.0
93,72,1775.81,7,360.0,465.0
93,73,1816.3,36,365.0,465.0
93,74,1817.5,19,370.0,465.0
93,75,1799.21,11,375.0,465.0
93,80,1790.01,3,400.0,465.0
93,81,1839.395,4,405.0,465.0
93,82,1825.25,2,410.0,465.0
93,86,1759.6149999999998,8,430.0,465.0
93,87,1851.995,4,435.0,465.0
93,88,1826.0,8,440.0,465.0
93,89,1854.09,9,445.0,465.0
93,91,1819.75,2,455.0,465.0
93,92,1852.99,11,460.0,465.0
93,93,1845.8,1,465.0,465.0
93,94,1753.52,5,470.0,465.0
93,95,1770.0149999999999,42,475.0,465.0
93,96,1650.94,80,480.0,465.0
93,97,1587.26,77,485.0,465.0
93,98,1557.32,22,490.0,465.0
93,99,1321.22,32,495.0,465.0
93,100,1267.1399999999999,10,500.0,465.0
93,107,741.1659999999999,26,535.0,465.0
93,108,657.187,33,540.0,465.0
93,109,616.6965,12,545.0,465.0
93,112,405.116,29,560.0,465.0
93,113,401.315,11,565.0,465.0
93,116,240.205,53,580.0,465.0
93,117,234.605,33,585.0,465.0
94,16,176.6515,20,80.0,470.0
94,17,168.95100000000002,28,85.0,470.0
94,18,168.551,44,90.0,470.0
94,19,157.3,39,95.0,470.0
94,20,147.6,41,100.0,470.0
94,21,147.1,17,105.0,470.0
94,23,244.506,25,115.0,470.0
94,25,249.906,8,125.0,470.0
94,26,234.805,35,130.0,470.0
94,28,292.409,34,140.0,470.0
94,31,462.119,1,155.0,470.0
94,32,437.417,53,160.0,470.0
94,35,460.619,5,175.0,470.0
94,36,471.97,76,180.0,470.0
94,37,462.019,11,185.0,470.0
94,39,480.42,17,195.0,470.0
94,40,489.221,27,200.0,470.0
94,41,494.471,10,205.0,470.0
94,42,509.522,26,210.0,470.0
94,43,527.218,47,215.0,470.0
94,44,645.4395,32,220.0,470.0
94,45,676.8315,4,225.0,470.0
94,46,701.576,19,230.0,470.0
94,47,689.579,41,235.0,470.0
94,48,680.281,27,240.0,470.0
94,49,689.979,29,245.0,470.0
94,50,714.373,57,250.0,470.0
94,51,713.973,21,255.0,470.0
94,52,731.568,23,260.0,470.0
94,53,721.871,47,265.0,470.0
94,54,735.567,23,270.0,470.0
94,55,752.663,5,275.0,470.0
94,56,792.4535,40,280.0,470.0
94,57,795.553,67,285.0,470.0
94,58,764.46,1,290.0,470.0
94,62,822.446,49,310.0,470.0
94,63,828.0445,20,315.0,470.0
94,64,837.043,17,320.0,470.0
94,65,1124.17,22,325.0,470.0
94,66,1158.2649999999999,6,330.0,470.0
94,70,1193.96,53,350.0,470.0
94,71,1204.65,37,355.0,470.0
94,72,1739.42,28,360.0,470.0
94,73,1787.1100000000001,8,365.0,470.0
94,79,1884.49,1,395.0,470.0
94,81,1859.69,1,405.0,470.0
94,82,1904.88,5,410.0,470.0
94,83,1842.145,4,415.0,470.0
94,84,1912.28,3,420.0,470.0
94,85,1839.395,4,425.0,470.0
94,86,1831.3,11,430.0,470.0
94,91,1870.8899999999999,4,455.0,470.0
94,92,1871.99,4,460.0,470.0
94,93,1877.49,2,465.0,470.0
94,95,1798.4099999999999,34,475.0,470.0
94,96,1730.225,24,480.0,470.0
94,97,1534.67,3,485.0,470.0
94,99,1286.63,11,495.0,470.0
94,100,1322.97,28,500.0,470.0
94,102,1383.11,1,510.0,470.0
94,103,1558.17,3,515.0,470.0
94,106,770.559,4,530.0,470.0
94,107,688.879,50,535.0,470.0
94,108,669.6335,44,540.0,470.0
94,112,382.4145,12,560.0,470.0
94,113,363.413,39,565.0,470.0
94,116,231.405,19,580.0,470.0
94,117,209.554,60,585.0,470.0
95,18,174.801,19,90.0,475.0
95,19,171.851,12,95.0,475.0
95,23,242.9055,26,115.0,475.0
95,25,248.656,4,125.0,475.0
95,26,250.906,35,130.0,475.0
95,27,258.807,30,135.0,475.0
95,28,288.608,31,140.0,475.0
95,29,307.31,27,145.0,475.0
95,30,410.616,23,150.0,475.0
95,31,430.067,36,155.0,475.0
95,32,392.615,47,160.0,475.0
95,35,387.114,1,175.0,475.0
95,36,433.017,87,180.0,475.0
95,37,439.76800000000003,54,185.0,475.0
95,38,452.01800000000003,36,190.0,475.0
95,39,463.019,40,195.0,475.0
95,40,479.12,40,200.0,475.0
95,41,498.121,40,205.0,475.0
95,42,509.222,35,210.0,475.0
95,43,572.207,89,215.0,475.0
95,44,653.6375,96,220.0,475.0
95,45,634.492,18,225.0,475.0
95,46,719.071,19,230.0,475.0
95,47,698.7265,8,235.0,475.0
95,50,718.4215,20,250.0,475.0
95,52,748.564,31,260.0,475.0
95,53,729.069,12,265.0,475.0
95,54,758.862,5,270.0,475.0
95,55,812.0989999999999,24,275.0,475.0
95,56,932.269,32,280.0,475.0
95,57,793.553,15,285.0,475.0
95,60,958.463,8,300.0,475.0
95,61,956.613,40,305.0,475.0
95,62,937.2185,44,310.0,475.0
95,63,984.1565,42,315.0,475.0
95,64,993.404,21,320.0,475.0
95,65,1117.37,23,325.0,475.0
95,66,1151.27,44,330.0,475.0
95,69,1102.88,4,345.0,475.0
95,70,1171.46,41,350.0,475.0
95,71,1199.15,18,355.0,475.0
95,72,1198.25,60,360.0,475.0
95,73,1193.86,37,365.0,475.0
95,74,1200.55,23,370.0,475.0
95,85,1815.855,2,425.0,475.0
95,90,1868.39,1,450.0,475.0
95,91,1834.9,7,455.0,475.0
95,92,1846.1,1,460.0,475.0
95,95,1856.99,23,475.0,475.0
95,96,1794.11,27,480.0,475.0
95,99,1393.505,28,495.0,475.0
95,100,1353.17,60,500.0,475.0
95,101,1450.74,62,505.0,475.0
95,102,1553.02,54,510.0,475.0
95,103,1627.9,46,515.0,475.0
95,106,738.267,20,530.0,475.0
95,107,752.813,2,535.0,475.0
95,109,427.767,8,545.0,475.0
95,110,407.26599999999996,16,550.0,475.0
95,111,398.015,27,555.0,475.0
95,112,377.314,33,560.0,475.0
95,113,339.1115,42,565.0,475.0
95,114,292.109,16,570.0,475.0
95,115,257.807,37,575.0,475.0
95,116,220.504,42,580.0,475.0
95,117,193.953,54,585.0,475.0
96,17,185.002,10,85.0,480.0
96,18,177.202,38,90.0,480.0
96,19,181.402,43,95.0,480.0
96,20,193.153,28,100.0,480.0
96,21,197.553,34,105.0,480.0
96,22,262.307,24,110.0,480.0
96,23,254.606,37,115.0,480.0
96,25,264.90700000000004,10,125.0,480.0
96,26,262.257,16,130.0,480.0
96,31,380.914,25,155.0,480.0
96,32,344.86199999999997,60,160.0,480.0
96,33,373.314,54,165.0,480.0
96,34,391.015,42,170.0,480.0
96,35,394.815,29,175.0,480.0
96,36,409.616,45,180.0,480.0
96,37,424.8665,4,185.0,480.0
96,39,474.62,35,195.0,480.0
96,42,629.793,11,210.0,480.0
96,43,616.996,67,215.0,480.0
96,44,605.8489999999999,58,220.0,480.0
96,45,603.5,7,225.0,480.0
96,46,705.9745,20,230.0,480.0
96,47,705.975,5,235.0,480.0
96,49,746.565,5,245.0,480.0
96,50,726.12,32,250.0,480.0
96,51,732.568,25,255.0,480.0
96,52,762.461,14,260.0,480.0
96,54,912.924,11,270.0,480.0
96,55,907.3254999999999,22,275.0,480.0
96,56,908.825,18,280.0,480.0
96,61,912.924,21,305.0,480.0
96,62,925.421,75,310.0,480.0
96,63,971.81,87,315.0,480.0
96,64,1008.2,74,320.0,480.0
96,65,1107.58,56,325.0,480.0
96,66,1165.1599999999999,16,330.0,480.0
96,69,1168.76,41,345.0,480.0
96,70,1198.105,14,350.0,480.0
96,72,1196.255,28,360.0,480.0
96,81,1803.81,1,405.0,480.0
96,95,1862.49,13,475.0,480.0
96,96,1795.51,30,480.0,480.0
96,97,1724.875,18,485.0,480.0
96,98,1589.46,49,490.0,480.0
96,99,1486.13,36,495.0,480.0
96,100,1478.69,63,500.0,480.0
96,103,1700.58,16,515.0,480.0
96,106,773.858,19,530.0,480.0
96,108,440.71799999999996,10,540.0,480.0
96,109,437.01750000000004,32,545.0,480.0
96,110,446.818,29,550.0,480.0
96,111,407.7655,22,555.0,480.0
96,112,320.11,13,560.0,480.0
96,113,321.06,54,565.0,480.0
96,114,277.158,14,570.0,480.0
96,117,179.602,46,585.0,480.0
96,118,188.902,9,590.0,480.0
97,18,179.902,4,90.0,485.0
97,19,191.7525,4,95.0,485.0
97,21,189.802,1,105.0,485.0
97,22,267.407,3,110.0,485.0
97,23,263.107,25,115.0,485.0
97,25,277.308,14,125.0,485.0
97,26,282.658,14,130.0,485.0
97,31,350.412,29,155.0,485.0
97,32,329.611,39,160.0,485.0
97,39,487.371,26,195.0,485.0
97,42,605.899,7,210.0,485.0
97,43,601.1,47,215.0,485.0
97,51,716.972,3,255.0,485.0
97,54,906.6755,26,270.0,485.0
97,55,878.533,55,275.0,485.0
97,59,881.4315,14,295.0,485.0
97,60,911.724,7,300.0,485.0
97,61,892.629,35,305.0,485.0
97,62,928.42,49,310.0,485.0
97,63,966.361,78,315.0,485.0
97,64,1025.65,114,320.0,485.0
97,65,1130.27,42,325.0,485.0
97,68,1114.525,18,340.0,485.0
97,69,1176.56,57,345.0,485.0
97,71,1224.5,6,355.0,485.0
97,72,1207.55,57,360.0,485.0
97,73,1170.2649999999999,2,365.0,485.0
97,90,1533.97,5,450.0,485.0
97,91,1609.05,41,455.0,485.0
97,92,1599.46,45,460.0,485.0
97,93,1573.86,35,465.0,485.0
97,94,1548.97,3,470.0,485.0
97,96,1832.05,14,480.0,485.0
97,97,1787.3600000000001,56,485.0,485.0
97,98,1813.0,51,490.0,485.0
97,99,1769.32,15,495.0,485.0
97,100,1512.13,52,500.0,485.0
97,101,1138.97,28,505.0,485.0
97,103,1823.0,3,515.0,485.0
97,104,885.3305,16,520.0,485.0
97,105,820.647,49,525.0,485.0
97,106,752.863,33,530.0,485.0
97,113,305.6595,40,565.0,485.0
97,116,198.253,12,580.0,485.0
97,117,169.451,28,585.0,485.0
97,118,165.801,50,590.0,485.0
98,18,331.411,8,90.0,490.0
98,19,330.511,9,95.0,490.0
98,20,351.212,1,100.0,490.0
98,21,343.612,1,105.0,490.0
98,23,277.058,40,115.0,490.0
98,25,474.16949999999997,20,125.0,490.0
98,26,441.518,58,130.0,490.0
98,27,457.119,42,135.0,490.0
98,28,419.16650000000004,24,140.0,490.0
98,29,393.615,37,145.0,490.0
98,30,358.813,38,150.0,490.0
98,31,319.86,40,155.0,490.0
98,32,307.11,67,160.0,490.0
98,33,340.3115,42,165.0,490.0
98,34,385.56399999999996,24,170.0,490.0
98,42,492.51,2,210.0,490.0
98,43,572.2570000000001,74,215.0,490.0
98,44,579.306,28,220.0,490.0
98,45,511.722,19,225.0,490.0
98,46,581.8050000000001,40,230.0,490.0
98,47,522.0695000000001,32,235.0,490.0
98,54,880.632,7,270.0,490.0
98,55,855.838,43,275.0,490.0
98,56,840.8420000000001,46,280.0,490.0
98,57,804.751,39,285.0,490.0
98,58,819.7470000000001,6,290.0,490.0
98,59,865.8354999999999,32,295.0,490.0
98,61,891.0295000000001,42,305.0,490.0
98,62,965.861,34,310.0,490.0
98,63,995.704,74,315.0,490.0
98,64,1017.85,60,320.0,490.0
98,65,1111.78,47,325.0,490.0
98,68,1140.87,49,340.0,490.0
98,69,1169.0149999999999,8,345.0,490.0
98,71,1211.45,21,355.0,490.0
98,72,1211.55,17,360.0,490.0
98,73,1212.45,3,365.0,490.0
98,80,1851.0,1,400.0,490.0
98,90,1687.34,1,450.0,490.0
98,91,1609.5500000000002,20,455.0,490.0
98,92,1557.37,68,460.0,490.0
98,93,1549.47,59,465.0,490.0
98,94,1596.56,32,470.0,490.0
98,96,1188.96,20,480.0,490.0
98,97,1856.145,6,485.0,490.0
98,98,1828.6,5,490.0,490.0
98,99,1094.78,21,495.0,490.0
98,100,1063.3400000000001,48,500.0,490.0
98,105,802.501,20,525.0,490.0
98,106,813.7985,14,530.0,490.0
98,107,428.317,15,535.0,490.0
98,108,420.216,3,540.0,490.0
98,113,259.757,32,565.0,490.0
98,116,190.602,23,580.0,490.0
98,117,166.401,21,585.0,490.0
98,118,150.0,53,590.0,490.0
99,18,344.012,19,90.0,495.0
99,19,333.911,16,95.0,495.0
99,20,322.41,31,100.0,495.0
99,21,323.3605,26,105.0,495.0
99,22,309.51,25,110.0,495.0
99,23,290.309,33,115.0,495.0
99,25,471.62,13,125.0,495.0
99,26,415.616,32,130.0,495.0
99,27,404.115,1,135.0,495.0
99,28,399.515,12,140.0,495.0
99,29,377.114,26,145.0,495.0
99,30,326.711,43,150.0,495.0
99,31,296.409,72,155.0,495.0
99,32,296.309,23,160.0,495.0
99,33,344.062,8,165.0,495.0
99,34,391.2145,54,170.0,495.0
99,39,612.398,13,195.0,495.0
99,40,616.4465,30,200.0,495.0
99,41,590.803,28,205.0,495.0
99,42,569.758,42,210.0,495.0
99,43,500.221,61,215.0,495.0
99,44,512.022,37,220.0,495.0
99,45,536.4665,4,225.0,495.0
99,47,574.407,51,235.0,495.0
99,48,594.202,36,240.0,495.0
99,49,564.6089999999999,8,245.0,495.0
99,54,898.778,26,270.0,495.0
99,55,944.716,1,275.0,495.0
99,57,787.155,31,285.0,495.0
99,58,817.647,32,290.0,495.0
99,59,841.342,45,295.0,495.0
99,60,864.936,33,300.0,495.0
99,61,872.334,36,305.0,495.0
99,63,1054.69,1,315.0,495.0
99,64,1075.3850000000002,32,320.0,495.0
99,65,1119.9699999999998,14,325.0,495.0
99,67,1101.38,6,335.0,495.0
99,68,1131.77,41,340.0,495.0
99,90,1607.455,8,450.0,495.0
99,91,1549.87,14,455.0,495.0
99,92,1485.63,42,460.0,495.0
99,93,1497.43,4,465.0,495.0
99,96,1157.26,25,480.0,495.0
99,97,1082.935,10,485.0,495.0
99,99,1055.69,21,495.0,495.0
99,100,988.9555,32,500.0,495.0
99,105,833.643,35,525.0,495.0
99,107,399.115,11,535.0,495.0
99,108,369.613,37,540.0,495.0
99,109,340.612,33,545.0,495.0
99,110,294.209,44,550.0,495.0
99,111,255.506,33,555.0,495.0
99,112,205.853,42,560.0,495.0
99,113,198.003,17,565.0,495.0
99,118,138.999,43,590.0,495.0
99,119,134.999,21,595.0,495.0
100,23,449.46799999999996,36,115.0,500.0
100,25,428.317,25,125.0,500.0
100,26,397.815,20,130.0,500.0
100,31,281.00800000000004,62,155.0,500.0
100,32,284.108,43,160.0,500.0
100,33,315.40999999999997,18,165.0,500.0
100,34,367.113,45,170.0,500.0
100,39,626.0440000000001,40,195.0,500.0
100,40,610.698,3,200.0,500.0
100,43,492.621,64,215.0,500.0
100,47,570.808,57,235.0,500.0
100,48,509.07000000000005,14,240.0,500.0
100,49,571.0575,44,245.0,500.0
100,50,590.803,41,250.0,500.0
100,51,570.2080000000001,34,255.0,500.0
100,52,551.1125,22,260.0,500.0
100,53,553.212,1,265.0,500.0
100,57,790.354,31,285.0,500.0
100,60,843.941,9,300.0,500.0
100,61,833.8435,54,305.0,500.0
100,62,824.046,31,310.0,500.0
100,63,835.643,11,315.0,500.0
100,64,1102.98,37,320.0,500.0
100,65,1073.68,3,325.0,500.0
100,66,1096.58,5,330.0,500.0
100,67,1113.28,37,335.0,500.0
100,68,1106.075,10,340.0,500.0
100,91,1599.3600000000001,18,455.0,500.0
100,92,1607.35,45,460.0,500.0
100,93,1504.38,73,465.0,500.0
100,94,1479.085,58,470.0,500.0
100,95,1443.295,54,475.0,500.0
100,96,1219.25,73,480.0,500.0
100,97,1072.69,65,485.0,500.0
100,98,1001.1,81,490.0,500.0
100,99,974.109,81,495.0,500.0
100,100,978.358,30,500.0,500.0
100,101,961.912,9,505.0,500.0
100,102,958.913,5,510.0,500.0
100,103,1071.19,1,515.0,500.0
100,105,813.348,33,525.0,500.0
100,112,223.80450000000002,52,560.0,500.0
100,113,184.202,63,565.0,500.0
100,114,159.201,47,570.0,500.0
100,115,136.599,49,575.0,500.0
100,116,118.299,35,580.0,500.0
100,117,121.699,15,585.0,500.0
100,118,127.099,17,590.0,500.0
100,119,123.049,46,595.0,500.0
101,23,441.768,56,115.0,505.0
101,24,422.117,33,120.0,505.0
101,25,398.865,40,125.0,505.0
101,26,362.413,17,130.0,505.0
101,27,309.01,1,135.0,505.0
101,30,243.006,1,150.0,505.0
101,31,262.607,83,155.0,505.0
101,32,305.809,11,160.0,505.0
101,33,321.26,20,165.0,505.0
101,34,361.863,4,170.0,505.0
101,39,644.99,35,195.0,505.0
101,41,623.295,1,205.0,505.0
101,43,493.221,40,215.0,505.0
101,46,366.113,4,230.0,505.0
101,47,565.609,45,235.0,505.0
101,51,619.996,1,255.0,505.0
101,52,544.714,17,260.0,505.0
101,53,618.746,60,265.0,505.0
101,54,610.248,8,270.0,505.0
101,56,736.2175,8,280.0,505.0
101,57,762.061,17,285.0,505.0
101,60,814.248,36,300.0,505.0
101,61,807.15,7,305.0,505.0
101,64,1095.38,43,320.0,505.0
101,66,1097.0300000000002,38,330.0,505.0
101,67,1081.23,42,335.0,505.0
101,93,1618.905,4,465.0,505.0
101,94,1526.77,41,470.0,505.0
101,95,1473.49,33,475.0,505.0
101,96,1354.42,63,480.0,505.0
101,97,1039.2424999999998,6,485.0,505.0
101,98,942.917,27,490.0,505.0
101,99,933.019,25,495.0,505.0
101,100,903.1265,72,500.0,505.0
101,101,918.523,57,505.0,505.0
101,102,924.221,66,510.0,505.0
101,103,891.629,41,515.0,505.0
101,104,873.134,36,520.0,505.0
101,105,878.2825,30,525.0,505.0
101,108,1206.45,9,540.0,505.0
101,109,1238.3449999999998,4,545.0,505.0
101,112,310.71,59,560.0,505.0
101,116,122.049,16,580.0,505.0
101,117,109.899,22,585.0,505.0
101,118,106.599,29,590.0,505.0
101,119,105.549,38,595.0,505.0
102,23,451.018,1,115.0,510.0
102,24,431.417,5,120.0,510.0
102,25,409.216,62,125.0,510.0
102,26,389.415,45,130.0,510.0
102,27,352.462,52,135.0,510.0
102,28,336.511,57,140.0,510.0
102,29,327.911,46,145.0,510.0
102,30,295.009,52,150.0,510.0
102,31,233.005,71,155.0,510.0
102,32,257.106,31,160.0,510.0
102,33,282.158,48,165.0,510.0
102,34,310.71,3,170.0,510.0
102,35,371.46299999999997,16,175.0,510.0
102,39,657.187,9,195.0,510.0
102,42,474.47,16,210.0,510.0
102,43,460.869,46,215.0,510.0
102,46,384.3145,20,230.0,510.0
102,47,523.8695,22,235.0,510.0
102,53,628.893,33,265.0,510.0
102,56,743.665,31,280.0,510.0
102,57,880.832,1,285.0,510.0
102,60,781.056,37,300.0,510.0
102,61,784.056,5,305.0,510.0
102,63,1119.27,1,315.0,510.0
102,64,1093.98,42,320.0,510.0
102,66,1066.99,53,330.0,510.0
102,67,1082.08,10,335.0,510.0
102,94,1547.97,25,470.0,510.0
102,96,1345.62,43,480.0,510.0
102,102,1247.34,33,510.0,510.0
102,104,1269.84,21,520.0,510.0
102,105,1259.49,12,525.0,510.0
102,108,1222.75,38,540.0,510.0
102,109,1179.36,21,545.0,510.0
102,110,1122.42,2,550.0,510.0
102,111,436.117,7,555.0,510.0
102,112,358.313,37,560.0,510.0
102,119,89.4992,50,595.0,510.0
103,24,403.0155,10,120.0,515.0
103,25,377.164,48,125.0,515.0
103,26,362.913,7,130.0,515.0
103,29,301.259,14,145.0,515.0
103,30,265.35699999999997,86,150.0,515.0
103,31,209.804,45,155.0,515.0
103,35,359.71299999999997,26,175.0,515.0
103,36,345.012,7,180.0,515.0
103,37,508.111,6,185.0,515.0
103,38,567.5585,10,190.0,515.0
103,39,529.9175,18,195.0,515.0
103,40,518.1205,18,200.0,515.0
103,41,493.17100000000005,38,205.0,515.0
103,42,451.318,57,210.0,515.0
103,43,423.817,35,215.0,515.0
103,46,469.0695,40,230.0,515.0
103,47,543.214,7,235.0,515.0
103,51,670.883,11,255.0,515.0
103,52,654.737,34,260.0,515.0
103,53,631.193,41,265.0,515.0
103,54,651.188,5,270.0,515.0
103,56,725.17,39,280.0,515.0
103,60,774.658,45,300.0,515.0
103,61,792.454,37,305.0,515.0
103,62,1084.08,47,310.0,515.0
103,63,1087.28,59,315.0,515.0
103,64,1071.7849999999999,20,320.0,515.0
103,65,1077.08,19,325.0,515.0
103,66,1049.0900000000001,42,330.0,515.0
103,67,1065.69,55,335.0,515.0
103,68,1106.28,41,340.0,515.0
103,69,1124.87,25,345.0,515.0
103,70,1144.4699999999998,16,350.0,515.0
103,73,1212.5,30,365.0,515.0
103,74,1216.4,2,370.0,515.0
103,94,1557.22,16,470.0,515.0
103,95,1385.11,1,475.0,515.0
103,96,1226.75,43,480.0,515.0
103,98,1227.4,6,490.0,515.0
103,99,1237.84,31,495.0,515.0
103,100,1279.435,36,500.0,515.0
103,101,1244.24,21,505.0,515.0
103,102,1291.93,43,510.0,515.0
103,104,1262.84,28,520.0,515.0
103,108,1207.4499999999998,20,540.0,515.0
103,109,1184.96,25,545.0,515.0
103,110,1227.55,14,550.0,515.0
103,117,90.2992,1,585.0,515.0
103,118,90.6992,49,590.0,515.0
103,119,76.8994,45,595.0,515.0
103,120,74.2994,9,600.0,515.0
104,25,370.813,15,125.0,520.0
104,26,356.36249999999995,22,130.0,520.0
104,27,344.412,27,135.0,520.0
104,28,310.21,41,140.0,520.0
104,29,269.507,49,145.0,520.0
104,30,221.104,61,150.0,520.0
104,31,212.304,5,155.0,520.0
104,35,335.811,25,175.0,520.0
104,36,591.3530000000001,32,180.0,520.0
104,37,575.307,57,185.0,520.0
104,38,556.511,50,190.0,520.0
104,39,544.514,31,195.0,520.0
104,40,505.42150000000004,20,200.0,520.0
104,41,472.92,7,205.0,520.0
104,42,425.217,28,210.0,520.0
104,43,446.118,50,215.0,520.0
104,44,431.767,30,220.0,520.0
104,45,436.417,23,225.0,520.0
104,46,462.219,59,230.0,520.0
104,51,661.086,31,255.0,520.0
104,52,668.984,19,260.0,520.0
104,53,659.086,21,265.0,520.0
104,54,669.2835,38,270.0,520.0
104,55,682.3805,54,275.0,520.0
104,56,708.124,60,280.0,520.0
104,57,728.269,35,285.0,520.0
104,58,746.365,7,290.0,520.0
104,59,770.409,10,295.0,520.0
104,60,779.4565,16,300.0,520.0
104,63,1081.13,66,315.0,520.0
104,64,1067.285,6,320.0,520.0
104,65,1054.89,37,325.0,520.0
104,68,1110.78,45,340.0,520.0
104,69,1140.02,34,345.0,520.0
104,70,1140.47,20,350.0,520.0
104,71,1175.16,29,355.0,520.0
104,72,1180.16,21,360.0,520.0
104,73,1185.71,90,365.0,520.0
104,74,1205.9,22,370.0,520.0
104,78,770.509,2,390.0,520.0
104,95,1342.12,7,475.0,520.0
104,96,1270.835,32,480.0,520.0
104,100,1300.73,2,500.0,520.0
104,101,1180.26,26,505.0,520.0
104,102,1125.97,21,510.0,520.0
104,104,1277.585,32,520.0,520.0
104,105,1260.49,24,525.0,520.0
104,106,1202.35,35,530.0,520.0
104,107,1133.52,16,535.0,520.0
104,108,1093.5300000000002,38,540.0,520.0
104,109,1292.98,8,545.0,520.0
104,117,92.64914999999999,44,585.0,520.0
104,118,77.64935,2,590.0,520.0
104,119,63.89959999999999,12,595.0,520.0
104,120,66.0496,28,600.0,520.0
105,24,304.1095,6,120.0,525.0
105,25,289.008,29,125.0,525.0
105,26,273.6075,24,130.0,525.0
105,27,256.906,20,135.0,525.0
105,28,255.206,3,140.0,525.0
105,29,244.006,41,145.0,525.0
105,30,202.153,32,150.0,525.0
105,33,268.10699999999997,20,165.0,525.0
105,35,309.4595,28,175.0,525.0
105,42,423.017,39,210.0,525.0
105,43,416.9165,12,215.0,525.0
105,46,477.67,30,230.0,525.0
105,51,691.8785,42,255.0,525.0
105,52,733.568,1,260.0,525.0
105,55,697.977,31,275.0,525.0
105,57,714.8225,14,285.0,525.0
105,58,747.7645,20,290.0,525.0
105,59,745.965,36,295.0,525.0
105,60,820.647,1,300.0,525.0
105,63,1070.29,53,315.0,525.0
105,64,1065.79,48,320.0,525.0
105,65,1055.19,5,325.0,525.0
105,66,998.303,11,330.0,525.0
105,67,999.7515,20,335.0,525.0
105,68,991.905,5,340.0,525.0
105,69,952.215,33,345.0,525.0
105,72,989.805,1,360.0,525.0
105,73,981.2075,36,365.0,525.0
105,74,1007.0,29,370.0,525.0
105,75,979.2080000000001,34,375.0,525.0
105,76,948.315,23,380.0,525.0
105,78,758.812,56,390.0,525.0
105,80,751.863,5,400.0,525.0
105,95,1228.45,31,475.0,525.0
105,96,1060.99,18,480.0,525.0
105,101,1126.125,42,505.0,525.0
105,102,1107.3249999999998,2,510.0,525.0
105,104,1275.84,33,520.0,525.0
105,106,1424.45,2,530.0,525.0
105,107,1105.7800000000002,20,535.0,525.0
105,108,1074.98,47,540.0,525.0
105,109,999.603,33,545.0,525.0
105,110,979.208,25,550.0,525.0
105,111,874.733,27,555.0,525.0
105,112,919.622,27,560.0,525.0
105,113,929.02,27,565.0,525.0
105,117,65.8996,25,585.0,525.0
105,118,61.849599999999995,26,590.0,525.0
105,119,50.0998,33,595.0,525.0
105,120,51.7498,64,600.0,525.0
106,24,394.615,1,120.0,530.0
106,26,253.30650000000003,2,130.0,530.0
106,27,243.106,7,135.0,530.0
106,28,245.606,25,140.0,530.0
106,29,226.605,45,145.0,530.0
106,30,179.402,38,150.0,530.0
106,31,180.30200000000002,20,155.0,530.0
106,32,209.904,22,160.0,530.0
106,33,251.306,65,165.0,530.0
106,34,281.008,11,170.0,530.0
106,35,277.708,41,175.0,530.0
106,36,294.809,15,180.0,530.0
106,37,321.21000000000004,22,185.0,530.0
106,38,345.912,33,190.0,530.0
106,39,367.313,49,195.0,530.0
106,40,379.714,43,200.0,530.0
106,41,396.915,43,205.0,530.0
106,42,414.666,54,210.0,530.0
106,43,425.217,17,215.0,530.0
106,46,417.31600000000003,52,230.0,530.0
106,51,711.2235000000001,40,255.0,530.0
106,55,685.18,27,275.0,530.0
106,63,1051.5900000000001,30,315.0,530.0
106,64,1058.49,41,320.0,530.0
106,66,1002.4014999999999,6,330.0,530.0
106,67,1004.6,90,335.0,530.0
106,68,977.858,74,340.0,530.0
106,69,953.914,74,345.0,530.0
106,70,918.2729999999999,24,350.0,530.0
106,72,998.203,11,360.0,530.0
106,73,999.203,5,365.0,530.0
106,75,957.5635,20,375.0,530.0
106,76,902.3265,34,380.0,530.0
106,77,759.961,65,385.0,530.0
106,78,753.413,50,390.0,530.0
106,80,743.6155,24,400.0,530.0
106,95,1069.89,45,475.0,530.0
106,101,1044.49,60,505.0,530.0
106,102,1269.2849999999999,18,510.0,530.0
106,103,1241.4450000000002,24,515.0,530.0
106,104,1238.395,48,520.0,530.0
106,105,1066.69,13,525.0,530.0
106,111,831.094,28,555.0,530.0
106,113,1056.69,47,565.0,530.0
106,114,1078.2849999999999,36,570.0,530.0
106,120,39.35,66,600.0,530.0
107,29,181.052,54,145.0,535.0
107,30,161.601,24,150.0,535.0
107,31,185.702,67,155.0,535.0
107,32,213.904,63,160.0,535.0
107,33,255.306,59,165.0,535.0
107,34,273.807,41,170.0,535.0
107,35,253.30599999999998,70,175.0,535.0
107,36,281.108,28,180.0,535.0
107,37,318.71000000000004,24,185.0,535.0
107,38,340.91200000000003,32,190.0,535.0
107,39,354.9625,8,195.0,535.0
107,40,391.16499999999996,54,200.0,535.0
107,42,413.216,9,210.0,535.0
107,43,406.916,1,215.0,535.0
107,45,440.6675,12,225.0,535.0
107,46,524.619,25,230.0,535.0
107,49,752.563,7,245.0,535.0
107,50,757.0625,10,250.0,535.0
107,51,719.6210000000001,56,255.0,535.0
107,52,707.7245,6,260.0,535.0
107,54,689.0285,16,270.0,535.0
107,55,674.5825,18,275.0,535.0
107,59,1070.0349999999999,10,295.0,535.0
107,60,1060.59,15,300.0,535.0
107,63,1032.4,39,315.0,535.0
107,64,1023.05,20,320.0,535.0
107,66,948.116,1,330.0,535.0
107,67,978.108,87,335.0,535.0
107,68,945.366,94,340.0,535.0
107,69,905.276,84,345.0,535.0
107,70,983.4055000000001,2,350.0,535.0
107,72,977.4585,20,360.0,535.0
107,75,916.2729999999999,46,375.0,535.0
107,76,906.226,6,380.0,535.0
107,77,752.963,33,385.0,535.0
107,78,756.462,15,390.0,535.0
107,80,748.364,41,400.0,535.0
107,81,734.918,28,405.0,535.0
107,93,1255.74,10,465.0,535.0
107,94,1165.915,18,470.0,535.0
107,95,1065.785,44,475.0,535.0
107,96,1267.94,22,480.0,535.0
107,97,1210.85,22,485.0,535.0
107,98,1247.84,19,490.0,535.0
107,99,1191.36,23,495.0,535.0
107,100,944.7165,2,500.0,535.0
107,101,1033.59,45,505.0,535.0
107,105,1075.63,14,525.0,535.0
107,106,1068.74,24,530.0,535.0
107,107,1033.5949999999998,34,535.0,535.0
107,108,993.005,15,540.0,535.0
107,111,870.235,35,555.0,535.0
107,120,28.400100000000002,70,600.0,535.0
107,121,20.25,24,605.0,535.0
107,122,2.35,4,610.0,535.0
107,123,0.0,30,615.0,535.0
107,124,0.0,34,620.0,535.0
108,29,165.501,56,145.0,540.0
108,31,212.604,37,155.0,540.0
108,32,232.505,13,160.0,540.0
108,35,233.005,54,175.0,540.0
108,40,397.115,33,200.0,540.0
108,45,580.305,23,225.0,540.0
108,46,578.206,7,230.0,540.0
108,49,736.967,4,245.0,540.0
108,50,753.463,33,250.0,540.0
108,51,756.062,65,255.0,540.0
108,54,680.381,31,270.0,540.0
108,55,695.627,16,275.0,540.0
108,59,1075.785,32,295.0,540.0
108,60,1048.04,50,300.0,540.0
108,61,1019.9,33,305.0,540.0
108,62,1013.9,35,310.0,540.0
108,63,990.905,67,315.0,540.0
108,64,962.912,5,320.0,540.0
108,67,951.9145000000001,24,335.0,540.0
108,68,903.926,31,340.0,540.0
108,69,884.231,71,345.0,540.0
108,70,873.4335000000001,12,350.0,540.0
108,72,967.311,33,360.0,540.0
108,75,938.618,33,375.0,540.0
108,77,758.862,41,385.0,540.0
108,79,741.766,23,395.0,540.0
108,80,731.4185,10,400.0,540.0
108,93,1233.795,38,465.0,540.0
108,94,1048.99,89,470.0,540.0
108,95,1005.3,35,475.0,540.0
108,99,1062.29,17,495.0,540.0
108,100,1043.19,51,500.0,540.0
108,101,964.212,37,505.0,540.0
108,102,974.609,17,510.0,540.0
108,103,980.9575,20,515.0,540.0
108,104,1031.895,2,520.0,540.0
108,108,1037.19,15,540.0,540.0
108,109,923.222,37,545.0,540.0
108,110,892.629,39,550.0,540.0
108,111,778.657,19,555.0,540.0
108,120,18.8,46,600.0,540.0
108,121,11.05,86,605.0,540.0
108,122,5.55,82,610.0,540.0
108,123,0.0,77,615.0,540.0
108,124,0.0,39,620.0,540.0
109,24,179.202,31,120.0,545.0
109,26,226.905,23,130.0,545.0
109,27,218.50400000000002,38,135.0,545.0
109,28,206.303,32,140.0,545.0
109,29,151.8,72,145.0,545.0
109,31,239.905,13,155.0,545.0
109,32,246.556,6,160.0,545.0
109,35,224.1045,30,175.0,545.0
109,45,539.7650000000001,38,225.0,545.0
109,51,780.207,44,255.0,545.0
109,54,659.336,8,270.0,545.0
109,55,659.786,35,275.0,545.0
109,56,895.6285,18,280.0,545.0
109,57,904.226,45,285.0,545.0
109,58,844.641,47,290.0,545.0
109,59,837.6925,28,295.0,545.0
109,60,978.0575,4,300.0,545.0
109,63,947.116,57,315.0,545.0
109,64,988.106,77,320.0,545.0
109,65,1020.2,41,325.0,545.0
109,66,1041.19,17,330.0,545.0
109,69,843.441,33,345.0,545.0
109,71,973.609,77,355.0,545.0
109,72,934.8185000000001,46,360.0,545.0
109,75,943.917,51,375.0,545.0
109,77,735.5175,8,385.0,545.0
109,78,765.56,17,390.0,545.0
109,79,725.9200000000001,34,395.0,545.0
109,93,1049.39,43,465.0,545.0
109,94,918.223,75,470.0,545.0
109,95,900.927,31,475.0,545.0
109,99,1210.95,36,495.0,545.0
109,100,1175.8600000000001,26,500.0,545.0
109,103,980.708,11,515.0,545.0
109,104,906.6759999999999,42,520.0,545.0
109,105,931.4200000000001,26,525.0,545.0
109,106,949.315,25,530.0,545.0
109,107,827.145,1,535.0,545.0
109,110,803.4504999999999,30,550.0,545.0
109,111,762.861,1,555.0,545.0
109,112,951.415,27,560.0,545.0
109,113,873.134,14,565.0,545.0
109,118,43.5999,5,590.0,545.0
109,119,35.849999999999994,6,595.0,545.0
109,120,16.2,21,600.0,545.0
109,121,15.1,77,605.0,545.0
109,122,7.79999,13,610.0,545.0
110,24,174.8515,40,120.0,550.0
110,28,197.253,6,140.0,550.0
110,29,140.899,65,145.0,550.0
110,35,215.304,40,175.0,550.0
110,45,489.121,71,225.0,550.0
110,46,476.42,47,230.0,550.0
110,47,523.1195,20,235.0,550.0
110,48,542.715,29,240.0,550.0
110,49,569.458,20,245.0,550.0
110,50,595.402,7,250.0,550.0
110,54,657.087,19,270.0,550.0
110,55,657.3865000000001,6,275.0,550.0
110,56,980.208,3,280.0,550.0
110,57,899.9775,38,285.0,550.0
110,58,839.142,5,290.0,550.0
110,59,842.841,14,295.0,550.0
110,60,799.452,51,300.0,550.0
110,61,818.347,45,305.0,550.0
110,62,824.3455,40,310.0,550.0
110,63,888.13,52,315.0,550.0
110,64,964.911,25,320.0,550.0
110,65,1026.6,22,325.0,550.0
110,66,967.9604999999999,38,330.0,550.0
110,69,844.441,27,345.0,550.0
110,71,938.7180000000001,84,355.0,550.0
110,72,917.023,37,360.0,550.0
110,74,860.437,3,370.0,550.0
110,75,869.735,49,375.0,550.0
110,76,889.03,9,380.0,550.0
110,78,699.076,5,390.0,550.0
110,79,724.5699999999999,44,395.0,550.0
110,91,1882.59,1,455.0,550.0
110,94,859.937,19,470.0,550.0
110,95,889.33,31,475.0,550.0
110,106,883.931,9,530.0,550.0
110,107,898.828,45,535.0,550.0
110,108,814.148,30,540.0,550.0
110,109,788.2049999999999,18,545.0,550.0
110,110,739.5165,50,550.0,550.0
110,111,767.7594999999999,4,555.0,550.0
110,112,818.747,51,560.0,550.0
110,113,885.631,9,565.0,550.0
110,118,51.1998,34,590.0,550.0
110,119,45.5999,50,595.0,550.0
110,120,39.2,79,600.0,550.0
110,121,29.1001,71,605.0,550.0
110,122,19.15,6,610.0,550.0
111,23,166.351,2,115.0,555.0
111,24,169.20100000000002,40,120.0,555.0
111,25,201.403,1,125.0,555.0
111,26,205.103,24,130.0,555.0
111,27,186.502,19,135.0,555.0
111,28,155.55,42,140.0,555.0
111,29,123.799,69,145.0,555.0
111,31,158.0,9,155.0,555.0
111,32,147.9,29,160.0,555.0
111,33,168.201,45,165.0,555.0
111,34,181.602,33,170.0,555.0
111,35,200.203,61,175.0,555.0
111,36,217.904,7,180.0,555.0
111,37,226.605,1,185.0,555.0
111,45,447.868,18,225.0,555.0
111,46,438.7175,12,230.0,555.0
111,49,541.665,10,245.0,555.0
111,50,567.0585000000001,34,250.0,555.0
111,51,586.204,36,255.0,555.0
111,52,632.693,39,260.0,555.0
111,53,644.29,39,265.0,555.0
111,54,662.0855,58,270.0,555.0
111,55,787.155,24,275.0,555.0
111,56,800.652,7,280.0,555.0
111,57,945.1659999999999,22,285.0,555.0
111,60,806.05,35,300.0,555.0
111,62,837.343,7,310.0,555.0
111,63,895.029,37,315.0,555.0
111,64,925.821,22,320.0,555.0
111,65,929.72,30,325.0,555.0
111,66,792.154,41,330.0,555.0
111,69,845.8405,32,345.0,555.0
111,71,895.428,55,355.0,555.0
111,72,844.741,5,360.0,555.0
111,75,869.235,59,375.0,555.0
111,76,885.6305,24,380.0,555.0
111,77,890.28,22,385.0,555.0
111,78,842.3415,34,390.0,555.0
111,79,724.77,21,395.0,555.0
111,90,1915.88,1,450.0,555.0
111,94,832.444,11,470.0,555.0
111,95,855.038,52,475.0,555.0
111,102,897.128,1,510.0,555.0
111,103,872.5840000000001,32,515.0,555.0
111,104,836.843,17,520.0,555.0
111,105,892.529,7,525.0,555.0
111,109,802.651,15,545.0,555.0
111,110,738.667,41,550.0,555.0
111,111,683.98,32,555.0,555.0
111,112,709.774,22,560.0,555.0
111,120,55.0997,34,600.0,555.0
111,121,42.5999,47,605.0,555.0
112,23,152.9,15,115.0,560.0
112,24,158.7,27,120.0,560.0
112,28,136.999,33,140.0,560.0
112,29,111.099,39,145.0,560.0
112,31,137.349,24,155.0,560.0
112,32,127.299,69,160.0,560.0
112,33,142.8,23,165.0,560.0
112,34,173.401,25,170.0,560.0
112,35,198.753,42,175.0,560.0
112,36,229.255,40,180.0,560.0
112,37,249.106,44,185.0,560.0
112,38,274.608,35,190.0,560.0
112,39,296.959,44,195.0,560.0
112,40,306.509,41,200.0,560.0
112,41,211.75400000000002,34,205.0,560.0
112,45,432.317,31,225.0,560.0
112,51,620.795,1,255.0,560.0
112,52,618.996,16,260.0,560.0
112,54,794.153,2,270.0,560.0
112,55,797.252,9,275.0,560.0
112,56,752.763,35,280.0,560.0
112,57,739.766,53,285.0,560.0
112,58,751.364,19,290.0,560.0
112,59,754.163,18,295.0,560.0
112,60,789.554,33,300.0,560.0
112,62,892.829,17,310.0,560.0
112,63,895.228,3,315.0,560.0
112,65,785.0554999999999,14,325.0,560.0
112,66,790.454,33,330.0,560.0
112,67,796.952,15,335.0,560.0
112,68,816.098,14,340.0,560.0
112,69,815.748,43,345.0,560.0
112,70,826.845,28,350.0,560.0
112,71,834.743,43,355.0,560.0
112,72,851.039,48,360.0,560.0
112,73,852.639,39,365.0,560.0
112,74,842.741,32,370.0,560.0
112,75,854.838,53,375.0,560.0
112,77,699.576,6,385.0,560.0
112,78,703.7249999999999,38,390.0,560.0
112,79,707.074,17,395.0,560.0
112,90,1903.08,16,450.0,560.0
112,94,783.3054999999999,34,470.0,560.0
112,95,811.449,33,475.0,560.0
112,104,916.3240000000001,2,520.0,560.0
112,105,832.444,31,525.0,560.0
112,106,886.231,33,530.0,560.0
112,107,799.352,45,535.0,560.0
112,108,751.5635,16,540.0,560.0
112,109,742.7155,30,545.0,560.0
112,110,708.674,22,550.0,560.0
112,120,63.9996,65,600.0,560.0
112,121,53.84975,36,605.0,560.0
113,23,149.1,17,115.0,565.0
113,24,163.451,60,120.0,565.0
113,25,180.602,27,125.0,565.0
113,26,167.851,28,130.0,565.0
113,27,152.2,36,135.0,565.0
113,28,121.199,56,140.0,565.0
113,29,103.249,40,145.0,565.0
113,32,105.199,51,160.0,565.0
113,37,270.857,26,185.0,565.0
113,41,216.154,44,205.0,565.0
113,45,420.91650000000004,28,225.0,565.0
113,46,412.116,19,230.0,565.0
113,47,390.2645,2,235.0,565.0
113,51,598.601,28,255.0,565.0
113,52,615.697,35,260.0,565.0
113,53,623.245,6,265.0,565.0
113,55,765.86,7,275.0,565.0
113,56,705.275,8,280.0,565.0
113,57,740.966,26,285.0,565.0
113,59,674.2325,18,295.0,565.0
113,60,758.762,20,300.0,565.0
113,62,909.925,21,310.0,565.0
113,65,765.5605,22,325.0,565.0
113,66,778.707,28,330.0,565.0
113,67,797.352,23,335.0,565.0
113,68,807.3499999999999,18,340.0,565.0
113,69,804.0005,46,345.0,565.0
113,70,790.154,7,350.0,565.0
113,71,846.54,11,355.0,565.0
113,72,818.6469999999999,2,360.0,565.0
113,75,702.2255,70,375.0,565.0
113,76,701.0260000000001,48,380.0,565.0
113,77,701.176,61,385.0,565.0
113,78,704.975,37,390.0,565.0
113,79,727.769,5,395.0,565.0
113,83,1883.8899999999999,2,415.0,565.0
113,86,1914.18,2,430.0,565.0
113,87,1907.7849999999999,2,435.0,565.0
113,88,1898.98,9,440.0,565.0
113,89,1894.185,12,445.0,565.0
113,90,1888.69,3,450.0,565.0
113,94,780.756,27,470.0,565.0
113,95,751.7635,32,475.0,565.0
113,96,817.547,5,480.0,565.0
113,102,813.848,40,510.0,565.0
113,103,810.249,37,515.0,565.0
113,104,740.566,8,520.0,565.0
113,108,848.44,15,540.0,565.0
113,109,673.8824999999999,64,545.0,565.0
113,110,594.9435,2,550.0,565.0
113,120,74.0994,69,600.0,565.0
113,121,65.8996,29,605.0,565.0
114,23,136.849,38,115.0,570.0
114,24,141.04899999999998,18,120.0,570.0
114,28,96.8991,56,140.0,570.0
114,29,75.8994,35,145.0,570.0
114,30,85.2993,32,150.0,570.0
114,31,91.5992,36,155.0,570.0
114,32,88.7992,72,160.0,570.0
114,37,274.408,13,185.0,570.0
114,40,198.653,4,200.0,570.0
114,41,214.754,58,205.0,570.0
114,42,233.35500000000002,38,210.0,570.0
114,45,403.915,43,225.0,570.0
114,46,412.416,22,230.0,570.0
114,47,438.018,45,235.0,570.0
114,48,452.618,43,240.0,570.0
114,49,473.37,50,245.0,570.0
114,50,493.221,19,250.0,570.0
114,51,560.81,47,255.0,570.0
114,52,612.5475,2,260.0,570.0
114,53,639.491,19,265.0,570.0
114,55,720.571,9,275.0,570.0
114,56,711.0735,48,280.0,570.0
114,57,673.5825,2,285.0,570.0
114,59,629.693,34,295.0,570.0
114,60,629.793,2,300.0,570.0
114,62,901.327,3,310.0,570.0
114,65,762.361,50,325.0,570.0
114,66,787.4045,4,330.0,570.0
114,69,800.3515,34,345.0,570.0
114,75,693.8775,36,375.0,570.0
114,77,709.8240000000001,32,385.0,570.0
114,78,729.169,67,390.0,570.0
114,89,1889.59,19,445.0,570.0
114,92,815.698,12,460.0,570.0
114,93,706.974,1,465.0,570.0
114,94,746.965,21,470.0,570.0
114,95,703.875,3,475.0,570.0
114,96,795.153,24,480.0,570.0
114,97,805.85,25,485.0,570.0
114,98,804.951,23,490.0,570.0
114,99,900.5775,14,495.0,570.0
114,103,719.5215000000001,4,515.0,570.0
114,104,704.075,22,520.0,570.0
114,105,700.476,29,525.0,570.0
114,106,745.315,24,530.0,570.0
114,107,681.7805,12,535.0,570.0
114,109,648.989,50,545.0,570.0
114,120,87.5492,64,600.0,570.0
114,121,85.1493,24,605.0,570.0
115,23,126.999,46,115.0,575.0
115,24,136.749,36,120.0,575.0
115,25,125.949,22,125.0,575.0
115,26,109.19900000000001,18,130.0,575.0
115,27,98.24905000000001,20,135.0,575.0
115,28,76.79939999999999,58,140.0,575.0
115,29,56.199749999999995,4,145.0,575.0
115,32,75.49940000000001,42,160.0,575.0
115,37,150.7,14,185.0,575.0
115,40,192.60250000000002,16,200.0,575.0
115,41,215.904,28,205.0,575.0
115,45,395.515,45,225.0,575.0
115,48,458.1685,2,240.0,575.0
115,49,453.26800000000003,4,245.0,575.0
115,50,492.9705,18,250.0,575.0
115,51,525.319,63,255.0,575.0
115,52,627.994,1,260.0,575.0
115,54,756.3625,2,270.0,575.0
115,55,749.164,19,275.0,575.0
115,56,695.6769999999999,38,280.0,575.0
115,59,610.398,35,295.0,575.0
115,65,752.913,42,325.0,575.0
115,69,801.951,37,345.0,575.0
115,75,683.98,41,375.0,575.0
115,77,691.978,1,385.0,575.0
115,78,730.569,35,390.0,575.0
115,88,1889.79,7,440.0,575.0
115,89,1860.79,7,445.0,575.0
115,92,781.5065,48,460.0,575.0
115,93,739.117,80,465.0,575.0
115,94,729.269,54,470.0,575.0
115,99,874.9335,22,495.0,575.0
115,100,908.825,23,500.0,575.0
115,101,888.53,13,505.0,575.0
115,106,599.251,2,530.0,575.0
115,107,668.384,27,535.0,575.0
115,108,550.5625,38,540.0,575.0
115,109,526.219,89,545.0,575.0
115,110,547.963,60,550.0,575.0
115,111,595.9515,38,555.0,575.0
115,112,620.9449999999999,6,560.0,575.0
115,120,90.44919999999999,96,600.0,575.0
115,121,98.8991,11,605.0,575.0
116,23,118.84899999999999,44,115.0,580.0
116,24,106.749,4,120.0,580.0
116,28,57.8997,67,140.0,580.0
116,32,69.0995,45,160.0,580.0
116,37,141.949,40,185.0,580.0
116,40,181.502,25,200.0,580.0
116,41,214.104,3,205.0,580.0
116,44,378.11400000000003,10,220.0,580.0
116,45,391.015,23,225.0,580.0
116,50,555.211,21,250.0,580.0
116,51,579.406,34,255.0,580.0
116,52,578.406,4,260.0,580.0
116,54,644.3399999999999,12,270.0,580.0
116,55,640.6405,86,275.0,580.0
116,56,638.6415,50,280.0,580.0
116,58,613.697,1,290.0,580.0
116,59,607.799,29,295.0,580.0
116,65,736.817,52,325.0,580.0
116,69,798.8019999999999,50,345.0,580.0
116,75,680.681,24,375.0,580.0
116,76,691.1279999999999,10,380.0,580.0
116,78,750.364,36,390.0,580.0
116,84,1884.19,7,420.0,580.0
116,88,1858.69,19,440.0,580.0
116,89,1844.3,1,445.0,580.0
116,94,714.073,47,470.0,580.0
116,95,676.432,8,475.0,580.0
116,103,649.988,2,515.0,580.0
116,104,459.819,5,520.0,580.0
116,108,409.0655,4,540.0,580.0
116,109,480.42,31,545.0,580.0
116,112,567.4585,2,560.0,580.0
116,119,117.09899999999999,2,595.0,580.0
116,120,132.29899999999998,80,600.0,580.0
116,121,122.799,1,605.0,580.0
117,23,118.899,21,115.0,585.0
117,24,104.599,61,120.0,585.0
117,25,92.6992,77,125.0,585.0
117,26,74.6994,70,130.0,585.0
117,27,55.899699999999996,74,135.0,585.0
117,28,39.4,73,140.0,585.0
117,29,40.8999,16,145.0,585.0
117,30,44.1499,6,150.0,585.0
117,32,59.6997,57,160.0,585.0
117,33,82.4993,1,165.0,585.0
117,34,96.4991,15,170.0,585.0
117,35,105.649,8,175.0,585.0
117,36,113.849,8,180.0,585.0
117,37,126.199,44,185.0,585.0
117,38,149.55,12,190.0,585.0
117,39,169.001,49,195.0,585.0
117,40,183.652,64,200.0,585.0
117,44,372.314,31,220.0,585.0
117,45,376.814,12,225.0,585.0
117,50,597.1510000000001,52,250.0,585.0
117,55,604.6495,26,275.0,585.0
117,56,593.3025,34,280.0,585.0
117,58,596.951,14,290.0,585.0
117,59,586.504,21,295.0,585.0
117,64,719.5715,20,320.0,585.0
117,65,741.266,46,325.0,585.0
117,69,775.958,61,345.0,585.0
117,75,673.583,21,375.0,585.0
117,76,680.581,25,380.0,585.0
117,78,753.963,28,390.0,585.0
117,79,768.759,13,395.0,585.0
117,84,1888.19,9,420.0,585.0
117,88,1871.29,27,440.0,585.0
117,91,1342.7649999999999,4,455.0,585.0
117,94,658.886,42,470.0,585.0
117,95,678.331,44,475.0,585.0
117,96,637.2915,50,480.0,585.0
117,97,643.69,36,485.0,585.0
117,98,615.697,46,490.0,585.0
117,99,536.116,33,495.0,585.0
117,100,580.505,19,500.0,585.0
117,101,517.021,3,505.0,585.0
117,103,527.4685,30,515.0,585.0
117,104,466.219,13,520.0,585.0
117,108,433.6675,24,540.0,585.0
117,109,391.415,35,545.0,585.0
117,119,103.299,6,595.0,585.0
117,120,113.499,71,600.0,585.0
118,27,38.7,10,135.0,590.0
118,28,27.0501,78,140.0,590.0
118,29,35.150000000000006,30,145.0,590.0
118,30,43.4999,29,150.0,590.0
118,31,59.1997,36,155.0,590.0
118,32,70.4995,51,160.0,590.0
118,33,79.8994,37,165.0,590.0
118,34,89.5492,44,170.0,590.0
118,35,103.599,51,175.0,590.0
118,36,114.09899999999999,40,180.0,590.0
118,37,123.899,52,185.0,590.0
118,38,152.5,21,190.0,590.0
118,39,186.302,53,195.0,590.0
118,40,211.504,43,200.0,590.0
118,44,354.112,51,220.0,590.0
118,45,353.462,58,225.0,590.0
118,46,318.91,1,230.0,590.0
118,50,650.8885,2,250.0,590.0
118,55,573.507,45,275.0,590.0
118,56,559.1105,14,280.0,590.0
118,58,581.355,36,290.0,590.0
118,59,545.0640000000001,2,295.0,590.0
118,64,716.472,53,320.0,590.0
118,65,724.47,59,325.0,590.0
118,66,752.413,34,330.0,590.0
118,69,746.765,63,345.0,590.0
118,75,648.189,3,375.0,590.0
118,76,665.685,49,380.0,590.0
118,78,756.062,29,390.0,590.0
118,79,750.0640000000001,32,395.0,590.0
118,84,1858.19,5,420.0,590.0
118,85,1875.8400000000001,10,425.0,590.0
118,86,1866.69,5,430.0,590.0
118,87,1849.3,51,435.0,590.0
118,88,1850.05,26,440.0,590.0
118,91,1090.03,34,455.0,590.0
118,93,863.2860000000001,4,465.0,590.0
118,94,727.6195,38,470.0,590.0
118,98,489.721,1,490.0,590.0
118,99,537.216,14,495.0,590.0
118,100,485.02049999999997,26,500.0,590.0
118,101,499.621,36,505.0,590.0
118,102,459.319,49,510.0,590.0
118,103,393.365,50,515.0,590.0
118,104,617.696,3,520.0,590.0
118,108,355.712,57,540.0,590.0
118,109,294.309,9,545.0,590.0
118,113,141.399,3,565.0,590.0
118,114,129.099,28,570.0,590.0
118,119,79.19935,12,595.0,590.0
118,120,91.7492,72,600.0,590.0
119,27,20.95,10,135.0,595.0
119,28,19.5,65,140.0,595.0
119,31,58.3997,19,155.0,595.0
119,32,63.5996,9,160.0,595.0
119,36,138.849,8,180.0,595.0
119,37,146.5,41,185.0,595.0
119,44,338.111,49,220.0,595.0
119,45,343.312,14,225.0,595.0
119,54,515.621,5,270.0,595.0
119,55,559.011,79,275.0,595.0
119,58,573.407,37,290.0,595.0
119,64,694.977,49,320.0,595.0
119,65,712.973,39,325.0,595.0
119,66,737.067,25,330.0,595.0
119,68,696.377,9,340.0,595.0
119,69,709.174,62,345.0,595.0
119,70,727.0695000000001,26,350.0,595.0
119,71,735.767,29,355.0,595.0
119,72,754.563,23,360.0,595.0
119,76,653.2375,30,380.0,595.0
119,78,783.656,3,390.0,595.0
119,79,748.364,1,395.0,595.0
119,84,1853.79,1,420.0,595.0
119,85,1832.4,2,425.0,595.0
119,87,1826.85,30,435.0,595.0
119,88,1841.3,19,440.0,595.0
119,90,1017.3,13,450.0,595.0
119,91,974.709,69,455.0,595.0
119,92,917.9225,60,460.0,595.0
119,93,791.1034999999999,70,465.0,595.0
119,94,771.259,10,470.0,595.0
119,102,437.217,3,510.0,595.0
119,103,430.817,53,515.0,595.0
119,104,325.3105,14,520.0,595.0
119,105,365.313,36,525.0,595.0
119,106,311.3095,24,530.0,595.0
119,107,267.307,4,535.0,595.0
119,108,260.10699999999997,70,540.0,595.0
119,109,245.606,1,545.0,595.0
119,114,93.6991,39,570.0,595.0
119,115,111.299,75,575.0,595.0
119,116,106.999,43,580.0,595.0
119,117,93.69915,4,585.0,595.0
119,119,65.64959999999999,26,595.0,595.0
119,120,69.1995,55,600.0,595.0
120,27,12.35,22,135.0,600.0
120,28,12.0,57,140.0,600.0
120,31,50.199799999999996,44,155.0,600.0
120,36,149.5,5,180.0,600.0
120,37,173.601,41,185.0,600.0
120,38,192.0025,32,190.0,600.0
120,42,335.511,13,210.0,600.0
120,43,328.211,25,215.0,600.0
120,44,315.15999999999997,58,220.0,600.0
120,47,293.959,10,235.0,600.0
120,54,498.02099999999996,22,270.0,600.0
120,55,546.214,47,275.0,600.0
120,58,548.613,47,290.0,600.0
120,64,686.879,70,320.0,600.0
120,65,690.878,43,325.0,600.0
120,66,695.1275,38,330.0,600.0
120,67,707.7239999999999,16,335.0,600.0
120,68,697.477,15,340.0,600.0
120,69,695.2774999999999,26,345.0,600.0
120,76,652.738,34,380.0,600.0
120,77,645.389,7,385.0,600.0
120,78,674.682,33,390.0,600.0
120,79,659.286,6,395.0,600.0
120,86,1817.9050000000002,4,430.0,600.0
120,87,1817.5,26,435.0,600.0
120,90,1062.19,22,450.0,600.0
120,91,956.214,11,455.0,600.0
120,92,741.016,24,460.0,600.0
120,93,696.2275,36,465.0,600.0
120,94,590.203,23,470.0,600.0
120,95,574.207,30,475.0,600.0
120,96,565.5585000000001,10,480.0,600.0
120,97,462.619,5,485.0,600.0
120,98,478.27,50,490.0,600.0
120,99,468.019,23,495.0,600.0
120,100,421.9665,12,500.0,600.0
120,102,378.214,6,510.0,600.0
120,103,407.716,57,515.0,600.0
120,106,325.311,5,530.0,600.0
120,107,235.005,35,535.0,600.0
120,108,204.40300000000002,76,540.0,600.0
120,115,71.5995,26,575.0,600.0
120,116,68.49950000000001,68,580.0,600.0
120,117,80.14935,86,585.0,600.0
120,118,76.6494,66,590.0,600.0
120,119,55.499700000000004,86,595.0,600.0
120,120,39.15,46,600.0,600.0
121,27,5.3,31,135.0,605.0
121,28,6.0,47,140.0,605.0
121,31,39.95,48,155.0,605.0
121,43,329.26099999999997,4,215.0,605.0
121,44,316.51,23,220.0,605.0
121,45,295.709,49,225.0,605.0
121,46,264.65700000000004,60,230.0,605.0
121,47,270.40700000000004,44,235.0,605.0
121,49,361.513,25,245.0,605.0
121,54,501.321,44,270.0,605.0
121,55,500.9215,24,275.0,605.0
121,57,541.565,4,285.0,605.0
121,58,533.017,32,290.0,605.0
121,64,674.982,69,320.0,605.0
121,69,614.597,21,345.0,605.0
121,70,611.6975,6,350.0,605.0
121,73,641.9404999999999,34,365.0,605.0
121,74,641.3399999999999,46,370.0,605.0
121,75,651.0385,56,375.0,605.0
121,76,678.481,39,380.0,605.0
121,77,653.687,13,385.0,605.0
121,78,668.084,3,390.0,605.0
121,86,1801.26,34,430.0,605.0
121,87,1791.21,5,435.0,605.0
121,90,1175.81,48,450.0,605.0
121,94,647.089,37,470.0,605.0
121,95,577.506,3,475.0,605.0
121,96,513.3215,18,480.0,605.0
121,97,522.419,39,485.0,605.0
121,98,484.22,17,490.0,605.0
121,100,435.017,5,500.0,605.0
121,101,458.0185,10,505.0,605.0
121,102,460.519,21,510.0,605.0
121,103,396.615,60,515.0,605.0
121,104,365.51300000000003,54,520.0,605.0
121,105,347.86199999999997,32,525.0,605.0
121,106,343.812,14,530.0,605.0
121,107,262.40700000000004,30,535.0,605.0
121,108,212.204,49,540.0,605.0
121,109,215.75400000000002,18,545.0,605.0
121,110,177.85199999999998,30,550.0,605.0
121,111,174.701,50,555.0,605.0
121,112,170.901,4,560.0,605.0
121,116,58.8997,3,580.0,605.0
121,117,49.2998,23,585.0,605.0
121,118,43.2499,82,590.0,605.0
121,119,33.2001,85,595.0,605.0
121,120,22.900100000000002,34,600.0,605.0
122,23,20.5,14,115.0,610.0
122,24,17.0,63,120.0,610.0
122,25,10.8,57,125.0,610.0
122,26,5.1,48,130.0,610.0
122,27,0.0,66,135.0,610.0
122,28,0.0,27,140.0,610.0
122,31,25.0001,49,155.0,610.0
122,41,144.34949999999998,2,205.0,610.0
122,42,173.601,37,210.0,610.0
122,46,242.206,27,230.0,610.0
122,47,255.606,3,235.0,610.0
122,49,349.712,61,245.0,610.0
122,50,389.115,32,250.0,610.0
122,52,411.716,8,260.0,610.0
122,53,418.966,4,265.0,610.0
122,54,480.47,58,270.0,610.0
122,55,497.921,3,275.0,610.0
122,57,532.717,11,285.0,610.0
122,58,517.5205000000001,14,290.0,610.0
122,63,708.774,3,315.0,610.0
122,64,661.5355,62,320.0,610.0
122,69,599.101,14,345.0,610.0
122,70,613.697,23,350.0,610.0
122,73,646.389,35,365.0,610.0
122,75,676.6320000000001,2,375.0,610.0
122,76,671.983,33,380.0,610.0
122,80,1888.185,2,400.0,610.0
122,81,1910.43,4,405.0,610.0
122,82,1868.6399999999999,16,410.0,610.0
122,83,1830.2,1,415.0,610.0
122,84,1809.61,9,420.0,610.0
122,85,1807.26,22,425.0,610.0
122,86,1780.4099999999999,36,430.0,610.0
122,90,1276.64,41,450.0,610.0
122,94,726.2695,30,470.0,610.0
122,97,580.605,21,485.0,610.0
122,98,461.71900000000005,4,490.0,610.0
122,104,441.418,19,520.0,610.0
122,105,329.011,55,525.0,610.0
122,106,297.659,84,530.0,610.0
122,107,257.50649999999996,82,535.0,610.0
122,108,231.10500000000002,42,540.0,610.0
122,109,194.2025,2,545.0,610.0
122,111,167.601,44,555.0,610.0
122,112,169.701,1,560.0,610.0
122,117,79.0994,30,585.0,610.0
122,118,53.6998,89,590.0,610.0
122,119,28.8001,80,595.0,610.0
122,120,16.6,61,600.0,610.0
122,121,8.6,91,605.0,610.0
122,122,1.9,69,610.0,610.0
122,123,0.0,74,615.0,610.0
122,124,0.0,31,620.0,610.0
123,27,0.0,68,135.0,615.0
123,28,0.0,92,140.0,615.0
123,29,4.65,74,145.0,615.0
123,30,9.85,66,150.0,615.0
123,31,16.2,74,155.0,615.0
123,32,32.5001,40,160.0,615.0
123,33,49.199799999999996,20,165.0,615.0
123,34,57.1497,6,170.0,615.0
123,41,149.1,27,205.0,615.0
123,42,162.601,24,210.0,615.0
123,46,234.85500000000002,30,230.0,615.0
123,48,280.108,3,240.0,615.0
123,49,300.409,91,245.0,615.0
123,50,330.811,47,250.0,615.0
123,52,400.865,28,260.0,615.0
123,53,430.117,42,265.0,615.0
123,54,454.9185,48,270.0,615.0
123,57,507.622,47,285.0,615.0
123,58,510.822,1,290.0,615.0
123,63,660.086,5,315.0,615.0
123,64,642.4405,68,320.0,615.0
123,65,638.041,28,325.0,615.0
123,70,613.2975,18,350.0,615.0
123,73,630.493,31,365.0,615.0
123,76,661.0855,20,380.0,615.0
123,82,1872.19,10,410.0,615.0
123,83,1810.8,21,415.0,615.0
123,84,1812.4,3,420.0,615.0
123,85,1773.41,7,425.0,615.0
123,86,1780.41,19,430.0,615.0
123,89,1423.9,25,445.0,615.0
123,90,1328.12,33,450.0,615.0
123,93,791.154,6,465.0,615.0
123,94,775.858,23,470.0,615.0
123,97,627.244,36,485.0,615.0
123,98,672.3325,56,490.0,615.0
123,99,778.007,24,495.0,615.0
123,100,833.1435,10,500.0,615.0
123,105,427.567,36,525.0,615.0
123,106,353.512,27,530.0,615.0
123,107,292.809,23,535.0,615.0
123,108,246.20600000000002,34,540.0,615.0
123,109,207.553,70,545.0,615.0
123,110,192.703,37,550.0,615.0
123,111,165.301,50,555.0,615.0
123,112,151.1,40,560.0,615.0
123,113,138.799,61,565.0,615.0
123,114,122.149,66,570.0,615.0
123,115,115.699,45,575.0,615.0
123,116,111.099,79,580.0,615.0
123,117,101.449,82,585.0,615.0
123,118,72.1995,92,590.0,615.0
123,119,46.7999,21,595.0,615.0
123,121,7.3,1,605.0,615.0
123,122,1.4,15,610.0,615.0
123,123,0.0,27,615.0,615.0
123,124,0.0,13,620.0,615.0
124,27,4.25,74,135.0,620.0
124,28,2.6,31,140.0,620.0
124,30,10.4,15,150.0,620.0
124,31,14.75,30,155.0,620.0
124,32,21.0,55,160.0,620.0
124,33,35.5,61,165.0,620.0
124,34,46.7499,90,170.0,620.0
124,35,62.8996,81,175.0,620.0
124,36,73.8994,57,180.0,620.0
124,37,85.2993,63,185.0,620.0
124,38,97.9991,41,190.0,620.0
124,39,105.549,32,195.0,620.0
124,40,111.249,8,200.0,620.0
124,41,136.049,32,205.0,620.0
124,42,148.15,6,210.0,620.0
124,46,218.454,36,230.0,620.0
124,48,267.807,46,240.0,620.0
124,49,279.008,55,245.0,620.0
124,50,299.609,19,250.0,620.0
124,52,346.762,20,260.0,620.0
124,57,485.42,47,285.0,620.0
124,60,566.609,9,300.0,620.0
124,61,580.9055000000001,24,305.0,620.0
124,62,602.15,58,310.0,620.0
124,63,618.546,54,315.0,620.0
124,64,619.246,12,320.0,620.0
124,65,641.091,39,325.0,620.0
124,67,680.481,4,335.0,620.0
124,68,673.9825000000001,22,340.0,620.0
124,69,634.642,22,345.0,620.0
124,70,618.096,45,350.0,620.0
124,73,636.592,39,365.0,620.0
124,80,1856.895,10,400.0,620.0
124,82,1885.7350000000001,4,410.0,620.0
124,83,1871.09,7,415.0,620.0
124,85,1745.22,25,425.0,620.0
124,86,1736.02,1,430.0,620.0
124,88,1612.35,9,440.0,620.0
124,89,1504.1799999999998,38,445.0,620.0
124,90,1607.15,21,450.0,620.0
124,93,838.242,1,465.0,620.0
124,94,953.114,3,470.0,620.0
124,97,698.3265,58,485.0,620.0
124,98,822.796,94,490.0,620.0
124,99,1068.5900000000001,78,495.0,620.0
124,100,1022.55,72,500.0,620.0
124,104,583.9545,16,520.0,620.0
124,105,525.4185,32,525.0,620.0
124,106,442.3675,4,530.0,620.0
124,109,237.405,31,545.0,620.0
124,113,148.1,3,565.0,620.0
124,114,139.349,10,570.0,620.0
124,115,136.299,33,575.0,620.0
124,116,150.75,14,580.0,620.0
124,117,136.149,16,585.0,620.0
124,118,95.09909999999999,70,590.0,620.0
124,119,65.2996,7,595.0,620.0
125,27,10.5,77,135.0,625.0
125,28,9.7,33,140.0,625.0
125,32,30.0001,40,160.0,625.0
125,34,49.4998,15,170.0,625.0
125,35,51.9998,30,175.0,625.0
125,36,62.8996,5,180.0,625.0
125,37,66.0996,15,185.0,625.0
125,38,75.0994,33,190.0,625.0
125,39,79.64935,38,195.0,625.0
125,40,91.2992,71,200.0,625.0
125,41,111.149,88,205.0,625.0
125,42,133.699,60,210.0,625.0
125,43,154.2,66,215.0,625.0
125,44,164.801,71,220.0,625.0
125,45,185.052,46,225.0,625.0
125,46,203.403,57,230.0,625.0
125,47,228.705,13,235.0,625.0
125,48,247.356,42,240.0,625.0
125,52,334.511,23,260.0,625.0
125,57,469.419,39,285.0,625.0
125,60,536.616,53,300.0,625.0
125,61,560.5105,34,305.0,625.0
125,62,567.109,3,310.0,625.0
125,65,654.1375,46,325.0,625.0
125,66,649.6385,32,330.0,625.0
125,67,650.188,25,335.0,625.0
125,68,660.1859999999999,4,340.0,625.0
125,70,590.403,39,350.0,625.0
125,73,626.094,48,365.0,625.0
125,74,594.702,7,370.0,625.0
125,76,627.894,1,380.0,625.0
125,79,572.3575000000001,6,395.0,625.0
125,80,1782.8600000000001,34,400.0,625.0
125,83,1855.79,7,415.0,625.0
125,85,1654.24,29,425.0,625.0
125,88,1519.4250000000002,12,440.0,625.0
125,89,1516.78,40,445.0,625.0
125,90,1578.415,2,450.0,625.0
125,97,795.3025,64,485.0,625.0
125,98,1040.19,85,490.0,625.0
125,99,1404.1,92,495.0,625.0
125,100,1285.73,63,500.0,625.0
125,103,695.677,30,515.0,625.0
125,104,656.637,38,520.0,625.0
125,105,632.893,5,525.0,625.0
125,109,274.608,40,545.0,625.0
125,114,158.6005,4,570.0,625.0
125,115,146.25,24,575.0,625.0
125,118,114.199,70,590.0,625.0
126,27,17.35,70,135.0,630.0
126,28,17.7,8,140.0,630.0
126,32,40.3,33,160.0,630.0
126,34,59.399699999999996,26,170.0,630.0
126,35,59.5497,14,175.0,630.0
126,40,85.0993,56,200.0,630.0
126,41,92.29915,4,205.0,630.0
126,42,100.199,1,210.0,630.0
126,44,137.849,18,220.0,630.0
126,45,159.601,21,225.0,630.0
126,46,168.101,33,230.0,630.0
126,47,180.702,46,235.0,630.0
126,48,204.303,83,240.0,630.0
126,49,226.305,85,245.0,630.0
126,50,242.906,62,250.0,630.0
126,51,265.10699999999997,44,255.0,630.0
126,52,310.81,50,260.0,630.0
126,53,351.462,20,265.0,630.0
126,54,405.6155,10,270.0,630.0
126,55,407.7155,4,275.0,630.0
126,56,427.817,11,280.0,630.0
126,57,443.518,43,285.0,630.0
126,58,466.2695,12,290.0,630.0
126,59,462.269,18,295.0,630.0
126,60,502.92150000000004,86,300.0,630.0
126,61,533.417,21,305.0,630.0
126,65,490.921,24,325.0,630.0
126,66,511.822,29,330.0,630.0
126,70,580.305,33,350.0,630.0
126,73,610.498,51,365.0,630.0
126,74,628.694,35,370.0,630.0
126,75,625.494,33,375.0,630.0
126,76,623.795,25,380.0,630.0
126,78,574.207,63,390.0,630.0
126,79,549.213,54,395.0,630.0
126,80,549.013,42,400.0,630.0
126,83,1824.2,1,415.0,630.0
126,84,1714.83,7,420.0,630.0
126,85,1625.5500000000002,52,425.0,630.0
126,86,1573.71,26,430.0,630.0
126,87,1463.885,2,435.0,630.0
126,96,868.435,5,480.0,630.0
126,97,952.614,73,485.0,630.0
126,98,1321.12,93,490.0,630.0
126,99,1523.725,90,495.0,630.0
126,100,1435.095,10,500.0,630.0
126,102,678.231,16,510.0,630.0
126,103,682.2305,30,515.0,630.0
126,104,740.6659999999999,22,520.0,630.0
126,105,554.012,25,525.0,630.0
126,106,489.921,25,530.0,630.0
126,107,429.817,27,535.0,630.0
126,108,349.612,29,540.0,630.0
126,109,312.01,37,545.0,630.0
126,114,168.701,3,570.0,630.0
126,115,157.0,30,575.0,630.0
126,117,153.85000000000002,12,585.0,630.0
126,118,138.149,78,590.0,630.0
127,27,24.400100000000002,62,135.0,635.0
127,28,31.55005,4,140.0,635.0
127,32,51.049800000000005,26,160.0,635.0
127,34,62.4996,12,170.0,635.0
127,38,124.799,34,190.0,635.0
127,39,107.549,48,195.0,635.0
127,40,101.099,60,200.0,635.0
127,44,144.4,29,220.0,635.0
127,45,143.2,3,225.0,635.0
127,47,205.303,5,235.0,635.0
127,48,177.802,37,240.0,635.0
127,49,200.503,27,245.0,635.0
127,50,214.004,25,250.0,635.0
127,51,237.655,82,255.0,635.0
127,52,262.907,51,260.0,635.0
127,53,291.409,67,265.0,635.0
127,54,332.961,38,270.0,635.0
127,55,384.514,60,275.0,635.0
127,56,414.966,42,280.0,635.0
127,57,426.917,69,285.0,635.0
127,58,445.818,25,290.0,635.0
127,59,453.71799999999996,8,295.0,635.0
127,60,494.921,34,300.0,635.0
127,62,474.22,11,310.0,635.0
127,63,480.22,33,315.0,635.0
127,64,453.518,35,320.0,635.0
127,65,445.918,33,325.0,635.0
127,66,473.42,77,330.0,635.0
127,67,502.021,9,335.0,635.0
127,68,511.122,18,340.0,635.0
127,69,521.52,44,345.0,635.0
127,70,550.563,64,350.0,635.0
127,73,604.9995,24,365.0,635.0
127,74,601.6,23,370.0,635.0
127,78,563.909,70,390.0,635.0
127,79,552.8620000000001,2,395.0,635.0
127,80,519.27,36,400.0,635.0
127,81,488.121,8,405.0,635.0
127,84,1750.32,18,420.0,635.0
127,85,1795.31,20,425.0,635.0
127,86,1718.73,9,430.0,635.0
127,87,1585.86,33,435.0,635.0
127,88,1521.58,31,440.0,635.0
127,89,1496.28,33,445.0,635.0
127,90,1460.24,22,450.0,635.0
127,91,1334.32,3,455.0,635.0
127,92,1435.7,21,460.0,635.0
127,96,1041.29,13,480.0,635.0
127,97,1211.8,90,485.0,635.0
127,98,1553.57,109,490.0,635.0
127,99,1597.06,75,495.0,635.0
127,102,748.414,52,510.0,635.0
127,108,386.614,35,540.0,635.0
127,109,349.16200000000003,42,545.0,635.0
127,114,173.401,58,570.0,635.0
127,115,174.4015,18,575.0,635.0
127,117,167.501,36,585.0,635.0
127,118,164.401,55,590.0,635.0
128,27,33.4001,90,135.0,640.0
128,28,39.2,42,140.0,640.0
128,29,51.4998,44,145.0,640.0
128,30,58.5497,26,150.0,640.0
128,31,66.34960000000001,28,155.0,640.0
128,32,55.84975,20,160.0,640.0
128,38,134.399,25,190.0,640.0
128,39,123.349,82,195.0,640.0
128,40,116.099,11,200.0,640.0
128,42,99.2991,1,210.0,640.0
128,44,148.60000000000002,20,220.0,640.0
128,47,192.503,35,235.0,640.0
128,48,185.602,40,240.0,640.0
128,49,211.204,38,245.0,640.0
128,50,257.7065,20,250.0,640.0
128,51,265.407,61,255.0,640.0
128,53,291.809,21,265.0,640.0
128,54,311.41,11,270.0,640.0
128,55,379.714,43,275.0,640.0
128,56,414.266,4,280.0,640.0
128,57,411.616,35,285.0,640.0
128,60,544.114,51,300.0,640.0
128,61,535.816,3,305.0,640.0
128,62,493.821,7,310.0,640.0
128,63,472.12,21,315.0,640.0
128,65,413.266,4,325.0,640.0
128,66,430.417,105,330.0,640.0
128,67,532.817,40,335.0,640.0
128,68,492.921,9,340.0,640.0
128,70,563.11,21,350.0,640.0
128,71,528.7180000000001,10,355.0,640.0
128,72,604.399,19,360.0,640.0
128,73,584.1545,38,365.0,640.0
128,74,603.4495,46,370.0,640.0
128,75,578.5060000000001,34,375.0,640.0
128,76,592.402,35,380.0,640.0
128,77,589.903,15,385.0,640.0
128,78,545.9639999999999,62,390.0,640.0
128,79,507.222,28,395.0,640.0
128,80,504.622,47,400.0,640.0
128,81,516.321,35,405.0,640.0
128,82,1825.1999999999998,22,410.0,640.0
128,83,1805.1100000000001,28,415.0,640.0
128,84,1797.01,37,420.0,640.0
128,85,1760.52,3,425.0,640.0
128,87,1693.23,41,435.0,640.0
128,88,1756.32,1,440.0,640.0
128,90,1529.97,45,450.0,640.0
128,91,1598.105,22,455.0,640.0
128,92,1423.6,44,460.0,640.0
128,93,1265.7350000000001,34,465.0,640.0
128,94,1205.705,22,470.0,640.0
128,95,1125.825,4,475.0,640.0
128,96,1040.99,23,480.0,640.0
128,98,1156.26,9,490.0,640.0
128,99,1678.24,21,495.0,640.0
128,101,724.07,3,505.0,640.0
128,102,838.242,71,510.0,640.0
128,103,976.4605,2,515.0,640.0
128,109,454.2685,44,545.0,640.0
128,114,179.902,5,570.0,640.0
128,115,181.152,6,575.0,640.0
128,117,188.402,52,585.0,640.0
128,118,192.90300000000002,78,590.0,640.0
128,119,240.005,83,595.0,640.0
128,120,289.608,53,600.0,640.0
128,121,332.111,37,605.0,640.0
128,122,348.412,5,610.0,640.0
129,26,34.350049999999996,6,130.0,645.0
129,27,50.2998,89,135.0,645.0
129,28,63.3996,18,140.0,645.0
129,31,78.99940000000001,22,155.0,645.0
129,32,83.7993,27,160.0,645.0
129,38,208.30349999999999,4,190.0,645.0
129,39,337.311,45,195.0,645.0
129,43,141.4995,2,215.0,645.0
129,44,150.1,51,220.0,645.0
129,45,161.301,15,225.0,645.0
129,46,160.501,1,230.0,645.0
129,47,218.604,13,235.0,645.0
129,48,216.904,25,240.0,645.0
129,49,247.706,33,245.0,645.0
129,50,288.908,37,250.0,645.0
129,51,297.009,30,255.0,645.0
129,53,325.06100000000004,40,265.0,645.0
129,54,344.112,39,270.0,645.0
129,55,390.815,61,275.0,645.0
129,56,420.91650000000004,12,280.0,645.0
129,60,546.214,23,300.0,645.0
129,61,554.712,15,305.0,645.0
129,66,396.16499999999996,58,330.0,645.0
129,67,434.117,57,335.0,645.0
129,70,577.556,2,350.0,645.0
129,71,554.662,54,355.0,645.0
129,72,589.903,26,360.0,645.0
129,73,617.496,1,365.0,645.0
129,74,570.108,58,370.0,645.0
129,76,653.288,1,380.0,645.0
129,77,586.904,9,385.0,645.0
129,78,530.418,19,390.0,645.0
129,79,521.12,16,395.0,645.0
129,81,464.019,38,405.0,645.0
129,84,1831.65,26,420.0,645.0
129,87,1771.4099999999999,38,435.0,645.0
129,88,1720.23,7,440.0,645.0
129,90,1622.15,39,450.0,645.0
129,92,1409.9,3,460.0,645.0
129,93,1411.2,24,465.0,645.0
129,94,1355.62,3,470.0,645.0
129,95,1096.38,33,475.0,645.0
129,96,983.407,37,480.0,645.0
129,97,908.225,34,485.0,645.0
129,98,865.9355,24,490.0,645.0
129,99,816.3975,6,495.0,645.0
129,101,750.4135,24,505.0,645.0
129,102,881.9314999999999,26,510.0,645.0
129,103,981.5070000000001,48,515.0,645.0
129,104,997.004,35,520.0,645.0
129,105,1043.6399999999999,36,525.0,645.0
129,106,1082.08,36,530.0,645.0
129,107,1142.77,1,535.0,645.0
129,109,558.811,29,545.0,645.0
129,117,223.004,53,585.0,645.0
129,118,249.306,41,590.0,645.0
129,119,284.70799999999997,42,595.0,645.0
129,120,328.111,53,600.0,645.0
129,121,362.563,56,605.0,645.0
129,122,370.413,21,610.0,645.0
130,26,40.8999,1,130.0,650.0
130,27,67.5995,81,135.0,650.0
130,28,82.39930000000001,56,140.0,650.0
130,29,91.69919999999999,20,145.0,650.0
130,31,86.6992,3,155.0,650.0
130,36,101.399,11,180.0,650.0
130,37,161.501,47,185.0,650.0
130,38,301.309,65,190.0,650.0
130,39,425.217,20,195.0,650.0
130,41,214.404,5,205.0,650.0
130,42,203.303,65,210.0,650.0
130,43,153.5,37,215.0,650.0
130,44,151.3,17,220.0,650.0
130,45,186.902,75,225.0,650.0
130,46,176.202,7,230.0,650.0
130,47,241.106,31,235.0,650.0
130,48,310.9595,12,240.0,650.0
130,49,311.21,26,245.0,650.0
130,50,317.31,29,250.0,650.0
130,51,330.611,20,255.0,650.0
130,54,359.513,23,270.0,650.0
130,55,394.515,66,275.0,650.0
130,56,435.217,13,280.0,650.0
130,60,591.903,21,300.0,650.0
130,61,581.655,52,305.0,650.0
130,66,381.614,15,330.0,650.0
130,67,400.115,65,335.0,650.0
130,71,552.712,27,355.0,650.0
130,74,576.956,32,370.0,650.0
130,81,448.118,33,405.0,650.0
130,82,426.16650000000004,2,410.0,650.0
130,84,1861.64,16,420.0,650.0
130,86,1813.4,2,430.0,650.0
130,87,1754.97,20,435.0,650.0
130,89,1727.13,9,445.0,650.0
130,90,1589.56,27,450.0,650.0
130,92,1581.61,26,460.0,650.0
130,93,1409.455,8,465.0,650.0
130,95,1157.86,31,475.0,650.0
130,96,1037.095,6,480.0,650.0
130,98,861.837,7,490.0,650.0
130,99,826.845,30,495.0,650.0
130,100,950.315,10,500.0,650.0
130,101,811.949,39,505.0,650.0
130,102,882.032,39,510.0,650.0
130,103,1023.0,31,515.0,650.0
130,104,736.067,11,520.0,650.0
130,106,928.92,3,530.0,650.0
130,108,618.396,59,540.0,650.0
130,109,705.4745,44,545.0,650.0
130,117,247.606,74,585.0,650.0
130,118,273.75750000000005,6,590.0,650.0
131,27,72.3495,70,135.0,655.0
131,28,82.8993,87,140.0,655.0
131,29,89.4992,65,145.0,655.0
131,33,75.2994,1,165.0,655.0
131,34,104.04905,18,170.0,655.0
131,35,128.899,59,175.0,655.0
131,36,257.306,71,180.0,655.0
131,37,349.5625,70,185.0,655.0
131,38,274.108,47,190.0,655.0
131,39,98.8991,8,195.0,655.0
131,42,204.45299999999997,6,210.0,655.0
131,43,165.601,20,215.0,655.0
131,44,241.40550000000002,2,220.0,655.0
131,45,241.00549999999998,64,225.0,655.0
131,47,266.557,24,235.0,655.0
131,49,300.909,8,245.0,655.0
131,50,333.911,30,250.0,655.0
131,51,349.36199999999997,70,255.0,655.0
131,52,368.51300000000003,32,260.0,655.0
131,53,394.815,39,265.0,655.0
131,54,389.71450000000004,36,270.0,655.0
131,55,430.817,42,275.0,655.0
131,56,463.819,5,280.0,655.0
131,60,598.201,1,300.0,655.0
131,61,606.499,35,305.0,655.0
131,67,362.613,83,335.0,655.0
131,68,384.014,21,340.0,655.0
131,71,509.522,27,355.0,655.0
131,74,557.6605,38,370.0,655.0
131,75,600.6,1,375.0,655.0
131,81,435.11749999999995,12,405.0,655.0
131,82,424.217,21,410.0,655.0
131,84,1865.19,13,420.0,655.0
131,86,1792.81,15,430.0,655.0
131,87,1766.92,9,435.0,655.0
131,89,1701.93,31,445.0,655.0
131,90,1652.64,7,450.0,655.0
131,92,1618.15,25,460.0,655.0
131,95,1296.23,49,475.0,655.0
131,101,965.9615,40,505.0,655.0
131,102,1132.42,24,510.0,655.0
131,103,999.103,15,515.0,655.0
131,104,619.696,63,520.0,655.0
131,105,584.004,41,525.0,655.0
131,106,612.298,51,530.0,655.0
131,107,633.0925,40,535.0,655.0
131,108,678.481,23,540.0,655.0
131,109,730.019,40,545.0,655.0
131,117,274.908,53,585.0,655.0
132,27,67.7995,39,135.0,660.0
132,28,65.7996,92,140.0,660.0
132,29,75.9994,75,145.0,660.0
132,30,74.0994,16,150.0,660.0
132,31,71.1995,7,155.0,660.0
132,32,72.3995,29,160.0,660.0
132,33,73.0995,17,165.0,660.0
132,34,122.699,13,170.0,660.0
132,35,239.905,17,175.0,660.0
132,36,201.903,13,180.0,660.0
132,37,303.809,5,185.0,660.0
132,38,91.2992,13,190.0,660.0
132,43,201.45299999999997,26,215.0,660.0
132,47,238.8555,8,235.0,660.0
132,50,241.406,37,250.0,660.0
132,51,251.406,56,255.0,660.0
132,52,273.9075,4,260.0,660.0
132,54,444.718,15,270.0,660.0
132,55,456.419,40,275.0,660.0
132,56,452.818,32,280.0,660.0
132,67,341.212,24,335.0,660.0
132,68,362.513,59,340.0,660.0
132,71,481.32,29,355.0,660.0
132,72,466.8695,8,360.0,660.0
132,74,542.365,16,370.0,660.0
132,75,544.414,19,375.0,660.0
132,79,455.919,9,395.0,660.0
132,80,460.819,40,400.0,660.0
132,81,410.116,31,405.0,660.0
132,82,417.916,32,410.0,660.0
132,84,1836.7,26,420.0,660.0
132,86,1818.4,24,430.0,660.0
132,89,1700.2800000000002,34,445.0,660.0
132,92,1600.9099999999999,38,460.0,660.0
132,95,1445.29,48,475.0,660.0
132,96,1282.53,39,480.0,660.0
132,97,1269.64,43,485.0,660.0
132,98,1313.875,30,490.0,660.0
132,99,1235.845,32,495.0,660.0
132,100,1133.87,17,500.0,660.0
132,101,1144.27,52,505.0,660.0
132,102,1129.47,11,510.0,660.0
132,104,592.4025,26,520.0,660.0
132,107,521.9695,6,535.0,660.0
132,108,510.272,50,540.0,660.0
132,109,460.319,49,545.0,660.0
132,110,369.46299999999997,24,550.0,660.0
132,111,338.811,19,555.0,660.0
132,112,324.211,21,560.0,660.0
132,113,284.908,16,565.0,660.0
132,114,263.40700000000004,30,570.0,660.0
132,115,243.656,40,575.0,660.0
132,116,254.106,33,580.0,660.0
132,117,302.509,67,585.0,660.0
133,28,49.7498,64,140.0,665.0
133,29,56.249700000000004,100,145.0,665.0
133,30,59.2997,46,150.0,665.0
133,31,66.2496,18,155.0,665.0
133,32,69.0495,2,160.0,665.0
133,38,85.1993,21,190.0,665.0
133,40,107.799,13,200.0,665.0
133,41,110.09899999999999,14,205.0,665.0
133,43,226.305,26,215.0,665.0
133,47,216.654,60,235.0,665.0
133,48,232.555,22,240.0,665.0
133,49,226.905,23,245.0,665.0
133,50,233.805,13,250.0,665.0
133,51,260.457,24,255.0,665.0
133,52,268.507,41,260.0,665.0
133,53,276.108,43,265.0,665.0
133,54,280.908,35,270.0,665.0
133,56,482.97,48,280.0,665.0
133,60,347.812,17,300.0,665.0
133,61,314.66,6,305.0,665.0
133,67,329.261,6,335.0,665.0
133,68,334.211,98,340.0,665.0
133,69,386.414,1,345.0,665.0
133,71,460.719,13,355.0,665.0
133,72,421.817,25,360.0,665.0
133,74,417.016,1,370.0,665.0
133,75,485.02,62,375.0,665.0
133,76,513.922,35,380.0,665.0
133,77,567.608,37,385.0,665.0
133,79,473.62,11,395.0,665.0
133,80,502.0715,18,400.0,665.0
133,82,399.115,25,410.0,665.0
133,84,1841.8,8,420.0,665.0
133,86,1807.41,3,430.0,665.0
133,89,1766.365,36,445.0,665.0
133,91,1603.5549999999998,6,455.0,665.0
133,92,1656.74,41,460.0,665.0
133,94,1532.77,2,470.0,665.0
133,95,1552.37,47,475.0,665.0
133,96,1537.07,3,480.0,665.0
133,97,1336.62,13,485.0,665.0
133,99,1320.075,2,495.0,665.0
133,100,1243.04,18,500.0,665.0
133,101,1257.74,61,505.0,665.0
133,102,1278.23,31,510.0,665.0
133,103,580.5055,26,515.0,665.0
133,104,585.0540000000001,56,520.0,665.0
133,105,596.951,52,525.0,665.0
133,106,577.2065,72,530.0,665.0
133,107,550.0630000000001,62,535.0,665.0
133,108,486.42,71,540.0,665.0
133,109,426.967,58,545.0,665.0
133,110,389.315,45,550.0,665.0
133,111,356.5125,20,555.0,665.0
133,112,314.11,25,560.0,665.0
133,113,306.2595,18,565.0,665.0
133,114,291.3585,12,570.0,665.0
133,115,289.608,3,575.0,665.0
133,116,278.408,6,580.0,665.0
133,117,366.013,101,585.0,665.0
133,118,397.96500000000003,4,590.0,665.0
134,28,38.1,10,140.0,670.0
134,29,44.4999,91,145.0,670.0
134,30,42.5999,48,150.0,670.0
134,32,36.0,23,160.0,670.0
134,33,38.9,40,165.0,670.0
134,34,43.6999,39,170.0,670.0
134,35,52.799800000000005,54,175.0,670.0
134,36,60.49965,48,180.0,670.0
134,37,66.59955,44,185.0,670.0
134,38,77.6994,53,190.0,670.0
134,39,88.19919999999999,54,195.0,670.0
134,40,100.799,52,200.0,670.0
134,41,108.349,18,205.0,670.0
134,43,211.304,1,215.0,670.0
134,46,172.601,1,230.0,670.0
134,47,191.202,54,235.0,670.0
134,48,220.704,11,240.0,670.0
134,49,215.904,26,245.0,670.0
134,51,260.107,39,255.0,670.0
134,52,270.107,17,260.0,670.0
134,53,288.508,7,265.0,670.0
134,54,313.41,41,270.0,670.0
134,55,333.511,13,275.0,670.0
134,56,498.42100000000005,42,280.0,670.0
134,57,569.808,3,285.0,670.0
134,60,346.712,34,300.0,670.0
134,61,322.56,58,305.0,670.0
134,62,297.809,7,310.0,670.0
134,68,311.31,49,340.0,670.0
134,69,334.81100000000004,22,345.0,670.0
134,72,381.914,31,360.0,670.0
134,73,361.513,11,365.0,670.0
134,74,413.01599999999996,26,370.0,670.0
134,75,427.317,42,375.0,670.0
134,77,332.961,36,385.0,670.0
134,80,515.5215000000001,2,400.0,670.0
134,82,397.865,32,410.0,670.0
134,83,393.115,5,415.0,670.0
134,84,1867.395,2,420.0,670.0
134,88,1740.02,13,440.0,670.0
134,89,1770.065,26,445.0,670.0
134,91,1638.15,13,455.0,670.0
134,92,1675.04,11,460.0,670.0
134,94,1646.5949999999998,10,470.0,670.0
134,95,1556.57,23,475.0,670.0
134,96,1398.855,8,480.0,670.0
134,97,1341.52,7,485.0,670.0
134,101,1317.43,39,505.0,670.0
134,104,556.6115,38,520.0,670.0
134,105,558.9105,36,525.0,670.0
134,106,548.0129999999999,38,530.0,670.0
134,107,518.42,17,535.0,670.0
134,108,512.222,52,540.0,670.0
134,110,429.11699999999996,14,550.0,670.0
134,111,427.017,12,555.0,670.0
134,113,422.717,17,565.0,670.0
134,114,422.317,31,570.0,670.0
134,115,418.616,31,575.0,670.0
134,116,381.414,31,580.0,670.0
134,117,406.566,100,585.0,670.0
134,118,420.26649999999995,6,590.0,670.0
135,29,31.0001,53,145.0,675.0
135,30,27.6001,77,150.0,675.0
135,31,22.2,29,155.0,675.0
135,32,28.7001,23,160.0,675.0
135,33,34.0001,5,165.0,675.0
135,34,41.7999,1,170.0,675.0
135,35,47.9998,9,175.0,675.0
135,36,57.2997,9,180.0,675.0
135,37,65.8996,7,185.0,675.0
135,38,78.6494,58,190.0,675.0
135,39,82.4993,5,195.0,675.0
135,40,107.299,4,200.0,675.0
135,41,109.049,26,205.0,675.0
135,42,116.649,84,210.0,675.0
135,43,120.09899999999999,70,215.0,675.0
135,44,126.749,34,220.0,675.0
135,45,130.549,10,225.0,675.0
135,46,150.15,24,230.0,675.0
135,47,169.101,25,235.0,675.0
135,48,209.604,1,240.0,675.0
135,49,209.004,31,245.0,675.0
135,51,255.30599999999998,44,255.0,675.0
135,52,270.90700000000004,8,260.0,675.0
135,53,284.75800000000004,34,265.0,675.0
135,54,298.909,48,270.0,675.0
135,55,329.01099999999997,52,275.0,675.0
135,56,340.612,7,280.0,675.0
135,57,487.721,1,285.0,675.0
135,58,385.314,5,290.0,675.0
135,59,379.56399999999996,16,295.0,675.0
135,61,296.509,12,305.0,675.0
135,62,288.008,19,310.0,675.0
135,68,298.909,24,340.0,675.0
135,69,296.159,68,345.0,675.0
135,70,285.008,35,350.0,675.0
135,71,307.21000000000004,40,355.0,675.0
135,72,327.411,47,360.0,675.0
135,73,369.013,39,365.0,675.0
135,74,353.412,1,370.0,675.0
135,75,440.918,41,375.0,675.0
135,77,323.01,33,385.0,675.0
135,82,385.914,17,410.0,675.0
135,83,388.715,25,415.0,675.0
135,86,432.91700000000003,28,430.0,675.0
135,87,460.819,27,435.0,675.0
135,88,1747.22,39,440.0,675.0
135,89,1776.81,39,445.0,675.0
135,90,1682.24,7,450.0,675.0
135,91,1661.69,52,455.0,675.0
135,96,1368.91,19,480.0,675.0
135,97,1382.1599999999999,6,485.0,675.0
135,98,1590.66,55,490.0,675.0
135,99,1502.48,39,495.0,675.0
135,100,1416.05,36,500.0,675.0
135,101,1401.205,48,505.0,675.0
135,102,477.02,3,510.0,675.0
135,106,474.72,1,530.0,675.0
135,107,479.9205,8,535.0,675.0
135,108,493.821,37,540.0,675.0
135,109,466.619,44,545.0,675.0
135,110,454.118,31,550.0,675.0
135,111,444.518,33,555.0,675.0
135,112,428.717,27,560.0,675.0
135,113,439.118,21,565.0,675.0
135,114,433.16700000000003,2,570.0,675.0
135,116,300.209,7,580.0,675.0
135,117,308.91,88,585.0,675.0
135,118,348.962,26,590.0,675.0
135,119,376.56399999999996,26,595.0,675.0
135,120,418.216,24,600.0,675.0
135,121,459.019,27,605.0,675.0
135,122,470.46950000000004,14,610.0,675.0
136,29,18.299999999999997,60,145.0,680.0
136,30,15.5,86,150.0,680.0
136,38,98.3991,69,190.0,680.0
136,42,134.499,41,210.0,680.0
136,43,142.6,3,215.0,680.0
136,44,134.099,20,220.0,680.0
136,45,138.099,61,225.0,680.0
136,46,144.3,61,230.0,680.0
136,47,160.151,70,235.0,680.0
136,48,183.102,40,240.0,680.0
136,49,200.553,18,245.0,680.0
136,50,218.8545,2,250.0,680.0
136,51,231.255,48,255.0,680.0
136,54,350.062,20,270.0,680.0
136,55,332.711,33,275.0,680.0
136,57,354.112,15,285.0,680.0
136,58,379.914,15,290.0,680.0
136,59,376.114,51,295.0,680.0
136,60,358.313,47,300.0,680.0
136,61,311.91,33,305.0,680.0
136,62,279.058,50,310.0,680.0
136,63,264.357,2,315.0,680.0
136,69,278.70799999999997,82,345.0,680.0
136,70,271.307,19,350.0,680.0
136,71,301.709,1,355.0,680.0
136,73,394.41499999999996,32,365.0,680.0
136,75,445.618,29,375.0,680.0
136,76,483.22,13,380.0,680.0
136,77,301.409,29,385.0,680.0
136,78,304.6095,6,390.0,680.0
136,82,377.414,19,410.0,680.0
136,83,387.014,63,415.0,680.0
136,84,411.416,45,420.0,680.0
136,85,424.067,54,425.0,680.0
136,86,433.717,45,430.0,680.0
136,87,469.119,7,435.0,680.0
136,89,1705.2800000000002,2,445.0,680.0
136,90,1708.48,20,450.0,680.0
136,91,1697.93,75,455.0,680.0
136,92,1756.22,15,460.0,680.0
136,96,1533.67,19,480.0,680.0
136,98,1616.75,47,490.0,680.0
136,99,1563.57,5,495.0,680.0
136,101,1418.6,28,505.0,680.0
136,102,480.32,19,510.0,680.0
136,104,497.421,17,520.0,680.0
136,105,506.072,26,525.0,680.0
136,106,511.4715,30,530.0,680.0
136,107,485.52,23,535.0,680.0
136,108,477.07,6,540.0,680.0
136,111,396.515,10,555.0,680.0
136,112,353.712,35,560.0,680.0
136,113,339.06100000000004,34,565.0,680.0
136,114,330.111,25,570.0,680.0
136,115,309.71000000000004,24,575.0,680.0
136,116,289.75800000000004,24,580.0,680.0
136,117,267.607,77,585.0,680.0
136,118,317.36,52,590.0,680.0
136,119,375.214,43,595.0,680.0
136,120,431.217,69,600.0,680.0
136,121,472.7695,32,605.0,680.0
136,122,505.4715,4,610.0,680.0
137,29,7.99999,47,145.0,685.0
137,30,8.5,58,150.0,685.0
137,37,89.3992,13,185.0,685.0
137,38,90.3492,44,190.0,685.0
137,41,147.9,7,205.0,685.0
137,42,161.001,31,210.0,685.0
137,45,151.2,25,225.0,685.0
137,47,145.0,1,235.0,685.0
137,48,171.151,18,240.0,685.0
137,49,182.102,29,245.0,685.0
137,50,193.65300000000002,34,250.0,685.0
137,51,214.004,17,255.0,685.0
137,54,342.212,39,270.0,685.0
137,55,344.512,31,275.0,685.0
137,56,343.512,9,280.0,685.0
137,57,363.013,61,285.0,685.0
137,58,372.6635,46,290.0,685.0
137,59,383.414,3,295.0,685.0
137,61,366.46299999999997,2,305.0,685.0
137,62,283.358,48,310.0,685.0
137,63,254.606,35,315.0,685.0
137,69,260.257,98,345.0,685.0
137,70,246.05599999999998,20,350.0,685.0
137,73,394.015,4,365.0,685.0
137,75,455.919,2,375.0,685.0
137,76,490.421,31,380.0,685.0
137,77,288.108,7,385.0,685.0
137,78,299.909,27,390.0,685.0
137,81,365.113,51,405.0,685.0
137,82,369.613,27,410.0,685.0
137,83,398.66499999999996,28,415.0,685.0
137,84,405.7655,8,420.0,685.0
137,85,491.621,1,425.0,685.0
137,86,467.069,24,430.0,685.0
137,90,1791.21,13,450.0,685.0
137,91,1758.52,70,455.0,685.0
137,92,1812.4,53,460.0,685.0
137,93,1834.7,15,465.0,685.0
137,96,1600.005,30,480.0,685.0
137,98,1623.15,22,490.0,685.0
137,101,1515.28,49,505.0,685.0
137,102,476.22,36,510.0,685.0
137,103,509.822,1,515.0,685.0
137,106,414.716,7,530.0,685.0
137,107,432.267,24,535.0,685.0
137,108,404.21500000000003,24,540.0,685.0
137,109,401.16499999999996,28,545.0,685.0
137,110,374.06399999999996,30,550.0,685.0
137,111,370.613,27,555.0,685.0
137,112,345.712,13,560.0,685.0
137,117,239.705,43,585.0,685.0
137,118,281.758,78,590.0,685.0
137,119,336.01099999999997,80,595.0,685.0
137,120,381.06399999999996,60,600.0,685.0
138,29,2.1,45,145.0,690.0
138,30,2.7,71,150.0,690.0
138,37,73.89945,32,185.0,690.0
138,38,80.9993,63,190.0,690.0
138,39,98.2991,31,195.0,690.0
138,40,108.699,25,200.0,690.0
138,41,124.599,27,205.0,690.0
138,42,142.149,16,210.0,690.0
138,45,159.901,38,225.0,690.0
138,48,212.404,5,240.0,690.0
138,50,215.25400000000002,52,250.0,690.0
138,51,242.856,32,255.0,690.0
138,52,263.207,18,260.0,690.0
138,53,267.607,1,265.0,690.0
138,54,319.21,59,270.0,690.0
138,55,342.112,9,275.0,690.0
138,56,354.312,45,280.0,690.0
138,57,368.26300000000003,12,285.0,690.0
138,61,300.109,36,305.0,690.0
138,62,267.207,108,310.0,690.0
138,63,236.905,55,315.0,690.0
138,67,168.601,2,335.0,690.0
138,68,185.902,30,340.0,690.0
138,69,245.706,85,345.0,690.0
138,70,228.905,33,350.0,690.0
138,71,237.005,1,355.0,690.0
138,76,491.4705,24,380.0,690.0
138,78,291.209,31,390.0,690.0
138,81,362.413,27,405.0,690.0
138,83,417.716,10,415.0,690.0
138,84,420.416,9,420.0,690.0
138,86,482.72,24,430.0,690.0
138,88,1839.1,15,440.0,690.0
138,89,1795.3600000000001,26,445.0,690.0
138,90,1754.52,43,450.0,690.0
138,91,1792.9099999999999,20,455.0,690.0
138,92,1811.755,10,460.0,690.0
138,93,1854.39,29,465.0,690.0
138,96,536.016,17,480.0,690.0
138,101,501.071,70,505.0,690.0
138,102,470.52,31,510.0,690.0
138,103,487.1205,52,515.0,690.0
138,104,459.919,47,520.0,690.0
138,105,448.01800000000003,34,525.0,690.0
138,106,445.118,19,530.0,690.0
138,107,418.8165,6,535.0,690.0
138,113,300.80899999999997,2,565.0,690.0
138,114,289.70849999999996,18,570.0,690.0
138,115,271.707,37,575.0,690.0
138,116,241.906,37,580.0,690.0
138,117,213.404,53,585.0,690.0
138,118,234.905,93,590.0,690.0
138,119,269.757,30,595.0,690.0
138,120,418.416,21,600.0,690.0
138,121,432.817,9,605.0,690.0
139,29,0.0,59,145.0,695.0
139,30,0.0,38,150.0,695.0
139,37,63.0996,35,185.0,695.0
139,38,67.2995,6,190.0,695.0
139,40,112.899,33,200.0,695.0
139,41,115.549,32,205.0,695.0
139,42,140.449,44,210.0,695.0
139,43,155.3,29,215.0,695.0
139,45,165.901,35,225.0,695.0
139,47,214.104,9,235.0,695.0
139,48,216.304,23,240.0,695.0
139,50,249.606,44,250.0,695.0
139,51,240.805,1,255.0,695.0
139,52,272.907,15,260.0,695.0
139,53,285.70799999999997,30,265.0,695.0
139,54,302.159,72,270.0,695.0
139,55,318.46000000000004,18,275.0,695.0
139,56,596.701,35,280.0,695.0
139,57,623.295,49,285.0,695.0
139,58,625.944,46,290.0,695.0
139,59,614.3969999999999,44,295.0,695.0
139,60,342.662,76,300.0,695.0
139,61,304.759,86,305.0,695.0
139,62,248.706,75,310.0,695.0
139,63,232.105,61,315.0,695.0
139,64,220.404,43,320.0,695.0
139,65,201.103,42,325.0,695.0
139,66,174.3015,36,330.0,695.0
139,67,158.75,56,335.0,695.0
139,68,171.301,37,340.0,695.0
139,69,225.85500000000002,30,345.0,695.0
139,70,211.904,74,350.0,695.0
139,76,522.1695,18,380.0,695.0
139,78,279.108,53,390.0,695.0
139,81,349.962,52,405.0,695.0
139,83,400.515,2,415.0,695.0
139,84,427.91700000000003,24,420.0,695.0
139,86,492.421,19,430.0,695.0
139,89,1759.815,2,445.0,695.0
139,90,1820.95,42,450.0,695.0
139,91,1780.6599999999999,6,455.0,695.0
139,93,1859.0900000000001,14,465.0,695.0
139,96,493.971,30,480.0,695.0
139,97,524.019,23,485.0,695.0
139,100,471.22,5,500.0,695.0
139,101,483.27,46,505.0,695.0
139,102,451.318,3,510.0,695.0
139,103,467.019,11,515.0,695.0
139,108,390.715,3,540.0,695.0
139,109,374.614,24,545.0,695.0
139,110,348.012,44,550.0,695.0
139,111,338.4615,40,555.0,695.0
139,112,321.31,42,560.0,695.0
139,113,300.959,34,565.0,695.0
139,114,290.8585,22,570.0,695.0
139,115,264.007,5,575.0,695.0
139,117,184.652,30,585.0,695.0
139,118,193.403,80,590.0,695.0
139,119,245.806,63,595.0,695.0
139,120,428.517,15,600.0,695.0
139,121,453.2685,30,605.0,695.0
140,29,0.0,55,145.0,700.0
140,30,1.75,78,150.0,700.0
140,31,6.5,59,155.0,700.0
140,32,10.2,21,160.0,700.0
140,33,14.4,1,165.0,700.0
140,37,55.8997,49,185.0,700.0
140,40,132.54899999999998,46,200.0,700.0
140,41,129.899,8,205.0,700.0
140,45,176.002,33,225.0,700.0
140,47,206.803,32,235.0,700.0
140,48,214.954,4,240.0,700.0
140,50,238.105,25,250.0,700.0
140,54,324.7105,42,270.0,700.0
140,55,334.611,12,275.0,700.0
140,56,594.402,36,280.0,700.0
140,59,627.494,33,295.0,700.0
140,60,317.71,5,300.0,700.0
140,61,284.50800000000004,86,305.0,700.0
140,62,251.506,19,310.0,700.0
140,67,146.0,29,335.0,700.0
140,69,180.352,2,345.0,700.0
140,70,193.353,80,350.0,700.0
140,71,192.5525,8,355.0,700.0
140,76,492.52049999999997,8,380.0,700.0
140,77,406.556,2,385.0,700.0
140,78,265.207,43,390.0,700.0
140,81,333.211,29,405.0,700.0
140,82,328.011,5,410.0,700.0
140,84,465.719,34,420.0,700.0
140,86,506.222,34,430.0,700.0
140,90,1827.1,11,450.0,700.0
140,91,1855.04,16,455.0,700.0
140,92,1859.845,2,460.0,700.0
140,96,511.37199999999996,16,480.0,700.0
140,101,446.818,40,505.0,700.0
140,102,478.42,45,510.0,700.0
140,103,511.422,37,515.0,700.0
140,104,477.82,1,520.0,700.0
140,106,424.967,10,530.0,700.0
140,107,408.116,40,535.0,700.0
140,108,386.514,52,540.0,700.0
140,109,375.314,25,545.0,700.0
140,110,363.76300000000003,4,550.0,700.0
140,116,192.5025,8,580.0,700.0
140,117,161.201,41,585.0,700.0
140,118,161.401,96,590.0,700.0
140,119,211.85399999999998,72,595.0,700.0
140,121,471.67,50,605.0,700.0
141,29,7.2,27,145.0,705.0
141,30,6.6,58,150.0,705.0
141,32,11.3,21,160.0,705.0
141,33,15.1,56,165.0,705.0
141,34,19.4,43,170.0,705.0
141,35,21.4,10,175.0,705.0
141,36,35.4,1,180.0,705.0
141,37,42.2999,55,185.0,705.0
141,44,185.252,16,220.0,705.0
141,45,188.302,18,225.0,705.0
141,47,200.703,29,235.0,705.0
141,49,231.305,6,245.0,705.0
141,50,232.005,33,250.0,705.0
141,53,240.205,11,265.0,705.0
141,54,234.105,33,270.0,705.0
141,56,625.8444999999999,30,280.0,705.0
141,59,648.189,43,295.0,705.0
141,61,338.861,34,305.0,705.0
141,62,282.808,25,310.0,705.0
141,67,145.4,21,335.0,705.0
141,69,164.201,17,345.0,705.0
141,70,175.101,82,350.0,705.0
141,71,184.002,25,355.0,705.0
141,73,213.25400000000002,6,365.0,705.0
141,74,221.904,33,370.0,705.0
141,75,229.905,61,375.0,705.0
141,76,237.605,67,380.0,705.0
141,77,239.305,53,385.0,705.0
141,78,253.406,83,390.0,705.0
141,79,263.307,53,395.0,705.0
141,80,279.858,48,400.0,705.0
141,81,311.26,56,405.0,705.0
141,82,308.01,7,410.0,705.0
141,84,480.02,21,420.0,705.0
141,86,508.922,15,430.0,705.0
141,87,502.0215,18,435.0,705.0
141,88,494.421,9,440.0,705.0
141,95,462.719,4,475.0,705.0
141,96,496.771,24,480.0,705.0
141,98,378.614,1,490.0,705.0
141,99,433.3675,6,495.0,705.0
141,101,432.36699999999996,48,505.0,705.0
141,102,347.912,1,510.0,705.0
141,104,431.267,38,520.0,705.0
141,105,436.5175,36,525.0,705.0
141,106,422.517,29,530.0,705.0
141,107,412.01599999999996,14,535.0,705.0
141,111,284.008,5,555.0,705.0
141,112,272.957,22,560.0,705.0
141,113,255.506,34,565.0,705.0
141,114,235.105,25,570.0,705.0
141,115,223.404,27,575.0,705.0
141,116,199.053,26,580.0,705.0
141,117,171.201,5,585.0,705.0
141,118,138.799,87,590.0,705.0
141,119,183.202,84,595.0,705.0
141,121,482.66999999999996,44,605.0,705.0
142,29,14.6,37,145.0,710.0
142,30,13.75,58,150.0,710.0
142,34,20.8,9,170.0,710.0
142,35,24.5001,49,175.0,710.0
142,36,28.4001,54,180.0,710.0
142,37,32.8001,39,185.0,710.0
142,38,39.3,3,190.0,710.0
142,44,193.803,28,220.0,710.0
142,47,191.7525,36,235.0,710.0
142,49,223.5045,12,245.0,710.0
142,50,225.6045,10,250.0,710.0
142,53,236.005,36,265.0,710.0
142,54,227.305,7,270.0,710.0
142,56,612.4975,26,280.0,710.0
142,58,639.891,4,290.0,710.0
142,59,631.393,18,295.0,710.0
142,61,362.113,29,305.0,710.0
142,62,339.9115,42,310.0,710.0
142,63,351.212,15,315.0,710.0
142,64,218.304,35,320.0,710.0
142,65,203.753,14,325.0,710.0
142,67,140.29899999999998,28,335.0,710.0
142,69,144.8,25,345.0,710.0
142,70,158.64999999999998,84,350.0,710.0
142,71,189.352,80,355.0,710.0
142,72,205.003,61,360.0,710.0
142,73,210.704,44,365.0,710.0
142,74,214.404,23,370.0,710.0
142,75,205.8535,2,375.0,710.0
142,78,269.0575,6,390.0,710.0
142,79,260.107,10,395.0,710.0
142,80,288.108,14,400.0,710.0
142,81,300.559,32,405.0,710.0
142,82,324.311,27,410.0,710.0
142,83,344.41200000000003,26,415.0,710.0
142,84,347.612,31,420.0,710.0
142,85,358.26300000000003,34,425.0,710.0
142,86,376.31399999999996,34,430.0,710.0
142,87,376.914,22,435.0,710.0
142,88,477.72,29,440.0,710.0
142,89,505.922,21,445.0,710.0
142,90,484.62,17,450.0,710.0
142,91,474.32,10,455.0,710.0
142,95,466.46950000000004,18,475.0,710.0
142,96,406.116,7,480.0,710.0
142,98,428.567,14,490.0,710.0
142,99,420.8165,6,495.0,710.0
142,101,420.616,23,505.0,710.0
142,102,396.515,9,510.0,710.0
142,105,367.61350000000004,2,525.0,710.0
142,106,350.012,21,530.0,710.0
142,107,337.861,36,535.0,710.0
142,108,321.41,36,540.0,710.0
142,109,309.01,41,545.0,710.0
142,110,301.709,44,550.0,710.0
142,111,279.008,26,555.0,710.0
142,112,263.457,8,560.0,710.0
142,116,155.9,7,580.0,710.0
142,117,141.999,20,585.0,710.0
142,118,122.449,66,590.0,710.0
142,119,151.0,94,595.0,710.0
142,120,170.5015,6,600.0,710.0
142,121,496.421,45,605.0,710.0
143,36,31.3001,1,180.0,715.0
143,37,33.8001,19,185.0,715.0
143,38,39.8,55,190.0,715.0
143,39,48.8998,66,195.0,715.0
143,40,61.4496,40,200.0,715.0
143,41,75.6994,25,205.0,715.0
143,42,108.999,9,210.0,715.0
143,43,107.699,1,215.0,715.0
143,46,182.202,11,230.0,715.0
143,47,188.552,22,235.0,715.0
143,49,212.304,23,245.0,715.0
143,53,226.905,45,265.0,715.0
143,55,595.1514999999999,14,275.0,715.0
143,56,603.7,21,280.0,715.0
143,58,645.689,13,290.0,715.0
143,59,646.689,23,295.0,715.0
143,61,371.813,45,305.0,715.0
143,62,367.613,8,310.0,715.0
143,64,213.85399999999998,20,320.0,715.0
143,65,198.203,24,325.0,715.0
143,67,135.099,31,335.0,715.0
143,69,136.099,17,345.0,715.0
143,70,151.0,81,350.0,715.0
143,71,164.801,39,355.0,715.0
143,72,181.902,3,360.0,715.0
143,89,481.62,2,445.0,715.0
143,90,453.418,9,450.0,715.0
143,91,514.122,19,455.0,715.0
143,92,470.2195,22,460.0,715.0
143,93,447.168,34,465.0,715.0
143,94,460.619,40,470.0,715.0
143,95,430.417,27,475.0,715.0
143,96,403.7655,34,480.0,715.0
143,97,403.0155,42,485.0,715.0
143,98,387.1145,44,490.0,715.0
143,99,371.213,17,495.0,715.0
143,100,376.164,26,500.0,715.0
143,101,337.6615,18,505.0,715.0
143,102,379.514,47,510.0,715.0
143,103,372.7135,30,515.0,715.0
143,104,375.814,43,520.0,715.0
143,105,364.213,43,525.0,715.0
143,106,345.112,17,530.0,715.0
143,107,316.40999999999997,4,535.0,715.0
143,109,208.304,1,545.0,715.0
143,110,252.506,13,550.0,715.0
143,111,245.806,25,555.0,715.0
143,112,233.805,45,560.0,715.0
143,113,208.6535,40,565.0,715.0
143,114,188.402,27,570.0,715.0
143,115,175.001,25,575.0,715.0
143,116,163.501,18,580.0,715.0
143,117,154.1,3,585.0,715.0
143,118,112.09899999999999,44,590.0,715.0
143,119,119.299,67,595.0,715.0
143,120,144.6,27,600.0,715.0
143,121,504.622,35,605.0,715.0
143,122,509.022,3,610.0,715.0
144,39,46.8999,15,195.0,720.0
144,40,56.3997,58,200.0,720.0
144,41,69.3995,87,205.0,720.0
144,42,84.6493,92,210.0,720.0
144,43,106.549,74,215.0,720.0
144,44,130.249,30,220.0,720.0
144,45,140.299,3,225.0,720.0
144,46,175.7015,38,230.0,720.0
144,47,180.602,5,235.0,720.0
144,48,165.401,1,240.0,720.0
144,49,198.603,53,245.0,720.0
144,50,220.75400000000002,26,250.0,720.0
144,51,231.605,15,255.0,720.0
144,52,243.106,1,260.0,720.0
144,53,225.905,25,265.0,720.0
144,55,591.403,27,275.0,720.0
144,56,608.998,3,280.0,720.0
144,58,645.0895,30,290.0,720.0
144,59,637.591,7,295.0,720.0
144,61,367.913,21,305.0,720.0
144,62,376.164,10,310.0,720.0
144,64,196.003,19,320.0,720.0
144,65,196.053,84,325.0,720.0
144,66,178.902,71,330.0,720.0
144,67,137.299,44,335.0,720.0
144,68,121.599,33,340.0,720.0
144,69,126.499,65,345.0,720.0
144,70,134.099,49,350.0,720.0
144,100,420.26649999999995,2,500.0,720.0
144,101,318.01,12,505.0,720.0
144,102,335.26099999999997,44,510.0,720.0
144,104,329.06100000000004,2,520.0,720.0
144,105,275.2575,24,525.0,720.0
144,106,282.058,22,530.0,720.0
144,107,265.707,33,535.0,720.0
144,108,267.807,37,540.0,720.0
144,109,261.407,31,545.0,720.0
144,110,248.806,19,550.0,720.0
144,111,243.106,9,555.0,720.0
144,112,269.907,1,560.0,720.0
144,117,128.999,6,585.0,720.0
144,118,108.899,43,590.0,720.0
144,119,101.199,87,595.0,720.0
144,120,122.899,41,600.0,720.0
144,121,517.321,23,605.0,720.0
144,122,510.422,13,610.0,720.0
145,41,67.4995,5,205.0,725.0
145,42,83.0993,36,210.0,725.0
145,43,96.2991,43,215.0,725.0
145,44,111.149,62,220.0,725.0
145,45,142.6495,48,225.0,725.0
145,46,156.1,47,230.0,725.0
145,47,145.1,35,235.0,725.0
145,48,165.551,36,240.0,725.0
145,49,192.803,13,245.0,725.0
145,52,234.505,25,260.0,725.0
145,53,244.0055,4,265.0,725.0
145,55,583.2045,26,275.0,725.0
145,57,251.55599999999998,20,285.0,725.0
145,58,623.0450000000001,4,290.0,725.0
145,59,251.906,30,295.0,725.0
145,61,392.015,3,305.0,725.0
145,62,375.1135,2,310.0,725.0
145,64,198.703,3,320.0,725.0
145,65,186.202,13,325.0,725.0
145,66,159.801,46,330.0,725.0
145,67,119.899,75,335.0,725.0
145,68,106.699,87,340.0,725.0
145,69,116.59899999999999,20,345.0,725.0
145,102,294.55899999999997,70,510.0,725.0
145,103,276.308,30,515.0,725.0
145,104,282.808,30,520.0,725.0
145,105,252.606,19,525.0,725.0
145,106,220.004,3,530.0,725.0
145,112,178.202,5,560.0,725.0
145,113,196.903,21,565.0,725.0
145,114,174.451,28,570.0,725.0
145,115,162.101,29,575.0,725.0
145,116,148.0,32,580.0,725.0
145,117,132.099,28,585.0,725.0
145,118,116.399,23,590.0,725.0
145,119,85.0493,70,595.0,725.0
145,120,86.1493,62,600.0,725.0
145,121,519.32,9,605.0,725.0
145,122,518.87,52,610.0,725.0
146,42,112.499,6,210.0,730.0
146,43,116.049,56,215.0,730.0
146,44,142.6,71,220.0,730.0
146,45,130.799,9,225.0,730.0
146,47,139.599,1,235.0,730.0
146,48,151.9,50,240.0,730.0
146,49,167.25099999999998,28,245.0,730.0
146,50,177.202,43,250.0,730.0
146,51,189.452,42,255.0,730.0
146,52,217.804,66,260.0,730.0
146,53,214.054,18,265.0,730.0
146,54,586.504,1,270.0,730.0
146,55,580.405,34,275.0,730.0
146,57,257.8565,46,285.0,730.0
146,58,536.316,20,290.0,730.0
146,59,506.472,48,295.0,730.0
146,66,134.149,52,330.0,730.0
146,67,105.199,91,335.0,730.0
146,68,92.8492,30,340.0,730.0
146,102,267.707,55,510.0,730.0
146,104,267.807,9,520.0,730.0
146,105,276.158,38,525.0,730.0
146,106,281.808,42,530.0,730.0
146,107,244.106,3,535.0,730.0
146,108,229.905,24,540.0,730.0
146,109,229.805,27,545.0,730.0
146,110,223.804,33,550.0,730.0
146,111,206.403,26,555.0,730.0
146,112,210.204,29,560.0,730.0
146,113,192.503,1,565.0,730.0
146,116,147.6,3,580.0,730.0
146,117,125.899,24,585.0,730.0
146,118,107.999,31,590.0,730.0
146,119,86.5993,89,595.0,730.0
146,120,65.4996,71,600.0,730.0
146,122,519.57,48,610.0,730.0
147,42,129.999,19,210.0,735.0
147,43,143.1495,20,215.0,735.0
147,44,164.501,41,220.0,735.0
147,45,177.902,14,225.0,735.0
147,46,182.002,17,230.0,735.0
147,47,215.704,8,235.0,735.0
147,48,177.202,35,240.0,735.0
147,50,173.001,21,250.0,735.0
147,51,177.602,1,255.0,735.0
147,52,198.703,55,260.0,735.0
147,53,206.353,22,265.0,735.0
147,54,590.503,55,270.0,735.0
147,55,573.307,78,275.0,735.0
147,56,538.416,51,280.0,735.0
147,57,555.611,79,285.0,735.0
147,58,557.011,67,290.0,735.0
147,59,519.52,43,295.0,735.0
147,60,490.2205,40,300.0,735.0
147,61,491.621,45,305.0,735.0
147,62,207.0035,30,310.0,735.0
147,63,155.4,15,315.0,735.0
147,64,153.6,1,320.0,735.0
147,66,119.999,47,330.0,735.0
147,67,87.2992,76,335.0,735.0
147,68,89.3492,4,340.0,735.0
147,102,254.006,17,510.0,735.0
147,103,257.5565,56,515.0,735.0
147,104,267.207,56,520.0,735.0
147,105,276.108,41,525.0,735.0
147,106,279.608,26,530.0,735.0
147,107,208.003,3,535.0,735.0
147,108,239.205,3,540.0,735.0
147,110,198.303,1,550.0,735.0
147,111,207.203,17,555.0,735.0
147,112,194.703,31,560.0,735.0
147,113,181.952,28,565.0,735.0
147,114,173.301,37,570.0,735.0
147,115,170.101,21,575.0,735.0
147,116,149.2,40,580.0,735.0
147,117,125.69900000000001,8,585.0,735.0
147,118,87.4992,1,590.0,735.0
147,119,74.3494,78,595.0,735.0
147,120,51.8998,81,600.0,735.0
147,121,37.85,14,605.0,735.0
147,122,524.219,21,610.0,735.0
148,42,512.722,1,210.0,740.0
148,44,190.802,37,220.0,740.0
148,46,187.202,13,230.0,740.0
148,47,208.55349999999999,52,235.0,740.0
148,48,235.605,32,240.0,740.0
148,49,253.306,39,245.0,740.0
148,50,254.85649999999998,14,250.0,740.0
148,51,518.9705,32,255.0,740.0
148,52,210.804,19,260.0,740.0
148,54,473.22,24,270.0,740.0
148,57,518.121,39,285.0,740.0
148,58,537.8155,10,290.0,740.0
148,60,451.7175,2,300.0,740.0
148,61,444.218,63,305.0,740.0
148,62,192.703,55,310.0,740.0
148,63,167.801,76,315.0,740.0
148,64,146.9,70,320.0,740.0
148,65,126.899,38,325.0,740.0
148,66,99.999,87,330.0,740.0
148,67,76.6494,28,335.0,740.0
148,102,235.005,1,510.0,740.0
148,103,248.406,39,515.0,740.0
148,108,198.253,20,540.0,740.0
148,109,190.902,39,545.0,740.0
148,110,175.50150000000002,34,550.0,740.0
148,111,172.701,28,555.0,740.0
148,112,172.75150000000002,6,560.0,740.0
148,116,76.9494,16,580.0,740.0
148,117,60.5996,37,585.0,740.0
148,118,54.1997,45,590.0,740.0
148,119,44.5999,63,595.0,740.0
148,120,43.0999,74,600.0,740.0
148,121,24.5501,40,605.0,740.0
148,122,29.0001,11,610.0,740.0
149,44,198.803,19,220.0,745.0
149,46,251.706,1,230.0,745.0
149,47,248.30599999999998,50,235.0,745.0
149,51,525.919,47,255.0,745.0
149,53,436.1675,14,265.0,745.0
149,54,455.1185,30,270.0,745.0
149,57,483.72,39,285.0,745.0
149,60,442.518,25,300.0,745.0
149,61,393.365,28,305.0,745.0
149,63,160.601,21,315.0,745.0
149,64,130.24900000000002,12,320.0,745.0
149,65,113.099,31,325.0,745.0
149,66,84.4993,71,330.0,745.0
149,103,245.206,35,515.0,745.0
149,107,195.703,53,535.0,745.0
149,108,184.902,7,540.0,745.0
149,109,116.199,29,545.0,745.0
149,110,119.999,19,550.0,745.0
149,111,111.849,24,555.0,745.0
149,112,95.59915000000001,24,560.0,745.0
149,113,86.0993,28,565.0,745.0
149,114,75.0994,27,570.0,745.0
149,115,63.2996,31,575.0,745.0
149,116,53.9997,11,580.0,745.0
149,119,23.400100000000002,48,595.0,745.0
149,120,20.75,92,600.0,745.0
149,121,13.05,74,605.0,745.0
149,122,6.6,1,610.0,745.0
150,43,168.401,1,215.0,750.0
150,44,235.305,61,220.0,750.0
150,45,268.107,39,225.0,750.0
150,46,263.407,23,230.0,750.0
150,47,261.407,29,235.0,750.0
150,50,536.016,1,250.0,750.0
150,51,487.921,66,255.0,750.0
150,52,442.368,30,260.0,750.0
150,53,405.31550000000004,36,265.0,750.0
150,57,461.369,40,285.0,750.0
150,60,387.414,47,300.0,750.0
150,61,333.911,1,305.0,750.0
150,63,140.04899999999998,44,315.0,750.0
150,65,95.6491,52,325.0,750.0
150,66,67.7995,42,330.0,750.0
150,103,240.005,27,515.0,750.0
150,104,232.055,18,520.0,750.0
150,105,226.2045,22,525.0,750.0
150,106,209.704,32,530.0,750.0
150,107,180.102,77,535.0,750.0
150,108,151.9,17,540.0,750.0
150,109,114.499,9,545.0,750.0
150,110,106.999,37,550.0,750.0
150,111,84.64925,12,555.0,750.0
150,114,62.449600000000004,6,570.0,750.0
150,115,53.64975,18,575.0,750.0
150,116,59.0997,3,580.0,750.0
150,117,36.8,12,585.0,750.0
150,118,35.0,25,590.0,750.0
150,119,27.5501,60,595.0,750.0
150,120,14.2,83,600.0,750.0
150,121,6.55,90,605.0,750.0
150,122,0.0,52,610.0,750.0
150,123,0.0,60,615.0,750.0
151,42,501.62,2,210.0,755.0
151,44,230.405,49,220.0,755.0
151,45,254.906,7,225.0,755.0
151,46,263.507,29,230.0,755.0
151,47,287.808,67,235.0,755.0
151,48,458.3185,30,240.0,755.0
151,49,524.119,7,245.0,755.0
151,50,444.71799999999996,28,250.0,755.0
151,51,436.8175,12,255.0,755.0
151,52,402.615,11,260.0,755.0
151,53,366.26300000000003,40,265.0,755.0
151,56,407.016,9,280.0,755.0
151,57,427.867,22,285.0,755.0
151,59,500.721,1,295.0,755.0
151,60,359.113,65,300.0,755.0
151,61,210.654,22,305.0,755.0
151,62,139.899,1,310.0,755.0
151,63,130.599,49,315.0,755.0
151,65,79.6494,64,325.0,755.0
151,66,61.4996,23,330.0,755.0
151,103,230.055,32,515.0,755.0
151,104,229.305,17,520.0,755.0
151,105,233.505,11,525.0,755.0
151,106,221.504,1,530.0,755.0
151,107,148.9,4,535.0,755.0
151,108,143.05,26,540.0,755.0
151,110,98.2991,57,550.0,755.0
151,111,84.4993,20,555.0,755.0
151,112,77.3994,44,560.0,755.0
151,113,69.4995,33,565.0,755.0
151,114,62.6996,31,570.0,755.0
151,115,52.7998,19,575.0,755.0
151,116,47.2999,63,580.0,755.0
151,117,39.3,27,585.0,755.0
151,118,35.350049999999996,8,590.0,755.0
151,119,26.4001,23,595.0,755.0
151,120,17.35,78,600.0,755.0
151,121,6.1,51,605.0,755.0
151,122,0.0,77,610.0,755.0
151,123,0.0,73,615.0,755.0
152,43,246.206,10,215.0,760.0
152,44,252.30599999999998,44,220.0,760.0
152,47,334.611,54,235.0,760.0
152,48,523.719,1,240.0,760.0
152,49,440.918,36,245.0,760.0
152,50,430.66700000000003,52,250.0,760.0
152,52,321.71,11,260.0,760.0
152,53,357.213,19,265.0,760.0
152,54,179.802,1,270.0,760.0
152,56,417.916,25,280.0,760.0
152,57,437.617,5,285.0,760.0
152,59,416.916,15,295.0,760.0
152,60,350.36199999999997,104,300.0,760.0
152,61,265.007,100,305.0,760.0
152,62,177.802,83,310.0,760.0
152,63,105.44900000000001,32,315.0,760.0
152,64,87.1992,21,320.0,760.0
152,65,67.7995,75,325.0,760.0
152,103,222.104,21,515.0,760.0
152,104,223.404,39,520.0,760.0
152,105,238.655,10,525.0,760.0
152,106,141.3495,6,530.0,760.0
152,107,138.349,22,535.0,760.0
152,108,128.399,53,540.0,760.0
152,109,116.149,22,545.0,760.0
152,110,112.399,47,550.0,760.0
152,112,91.7992,42,560.0,760.0
152,116,62.7496,36,580.0,760.0
152,119,30.2001,3,595.0,760.0
152,120,27.3001,49,600.0,760.0
153,43,258.007,5,215.0,765.0
153,44,259.10699999999997,12,220.0,765.0
153,46,399.815,13,230.0,765.0
153,47,349.962,48,235.0,765.0
153,49,392.115,19,245.0,765.0
153,50,384.814,25,250.0,765.0
153,52,310.91,23,260.0,765.0
153,54,204.103,37,270.0,765.0
153,55,207.303,25,275.0,765.0
153,56,220.204,61,280.0,765.0
153,57,350.812,69,285.0,765.0
153,58,328.311,39,290.0,765.0
153,59,322.61,61,295.0,765.0
153,60,302.659,88,300.0,765.0
153,61,217.054,94,305.0,765.0
153,62,181.452,72,310.0,765.0
153,63,102.899,3,315.0,765.0
153,64,79.1994,30,320.0,765.0
153,65,53.5998,31,325.0,765.0
153,103,219.404,15,515.0,765.0
153,104,193.753,68,520.0,765.0
153,105,163.551,54,525.0,765.0
153,106,151.64999999999998,36,530.0,765.0
153,107,140.249,18,535.0,765.0
153,108,125.099,2,540.0,765.0
153,110,121.949,26,550.0,765.0
153,112,101.549,18,560.0,765.0
153,114,132.399,3,570.0,765.0
153,115,126.299,24,575.0,765.0
153,116,100.299,66,580.0,765.0
153,117,82.5993,49,585.0,765.0
153,118,67.7995,37,590.0,765.0
153,119,50.5998,73,595.0,765.0
153,120,40.4,55,600.0,765.0
154,46,408.116,45,230.0,770.0
154,47,389.1645,6,235.0,770.0
154,49,360.213,39,245.0,770.0
154,52,316.96000000000004,14,260.0,770.0
154,53,295.409,1,265.0,770.0
154,54,192.003,3,270.0,770.0
154,56,178.402,37,280.0,770.0
154,58,273.007,3,290.0,770.0
154,59,248.506,23,295.0,770.0
154,60,219.404,47,300.0,770.0
154,61,168.201,63,305.0,770.0
154,62,130.849,66,310.0,770.0
154,63,77.6994,4,315.0,770.0
154,64,66.94955,62,320.0,770.0
154,65,46.7999,15,325.0,770.0
154,103,195.90300000000002,8,515.0,770.0
154,104,182.502,63,520.0,770.0
154,110,173.75150000000002,6,550.0,770.0
154,111,166.301,25,555.0,770.0
154,112,164.151,28,560.0,770.0
154,113,149.9,35,565.0,770.0
154,114,139.299,45,570.0,770.0
154,115,123.499,37,575.0,770.0
154,116,109.749,6,580.0,770.0
154,119,67.49955,36,595.0,770.0
154,120,59.0997,27,600.0,770.0
155,46,417.316,41,230.0,775.0
155,48,354.012,1,240.0,775.0
155,49,311.01,60,245.0,775.0
155,50,259.5565,2,250.0,775.0
155,51,289.608,29,255.0,775.0
155,52,313.51,8,260.0,775.0
155,53,261.507,27,265.0,775.0
155,54,258.307,47,270.0,775.0
155,55,242.006,42,275.0,775.0
155,56,176.502,46,280.0,775.0
155,61,146.45,12,305.0,775.0
155,62,117.999,44,310.0,775.0
155,63,67.3495,36,315.0,775.0
155,64,56.3997,87,320.0,775.0
155,104,219.35399999999998,52,520.0,775.0
155,105,227.105,21,525.0,775.0
155,106,234.105,33,530.0,775.0
155,107,226.305,52,535.0,775.0
155,108,201.303,70,540.0,775.0
155,109,184.35199999999998,34,545.0,775.0
155,110,184.802,26,550.0,775.0
155,111,173.001,7,555.0,775.0
155,114,150.8,7,570.0,775.0
155,115,143.2,33,575.0,775.0
155,116,114.499,21,580.0,775.0
155,117,108.499,29,585.0,775.0
155,118,100.499,19,590.0,775.0
155,119,85.0993,73,595.0,775.0
155,120,68.1995,11,600.0,775.0
156,45,404.015,5,225.0,780.0
156,46,415.466,34,230.0,780.0
156,48,349.412,27,240.0,780.0
156,49,335.211,28,245.0,780.0
156,50,285.008,32,250.0,780.0
156,51,260.15700000000004,62,255.0,780.0
156,52,226.555,40,260.0,780.0
156,53,199.003,6,265.0,780.0
156,54,278.25800000000004,6,270.0,780.0
156,55,178.502,13,275.0,780.0
156,56,166.501,20,280.0,780.0
156,61,123.149,38,305.0,780.0
156,62,105.499,7,310.0,780.0
156,63,54.0997,35,315.0,780.0
156,64,45.0999,56,320.0,780.0
156,104,211.25400000000002,16,520.0,780.0
156,105,218.404,21,525.0,780.0
156,106,206.403,9,530.0,780.0
156,108,208.904,29,540.0,780.0
156,109,199.95299999999997,34,545.0,780.0
156,110,177.0015,22,550.0,780.0
156,111,173.6015,16,555.0,780.0
156,112,175.602,31,560.0,780.0
156,113,156.4,23,565.0,780.0
156,114,159.901,27,570.0,780.0
156,115,145.8,52,575.0,780.0
156,116,118.399,16,580.0,780.0
156,119,117.599,43,595.0,780.0
156,120,109.599,15,600.0,780.0
157,45,400.915,1,225.0,785.0
157,46,395.66499999999996,2,230.0,785.0
157,48,445.718,46,240.0,785.0
157,49,427.617,9,245.0,785.0
157,50,373.214,1,250.0,785.0
157,51,283.158,32,255.0,785.0
157,52,213.504,13,260.0,785.0
157,53,187.702,31,265.0,785.0
157,54,163.201,39,270.0,785.0
157,55,124.049,44,275.0,785.0
157,56,114.199,57,280.0,785.0
157,57,128.799,29,285.0,785.0
157,58,176.25150000000002,2,290.0,785.0
157,59,155.6,29,295.0,785.0
157,60,121.149,28,300.0,785.0
157,61,88.8492,46,305.0,785.0
157,63,46.9499,50,315.0,785.0
157,64,35.9,43,320.0,785.0
157,108,230.205,1,540.0,785.0
157,109,187.902,56,545.0,785.0
157,110,178.802,1,550.0,785.0
157,112,178.452,2,560.0,785.0
157,113,167.651,24,565.0,785.0
157,114,155.7,37,570.0,785.0
157,115,146.8,65,575.0,785.0
157,116,129.849,30,580.0,785.0
157,117,121.099,37,585.0,785.0
157,118,106.599,41,590.0,785.0
157,119,84.0993,61,595.0,785.0
157,120,76.6994,7,600.0,785.0
158,48,499.671,38,240.0,790.0
158,49,416.316,19,245.0,790.0
158,50,363.413,47,250.0,790.0
158,51,369.313,59,255.0,790.0
158,52,484.52,22,260.0,790.0
158,55,100.24905000000001,28,275.0,790.0
158,56,93.8991,22,280.0,790.0
158,57,143.2,23,285.0,790.0
158,59,173.601,10,295.0,790.0
158,60,129.24900000000002,30,300.0,790.0
158,61,68.2995,44,305.0,790.0
158,63,39.6,79,315.0,790.0
158,64,26.5001,27,320.0,790.0
158,109,186.002,71,545.0,790.0
158,110,183.902,26,550.0,790.0
158,111,181.002,29,555.0,790.0
158,112,168.301,30,560.0,790.0
158,113,168.101,31,565.0,790.0
158,114,148.6,20,570.0,790.0
158,115,133.399,11,575.0,790.0
158,116,127.999,3,580.0,790.0
158,117,77.6994,20,585.0,790.0
158,118,58.1997,27,590.0,790.0
158,119,51.3498,78,595.0,790.0
158,120,57.749700000000004,10,600.0,790.0
159,47,514.221,11,235.0,795.0
159,48,507.52200000000005,8,240.0,795.0
159,49,404.815,1,245.0,795.0
159,50,451.668,42,250.0,795.0
159,51,454.219,5,255.0,795.0
159,52,518.52,7,260.0,795.0
159,55,89.19919999999999,52,275.0,795.0
159,56,83.4993,16,280.0,795.0
159,58,107.499,29,290.0,795.0
159,59,80.19935000000001,36,295.0,795.0
159,60,56.4997,33,300.0,795.0
159,61,48.4998,17,305.0,795.0
159,62,32.9001,8,310.0,795.0
159,63,31.400100000000002,66,315.0,795.0
159,64,21.5,25,320.0,795.0
159,109,163.801,57,545.0,795.0
159,112,174.001,9,560.0,795.0
159,113,157.4,25,565.0,795.0
159,114,142.0995,36,570.0,795.0
159,115,116.699,49,575.0,795.0
159,116,98.04910000000001,36,580.0,795.0
159,117,71.1495,22,585.0,795.0
159,118,55.0497,10,590.0,795.0
159,119,30.2001,63,595.0,795.0
159,120,29.84995,2,600.0,795.0
160,49,477.668,2,245.0,800.0
160,50,483.12,9,250.0,800.0
160,55,74.4994,21,275.0,800.0
160,56,73.8994,5,280.0,800.0
160,59,67.2995,7,295.0,800.0
160,60,37.9,34,300.0,800.0
160,62,26.9001,25,310.0,800.0
160,63,22.6,75,315.0,800.0
160,64,17.5,17,320.0,800.0
160,109,122.69900000000001,32,545.0,800.0
160,110,125.149,14,550.0,800.0
160,112,180.502,7,560.0,800.0
160,113,152.85000000000002,4,565.0,800.0
160,114,100.899,5,570.0,800.0
160,115,88.29925,24,575.0,800.0
160,116,72.7995,42,580.0,800.0
160,117,49.8498,64,585.0,800.0
160,118,32.0001,53,590.0,800.0
160,119,17.9,75,595.0,800.0
160,120,12.9,2,600.0,800.0
161,55,66.6996,41,275.0,805.0
161,56,55.7997,21,280.0,805.0
161,57,44.1999,11,285.0,805.0
161,60,27.5001,35,300.0,805.0
161,62,18.5,51,310.0,805.0
161,63,14.2,97,315.0,805.0
161,64,13.3,1,320.0,805.0
161,109,118.599,16,545.0,805.0
161,110,121.299,39,550.0,805.0
161,112,149.15,26,560.0,805.0
161,113,124.099,61,565.0,805.0
161,114,102.049,40,570.0,805.0
161,115,87.5992,39,575.0,805.0
161,116,58.999700000000004,20,580.0,805.0
161,119,11.0,31,595.0,805.0
161,120,6.95,62,600.0,805.0
161,121,1.4,39,605.0,805.0
161,122,0.0,34,610.0,805.0
161,123,2.5,8,615.0,805.0
162,55,64.5996,1,275.0,810.0
162,56,57.2997,15,280.0,810.0
162,57,45.9999,36,285.0,810.0
162,58,34.7,43,290.0,810.0
162,59,25.100099999999998,48,295.0,810.0
162,60,16.4,67,300.0,810.0
162,61,9.55,24,305.0,810.0
162,62,9.6,79,310.0,810.0
162,63,8.6,70,315.0,810.0
162,109,113.799,6,545.0,810.0
162,110,114.649,42,550.0,810.0
162,119,10.5,13,595.0,810.0
162,120,5.6,73,600.0,810.0
162,121,0.0,75,605.0,810.0
162,122,0.0,99,610.0,810.0
162,123,1.4,27,615.0,810.0
163,60,12.9,5,300.0,815.0
163,61,5.3,30,305.0,815.0
163,62,2.3,87,310.0,815.0
163,63,3.7,44,315.0,815.0
163,110,107.899,47,550.0,815.0
163,111,100.64905,10,555.0,815.0
163,112,97.9991,21,560.0,815.0
163,113,92.79915,20,565.0,815.0
163,114,84.0993,40,570.0,815.0
163,115,77.5994,60,575.0,815.0
163,116,61.649649999999994,4,580.0,815.0
163,117,86.79925,8,585.0,815.0
163,118,97.9991,23,590.0,815.0
163,120,7.05,62,600.0,815.0
163,121,2.5,67,605.0,815.0
163,122,0.0,69,610.0,815.0
163,123,2.8,17,615.0,815.0
164,61,0.0,29,305.0,820.0
164,62,0.0,82,310.0,820.0
164,63,0.0,27,315.0,820.0
164,110,111.449,48,550.0,820.0
164,111,99.3991,16,555.0,820.0
164,112,94.09909999999999,10,560.0,820.0
164,113,89.7992,1,565.0,820.0
164,114,72.6995,8,570.0,820.0
164,115,60.2997,67,575.0,820.0
164,116,61.5996,33,580.0,820.0
164,117,81.1993,24,585.0,820.0
164,118,91.94915,4,590.0,820.0
165,62,0.0,3,310.0,825.0
165,63,0.0,7,315.0,825.0
165,110,105.899,32,550.0,825.0
165,111,105.449,20,555.0,825.0
165,112,83.6493,4,560.0,825.0
165,113,82.0993,1,565.0,825.0
165,115,49.8998,47,575.0,825.0
165,116,40.150000000000006,6,580.0,825.0
165,120,0.7,3,600.0,825.0
166,110,98.2991,13,550.0,830.0
166,111,96.1991,72,555.0,830.0
166,112,84.4493,88,560.0,830.0
166,113,73.3995,57,565.0,830.0
166,114,62.7996,47,570.0,830.0
166,115,51.6998,59,575.0,830.0
166,116,37.849999999999994,94,580.0,830.0
166,117,28.2001,77,585.0,830.0
166,118,17.5,102,590.0,830.0
166,119,8.149995,92,595.0,830.0
166,120,1.4,94,600.0,830.0
166,121,0.0,83,605.0,830.0
166,122,0.0,21,610.0,830.0
167,111,85.6993,14,555.0,835.0
167,112,74.1994,13,560.0,835.0
167,113,65.7496,24,565.0,835.0
167,114,54.6997,23,570.0,835.0
167,115,43.7999,25,575.0,835.0
167,116,34.0501,20,580.0,835.0
167,117,24.8001,27,585.0,835.0
167,118,15.9,27,590.0,835.0
167,119,8.75,24,595.0,835.0
167,120,1.9,25,600.0,835.0
167,121,0.0,26,605.0,835.0
167,122,0.0,7,610.0,835.0
