grid_y,grid_x,median_evacuation_time,completed_count,x_min,y_min
13,80,1.2,21,400.0,65.0
13,81,0.9,36,405.0,65.0
13,82,2.1,3,410.0,65.0
14,80,0.0,83,400.0,70.0
14,81,0.0,78,405.0,70.0
14,82,0.25,8,410.0,70.0
15,80,1.65,54,400.0,75.0
15,81,0.0,102,405.0,75.0
15,82,3.0,15,410.0,75.0
16,80,6.65,52,400.0,80.0
16,81,6.3,71,405.0,80.0
16,82,7.6,28,410.0,80.0
17,80,13.3,45,400.0,85.0
17,81,15.0,103,405.0,85.0
17,82,12.3,53,410.0,85.0
18,80,24.6001,39,400.0,90.0
18,81,27.1001,97,405.0,90.0
18,82,18.85,70,410.0,90.0
18,83,23.5501,28,415.0,90.0
19,80,36.25,42,400.0,95.0
19,81,38.1,87,405.0,95.0
19,82,29.2001,80,410.0,95.0
20,80,47.1999,32,400.0,100.0
20,81,51.5998,103,405.0,100.0
20,82,38.7,95,410.0,100.0
20,83,31.500100000000003,8,415.0,100.0
21,80,58.2997,18,400.0,105.0
21,81,61.2996,77,405.0,105.0
21,82,49.4998,92,410.0,105.0
21,83,40.8999,53,415.0,105.0
21,84,42.0499,18,420.0,105.0
22,80,67.2495,8,400.0,110.0
22,81,72.64949999999999,86,405.0,110.0
22,82,61.1496,98,410.0,110.0
22,83,49.299800000000005,18,415.0,110.0
22,96,287.708,59,480.0,110.0
22,97,324.4605,52,485.0,110.0
22,98,332.361,36,490.0,110.0
22,99,263.807,27,495.0,110.0
22,100,251.05599999999998,6,500.0,110.0
22,130,101.049,6,650.0,110.0
23,80,75.49945,6,400.0,115.0
23,81,84.8993,103,405.0,115.0
23,82,71.0995,82,410.0,115.0
23,83,57.149699999999996,64,415.0,115.0
23,84,63.1996,8,420.0,115.0
23,96,332.911,80,480.0,115.0
23,97,362.063,74,485.0,115.0
23,98,369.063,76,490.0,115.0
23,99,363.513,72,495.0,115.0
23,100,347.16200000000003,82,500.0,115.0
23,101,327.26099999999997,86,505.0,115.0
23,102,317.51,73,510.0,115.0
23,103,302.459,58,515.0,115.0
23,104,287.708,43,520.0,115.0
23,105,230.105,33,525.0,115.0
23,106,227.4545,28,530.0,115.0
23,107,211.004,16,535.0,115.0
23,108,202.403,3,540.0,115.0
23,130,101.199,1,650.0,115.0
24,80,87.74924999999999,2,400.0,120.0
24,81,94.5991,83,405.0,120.0
24,82,82.2493,80,410.0,120.0
24,83,68.39949999999999,30,415.0,120.0
24,84,74.2994,21,420.0,120.0
24,85,65.1996,8,425.0,120.0
24,96,327.661,40,480.0,120.0
24,99,389.765,4,495.0,120.0
24,100,378.414,56,500.0,120.0
24,101,365.113,27,505.0,120.0
24,102,348.512,32,510.0,120.0
24,103,332.411,57,515.0,120.0
24,104,322.31,61,520.0,120.0
24,105,307.01,67,525.0,120.0
24,106,293.659,84,530.0,120.0
24,107,280.008,79,535.0,120.0
24,108,266.707,97,540.0,120.0
24,109,255.756,64,545.0,120.0
24,110,243.506,80,550.0,120.0
24,111,197.103,61,555.0,120.0
24,112,205.203,44,560.0,120.0
24,113,182.802,47,565.0,120.0
24,114,149.7,25,570.0,120.0
24,115,135.599,10,575.0,120.0
24,116,126.799,9,580.0,120.0
24,130,101.599,1,650.0,120.0
25,81,105.149,80,405.0,125.0
25,82,93.9491,92,410.0,125.0
25,83,79.4994,25,415.0,125.0
25,84,102.09909999999999,4,420.0,125.0
25,85,79.8994,23,425.0,125.0
25,95,313.71,3,475.0,125.0
25,96,324.01099999999997,14,480.0,125.0
25,100,382.514,33,500.0,125.0
25,103,342.412,33,515.0,125.0
25,104,333.861,2,520.0,125.0
25,106,310.21,13,530.0,125.0
25,107,299.909,48,535.0,125.0
25,108,283.108,39,540.0,125.0
25,109,265.65700000000004,56,545.0,125.0
25,110,252.906,77,550.0,125.0
25,111,243.906,82,555.0,125.0
25,112,232.85500000000002,90,560.0,125.0
25,113,217.104,97,565.0,125.0
25,114,203.603,89,570.0,125.0
25,115,193.103,81,575.0,125.0
25,116,180.002,84,580.0,125.0
25,117,167.201,91,585.0,125.0
25,118,153.10000000000002,78,590.0,125.0
25,119,137.949,60,595.0,125.0
25,120,125.299,46,600.0,125.0
25,121,97.0991,49,605.0,125.0
25,122,84.6993,53,610.0,125.0
25,123,72.1995,35,615.0,125.0
25,124,68.2995,40,620.0,125.0
25,125,57.0997,47,625.0,125.0
25,126,43.2999,35,630.0,125.0
25,127,31.2001,37,635.0,125.0
25,128,19.4,32,640.0,125.0
25,129,8.7,36,645.0,125.0
25,130,2.85,20,650.0,125.0
25,131,0.0,26,655.0,125.0
25,132,0.0,32,660.0,125.0
26,81,121.899,97,405.0,130.0
26,82,108.799,98,410.0,130.0
26,83,89.0992,35,415.0,130.0
26,85,94.84909999999999,32,425.0,130.0
26,100,384.06399999999996,46,500.0,130.0
26,103,354.412,31,515.0,130.0
26,106,314.40999999999997,26,530.0,130.0
26,107,312.01,7,535.0,130.0
26,109,268.807,5,545.0,130.0
26,110,264.707,31,550.0,130.0
26,112,233.20499999999998,12,560.0,130.0
26,113,217.504,57,565.0,130.0
26,114,204.303,53,570.0,130.0
26,115,191.302,61,575.0,130.0
26,116,180.002,79,580.0,130.0
26,117,164.701,105,585.0,130.0
26,118,150.1,87,590.0,130.0
26,119,130.899,94,595.0,130.0
26,120,113.499,77,600.0,130.0
26,121,100.199,86,605.0,130.0
26,122,88.4992,74,610.0,130.0
26,123,77.1994,109,615.0,130.0
26,124,66.2996,77,620.0,130.0
26,125,56.5997,83,625.0,130.0
26,126,45.9999,86,630.0,130.0
26,127,34.0001,99,635.0,130.0
26,128,19.75,94,640.0,130.0
26,129,10.2,87,645.0,130.0
26,130,3.5,80,650.0,130.0
26,131,0.0,77,655.0,130.0
26,132,0.0,56,660.0,130.0
27,81,134.399,82,405.0,135.0
27,82,124.499,70,410.0,135.0
27,83,104.749,56,415.0,135.0
27,85,97.7491,28,425.0,135.0
27,89,682.88,11,445.0,135.0
27,90,613.797,16,450.0,135.0
27,99,375.514,3,495.0,135.0
27,100,368.113,45,500.0,135.0
27,103,365.26300000000003,34,515.0,135.0
27,106,324.461,42,530.0,135.0
27,107,322.7105,2,535.0,135.0
27,109,281.45799999999997,18,545.0,135.0
27,110,272.15700000000004,20,550.0,135.0
27,112,240.65550000000002,2,560.0,135.0
27,113,225.605,59,565.0,135.0
27,114,208.7035,2,570.0,135.0
27,115,185.602,31,575.0,135.0
27,116,176.702,5,580.0,135.0
27,118,125.999,7,590.0,135.0
27,119,109.399,43,595.0,135.0
27,120,102.099,56,600.0,135.0
27,121,93.24915,76,605.0,135.0
27,122,78.4994,71,610.0,135.0
27,123,58.4997,35,615.0,135.0
27,124,51.5998,40,620.0,135.0
27,125,45.6999,41,625.0,135.0
27,126,38.85,64,630.0,135.0
27,127,33.6001,67,635.0,135.0
27,128,30.0001,76,640.0,135.0
27,129,19.0,77,645.0,135.0
28,81,134.699,67,405.0,140.0
28,82,135.499,75,410.0,140.0
28,83,112.899,77,415.0,140.0
28,84,114.399,1,420.0,140.0
28,85,94.7991,7,425.0,140.0
28,88,741.466,47,440.0,140.0
28,89,674.482,34,445.0,140.0
28,90,586.604,40,450.0,140.0
28,99,389.565,14,495.0,140.0
28,100,391.515,37,500.0,140.0
28,101,391.015,5,505.0,140.0
28,102,405.016,1,510.0,140.0
28,103,379.214,39,515.0,140.0
28,104,362.313,17,520.0,140.0
28,105,349.512,4,525.0,140.0
28,106,335.611,41,530.0,140.0
28,109,289.808,36,545.0,140.0
28,110,296.009,1,550.0,140.0
28,112,235.955,30,560.0,140.0
28,113,211.804,55,565.0,140.0
28,114,202.103,37,570.0,140.0
28,115,180.902,53,575.0,140.0
28,119,112.199,37,595.0,140.0
28,120,107.849,10,600.0,140.0
28,121,104.699,31,605.0,140.0
28,122,78.4994,61,610.0,140.0
28,129,23.700049999999997,4,645.0,140.0
29,81,168.001,64,405.0,145.0
29,82,188.352,104,410.0,145.0
29,83,208.554,80,415.0,145.0
29,84,228.305,47,420.0,145.0
29,85,231.905,56,425.0,145.0
29,86,239.505,38,430.0,145.0
29,88,770.759,32,440.0,145.0
29,89,800.152,17,445.0,145.0
29,90,512.322,30,450.0,145.0
29,91,569.708,5,455.0,145.0
29,99,376.5635,20,495.0,145.0
29,100,376.964,66,500.0,145.0
29,101,383.414,46,505.0,145.0
29,102,372.01300000000003,46,510.0,145.0
29,103,376.914,44,515.0,145.0
29,104,351.36199999999997,28,520.0,145.0
29,105,338.411,71,525.0,145.0
29,106,325.911,55,530.0,145.0
29,107,305.609,3,535.0,145.0
29,109,294.209,38,545.0,145.0
29,111,242.206,3,555.0,145.0
29,112,221.00400000000002,70,560.0,145.0
29,113,190.502,1,565.0,145.0
29,115,148.85,36,575.0,145.0
29,116,140.999,42,580.0,145.0
29,117,134.649,28,585.0,145.0
29,118,130.299,38,590.0,145.0
29,119,121.499,78,595.0,145.0
29,120,116.299,15,600.0,145.0
29,121,117.499,31,605.0,145.0
29,122,103.699,85,610.0,145.0
30,81,164.951,74,405.0,150.0
30,82,185.102,71,410.0,150.0
30,83,203.15300000000002,80,415.0,150.0
30,84,236.95499999999998,48,420.0,150.0
30,85,256.4565,2,425.0,150.0
30,86,241.556,38,430.0,150.0
30,88,814.148,5,440.0,150.0
30,89,804.1005,6,445.0,150.0
30,90,452.418,19,450.0,150.0
30,91,460.21900000000005,24,455.0,150.0
30,93,572.007,5,465.0,150.0
30,94,641.99,25,470.0,150.0
30,95,741.866,44,475.0,150.0
30,96,770.409,34,480.0,150.0
30,97,813.748,9,485.0,150.0
30,99,1214.35,8,495.0,150.0
30,100,1135.47,19,500.0,150.0
30,105,296.309,57,525.0,150.0
30,106,286.608,58,530.0,150.0
30,107,294.609,57,535.0,150.0
30,108,290.0585,50,540.0,150.0
30,109,273.6075,70,545.0,150.0
30,110,256.506,37,550.0,150.0
30,111,241.406,47,555.0,150.0
30,112,208.6535,46,560.0,150.0
30,114,159.501,53,570.0,150.0
30,115,154.5,21,575.0,150.0
30,119,166.801,42,595.0,150.0
30,120,150.3,90,600.0,150.0
30,121,135.799,77,605.0,150.0
30,122,133.299,75,610.0,150.0
31,80,126.399,8,400.0,155.0
31,81,155.2,82,405.0,155.0
31,82,166.651,34,410.0,155.0
31,83,228.455,46,415.0,155.0
31,84,254.906,78,420.0,155.0
31,90,409.866,34,450.0,155.0
31,91,452.26800000000003,58,455.0,155.0
31,92,515.271,68,460.0,155.0
31,93,636.792,64,465.0,155.0
31,94,723.0705,42,470.0,155.0
31,95,817.1975,14,475.0,155.0
31,97,988.156,42,485.0,155.0
31,98,1086.18,35,490.0,155.0
31,99,1171.36,51,495.0,155.0
31,100,1194.8049999999998,24,500.0,155.0
31,105,313.31,35,525.0,155.0
31,109,269.007,3,545.0,155.0
31,110,255.6565,10,550.0,155.0
31,111,210.054,36,555.0,155.0
31,112,201.103,9,560.0,155.0
31,113,164.801,5,565.0,155.0
31,114,162.001,19,570.0,155.0
31,120,207.053,44,600.0,155.0
31,121,188.10199999999998,86,605.0,155.0
31,122,183.952,78,610.0,155.0
32,69,3.3,2,345.0,160.0
32,70,3.2,19,350.0,160.0
32,71,4.75,16,355.0,160.0
32,80,111.699,35,400.0,160.0
32,81,143.4,85,405.0,160.0
32,82,151.5,18,410.0,160.0
32,83,244.406,3,415.0,160.0
32,84,270.507,1,420.0,160.0
32,90,367.563,54,450.0,160.0
32,91,391.415,13,455.0,160.0
32,92,601.6500000000001,36,460.0,160.0
32,95,881.3315,16,475.0,160.0
32,96,915.2735,40,480.0,160.0
32,97,976.6585,64,485.0,160.0
32,98,1043.3400000000001,18,490.0,160.0
32,99,1262.6399999999999,10,495.0,160.0
32,100,1239.945,22,500.0,160.0
32,105,326.511,33,525.0,160.0
32,111,215.404,33,555.0,160.0
32,113,168.001,20,565.0,160.0
32,114,170.251,12,570.0,160.0
32,120,211.104,5,600.0,160.0
32,121,171.201,87,605.0,160.0
32,122,156.7,88,610.0,160.0
32,123,139.299,3,615.0,160.0
33,69,0.95,46,345.0,165.0
33,70,0.0,99,350.0,165.0
33,71,2.15,46,355.0,165.0
33,77,72.79945000000001,4,385.0,165.0
33,78,81.3993,18,390.0,165.0
33,79,97.1991,34,395.0,165.0
33,80,115.699,63,400.0,165.0
33,81,134.999,73,405.0,165.0
33,82,147.0,12,410.0,165.0
33,89,319.01,1,445.0,165.0
33,90,341.8115,22,450.0,165.0
33,92,747.465,39,460.0,165.0
33,93,749.764,10,465.0,165.0
33,95,846.1405,14,475.0,165.0
33,96,896.928,39,480.0,165.0
33,97,945.016,23,485.0,165.0
33,98,993.8545,72,490.0,165.0
33,99,1126.82,78,495.0,165.0
33,100,1237.0949999999998,18,500.0,165.0
33,105,335.211,39,525.0,165.0
33,110,245.406,3,550.0,165.0
33,111,227.355,40,555.0,165.0
33,113,177.202,47,565.0,165.0
33,119,241.606,9,595.0,165.0
33,120,217.704,76,600.0,165.0
33,121,134.899,91,605.0,165.0
33,122,121.899,89,610.0,165.0
33,123,111.399,9,615.0,165.0
34,48,4.2,3,240.0,170.0
34,49,2.8499999999999996,12,245.0,170.0
34,50,3.6500000000000004,26,250.0,170.0
34,51,5.8,5,255.0,170.0
34,69,0.0,29,345.0,170.0
34,70,0.0,83,350.0,170.0
34,71,1.65,76,355.0,170.0
34,72,12.1,19,360.0,170.0
34,73,27.350099999999998,44,365.0,170.0
34,74,45.5999,48,370.0,170.0
34,75,60.949600000000004,72,375.0,170.0
34,76,75.7994,80,380.0,170.0
34,77,90.7992,79,385.0,170.0
34,78,105.499,98,390.0,170.0
34,79,118.699,73,395.0,170.0
34,80,132.299,93,400.0,170.0
34,81,154.25,52,405.0,170.0
34,89,305.409,7,445.0,170.0
34,90,327.611,24,450.0,170.0
34,92,720.271,12,460.0,170.0
34,93,642.69,57,465.0,170.0
34,95,846.34,3,475.0,170.0
34,96,806.85,40,480.0,170.0
34,97,956.813,1,485.0,170.0
34,98,942.417,43,490.0,170.0
34,99,1139.87,25,495.0,170.0
34,100,1197.505,36,500.0,170.0
34,104,494.721,5,520.0,170.0
34,105,475.52,24,525.0,170.0
34,108,445.818,12,540.0,170.0
34,110,238.405,13,550.0,170.0
34,111,240.65550000000002,18,555.0,170.0
34,113,181.402,39,565.0,170.0
34,118,327.111,1,590.0,170.0
34,119,231.055,68,595.0,170.0
34,120,156.4,81,600.0,170.0
34,121,111.999,38,605.0,170.0
34,122,93.6991,91,610.0,170.0
34,123,78.6994,12,615.0,170.0
35,48,2.1,10,240.0,175.0
35,49,0.0,94,245.0,175.0
35,50,0.0,82,250.0,175.0
35,51,4.0,23,255.0,175.0
35,64,81.1993,1,320.0,175.0
35,65,79.5994,9,325.0,175.0
35,66,52.0998,21,330.0,175.0
35,67,33.5501,34,335.0,175.0
35,68,19.2,59,340.0,175.0
35,69,6.3,64,345.0,175.0
35,70,4.0,78,350.0,175.0
35,71,6.55,88,355.0,175.0
35,72,14.7,109,360.0,175.0
35,73,24.8001,85,365.0,175.0
35,74,41.0999,95,370.0,175.0
35,75,56.5997,92,375.0,175.0
35,76,71.9995,86,380.0,175.0
35,77,84.6993,92,385.0,175.0
35,78,85.1993,77,390.0,175.0
35,79,93.7991,19,395.0,175.0
35,80,114.59899999999999,62,400.0,175.0
35,81,165.201,58,405.0,175.0
35,83,201.353,8,415.0,175.0
35,84,213.204,39,420.0,175.0
35,85,250.756,38,425.0,175.0
35,86,248.606,40,430.0,175.0
35,87,258.607,35,435.0,175.0
35,88,278.408,30,440.0,175.0
35,89,281.608,36,445.0,175.0
35,90,318.40999999999997,40,450.0,175.0
35,91,363.913,29,455.0,175.0
35,92,406.56600000000003,48,460.0,175.0
35,93,467.519,36,465.0,175.0
35,94,552.212,35,470.0,175.0
35,95,629.6435,32,475.0,175.0
35,96,722.6205,58,480.0,175.0
35,97,834.043,47,485.0,175.0
35,98,913.224,55,490.0,175.0
35,99,943.7165,6,495.0,175.0
35,100,1051.04,40,500.0,175.0
35,101,1196.455,10,505.0,175.0
35,102,1240.44,27,510.0,175.0
35,103,1268.29,38,515.0,175.0
35,104,478.42,16,520.0,175.0
35,105,524.619,35,525.0,175.0
35,106,477.42,17,530.0,175.0
35,108,439.518,32,540.0,175.0
35,109,371.51300000000003,30,545.0,175.0
35,110,388.6145,36,550.0,175.0
35,111,354.012,3,555.0,175.0
35,113,184.102,20,565.0,175.0
35,117,280.358,2,585.0,175.0
35,118,272.007,56,590.0,175.0
35,119,221.554,98,595.0,175.0
35,120,165.301,22,600.0,175.0
35,121,84.0993,5,605.0,175.0
35,122,71.2995,85,610.0,175.0
35,123,49.1498,22,615.0,175.0
36,49,0.0,82,245.0,180.0
36,50,0.0,98,250.0,180.0
36,51,4.15,34,255.0,180.0
36,55,121.199,1,275.0,180.0
36,56,141.799,11,280.0,180.0
36,57,177.402,22,285.0,180.0
36,58,211.704,29,290.0,180.0
36,59,243.206,39,295.0,180.0
36,60,227.805,52,300.0,180.0
36,61,197.703,62,305.0,180.0
36,62,161.601,85,310.0,180.0
36,63,133.249,76,315.0,180.0
36,64,106.399,81,320.0,180.0
36,65,74.3494,100,325.0,180.0
36,66,54.9997,75,330.0,180.0
36,67,45.3999,87,335.0,180.0
36,68,30.6001,79,340.0,180.0
36,69,12.2,74,345.0,180.0
36,70,11.9,100,350.0,180.0
36,71,11.1,85,355.0,180.0
36,72,25.4501,88,360.0,180.0
36,73,36.25,80,365.0,180.0
36,74,40.7999,63,370.0,180.0
36,75,48.699799999999996,40,375.0,180.0
36,76,56.8997,39,380.0,180.0
36,77,63.9996,23,385.0,180.0
36,78,65.94955,12,390.0,180.0
36,79,137.499,7,395.0,180.0
36,80,129.449,56,400.0,180.0
36,81,181.752,74,405.0,180.0
36,82,192.1025,38,410.0,180.0
36,83,227.105,23,415.0,180.0
36,84,227.455,6,420.0,180.0
36,85,287.7585,8,425.0,180.0
36,86,289.20799999999997,40,430.0,180.0
36,88,277.8575,2,440.0,180.0
36,89,315.11,42,445.0,180.0
36,90,292.0585,12,450.0,180.0
36,91,373.414,9,455.0,180.0
36,92,441.818,15,460.0,180.0
36,93,450.118,35,465.0,180.0
36,94,523.019,21,470.0,180.0
36,95,581.505,7,475.0,180.0
36,96,754.863,41,480.0,180.0
36,97,832.844,19,485.0,180.0
36,98,928.2705000000001,24,490.0,180.0
36,99,960.9625000000001,44,495.0,180.0
36,100,1056.79,91,500.0,180.0
36,101,1129.47,31,505.0,180.0
36,102,1251.3400000000001,16,510.0,180.0
36,103,1271.94,21,515.0,180.0
36,106,471.47,32,530.0,180.0
36,108,436.017,35,540.0,180.0
36,109,444.5175,18,545.0,180.0
36,110,421.1165,42,550.0,180.0
36,111,336.611,45,555.0,180.0
36,112,181.202,14,560.0,180.0
36,113,180.202,21,565.0,180.0
36,116,285.708,11,580.0,180.0
36,117,302.409,79,585.0,180.0
36,118,277.008,79,590.0,180.0
36,119,218.10399999999998,28,595.0,180.0
36,121,68.3995,5,605.0,180.0
36,122,49.7998,91,610.0,180.0
36,123,29.9001,42,615.0,180.0
36,124,24.5001,14,620.0,180.0
36,125,23.2001,3,625.0,180.0
36,126,17.450000000000003,2,630.0,180.0
37,49,4.0,51,245.0,185.0
37,50,5.4,101,250.0,185.0
37,51,11.1,97,255.0,185.0
37,52,19.9,69,260.0,185.0
37,53,29.350099999999998,54,265.0,185.0
37,54,52.7998,79,270.0,185.0
37,55,97.7991,73,275.0,185.0
37,56,146.95,100,280.0,185.0
37,57,209.75400000000002,96,285.0,185.0
37,58,258.457,74,290.0,185.0
37,59,285.00800000000004,84,295.0,185.0
37,60,257.507,85,300.0,185.0
37,61,154.85,82,305.0,185.0
37,62,123.099,95,310.0,185.0
37,63,102.899,87,315.0,185.0
37,64,91.8992,77,320.0,185.0
37,65,83.0993,91,325.0,185.0
37,66,75.3994,79,330.0,185.0
37,67,61.3996,69,335.0,185.0
37,68,32.8001,48,340.0,185.0
37,69,17.299999999999997,38,345.0,185.0
37,70,20.3,33,350.0,185.0
37,71,14.0,18,355.0,185.0
37,72,21.3,3,360.0,185.0
37,76,229.305,7,380.0,185.0
37,77,193.203,50,385.0,185.0
37,78,165.95100000000002,36,390.0,185.0
37,79,163.501,41,395.0,185.0
37,80,134.199,11,400.0,185.0
37,81,202.403,26,405.0,185.0
37,82,226.655,38,410.0,185.0
37,83,283.858,2,415.0,185.0
37,86,305.659,66,430.0,185.0
37,89,378.314,1,445.0,185.0
37,93,463.969,30,465.0,185.0
37,96,854.838,35,480.0,185.0
37,100,1113.38,41,500.0,185.0
37,101,1166.4099999999999,18,505.0,185.0
37,103,622.645,12,515.0,185.0
37,105,499.621,31,525.0,185.0
37,106,428.267,68,530.0,185.0
37,107,409.016,11,535.0,185.0
37,108,414.616,29,540.0,185.0
37,110,361.863,30,550.0,185.0
37,111,337.26149999999996,4,555.0,185.0
37,115,294.209,17,575.0,185.0
37,116,307.96000000000004,50,580.0,185.0
37,117,307.6095,38,585.0,185.0
37,118,277.858,70,590.0,185.0
37,119,252.356,2,595.0,185.0
37,122,66.0996,85,610.0,185.0
37,123,40.5,19,615.0,185.0
37,124,25.1001,12,620.0,185.0
37,125,21.45,26,625.0,185.0
37,126,16.85,52,630.0,185.0
37,127,13.8,54,635.0,185.0
37,128,9.7,71,640.0,185.0
37,129,4.65,66,645.0,185.0
37,130,3.0,43,650.0,185.0
37,131,5.4,28,655.0,185.0
38,48,20.85,12,240.0,190.0
38,49,12.75,58,245.0,190.0
38,50,11.4,83,250.0,190.0
38,51,18.95,92,255.0,190.0
38,52,33.6001,85,260.0,190.0
38,53,42.6499,82,265.0,190.0
38,54,51.949799999999996,78,270.0,190.0
38,55,66.7996,91,275.0,190.0
38,56,96.04910000000001,86,280.0,190.0
38,57,143.4,97,285.0,190.0
38,58,209.154,106,290.0,190.0
38,59,256.006,109,295.0,190.0
38,60,207.703,73,300.0,190.0
38,61,141.199,38,305.0,190.0
38,62,125.899,29,310.0,190.0
38,63,122.199,31,315.0,190.0
38,64,84.4993,29,320.0,190.0
38,70,165.251,8,350.0,190.0
38,71,188.202,27,355.0,190.0
38,72,210.304,31,360.0,190.0
38,73,229.60500000000002,2,365.0,190.0
38,76,223.504,13,380.0,190.0
38,77,244.306,13,385.0,190.0
38,79,197.703,36,395.0,190.0
38,82,247.206,73,410.0,190.0
38,83,279.608,37,415.0,190.0
38,86,330.711,43,430.0,190.0
38,89,365.51300000000003,2,445.0,190.0
38,92,521.67,18,460.0,190.0
38,93,532.717,35,465.0,190.0
38,96,841.9414999999999,28,480.0,190.0
38,97,883.1315,10,485.0,190.0
38,99,1260.64,21,495.0,190.0
38,100,1214.35,57,500.0,190.0
38,101,1229.95,1,505.0,190.0
38,102,596.002,7,510.0,190.0
38,103,598.501,47,515.0,190.0
38,105,474.42,40,525.0,190.0
38,106,405.1655,6,530.0,190.0
38,107,428.117,21,535.0,190.0
38,108,390.515,53,540.0,190.0
38,109,424.467,12,545.0,190.0
38,110,308.90999999999997,30,550.0,190.0
38,113,317.86,22,565.0,190.0
38,114,311.46000000000004,32,570.0,190.0
38,115,335.811,33,575.0,190.0
38,118,132.149,52,590.0,190.0
38,119,116.099,37,595.0,190.0
38,121,92.64920000000001,16,605.0,190.0
38,122,89.5492,84,610.0,190.0
38,123,74.0994,41,615.0,190.0
38,127,12.1,21,635.0,190.0
38,128,7.05,78,640.0,190.0
38,129,0.5,87,645.0,190.0
38,130,0.0,81,650.0,190.0
38,131,2.1,71,655.0,190.0
39,48,26.350099999999998,32,240.0,195.0
39,49,28.600099999999998,78,245.0,195.0
39,50,22.1,103,250.0,195.0
39,51,23.1001,97,255.0,195.0
39,52,47.19985,90,260.0,195.0
39,53,75.24940000000001,102,265.0,195.0
39,54,85.0993,74,270.0,195.0
39,55,77.3994,75,275.0,195.0
39,56,90.14920000000001,96,280.0,195.0
39,57,109.399,68,285.0,195.0
39,58,131.399,31,290.0,195.0
39,59,177.902,82,295.0,195.0
39,60,206.903,15,300.0,195.0
39,63,118.799,13,315.0,195.0
39,64,95.4991,28,320.0,195.0
39,65,140.7495,12,325.0,195.0
39,66,148.25,30,330.0,195.0
39,67,159.0505,38,335.0,195.0
39,68,162.701,37,340.0,195.0
39,69,183.402,43,345.0,195.0
39,70,197.003,35,350.0,195.0
39,71,193.65300000000002,24,355.0,195.0
39,72,242.9555,10,360.0,195.0
39,73,228.705,19,365.0,195.0
39,76,269.307,3,380.0,195.0
39,77,263.257,24,385.0,195.0
39,79,221.054,34,395.0,195.0
39,82,233.005,31,410.0,195.0
39,83,286.058,24,415.0,195.0
39,86,345.812,24,430.0,195.0
39,87,352.912,39,435.0,195.0
39,88,379.714,23,440.0,195.0
39,89,407.016,25,445.0,195.0
39,90,439.118,9,450.0,195.0
39,92,543.114,15,460.0,195.0
39,93,567.109,29,465.0,195.0
39,96,896.5285,16,480.0,195.0
39,97,915.823,9,485.0,195.0
39,100,1273.54,31,500.0,195.0
39,101,1294.83,4,505.0,195.0
39,102,586.904,32,510.0,195.0
39,103,631.893,7,515.0,195.0
39,104,580.405,12,520.0,195.0
39,105,486.42,23,525.0,195.0
39,107,421.717,21,535.0,195.0
39,108,449.1165,2,540.0,195.0
39,109,365.813,37,545.0,195.0
39,110,367.013,43,550.0,195.0
39,111,337.81100000000004,44,555.0,195.0
39,112,319.01,47,560.0,195.0
39,113,318.71000000000004,28,565.0,195.0
39,118,129.299,39,590.0,195.0
39,119,121.599,75,595.0,195.0
39,121,92.59915000000001,12,605.0,195.0
39,122,81.6993,11,610.0,195.0
39,123,67.5995,63,615.0,195.0
39,124,49.4998,1,620.0,195.0
39,127,12.2,26,635.0,195.0
39,128,7.799995,98,640.0,195.0
39,129,1.2,91,645.0,195.0
39,130,0.0,94,650.0,195.0
39,131,2.7,55,655.0,195.0
40,34,381.714,1,170.0,200.0
40,44,243.006,17,220.0,200.0
40,45,210.204,52,225.0,200.0
40,46,111.699,39,230.0,200.0
40,47,55.899699999999996,24,235.0,200.0
40,48,37.85,36,240.0,200.0
40,49,50.1498,84,245.0,200.0
40,50,41.3999,79,250.0,200.0
40,51,30.6001,87,255.0,200.0
40,52,41.2999,89,260.0,200.0
40,53,93.5991,73,265.0,200.0
40,54,135.599,85,270.0,200.0
40,55,142.64999999999998,74,275.0,200.0
40,56,144.4,86,280.0,200.0
40,57,144.1,91,285.0,200.0
40,58,157.3,61,290.0,200.0
40,59,173.701,69,295.0,200.0
40,60,196.603,48,300.0,200.0
40,61,207.80349999999999,38,305.0,200.0
40,64,142.7995,38,320.0,200.0
40,65,137.9995,18,325.0,200.0
40,66,186.652,14,330.0,200.0
40,67,214.704,37,335.0,200.0
40,68,234.005,35,340.0,200.0
40,69,252.706,37,345.0,200.0
40,70,267.607,23,350.0,200.0
40,71,220.004,31,355.0,200.0
40,72,257.507,1,360.0,200.0
40,73,234.705,35,365.0,200.0
40,74,340.212,27,370.0,200.0
40,75,312.76,20,375.0,200.0
40,76,293.209,33,380.0,200.0
40,77,276.308,35,385.0,200.0
40,79,234.60500000000002,34,395.0,200.0
40,82,226.2545,12,410.0,200.0
40,83,270.90700000000004,50,415.0,200.0
40,86,381.014,31,430.0,200.0
40,87,393.115,32,435.0,200.0
40,93,603.1,55,465.0,200.0
40,96,910.625,3,480.0,200.0
40,97,922.6714999999999,28,485.0,200.0
40,100,675.6320000000001,32,500.0,200.0
40,101,589.403,23,505.0,200.0
40,102,636.7415000000001,28,510.0,200.0
40,104,481.67,30,520.0,200.0
40,105,462.369,2,525.0,200.0
40,107,410.06600000000003,42,535.0,200.0
40,111,352.512,11,555.0,200.0
40,112,341.7115,36,560.0,200.0
40,118,114.849,12,590.0,200.0
40,119,117.199,82,595.0,200.0
40,120,99.6991,35,600.0,200.0
40,123,58.5997,44,615.0,200.0
40,124,39.5,34,620.0,200.0
40,126,18.6,27,630.0,200.0
40,127,19.4,66,635.0,200.0
40,128,15.35,100,640.0,200.0
40,129,7.0,111,645.0,200.0
40,130,5.7,69,650.0,200.0
40,131,7.05,60,655.0,200.0
41,34,376.914,61,170.0,205.0
41,35,370.313,63,175.0,205.0
41,36,359.213,35,180.0,205.0
41,37,341.86199999999997,28,185.0,205.0
41,38,336.411,9,190.0,205.0
41,39,323.2605,2,195.0,205.0
41,43,280.20799999999997,26,215.0,205.0
41,44,248.556,76,220.0,205.0
41,45,192.703,91,225.0,205.0
41,46,139.499,87,230.0,205.0
41,47,85.4493,92,235.0,205.0
41,48,59.9997,83,240.0,205.0
41,49,81.3993,91,245.0,205.0
41,50,70.1995,92,250.0,205.0
41,51,43.8999,98,255.0,205.0
41,52,50.299800000000005,88,260.0,205.0
41,53,82.8993,53,265.0,205.0
41,54,124.999,11,270.0,205.0
41,55,155.0,81,275.0,205.0
41,56,211.604,93,280.0,205.0
41,57,204.503,33,285.0,205.0
41,58,199.353,8,290.0,205.0
41,59,209.054,8,295.0,205.0
41,60,204.303,1,300.0,205.0
41,61,225.4545,10,305.0,205.0
41,64,158.9,22,320.0,205.0
41,65,168.151,60,325.0,205.0
41,66,191.9525,20,330.0,205.0
41,67,223.80450000000002,4,335.0,205.0
41,71,244.05599999999998,32,355.0,205.0
41,73,252.506,28,365.0,205.0
41,74,345.712,43,370.0,205.0
41,75,302.60900000000004,12,375.0,205.0
41,77,635.442,8,385.0,205.0
41,79,254.806,19,395.0,205.0
41,80,261.007,13,400.0,205.0
41,83,264.107,63,415.0,205.0
41,86,437.1675,2,430.0,205.0
41,87,438.218,37,435.0,205.0
41,90,478.57,2,450.0,205.0
41,93,697.577,53,465.0,205.0
41,97,964.412,33,485.0,205.0
41,100,649.888,1,500.0,205.0
41,101,656.387,13,505.0,205.0
41,102,555.1115,40,510.0,205.0
41,103,543.914,51,515.0,205.0
41,104,531.0675,66,520.0,205.0
41,105,491.42100000000005,14,525.0,205.0
41,106,436.3175,16,530.0,205.0
41,107,425.417,19,535.0,205.0
41,112,364.363,48,560.0,205.0
41,119,103.299,60,595.0,205.0
41,120,95.1991,82,600.0,205.0
41,121,76.2994,1,605.0,205.0
41,123,46.54985,12,615.0,205.0
41,124,35.95,80,620.0,205.0
41,125,35.0,81,625.0,205.0
41,126,35.95,94,630.0,205.0
41,127,32.6001,71,635.0,205.0
41,128,21.2,49,640.0,205.0
41,129,12.6,50,645.0,205.0
41,130,12.05,42,650.0,205.0
41,131,10.2,23,655.0,205.0
42,34,394.015,29,170.0,210.0
42,35,377.56399999999996,36,175.0,210.0
42,36,346.812,46,180.0,210.0
42,37,337.611,34,185.0,210.0
42,38,328.111,65,190.0,210.0
42,39,318.46000000000004,82,195.0,210.0
42,40,309.61,76,200.0,210.0
42,41,293.209,63,205.0,210.0
42,42,272.60699999999997,44,210.0,210.0
42,43,252.606,55,215.0,210.0
42,44,216.804,87,220.0,210.0
42,45,200.403,92,225.0,210.0
42,46,177.55200000000002,72,230.0,210.0
42,47,144.5,82,235.0,210.0
42,48,82.8993,63,240.0,210.0
42,49,110.049,86,245.0,210.0
42,50,101.399,77,250.0,210.0
42,51,65.0996,87,255.0,210.0
42,52,56.7997,79,260.0,210.0
42,53,85.79929999999999,94,265.0,210.0
42,54,109.94900000000001,82,270.0,210.0
42,55,199.153,62,275.0,210.0
42,56,238.705,39,280.0,210.0
42,64,177.102,3,320.0,210.0
42,65,167.001,31,325.0,210.0
42,71,272.90700000000004,46,355.0,210.0
42,73,250.006,25,365.0,210.0
42,74,377.714,26,370.0,210.0
42,75,366.113,21,375.0,210.0
42,77,630.9929999999999,32,385.0,210.0
42,79,288.45799999999997,2,395.0,210.0
42,80,305.309,39,400.0,210.0
42,83,276.308,53,415.0,210.0
42,90,541.915,8,450.0,210.0
42,91,533.717,15,455.0,210.0
42,93,760.161,53,465.0,210.0
42,94,684.48,3,470.0,210.0
42,97,1006.95,30,485.0,210.0
42,102,645.889,35,510.0,210.0
42,104,526.618,25,520.0,210.0
42,105,512.822,25,525.0,210.0
42,106,478.22,57,530.0,210.0
42,107,509.022,65,535.0,210.0
42,108,620.396,41,540.0,210.0
42,109,681.181,24,545.0,210.0
42,110,661.9355,30,550.0,210.0
42,112,384.514,39,560.0,210.0
42,119,88.4992,9,595.0,210.0
42,120,80.4993,87,600.0,210.0
42,121,63.1496,34,605.0,210.0
42,122,54.1997,36,610.0,210.0
42,123,52.2998,81,615.0,210.0
42,124,52.7998,75,620.0,210.0
42,125,49.8498,54,625.0,210.0
42,126,41.6999,11,630.0,210.0
43,38,313.81,25,190.0,215.0
43,39,310.01,31,195.0,215.0
43,40,293.209,26,200.0,215.0
43,41,276.308,42,205.0,215.0
43,42,267.007,53,210.0,215.0
43,43,266.007,75,215.0,215.0
43,44,264.407,73,220.0,215.0
43,45,255.206,93,225.0,215.0
43,46,205.403,93,230.0,215.0
43,47,134.449,82,235.0,215.0
43,48,109.94900000000001,104,240.0,215.0
43,49,135.549,78,245.0,215.0
43,50,128.999,93,250.0,215.0
43,51,84.9993,106,255.0,215.0
43,52,68.2995,49,260.0,215.0
43,53,75.4994,3,265.0,215.0
43,63,237.305,11,315.0,215.0
43,64,215.154,40,320.0,215.0
43,65,186.802,45,325.0,215.0
43,71,278.308,31,355.0,215.0
43,72,278.808,16,360.0,215.0
43,73,294.509,27,365.0,215.0
43,74,350.7625,16,370.0,215.0
43,75,395.015,31,375.0,215.0
43,77,629.3435,26,385.0,215.0
43,78,600.7,1,390.0,215.0
43,80,341.312,47,400.0,215.0
43,83,277.858,40,415.0,215.0
43,84,310.81,17,420.0,215.0
43,91,506.272,30,455.0,215.0
43,93,804.351,9,465.0,215.0
43,94,792.953,5,470.0,215.0
43,97,998.603,35,485.0,215.0
43,102,647.889,23,510.0,215.0
43,103,667.284,19,515.0,215.0
43,104,553.012,30,520.0,215.0
43,107,557.611,51,535.0,215.0
43,108,576.306,1,540.0,215.0
43,112,219.054,46,560.0,215.0
43,113,228.955,8,565.0,215.0
43,117,104.249,34,585.0,215.0
43,120,72.1995,48,600.0,215.0
43,121,66.1996,91,605.0,215.0
43,122,68.7995,77,610.0,215.0
43,123,64.64959999999999,38,615.0,215.0
43,124,58.0997,7,620.0,215.0
44,38,322.1105,22,190.0,220.0
44,44,247.906,16,220.0,220.0
44,45,221.004,15,225.0,220.0
44,46,183.952,44,230.0,220.0
44,47,133.499,49,235.0,220.0
44,48,128.799,71,240.0,220.0
44,49,154.4,69,245.0,220.0
44,50,159.701,81,250.0,220.0
44,51,112.449,94,255.0,220.0
44,52,80.14935,66,260.0,220.0
44,58,231.10500000000002,4,290.0,220.0
44,59,265.107,23,295.0,220.0
44,60,356.863,38,300.0,220.0
44,61,322.21000000000004,44,305.0,220.0
44,62,285.908,57,310.0,220.0
44,63,262.707,45,315.0,220.0
44,64,229.705,19,320.0,220.0
44,65,209.804,54,325.0,220.0
44,66,201.903,3,330.0,220.0
44,71,307.51,35,355.0,220.0
44,72,289.708,23,360.0,220.0
44,75,411.81600000000003,38,375.0,220.0
44,77,575.706,9,385.0,220.0
44,78,565.1089999999999,24,390.0,220.0
44,80,375.414,35,400.0,220.0
44,81,319.91,1,405.0,220.0
44,83,289.75800000000004,34,415.0,220.0
44,84,310.51,31,420.0,220.0
44,88,429.117,17,440.0,220.0
44,89,447.71799999999996,40,445.0,220.0
44,90,464.419,40,450.0,220.0
44,91,480.77,42,455.0,220.0
44,97,1023.2,28,485.0,220.0
44,102,648.389,53,510.0,220.0
44,103,625.0445,80,515.0,220.0
44,104,605.999,21,520.0,220.0
44,105,729.069,1,525.0,220.0
44,107,568.5585,52,535.0,220.0
44,112,205.603,5,560.0,220.0
44,113,227.505,47,565.0,220.0
44,115,247.306,13,575.0,220.0
44,116,111.499,30,580.0,220.0
44,117,111.099,9,585.0,220.0
44,118,96.84909999999999,36,590.0,220.0
44,119,82.39930000000001,30,595.0,220.0
44,120,85.3993,83,600.0,220.0
44,121,83.5993,63,605.0,220.0
44,122,83.4993,6,610.0,220.0
45,38,336.761,28,190.0,225.0
45,43,730.7185,28,215.0,225.0
45,46,153.75,12,230.0,225.0
45,47,139.299,17,235.0,225.0
45,49,178.302,17,245.0,225.0
45,50,177.85199999999998,38,250.0,225.0
45,51,153.1,73,255.0,225.0
45,52,101.59899999999999,72,260.0,225.0
45,54,132.54899999999998,4,270.0,225.0
45,55,178.652,18,275.0,225.0
45,56,227.905,38,280.0,225.0
45,57,277.408,59,285.0,225.0
45,58,299.509,71,290.0,225.0
45,59,322.91049999999996,44,295.0,225.0
45,60,380.614,79,300.0,225.0
45,62,332.711,1,310.0,225.0
45,63,306.4095,26,315.0,225.0
45,65,239.805,29,325.0,225.0
45,66,214.304,17,330.0,225.0
45,67,231.655,2,335.0,225.0
45,68,264.107,16,340.0,225.0
45,69,311.01,29,345.0,225.0
45,70,342.012,23,350.0,225.0
45,71,375.614,19,355.0,225.0
45,72,306.9095,42,360.0,225.0
45,75,442.918,35,375.0,225.0
45,78,520.8199999999999,32,390.0,225.0
45,80,367.613,25,400.0,225.0
45,81,418.216,16,405.0,225.0
45,83,300.009,23,415.0,225.0
45,84,321.15999999999997,62,420.0,225.0
45,85,346.812,35,425.0,225.0
45,86,378.164,44,430.0,225.0
45,87,402.3155,24,435.0,225.0
45,88,411.866,14,440.0,225.0
45,89,418.116,1,445.0,225.0
45,97,1036.39,9,485.0,225.0
45,98,1066.49,11,490.0,225.0
45,102,643.89,34,510.0,225.0
45,103,657.0364999999999,66,515.0,225.0
45,104,647.5889999999999,42,520.0,225.0
45,105,592.502,32,525.0,225.0
45,106,597.4014999999999,12,530.0,225.0
45,107,584.854,62,535.0,225.0
45,108,656.687,6,540.0,225.0
45,113,204.653,48,565.0,225.0
45,114,226.105,41,570.0,225.0
45,115,250.45600000000002,26,575.0,225.0
45,118,104.049,40,590.0,225.0
45,119,104.799,77,595.0,225.0
45,120,102.399,18,600.0,225.0
45,121,91.0492,12,605.0,225.0
45,122,94.3991,13,610.0,225.0
46,38,331.161,26,190.0,230.0
46,42,744.065,1,210.0,230.0
46,43,710.474,37,215.0,230.0
46,46,157.65,20,230.0,230.0
46,47,142.1495,4,235.0,230.0
46,49,191.102,33,245.0,230.0
46,51,177.452,40,255.0,230.0
46,52,129.599,83,260.0,230.0
46,53,110.549,84,265.0,230.0
46,54,150.65,78,270.0,230.0
46,55,222.35399999999998,66,275.0,230.0
46,56,283.50800000000004,40,280.0,230.0
46,57,291.409,23,285.0,230.0
46,58,313.36,2,290.0,230.0
46,60,396.965,24,300.0,230.0
46,63,338.311,41,315.0,230.0
46,65,222.85449999999997,2,325.0,230.0
46,66,233.405,47,330.0,230.0
46,67,247.106,28,335.0,230.0
46,68,310.51,29,340.0,230.0
46,69,405.916,32,345.0,230.0
46,72,302.209,45,360.0,230.0
46,73,309.91,27,365.0,230.0
46,74,317.91,41,370.0,230.0
46,75,479.12,42,375.0,230.0
46,78,539.2655,24,390.0,230.0
46,80,416.116,19,400.0,230.0
46,81,427.517,45,405.0,230.0
46,84,330.711,55,420.0,230.0
46,91,1302.33,15,455.0,230.0
46,92,1328.42,27,460.0,230.0
46,93,1298.4299999999998,22,465.0,230.0
46,97,1158.76,1,485.0,230.0
46,98,1038.49,25,490.0,230.0
46,102,663.785,23,510.0,230.0
46,103,622.195,19,515.0,230.0
46,104,732.668,1,520.0,230.0
46,107,599.801,27,535.0,230.0
46,108,637.291,29,540.0,230.0
46,113,187.602,47,565.0,230.0
46,114,201.703,23,570.0,230.0
46,117,119.249,40,585.0,230.0
46,118,129.099,77,590.0,230.0
46,119,134.699,21,595.0,230.0
46,122,102.09899999999999,32,610.0,230.0
47,37,373.914,1,185.0,235.0
47,38,345.462,30,190.0,235.0
47,42,688.379,25,210.0,235.0
47,43,699.9265,8,215.0,235.0
47,46,153.2,27,230.0,235.0
47,49,201.003,47,245.0,235.0
47,50,214.704,18,250.0,235.0
47,51,206.703,14,255.0,235.0
47,52,172.751,104,260.0,235.0
47,53,138.899,51,265.0,235.0
47,60,403.21500000000003,20,300.0,235.0
47,61,395.315,25,305.0,235.0
47,62,379.414,22,310.0,235.0
47,63,357.313,27,315.0,235.0
47,66,263.307,33,330.0,235.0
47,69,439.118,39,345.0,235.0
47,72,329.661,42,360.0,235.0
47,78,499.221,37,390.0,235.0
47,79,463.419,5,395.0,235.0
47,80,468.519,19,400.0,235.0
47,81,455.719,58,405.0,235.0
47,82,444.168,24,410.0,235.0
47,83,395.115,24,415.0,235.0
47,84,365.213,91,420.0,235.0
47,85,376.814,29,425.0,235.0
47,86,402.215,35,430.0,235.0
47,87,462.969,34,435.0,235.0
47,88,506.872,30,440.0,235.0
47,89,550.8625,12,445.0,235.0
47,90,579.9555,10,450.0,235.0
47,93,1310.93,38,465.0,235.0
47,94,1345.065,6,470.0,235.0
47,98,1104.58,31,490.0,235.0
47,99,1112.38,3,495.0,235.0
47,102,688.679,2,510.0,235.0
47,103,660.586,33,515.0,235.0
47,107,654.237,2,535.0,235.0
47,108,673.4825000000001,28,540.0,235.0
47,113,166.701,7,565.0,235.0
47,114,171.25099999999998,56,570.0,235.0
47,115,180.402,27,575.0,235.0
47,116,122.099,1,580.0,235.0
47,117,131.249,42,585.0,235.0
47,118,142.6495,8,590.0,235.0
47,119,147.4,29,595.0,235.0
47,120,152.0,17,600.0,235.0
47,121,124.199,40,605.0,235.0
47,122,113.299,49,610.0,235.0
47,123,142.8,23,615.0,235.0
47,124,168.201,5,620.0,235.0
48,37,370.013,15,185.0,240.0
48,38,349.86199999999997,18,190.0,240.0
48,42,669.983,34,210.0,240.0
48,43,668.284,2,215.0,240.0
48,46,160.251,26,230.0,240.0
48,49,197.803,11,245.0,240.0
48,50,201.303,17,250.0,240.0
48,51,222.304,19,255.0,240.0
48,52,195.803,62,260.0,240.0
48,53,163.901,73,265.0,240.0
48,61,409.366,26,305.0,240.0
48,66,288.8585,32,330.0,240.0
48,67,270.457,10,335.0,240.0
48,69,465.419,37,345.0,240.0
48,70,466.019,1,350.0,240.0
48,72,355.913,39,360.0,240.0
48,73,340.012,7,365.0,240.0
48,76,765.66,21,380.0,240.0
48,78,535.5165,12,390.0,240.0
48,79,504.222,39,395.0,240.0
48,80,531.8175,14,400.0,240.0
48,81,486.07050000000004,6,405.0,240.0
48,84,422.517,48,420.0,240.0
48,85,425.517,5,425.0,240.0
48,86,427.517,19,430.0,240.0
48,90,625.394,9,450.0,240.0
48,91,1294.18,14,455.0,240.0
48,92,1305.93,29,460.0,240.0
48,93,1299.33,25,465.0,240.0
48,94,1255.54,20,470.0,240.0
48,98,1111.275,6,490.0,240.0
48,99,1090.33,38,495.0,240.0
48,103,673.483,35,515.0,240.0
48,104,464.119,7,520.0,240.0
48,105,374.714,25,525.0,240.0
48,106,368.513,13,530.0,240.0
48,107,345.812,12,535.0,240.0
48,108,356.513,55,540.0,240.0
48,109,333.711,21,545.0,240.0
48,110,330.161,6,550.0,240.0
48,114,155.6,57,570.0,240.0
48,115,159.7505,6,575.0,240.0
48,116,138.399,49,580.0,240.0
48,117,147.45,18,585.0,240.0
48,119,141.899,1,595.0,240.0
48,120,136.399,46,600.0,240.0
48,121,135.999,31,605.0,240.0
48,122,163.301,7,610.0,240.0
48,123,153.7,89,615.0,240.0
49,35,393.115,5,175.0,245.0
49,36,405.816,9,180.0,245.0
49,37,366.113,20,185.0,245.0
49,38,368.71299999999997,6,190.0,245.0
49,42,593.852,38,210.0,245.0
49,46,168.201,27,230.0,245.0
49,52,218.654,34,260.0,245.0
49,53,185.302,97,265.0,245.0
49,54,204.4035,12,270.0,245.0
49,61,426.817,41,305.0,245.0
49,62,439.118,32,310.0,245.0
49,63,485.27,42,315.0,245.0
49,66,318.71000000000004,4,330.0,245.0
49,67,306.209,25,335.0,245.0
49,69,482.77,22,345.0,245.0
49,70,475.72,17,350.0,245.0
49,72,372.1135,16,360.0,245.0
49,73,356.363,30,365.0,245.0
49,76,770.659,25,380.0,245.0
49,78,541.9145000000001,2,390.0,245.0
49,79,536.816,17,395.0,245.0
49,81,577.006,4,405.0,245.0
49,82,557.611,22,410.0,245.0
49,83,526.918,27,415.0,245.0
49,84,475.41999999999996,70,420.0,245.0
49,85,477.22,26,425.0,245.0
49,86,498.321,42,430.0,245.0
49,87,579.406,27,435.0,245.0
49,88,565.559,52,440.0,245.0
49,89,654.587,73,445.0,245.0
49,90,699.676,7,450.0,245.0
49,94,1262.49,42,470.0,245.0
49,95,1239.345,30,475.0,245.0
49,96,1165.36,31,480.0,245.0
49,97,1186.4099999999999,50,485.0,245.0
49,98,1159.91,66,490.0,245.0
49,99,1109.03,34,495.0,245.0
49,100,561.61,21,500.0,245.0
49,101,475.02,1,505.0,245.0
49,102,503.3715,16,510.0,245.0
49,103,490.121,44,515.0,245.0
49,104,474.87,56,520.0,245.0
49,105,458.119,17,525.0,245.0
49,106,372.1635,38,530.0,245.0
49,107,375.7635,12,535.0,245.0
49,108,328.111,3,540.0,245.0
49,109,324.711,72,545.0,245.0
49,110,329.611,9,550.0,245.0
49,114,150.6,22,570.0,245.0
49,115,145.3,66,575.0,245.0
49,116,153.6,23,580.0,245.0
49,122,144.9,2,610.0,245.0
49,123,137.749,72,615.0,245.0
50,35,422.517,47,175.0,250.0
50,36,405.0655,92,180.0,250.0
50,37,376.414,58,185.0,250.0
50,38,367.863,28,190.0,250.0
50,42,570.358,54,210.0,250.0
50,43,520.32,31,215.0,250.0
50,46,188.702,35,230.0,250.0
50,52,230.805,26,260.0,250.0
50,53,201.603,83,265.0,250.0
50,54,205.90300000000002,22,270.0,250.0
50,61,426.117,29,305.0,250.0
50,63,532.917,39,315.0,250.0
50,67,326.311,31,335.0,250.0
50,69,490.5205,2,345.0,250.0
50,70,506.222,36,350.0,250.0
50,72,396.515,1,360.0,250.0
50,73,360.51250000000005,30,365.0,250.0
50,76,726.97,37,380.0,250.0
50,79,564.309,27,395.0,250.0
50,81,666.2845,20,405.0,250.0
50,82,584.604,13,410.0,250.0
50,83,555.3615,2,415.0,250.0
50,84,535.916,49,420.0,250.0
50,85,440.218,1,425.0,250.0
50,86,557.211,33,430.0,250.0
50,88,648.689,7,440.0,250.0
50,89,750.614,2,445.0,250.0
50,92,1247.3899999999999,2,460.0,250.0
50,93,1305.08,22,465.0,250.0
50,94,1275.54,39,470.0,250.0
50,95,1239.645,8,475.0,250.0
50,96,1291.43,9,480.0,250.0
50,97,1216.25,26,485.0,250.0
50,98,1190.56,20,490.0,250.0
50,100,542.4145000000001,56,500.0,250.0
50,101,532.117,49,505.0,250.0
50,102,506.822,7,510.0,250.0
50,103,508.721,18,515.0,250.0
50,104,489.671,2,520.0,250.0
50,105,451.368,48,525.0,250.0
50,106,375.214,3,530.0,250.0
50,109,330.511,29,545.0,250.0
50,110,309.11,43,550.0,250.0
50,114,146.25,2,570.0,250.0
50,115,161.45100000000002,62,575.0,250.0
50,116,162.3005,2,580.0,250.0
50,120,148.5,29,600.0,250.0
50,123,125.799,56,615.0,250.0
51,34,448.018,7,170.0,255.0
51,35,455.019,99,175.0,255.0
51,36,433.117,79,180.0,255.0
51,37,403.515,99,185.0,255.0
51,38,411.416,97,190.0,255.0
51,39,639.8905,74,195.0,255.0
51,40,625.2445,38,200.0,255.0
51,41,575.407,1,205.0,255.0
51,42,555.112,75,210.0,255.0
51,43,475.82,50,215.0,255.0
51,45,203.603,12,225.0,255.0
51,46,193.003,13,230.0,255.0
51,48,320.21000000000004,36,240.0,255.0
51,49,298.509,46,245.0,255.0
51,50,268.907,33,250.0,255.0
51,51,256.306,18,255.0,255.0
51,52,238.655,26,260.0,255.0
51,53,221.054,88,265.0,255.0
51,54,209.504,43,270.0,255.0
51,58,296.409,17,290.0,255.0
51,59,295.409,5,295.0,255.0
51,61,456.1685,16,305.0,255.0
51,62,450.718,30,310.0,255.0
51,63,548.113,17,315.0,255.0
51,64,571.7574999999999,12,320.0,255.0
51,67,357.113,31,335.0,255.0
51,70,521.8695,36,350.0,255.0
51,73,354.712,35,365.0,255.0
51,76,708.5740000000001,32,380.0,255.0
51,79,599.101,19,395.0,255.0
51,81,662.985,15,405.0,255.0
51,82,836.943,11,410.0,255.0
51,84,587.654,60,420.0,255.0
51,85,528.918,7,425.0,255.0
51,86,578.056,26,430.0,255.0
51,87,582.155,22,435.0,255.0
51,88,629.7429999999999,32,440.0,255.0
51,89,696.577,37,445.0,255.0
51,90,745.265,35,450.0,255.0
51,91,814.898,4,455.0,255.0
51,92,1282.43,23,460.0,255.0
51,93,1285.43,23,465.0,255.0
51,94,1232.65,28,470.0,255.0
51,97,1120.925,26,485.0,255.0
51,98,559.41,15,490.0,255.0
51,99,558.5609999999999,34,495.0,255.0
51,100,552.612,50,500.0,255.0
51,101,529.818,39,505.0,255.0
51,102,512.3720000000001,26,510.0,255.0
51,103,515.521,33,515.0,255.0
51,104,529.518,23,520.0,255.0
51,105,437.818,15,525.0,255.0
51,106,426.717,25,530.0,255.0
51,110,294.209,46,550.0,255.0
51,115,170.801,22,575.0,255.0
51,116,172.601,45,580.0,255.0
51,119,145.7995,6,595.0,255.0
51,120,144.9,42,600.0,255.0
51,121,134.599,22,605.0,255.0
51,122,117.099,18,610.0,255.0
51,123,112.199,45,615.0,255.0
52,34,473.92,13,170.0,260.0
52,35,472.27,40,175.0,260.0
52,36,457.81899999999996,78,180.0,260.0
52,37,451.318,91,185.0,260.0
52,38,456.919,93,190.0,260.0
52,39,674.682,85,195.0,260.0
52,40,623.795,75,200.0,260.0
52,41,556.611,83,205.0,260.0
52,42,469.21900000000005,84,210.0,260.0
52,43,350.162,50,215.0,260.0
52,44,263.007,5,220.0,260.0
52,45,207.903,21,225.0,260.0
52,46,191.903,9,230.0,260.0
52,52,231.505,1,260.0,260.0
52,53,245.156,96,265.0,260.0
52,54,222.404,77,270.0,260.0
52,55,239.70499999999998,34,275.0,260.0
52,56,253.106,31,280.0,260.0
52,57,269.607,41,285.0,260.0
52,58,278.608,18,290.0,260.0
52,59,325.611,1,295.0,260.0
52,61,491.621,1,305.0,260.0
52,62,488.121,55,310.0,260.0
52,63,567.2585,4,315.0,260.0
52,64,571.358,42,320.0,260.0
52,65,570.1575,18,325.0,260.0
52,67,354.76250000000005,4,335.0,260.0
52,68,384.214,43,340.0,260.0
52,70,552.312,22,350.0,260.0
52,71,522.02,13,355.0,260.0
52,73,355.2125,34,365.0,260.0
52,74,618.696,35,370.0,260.0
52,75,636.992,43,375.0,260.0
52,76,693.978,41,380.0,260.0
52,77,654.687,1,385.0,260.0
52,78,646.789,29,390.0,260.0
52,79,615.197,39,395.0,260.0
52,80,674.182,27,400.0,260.0
52,81,796.353,51,405.0,260.0
52,82,710.5735,4,410.0,260.0
52,84,642.69,53,420.0,260.0
52,85,593.4525,24,425.0,260.0
52,86,616.297,33,430.0,260.0
52,87,583.6545000000001,14,435.0,260.0
52,88,669.7335,30,440.0,260.0
52,89,686.479,9,445.0,260.0
52,94,1230.55,12,470.0,260.0
52,95,1151.565,8,475.0,260.0
52,97,564.559,52,485.0,260.0
52,98,558.911,23,490.0,260.0
52,99,563.7094999999999,2,495.0,260.0
52,100,548.163,30,500.0,260.0
52,101,524.669,44,505.0,260.0
52,102,503.4215,56,510.0,260.0
52,103,499.021,31,515.0,260.0
52,106,412.116,34,530.0,260.0
52,107,406.216,1,535.0,260.0
52,110,284.008,19,550.0,260.0
52,111,291.0085,12,555.0,260.0
52,116,181.002,53,580.0,260.0
52,117,188.802,7,585.0,260.0
52,122,94.64914999999999,4,610.0,260.0
52,123,101.999,51,615.0,260.0
53,38,580.005,9,190.0,265.0
53,39,555.761,30,195.0,265.0
53,40,526.7685,40,200.0,265.0
53,41,497.671,66,205.0,265.0
53,42,402.215,65,210.0,265.0
53,43,312.81,77,215.0,265.0
53,44,262.207,78,220.0,265.0
53,45,222.004,73,225.0,265.0
53,46,214.954,6,230.0,265.0
53,51,341.212,36,255.0,265.0
53,52,331.011,47,260.0,265.0
53,53,276.25800000000004,88,265.0,265.0
53,54,230.905,49,270.0,265.0
53,62,504.022,43,310.0,265.0
53,65,598.351,32,325.0,265.0
53,68,410.51599999999996,60,340.0,265.0
53,69,505.222,1,345.0,265.0
53,70,546.5135,2,350.0,265.0
53,71,543.7645,42,355.0,265.0
53,72,559.4105,20,360.0,265.0
53,73,584.804,69,365.0,265.0
53,74,580.405,9,370.0,265.0
53,78,644.39,23,390.0,265.0
53,81,1030.3,21,405.0,265.0
53,82,1054.689,4,410.0,265.0
53,84,656.437,46,420.0,265.0
53,88,755.6624999999999,20,440.0,265.0
53,89,757.562,9,445.0,265.0
53,94,1192.76,3,470.0,265.0
53,95,1180.46,31,475.0,265.0
53,97,1231.5500000000002,30,485.0,265.0
53,100,540.815,15,500.0,265.0
53,101,536.966,12,505.0,265.0
53,103,483.32,42,515.0,265.0
53,104,468.919,1,520.0,265.0
53,105,435.317,29,525.0,265.0
53,106,416.516,47,530.0,265.0
53,107,400.065,34,535.0,265.0
53,110,268.507,2,550.0,265.0
53,111,282.00800000000004,30,555.0,265.0
53,116,189.502,18,580.0,265.0
53,117,190.002,33,585.0,265.0
53,118,208.904,15,590.0,265.0
53,119,222.25400000000002,38,595.0,265.0
53,122,89.3992,40,610.0,265.0
53,123,87.89920000000001,46,615.0,265.0
54,43,378.414,65,215.0,270.0
54,44,306.409,87,220.0,270.0
54,45,257.406,101,225.0,270.0
54,46,266.807,73,230.0,270.0
54,47,312.91,19,235.0,270.0
54,52,335.611,17,260.0,270.0
54,53,294.609,79,265.0,270.0
54,54,242.20600000000002,62,270.0,270.0
54,55,335.461,16,275.0,270.0
54,56,309.56,42,280.0,270.0
54,60,437.517,1,300.0,270.0
54,61,446.018,43,305.0,270.0
54,62,512.8720000000001,12,310.0,270.0
54,65,636.292,39,325.0,270.0
54,66,638.791,7,330.0,270.0
54,67,445.318,21,335.0,270.0
54,68,420.816,73,340.0,270.0
54,69,460.219,65,345.0,270.0
54,70,536.366,66,350.0,270.0
54,71,573.6569999999999,56,355.0,270.0
54,72,553.912,28,360.0,270.0
54,73,605.1495,20,365.0,270.0
54,74,657.187,39,370.0,270.0
54,75,665.9845,2,375.0,270.0
54,76,777.257,13,380.0,270.0
54,77,722.4205,20,385.0,270.0
54,78,716.1725,42,390.0,270.0
54,79,714.8225,26,395.0,270.0
54,80,1065.69,15,400.0,270.0
54,81,1078.73,24,405.0,270.0
54,82,1020.8500000000001,6,410.0,270.0
54,84,673.1324999999999,38,420.0,270.0
54,85,637.3915,10,425.0,270.0
54,88,747.165,29,440.0,270.0
54,89,806.65,1,445.0,270.0
54,92,961.9625000000001,46,460.0,270.0
54,94,1061.49,7,470.0,270.0
54,95,1108.38,43,475.0,270.0
54,96,1150.815,28,480.0,270.0
54,97,1174.3600000000001,40,485.0,270.0
54,98,1227.75,17,490.0,270.0
54,100,537.4159999999999,4,500.0,270.0
54,101,548.8130000000001,22,505.0,270.0
54,103,478.82,43,515.0,270.0
54,104,464.219,31,520.0,270.0
54,105,451.418,4,525.0,270.0
54,107,379.814,40,535.0,270.0
54,111,271.307,55,555.0,270.0
54,114,233.95499999999998,8,570.0,270.0
54,115,229.905,33,575.0,270.0
54,116,206.15300000000002,80,580.0,270.0
54,117,198.103,36,585.0,270.0
54,118,207.95299999999997,16,590.0,270.0
54,119,218.304,1,595.0,270.0
54,122,78.3494,50,610.0,270.0
54,123,64.6996,28,615.0,270.0
55,42,486.77049999999997,4,210.0,275.0
55,43,453.218,93,215.0,275.0
55,44,339.311,81,220.0,275.0
55,45,341.512,98,225.0,275.0
55,46,359.913,87,230.0,275.0
55,47,382.914,53,235.0,275.0
55,52,343.062,8,260.0,275.0
55,53,315.41,83,265.0,275.0
55,54,265.307,77,270.0,275.0
55,55,254.30599999999998,46,275.0,275.0
55,56,281.608,41,280.0,275.0
55,57,294.509,24,285.0,275.0
55,58,330.911,18,290.0,275.0
55,59,347.16200000000003,26,295.0,275.0
55,60,363.713,35,300.0,275.0
55,61,403.915,57,305.0,275.0
55,62,458.719,42,310.0,275.0
55,63,483.82,27,315.0,275.0
55,64,709.174,38,320.0,275.0
55,65,641.99,59,325.0,275.0
55,66,542.9145000000001,56,330.0,275.0
55,67,490.821,37,335.0,275.0
55,68,441.46799999999996,10,340.0,275.0
55,69,481.02,57,345.0,275.0
55,73,669.3335,2,365.0,275.0
55,74,668.884,44,370.0,275.0
55,75,684.88,13,375.0,275.0
55,78,737.067,33,390.0,275.0
55,84,702.3755,26,420.0,275.0
55,85,691.078,29,425.0,275.0
55,88,789.5039999999999,42,440.0,275.0
55,89,860.9365,28,445.0,275.0
55,90,891.829,31,450.0,275.0
55,91,895.8285,26,455.0,275.0
55,92,976.6085,34,460.0,275.0
55,93,1001.3,45,465.0,275.0
55,94,1065.39,41,470.0,275.0
55,95,1112.18,31,475.0,275.0
55,98,1255.44,24,490.0,275.0
55,101,558.0609999999999,12,505.0,275.0
55,106,391.615,11,530.0,275.0
55,107,383.864,28,535.0,275.0
55,108,347.712,22,540.0,275.0
55,111,274.50750000000005,36,555.0,275.0
55,112,262.307,43,560.0,275.0
55,113,259.257,58,565.0,275.0
55,114,244.356,38,570.0,275.0
55,115,232.505,15,575.0,275.0
55,116,221.904,37,580.0,275.0
55,122,64.39959999999999,48,610.0,275.0
55,123,50.0998,27,615.0,275.0
55,124,27.7001,2,620.0,275.0
56,42,490.721,21,210.0,280.0
56,43,488.02099999999996,90,215.0,280.0
56,44,360.76300000000003,82,220.0,280.0
56,45,490.221,93,225.0,280.0
56,46,501.121,95,230.0,280.0
56,47,447.618,87,235.0,280.0
56,48,470.3695,50,240.0,280.0
56,49,500.571,22,245.0,280.0
56,52,357.813,28,260.0,280.0
56,53,323.911,77,265.0,280.0
56,54,285.508,27,270.0,280.0
56,55,276.608,55,275.0,280.0
56,56,283.20799999999997,42,280.0,280.0
56,57,297.009,59,285.0,280.0
56,58,318.01,72,290.0,280.0
56,59,334.161,76,295.0,280.0
56,60,355.0625,84,300.0,280.0
56,61,377.514,93,305.0,280.0
56,62,399.215,81,310.0,280.0
56,63,457.4685,50,315.0,280.0
56,64,686.979,7,320.0,280.0
56,65,678.8315,28,325.0,280.0
56,66,672.9825000000001,14,330.0,280.0
56,69,503.7715,34,345.0,280.0
56,72,980.608,3,360.0,280.0
56,74,689.779,49,370.0,280.0
56,78,680.481,39,390.0,280.0
56,79,764.86,3,395.0,280.0
56,84,742.366,7,420.0,280.0
56,85,701.876,46,425.0,280.0
56,88,840.942,30,440.0,280.0
56,93,1018.45,34,465.0,280.0
56,95,573.207,7,475.0,280.0
56,96,569.208,23,480.0,280.0
56,98,1289.23,23,490.0,280.0
56,106,386.31399999999996,4,530.0,280.0
56,108,336.711,40,540.0,280.0
56,109,291.3585,2,545.0,280.0
56,110,303.909,12,550.0,280.0
56,111,284.508,42,555.0,280.0
56,112,269.407,37,560.0,280.0
56,113,255.806,3,565.0,280.0
56,115,250.906,18,575.0,280.0
56,116,244.856,28,580.0,280.0
56,117,233.705,13,585.0,280.0
56,120,79.64935,8,600.0,280.0
56,121,81.89935,12,605.0,280.0
56,122,66.1996,31,610.0,280.0
56,123,42.9499,92,615.0,280.0
56,124,28.3001,98,620.0,280.0
56,125,14.5,84,625.0,280.0
56,126,5.0,47,630.0,280.0
56,127,0.0,53,635.0,280.0
56,128,0.0,44,640.0,280.0
57,42,520.47,34,210.0,285.0
57,43,465.919,88,215.0,285.0
57,44,442.568,84,220.0,285.0
57,45,677.7315,92,225.0,285.0
57,46,652.338,90,230.0,285.0
57,47,518.52,95,235.0,285.0
57,48,480.62,1,240.0,285.0
57,49,523.019,23,245.0,285.0
57,50,513.922,35,250.0,285.0
57,51,379.414,15,255.0,285.0
57,52,347.66200000000003,54,260.0,285.0
57,53,322.11,32,265.0,285.0
57,57,488.221,17,285.0,285.0
57,58,429.617,45,290.0,285.0
57,59,349.11199999999997,48,295.0,285.0
57,60,359.063,90,300.0,285.0
57,61,395.315,85,305.0,285.0
57,62,410.76599999999996,90,310.0,285.0
57,63,426.667,60,315.0,285.0
57,66,719.771,69,330.0,285.0
57,67,758.9114999999999,18,335.0,285.0
57,69,547.613,47,345.0,285.0
57,70,580.005,13,350.0,285.0
57,72,990.505,25,360.0,285.0
57,74,699.2764999999999,34,370.0,285.0
57,75,725.92,10,375.0,285.0
57,78,735.8175000000001,32,390.0,285.0
57,79,722.0705,8,395.0,285.0
57,80,1051.6399999999999,8,400.0,285.0
57,81,1128.62,6,405.0,285.0
57,84,778.557,2,420.0,285.0
57,85,723.87,51,425.0,285.0
57,88,878.333,17,440.0,285.0
57,89,864.636,7,445.0,285.0
57,93,1090.03,46,465.0,285.0
57,96,554.3119999999999,32,480.0,285.0
57,103,399.2155,2,515.0,285.0
57,104,408.966,10,520.0,285.0
57,105,393.115,40,525.0,285.0
57,106,363.813,49,530.0,285.0
57,107,339.211,53,535.0,285.0
57,108,319.31,55,540.0,285.0
57,109,308.01,38,545.0,285.0
57,110,304.109,19,550.0,285.0
57,111,302.709,57,555.0,285.0
57,112,289.108,25,560.0,285.0
57,115,258.207,1,575.0,285.0
57,116,159.401,5,580.0,285.0
57,117,152.2,11,585.0,285.0
57,118,144.4995,10,590.0,285.0
57,120,85.8993,67,600.0,285.0
57,121,75.9994,5,605.0,285.0
57,122,53.4998,15,610.0,285.0
57,123,35.0,41,615.0,285.0
57,124,18.2,10,620.0,285.0
57,125,10.5,17,625.0,285.0
57,126,6.2,28,630.0,285.0
57,127,1.1,36,635.0,285.0
57,128,0.0,43,640.0,285.0
58,42,529.668,42,210.0,290.0
58,43,483.66999999999996,84,215.0,290.0
58,44,602.25,88,220.0,290.0
58,45,742.166,59,225.0,290.0
58,46,671.5335,92,230.0,290.0
58,47,556.511,44,235.0,290.0
58,51,382.614,59,255.0,290.0
58,52,350.462,98,260.0,290.0
58,53,334.911,11,265.0,290.0
58,55,365.813,34,275.0,290.0
58,56,403.315,58,280.0,290.0
58,57,472.57000000000005,80,285.0,290.0
58,58,493.921,75,290.0,290.0
58,59,442.518,92,295.0,290.0
58,60,411.616,65,300.0,290.0
58,61,467.619,97,305.0,290.0
58,62,457.269,74,310.0,290.0
58,63,443.318,74,315.0,290.0
58,66,742.9159999999999,60,330.0,290.0
58,67,837.8924999999999,40,335.0,290.0
58,69,537.6659999999999,6,345.0,290.0
58,70,567.5084999999999,34,350.0,290.0
58,72,904.526,17,360.0,290.0
58,73,1000.7535,10,365.0,290.0
58,74,767.46,11,370.0,290.0
58,75,758.1614999999999,32,375.0,290.0
58,78,722.7705000000001,14,390.0,290.0
58,79,753.5630000000001,48,395.0,290.0
58,80,1066.79,19,400.0,290.0
58,81,1027.395,26,405.0,290.0
58,83,901.627,14,415.0,290.0
58,84,845.2905000000001,50,420.0,290.0
58,85,767.46,67,425.0,290.0
58,86,758.862,13,430.0,290.0
58,88,820.547,1,440.0,290.0
58,89,909.525,25,445.0,290.0
58,91,1188.355,6,455.0,290.0
58,93,1068.79,37,465.0,290.0
58,94,631.8430000000001,8,470.0,290.0
58,96,569.008,18,480.0,290.0
58,101,471.82,17,505.0,290.0
58,102,465.169,42,510.0,290.0
58,103,441.668,86,515.0,290.0
58,104,416.716,15,520.0,290.0
58,105,404.0655,8,525.0,290.0
58,106,357.363,32,530.0,290.0
58,110,379.814,5,550.0,290.0
58,111,404.015,70,555.0,290.0
58,112,181.30200000000002,12,560.0,290.0
58,113,185.202,37,565.0,290.0
58,114,179.702,31,570.0,290.0
58,115,174.901,41,575.0,290.0
58,116,161.001,25,580.0,290.0
58,117,167.551,12,585.0,290.0
58,118,129.449,24,590.0,290.0
58,120,104.899,36,600.0,290.0
58,121,104.599,21,605.0,290.0
58,122,51.5998,19,610.0,290.0
58,123,44.6999,13,615.0,290.0
59,33,807.05,13,165.0,295.0
59,34,775.8575,30,170.0,295.0
59,35,748.864,19,175.0,295.0
59,36,685.18,5,180.0,295.0
59,42,535.316,74,210.0,295.0
59,43,531.117,95,215.0,295.0
59,44,739.866,85,220.0,295.0
59,45,701.876,89,225.0,295.0
59,46,616.696,75,230.0,295.0
59,47,563.509,3,235.0,295.0
59,50,404.7155,32,250.0,295.0
59,51,386.314,87,255.0,295.0
59,52,354.112,15,260.0,295.0
59,53,352.112,35,265.0,295.0
59,54,361.113,47,270.0,295.0
59,55,370.163,96,275.0,295.0
59,56,420.216,100,280.0,295.0
59,57,474.62,89,285.0,295.0
59,58,559.51,97,290.0,295.0
59,59,515.121,95,295.0,295.0
59,60,478.02,66,300.0,295.0
59,61,492.02099999999996,76,305.0,295.0
59,62,549.963,88,310.0,295.0
59,63,536.016,55,315.0,295.0
59,64,508.87,4,320.0,295.0
59,66,797.0025,42,330.0,295.0
59,67,886.7305,24,335.0,295.0
59,70,586.9535,38,350.0,295.0
59,73,903.5264999999999,28,365.0,295.0
59,75,790.7539999999999,34,375.0,295.0
59,78,831.294,4,390.0,295.0
59,79,763.361,62,395.0,295.0
59,80,965.5615,46,400.0,295.0
59,81,969.1105,56,405.0,295.0
59,82,924.921,45,410.0,295.0
59,83,925.571,20,415.0,295.0
59,84,838.942,13,420.0,295.0
59,85,792.554,7,425.0,295.0
59,86,763.761,65,430.0,295.0
59,87,709.374,1,435.0,295.0
59,89,873.034,16,445.0,295.0
59,91,1100.98,22,455.0,295.0
59,92,640.9905000000001,16,460.0,295.0
59,93,618.246,48,465.0,295.0
59,94,595.952,30,470.0,295.0
59,96,536.916,29,480.0,295.0
59,98,588.4535000000001,2,490.0,295.0
59,99,528.118,23,495.0,295.0
59,100,476.02,40,500.0,295.0
59,101,473.62,11,505.0,295.0
59,103,446.26800000000003,40,515.0,295.0
59,106,374.31399999999996,28,530.0,295.0
59,109,409.116,31,545.0,295.0
59,110,395.415,33,550.0,295.0
59,111,373.11400000000003,40,555.0,295.0
59,112,173.9515,4,560.0,295.0
59,118,122.69900000000001,28,590.0,295.0
59,120,116.299,23,600.0,295.0
59,121,111.799,12,605.0,295.0
59,122,57.9497,36,610.0,295.0
60,32,876.4835,6,160.0,300.0
60,33,834.5935,72,165.0,300.0
60,34,850.839,85,170.0,300.0
60,35,867.335,97,175.0,300.0
60,36,831.894,68,180.0,300.0
60,37,761.5115,86,185.0,300.0
60,38,688.829,56,190.0,300.0
60,39,641.091,57,195.0,300.0
60,40,593.602,19,200.0,300.0
60,41,566.159,8,205.0,300.0
60,42,552.912,80,210.0,300.0
60,43,605.4495,94,215.0,300.0
60,44,783.056,81,220.0,300.0
60,45,630.5930000000001,48,225.0,300.0
60,46,592.0025,4,230.0,300.0
60,49,428.017,7,245.0,300.0
60,50,406.716,74,250.0,300.0
60,51,392.415,17,255.0,300.0
60,55,388.314,17,275.0,300.0
60,56,400.71500000000003,92,280.0,300.0
60,57,447.318,82,285.0,300.0
60,58,574.007,81,290.0,300.0
60,59,581.005,82,295.0,300.0
60,60,525.019,57,300.0,300.0
60,61,505.77200000000005,34,305.0,300.0
60,62,531.117,20,310.0,300.0
60,63,520.8195000000001,12,315.0,300.0
60,64,524.1690000000001,14,320.0,300.0
60,66,840.242,34,330.0,300.0
60,69,678.481,27,345.0,300.0
60,70,643.04,60,350.0,300.0
60,71,670.183,1,355.0,300.0
60,73,819.547,28,365.0,300.0
60,74,884.631,15,370.0,300.0
60,75,801.651,59,375.0,300.0
60,76,815.198,46,380.0,300.0
60,77,838.4425000000001,40,385.0,300.0
60,78,853.839,61,390.0,300.0
60,79,775.358,39,395.0,300.0
60,80,1028.6,58,400.0,300.0
60,81,992.705,27,405.0,300.0
60,84,866.3355,4,420.0,300.0
60,85,909.775,12,425.0,300.0
60,86,830.844,47,430.0,300.0
60,87,776.957,59,435.0,300.0
60,88,801.8009999999999,22,440.0,300.0
60,89,876.133,56,445.0,300.0
60,90,932.519,33,450.0,300.0
60,91,1032.395,36,455.0,300.0
60,92,634.942,30,460.0,300.0
60,93,619.7955,14,465.0,300.0
60,94,576.306,46,470.0,300.0
60,96,501.27099999999996,26,480.0,300.0
60,97,494.021,58,485.0,300.0
60,98,514.321,45,490.0,300.0
60,99,531.217,12,495.0,300.0
60,106,399.91499999999996,28,530.0,300.0
60,107,384.814,13,535.0,300.0
60,109,427.467,28,545.0,300.0
60,111,367.413,42,555.0,300.0
60,118,116.049,24,590.0,300.0
60,119,105.999,3,595.0,300.0
60,120,69.3995,3,600.0,300.0
60,121,65.9996,39,605.0,300.0
60,122,54.9497,4,610.0,300.0
61,32,889.13,26,160.0,305.0
61,33,898.278,66,165.0,305.0
61,34,899.227,71,170.0,305.0
61,35,914.124,54,175.0,305.0
61,36,863.886,78,180.0,305.0
61,37,794.053,87,185.0,305.0
61,38,716.772,79,190.0,305.0
61,39,646.6890000000001,94,195.0,305.0
61,40,601.0,47,200.0,305.0
61,41,585.604,79,205.0,305.0
61,42,573.457,90,210.0,305.0
61,43,721.671,94,215.0,305.0
61,44,786.605,88,220.0,305.0
61,45,584.804,23,225.0,305.0
61,49,433.017,49,245.0,305.0
61,50,404.7655,32,250.0,305.0
61,56,451.668,54,280.0,305.0
61,57,499.071,92,285.0,305.0
61,58,511.97200000000004,86,290.0,305.0
61,59,600.95,96,295.0,305.0
61,60,576.106,13,300.0,305.0
61,63,424.017,1,315.0,305.0
61,64,522.9695,28,320.0,305.0
61,66,899.9275,14,330.0,305.0
61,67,851.639,13,335.0,305.0
61,69,668.384,5,345.0,305.0
61,70,642.7405,24,350.0,305.0
61,71,617.296,37,355.0,305.0
61,72,710.773,35,360.0,305.0
61,73,797.1524999999999,46,365.0,305.0
61,74,874.833,29,370.0,305.0
61,75,827.495,52,375.0,305.0
61,78,901.477,28,390.0,305.0
61,80,1111.48,36,400.0,305.0
61,81,1084.23,54,405.0,305.0
61,82,896.028,23,410.0,305.0
61,83,874.9835,24,415.0,305.0
61,84,853.639,11,420.0,305.0
61,86,833.244,1,430.0,305.0
61,87,796.253,53,435.0,305.0
61,88,808.55,57,440.0,305.0
61,89,860.037,5,445.0,305.0
61,93,586.204,15,465.0,305.0
61,94,568.808,67,470.0,305.0
61,95,523.519,49,475.0,305.0
61,96,498.321,22,480.0,305.0
61,97,480.37,14,485.0,305.0
61,98,488.3205,18,490.0,305.0
61,104,434.017,14,520.0,305.0
61,105,437.417,15,525.0,305.0
61,106,417.116,45,530.0,305.0
61,107,392.315,21,535.0,305.0
61,109,442.26750000000004,2,545.0,305.0
61,111,349.762,34,555.0,305.0
61,116,149.05,20,580.0,305.0
61,117,135.349,40,585.0,305.0
61,118,117.199,35,590.0,305.0
61,119,94.04910000000001,30,595.0,305.0
61,121,59.4497,46,605.0,305.0
62,34,936.2684999999999,26,170.0,310.0
62,37,801.551,41,185.0,310.0
62,38,770.759,64,190.0,310.0
62,39,644.69,35,195.0,310.0
62,40,601.0,7,200.0,310.0
62,42,606.9985,6,210.0,310.0
62,43,749.764,41,215.0,310.0
62,44,768.2094999999999,60,220.0,310.0
62,45,596.2515,22,225.0,310.0
62,48,450.068,20,240.0,310.0
62,49,428.66700000000003,72,245.0,310.0
62,50,402.6155,2,250.0,310.0
62,56,547.3130000000001,66,280.0,310.0
62,57,573.5070000000001,108,285.0,310.0
62,58,602.0,79,290.0,310.0
62,59,576.456,100,295.0,310.0
62,60,640.191,9,300.0,310.0
62,61,570.108,4,305.0,310.0
62,62,584.604,47,310.0,310.0
62,63,545.3140000000001,24,315.0,310.0
62,64,527.3685,38,320.0,310.0
62,66,898.828,1,330.0,310.0
62,67,906.926,33,335.0,310.0
62,69,874.933,1,345.0,310.0
62,70,738.6165000000001,32,350.0,310.0
62,71,714.0725,60,355.0,310.0
62,73,880.832,16,365.0,310.0
62,74,961.412,9,370.0,310.0
62,75,811.049,25,375.0,310.0
62,76,827.7945,18,380.0,310.0
62,78,920.0225,48,390.0,310.0
62,80,1160.66,15,400.0,310.0
62,81,1168.71,42,405.0,310.0
62,85,1002.3,23,425.0,310.0
62,86,957.3634999999999,42,430.0,310.0
62,87,895.7785,46,435.0,310.0
62,88,881.332,71,440.0,310.0
62,93,601.65,6,465.0,310.0
62,94,589.453,12,470.0,310.0
62,95,549.113,41,475.0,310.0
62,98,481.22,47,490.0,310.0
62,99,502.62149999999997,20,495.0,310.0
62,100,502.321,31,500.0,310.0
62,101,532.817,30,505.0,310.0
62,102,543.2145,54,510.0,310.0
62,103,560.91,19,515.0,310.0
62,104,444.368,14,520.0,310.0
62,105,432.8175,8,525.0,310.0
62,106,401.015,5,530.0,310.0
62,107,404.715,19,535.0,310.0
62,111,324.811,41,555.0,310.0
62,116,153.5,31,580.0,310.0
62,119,87.8492,28,595.0,310.0
62,121,55.0997,24,605.0,310.0
63,34,896.628,37,170.0,315.0
63,37,879.0325,34,185.0,315.0
63,38,878.033,94,190.0,315.0
63,39,785.955,41,195.0,315.0
63,40,736.9670000000001,40,200.0,315.0
63,41,807.6995,34,205.0,315.0
63,42,863.7860000000001,20,210.0,315.0
63,43,829.8445,4,215.0,315.0
63,44,715.472,15,220.0,315.0
63,45,578.3054999999999,2,225.0,315.0
63,47,475.72,1,235.0,315.0
63,48,451.718,60,240.0,315.0
63,49,422.4165,20,245.0,315.0
63,55,583.205,7,275.0,315.0
63,56,575.607,15,280.0,315.0
63,57,585.504,1,285.0,315.0
63,58,625.994,15,290.0,315.0
63,59,611.798,20,295.0,315.0
63,60,633.792,1,300.0,315.0
63,61,598.601,12,305.0,315.0
63,62,627.594,23,310.0,315.0
63,64,544.514,37,320.0,315.0
63,67,940.717,39,335.0,315.0
63,68,934.919,41,340.0,315.0
63,69,848.4395,46,345.0,315.0
63,70,829.544,13,350.0,315.0
63,71,767.01,48,355.0,315.0
63,73,1030.1,3,365.0,315.0
63,74,953.814,21,370.0,315.0
63,75,876.933,7,375.0,315.0
63,76,821.896,34,380.0,315.0
63,78,920.8720000000001,28,390.0,315.0
63,79,904.976,4,395.0,315.0
63,80,1173.81,4,400.0,315.0
63,81,1179.1599999999999,52,405.0,315.0
63,82,1201.35,40,410.0,315.0
63,83,1163.41,26,415.0,315.0
63,84,1138.97,57,420.0,315.0
63,85,1104.0300000000002,16,425.0,315.0
63,88,935.419,71,440.0,315.0
63,89,952.514,9,445.0,315.0
63,95,557.8605,18,475.0,315.0
63,96,553.512,3,480.0,315.0
63,98,466.219,37,490.0,315.0
63,99,501.5715,2,495.0,315.0
63,102,548.613,16,510.0,315.0
63,110,314.71,1,550.0,315.0
63,111,286.45799999999997,50,555.0,315.0
63,112,310.81,25,560.0,315.0
63,113,356.0125,38,565.0,315.0
63,114,349.512,2,570.0,315.0
63,116,204.903,29,580.0,315.0
63,117,203.253,14,585.0,315.0
63,119,95.5991,59,595.0,315.0
63,121,51.449799999999996,22,605.0,315.0
63,122,44.0999,29,610.0,315.0
64,34,509.222,31,170.0,320.0
64,37,891.429,33,185.0,320.0
64,38,886.231,75,190.0,320.0
64,39,890.93,45,195.0,320.0
64,40,853.339,11,200.0,320.0
64,42,832.544,7,210.0,320.0
64,43,864.486,28,215.0,320.0
64,44,566.159,42,220.0,320.0
64,45,536.816,30,225.0,320.0
64,46,513.0219999999999,10,230.0,320.0
64,47,470.62,37,235.0,320.0
64,48,439.51800000000003,54,240.0,320.0
64,55,592.902,47,275.0,320.0
64,56,595.902,3,280.0,320.0
64,60,771.409,6,300.0,320.0
64,62,624.295,31,310.0,320.0
64,64,523.819,23,320.0,320.0
64,68,983.207,21,340.0,320.0
64,69,982.2574999999999,10,345.0,320.0
64,71,814.1985,32,355.0,320.0
64,72,778.5070000000001,6,360.0,320.0
64,74,1016.9,25,370.0,320.0
64,76,873.034,37,380.0,320.0
64,77,875.833,7,385.0,320.0
64,78,952.315,37,390.0,320.0
64,79,960.3625,22,395.0,320.0
64,81,1226.5500000000002,32,405.0,320.0
64,84,1171.06,23,420.0,320.0
64,88,1034.89,43,440.0,320.0
64,89,1004.05,40,445.0,320.0
64,93,1381.31,7,465.0,320.0
64,95,570.408,12,475.0,320.0
64,96,577.5060000000001,18,480.0,320.0
64,98,453.6685,40,490.0,320.0
64,101,480.02,8,505.0,320.0
64,102,467.71950000000004,2,510.0,320.0
64,108,312.15999999999997,18,540.0,320.0
64,109,296.909,37,545.0,320.0
64,110,269.607,33,550.0,320.0
64,111,256.506,57,555.0,320.0
64,112,280.208,5,560.0,320.0
64,113,344.512,23,565.0,320.0
64,116,172.451,18,580.0,320.0
64,117,180.502,19,585.0,320.0
64,119,84.0993,52,595.0,320.0
64,120,72.2995,6,600.0,320.0
64,121,46.84985,2,605.0,320.0
64,122,40.0,61,610.0,320.0
65,34,488.321,32,170.0,325.0
65,37,901.827,3,185.0,325.0
65,38,884.6310000000001,76,190.0,325.0
65,39,884.531,45,195.0,325.0
65,40,890.53,71,200.0,325.0
65,41,911.025,50,205.0,325.0
65,42,906.376,36,210.0,325.0
65,43,634.292,13,215.0,325.0
65,45,509.421,4,225.0,325.0
65,46,514.0215000000001,56,230.0,325.0
65,47,469.419,70,235.0,325.0
65,48,419.966,10,240.0,325.0
65,55,610.548,42,275.0,325.0
65,59,737.467,13,295.0,325.0
65,60,764.16,43,300.0,325.0
65,61,762.8105,8,305.0,325.0
65,62,633.3924999999999,36,310.0,325.0
65,64,550.4625000000001,18,320.0,325.0
65,65,607.5485,6,325.0,325.0
65,68,1026.7,19,340.0,325.0
65,69,1011.3,27,345.0,325.0
65,70,958.7629999999999,38,350.0,325.0
65,71,902.6765,30,355.0,325.0
65,72,857.838,29,360.0,325.0
65,74,1018.75,24,370.0,325.0
65,76,894.329,41,380.0,325.0
65,77,929.02,75,385.0,325.0
65,78,998.203,83,390.0,325.0
65,79,1038.29,9,395.0,325.0
65,81,1254.94,42,405.0,325.0
65,84,1189.16,9,420.0,325.0
65,85,1221.95,25,425.0,325.0
65,88,1122.17,13,440.0,325.0
65,89,1043.89,45,445.0,325.0
65,90,1064.8400000000001,26,450.0,325.0
65,91,1242.14,9,455.0,325.0
65,92,1286.23,25,460.0,325.0
65,93,1361.11,31,465.0,325.0
65,94,1362.0149999999999,6,470.0,325.0
65,95,584.104,1,475.0,325.0
65,96,589.403,37,480.0,325.0
65,98,431.117,39,490.0,325.0
65,99,450.818,35,495.0,325.0
65,100,469.7695,16,500.0,325.0
65,101,483.42,23,505.0,325.0
65,102,507.772,2,510.0,325.0
65,111,225.305,62,555.0,325.0
65,115,127.199,25,575.0,325.0
65,116,149.85000000000002,8,580.0,325.0
65,119,68.4495,4,595.0,325.0
65,120,66.64955,26,600.0,325.0
65,122,31.0001,45,610.0,325.0
65,123,21.2,1,615.0,325.0
66,32,413.016,1,160.0,330.0
66,34,462.869,40,170.0,330.0
66,37,874.034,23,185.0,330.0
66,38,896.928,79,190.0,330.0
66,41,873.234,25,205.0,330.0
66,42,904.4265,26,210.0,330.0
66,43,622.695,43,215.0,330.0
66,44,607.9485,68,220.0,330.0
66,45,590.403,50,225.0,330.0
66,46,531.267,82,230.0,330.0
66,47,463.56899999999996,62,235.0,330.0
66,48,461.219,1,240.0,330.0
66,53,690.9285,10,265.0,330.0
66,54,698.976,1,270.0,330.0
66,55,633.992,70,275.0,330.0
66,56,657.187,21,280.0,330.0
66,57,649.788,27,285.0,330.0
66,58,659.836,50,290.0,330.0
66,59,687.979,45,295.0,330.0
66,60,733.418,14,300.0,330.0
66,62,649.588,48,310.0,330.0
66,64,620.995,3,320.0,330.0
66,65,562.61,15,325.0,330.0
66,68,1072.89,31,340.0,330.0
66,69,1106.38,18,345.0,330.0
66,72,905.576,32,360.0,330.0
66,74,1056.59,21,370.0,330.0
66,75,1067.685,4,375.0,330.0
66,76,911.524,21,380.0,330.0
66,77,1003.8,67,385.0,330.0
66,78,1078.2800000000002,82,390.0,330.0
66,79,1087.08,53,395.0,330.0
66,80,1054.09,25,400.0,330.0
66,81,1276.44,43,405.0,330.0
66,82,1189.86,3,410.0,330.0
66,85,1263.09,38,425.0,330.0
66,88,1295.43,17,440.0,330.0
66,89,1334.22,6,445.0,330.0
66,90,1098.48,43,450.0,330.0
66,91,1199.35,66,455.0,330.0
66,92,1291.48,14,460.0,330.0
66,94,1398.1100000000001,8,470.0,330.0
66,96,594.502,35,480.0,330.0
66,98,423.617,15,490.0,330.0
66,99,407.616,11,495.0,330.0
66,106,277.9075,2,530.0,330.0
66,107,261.907,13,535.0,330.0
66,108,252.606,39,540.0,330.0
66,109,237.10500000000002,36,545.0,330.0
66,110,218.904,29,550.0,330.0
66,111,212.304,55,555.0,330.0
66,115,116.049,4,575.0,330.0
66,116,111.44900000000001,12,580.0,330.0
66,120,56.249700000000004,24,600.0,330.0
66,121,39.2,1,605.0,330.0
66,122,34.349999999999994,46,610.0,330.0
66,123,22.9001,83,615.0,330.0
66,124,12.899999999999999,74,620.0,330.0
66,125,5.6,64,625.0,330.0
66,126,0.0,46,630.0,330.0
66,127,0.0,36,635.0,330.0
67,34,446.918,31,170.0,335.0
67,38,525.469,58,190.0,335.0
67,39,546.4639999999999,12,195.0,335.0
67,41,870.734,35,205.0,335.0
67,43,628.7935,18,215.0,335.0
67,44,565.509,1,220.0,335.0
67,45,578.706,31,225.0,335.0
67,46,525.4685,90,230.0,335.0
67,47,483.57000000000005,90,235.0,335.0
67,48,481.07,92,240.0,335.0
67,49,502.92150000000004,58,245.0,335.0
67,50,514.122,7,250.0,335.0
67,53,704.875,79,265.0,335.0
67,54,663.935,68,270.0,335.0
67,55,663.685,95,275.0,335.0
67,58,685.3299999999999,22,290.0,335.0
67,59,722.9205,30,295.0,335.0
67,60,689.779,1,300.0,335.0
67,62,664.485,47,310.0,335.0
67,65,591.403,31,325.0,335.0
67,68,1119.725,12,340.0,335.0
67,69,1136.37,20,345.0,335.0
67,72,915.1234999999999,18,360.0,335.0
67,74,1076.2350000000001,6,370.0,335.0
67,75,1105.2800000000002,16,375.0,335.0
67,76,1030.05,14,380.0,335.0
67,77,1014.9000000000001,110,385.0,335.0
67,78,1105.48,75,390.0,335.0
67,79,1113.58,61,395.0,335.0
67,81,1280.13,22,405.0,335.0
67,82,1287.43,3,410.0,335.0
67,85,1300.98,32,425.0,335.0
67,88,1363.9099999999999,10,440.0,335.0
67,89,1364.96,20,445.0,335.0
67,90,1146.17,33,450.0,335.0
67,91,1219.85,64,455.0,335.0
67,92,1358.52,56,460.0,335.0
67,94,1387.01,13,470.0,335.0
67,96,609.298,37,480.0,335.0
67,98,395.765,2,490.0,335.0
67,99,394.46500000000003,42,495.0,335.0
67,100,372.3635,46,500.0,335.0
67,101,357.163,44,505.0,335.0
67,102,343.662,46,510.0,335.0
67,103,331.31100000000004,46,515.0,335.0
67,104,305.909,43,520.0,335.0
67,105,290.108,33,525.0,335.0
67,106,286.108,35,530.0,335.0
67,107,258.507,13,535.0,335.0
67,108,252.806,3,540.0,335.0
67,111,195.303,62,555.0,335.0
67,113,129.099,1,565.0,335.0
67,114,123.199,11,570.0,335.0
67,115,114.799,28,575.0,335.0
67,116,105.649,52,580.0,335.0
67,117,93.0992,41,585.0,335.0
67,118,80.2993,55,590.0,335.0
67,119,66.14959999999999,48,595.0,335.0
67,120,53.8997,43,600.0,335.0
67,121,46.2999,24,605.0,335.0
67,122,38.85,76,610.0,335.0
67,123,20.8,33,615.0,335.0
67,124,11.8,55,620.0,335.0
67,125,5.9,81,625.0,335.0
67,126,0.4,89,630.0,335.0
67,127,0.0,76,635.0,335.0
68,33,396.715,3,165.0,340.0
68,34,432.317,32,170.0,340.0
68,37,510.222,24,185.0,340.0
68,38,521.92,65,190.0,340.0
68,39,540.415,42,195.0,340.0
68,40,542.4645,84,200.0,340.0
68,41,543.6645000000001,58,205.0,340.0
68,44,577.0565,18,220.0,340.0
68,45,550.263,58,225.0,340.0
68,46,508.322,65,230.0,340.0
68,47,521.12,63,235.0,340.0
68,48,547.763,90,240.0,340.0
68,49,632.593,109,245.0,340.0
68,50,583.505,91,250.0,340.0
68,51,570.508,54,255.0,340.0
68,52,727.769,49,260.0,340.0
68,53,721.221,62,265.0,340.0
68,54,692.678,9,270.0,340.0
68,55,687.179,73,275.0,340.0
68,57,736.667,35,285.0,340.0
68,58,706.475,41,290.0,340.0
68,59,737.567,43,295.0,340.0
68,60,756.062,15,300.0,340.0
68,61,747.9639999999999,4,305.0,340.0
68,62,675.182,57,310.0,340.0
68,63,645.689,1,315.0,340.0
68,64,615.097,29,320.0,340.0
68,65,598.101,51,325.0,340.0
68,66,471.22,3,330.0,340.0
68,69,1169.56,39,345.0,340.0
68,72,966.011,30,360.0,340.0
68,73,987.806,17,365.0,340.0
68,74,1027.6,24,370.0,340.0
68,75,1079.88,52,375.0,340.0
68,76,1123.0700000000002,48,380.0,340.0
68,77,1141.97,53,385.0,340.0
68,78,1108.58,7,390.0,340.0
68,79,1119.87,25,395.0,340.0
68,80,1133.37,6,400.0,340.0
68,81,1307.73,17,405.0,340.0
68,82,1334.12,28,410.0,340.0
68,83,1391.705,4,415.0,340.0
68,84,1374.6599999999999,14,420.0,340.0
68,85,1338.92,23,425.0,340.0
68,86,1348.17,26,430.0,340.0
68,88,1389.805,2,440.0,340.0
68,89,1369.16,10,445.0,340.0
68,91,1233.45,11,455.0,340.0
68,92,1352.62,67,460.0,340.0
68,93,1394.51,11,465.0,340.0
68,94,637.791,25,470.0,340.0
68,95,620.3455,8,475.0,340.0
68,96,615.047,34,480.0,340.0
68,99,387.86400000000003,38,495.0,340.0
68,100,386.814,3,500.0,340.0
68,103,321.21,3,515.0,340.0
68,104,299.309,23,520.0,340.0
68,105,254.80650000000003,6,525.0,340.0
68,111,165.401,72,555.0,340.0
68,112,150.1,36,560.0,340.0
68,113,134.399,44,565.0,340.0
68,114,118.899,45,570.0,340.0
68,115,101.499,7,575.0,340.0
68,118,68.8995,24,590.0,340.0
68,122,49.1998,63,610.0,340.0
69,34,420.816,29,170.0,345.0
69,35,437.5175,10,175.0,345.0
69,36,452.76800000000003,50,180.0,345.0
69,37,479.52,79,185.0,345.0
69,38,492.42100000000005,34,190.0,345.0
69,39,533.5165,8,195.0,345.0
69,40,539.8155,40,200.0,345.0
69,41,534.916,41,205.0,345.0
69,43,462.219,9,215.0,345.0
69,44,552.012,65,220.0,345.0
69,45,564.559,26,225.0,345.0
69,47,550.5625,40,235.0,345.0
69,48,603.0,81,240.0,345.0
69,49,646.389,89,245.0,345.0
69,50,645.589,67,250.0,345.0
69,52,734.268,3,260.0,345.0
69,53,722.071,10,265.0,345.0
69,54,705.425,24,270.0,345.0
69,55,706.075,43,275.0,345.0
69,57,757.612,12,285.0,345.0
69,59,757.462,51,295.0,345.0
69,60,776.6075,22,300.0,345.0
69,61,773.858,10,305.0,345.0
69,62,671.883,20,310.0,345.0
69,65,573.957,18,325.0,345.0
69,66,583.4045000000001,20,330.0,345.0
69,69,1209.4,42,345.0,345.0
69,72,1034.4450000000002,4,360.0,345.0
69,73,1022.75,44,365.0,345.0
69,74,998.5025,6,370.0,345.0
69,75,1159.06,39,375.0,345.0
69,77,1159.8600000000001,30,385.0,345.0
69,79,1136.57,1,395.0,345.0
69,80,1114.475,26,400.0,345.0
69,81,1334.17,18,405.0,345.0
69,82,1322.92,45,410.0,345.0
69,83,1361.26,8,415.0,345.0
69,84,1382.91,13,420.0,345.0
69,86,1375.76,10,430.0,345.0
69,87,1394.005,4,435.0,345.0
69,88,1372.01,7,440.0,345.0
69,89,1388.71,8,445.0,345.0
69,91,1241.94,1,455.0,345.0
69,92,1311.23,60,460.0,345.0
69,93,1397.26,12,465.0,345.0
69,94,631.793,13,470.0,345.0
69,95,635.7915,14,475.0,345.0
69,96,630.893,64,480.0,345.0
69,99,415.01599999999996,54,495.0,345.0
69,103,267.807,37,515.0,345.0
69,104,250.106,31,520.0,345.0
69,105,245.55599999999998,24,525.0,345.0
69,110,188.402,15,550.0,345.0
69,111,161.75099999999998,52,555.0,345.0
69,113,106.499,9,565.0,345.0
69,114,115.749,28,570.0,345.0
69,115,129.999,21,575.0,345.0
69,116,142.5495,34,580.0,345.0
69,117,156.4,1,585.0,345.0
69,118,80.0993,17,590.0,345.0
69,119,80.8993,5,595.0,345.0
69,121,66.34955,2,605.0,345.0
69,122,61.5496,56,610.0,345.0
69,123,72.2495,24,615.0,345.0
70,33,388.1145,32,165.0,350.0
70,34,393.815,58,170.0,350.0
70,35,408.416,74,175.0,350.0
70,36,415.466,56,180.0,350.0
70,37,446.018,53,185.0,350.0
70,38,504.5215,32,190.0,350.0
70,39,519.22,45,195.0,350.0
70,40,432.8175,4,200.0,350.0
70,41,436.817,33,205.0,350.0
70,42,415.616,32,210.0,350.0
70,43,438.01750000000004,42,215.0,350.0
70,45,584.904,15,225.0,350.0
70,46,592.6025,38,230.0,350.0
70,47,586.804,13,235.0,350.0
70,48,610.498,8,240.0,350.0
70,49,643.79,43,245.0,350.0
70,50,641.69,58,250.0,350.0
70,51,642.94,34,255.0,350.0
70,52,627.794,15,260.0,350.0
70,54,722.9705,16,270.0,350.0
70,55,710.3734999999999,18,275.0,350.0
70,56,716.022,22,280.0,350.0
70,57,724.37,11,285.0,350.0
70,59,778.157,33,295.0,350.0
70,60,769.959,1,300.0,350.0
70,61,742.866,1,305.0,350.0
70,62,685.88,5,310.0,350.0
70,66,601.2,31,330.0,350.0
70,69,1251.8400000000001,38,345.0,350.0
70,70,1244.49,6,350.0,350.0
70,73,1043.29,37,365.0,350.0
70,75,1160.56,33,375.0,350.0
70,76,1250.89,6,380.0,350.0
70,77,1184.46,33,385.0,350.0
70,80,1125.02,36,400.0,350.0
70,81,1311.33,5,405.0,350.0
70,82,1354.92,27,410.0,350.0
70,84,1400.81,7,420.0,350.0
70,87,1381.91,11,435.0,350.0
70,88,1443.29,3,440.0,350.0
70,89,1402.8,1,445.0,350.0
70,92,1082.68,34,460.0,350.0
70,93,1086.33,30,465.0,350.0
70,96,638.991,54,480.0,350.0
70,99,431.267,36,495.0,350.0
70,100,442.518,1,500.0,350.0
70,103,265.35699999999997,22,515.0,350.0
70,104,237.505,11,520.0,350.0
70,105,227.505,45,525.0,350.0
70,106,220.904,33,530.0,350.0
70,107,214.204,33,535.0,350.0
70,108,209.00400000000002,40,540.0,350.0
70,109,198.803,35,545.0,350.0
70,110,196.003,27,550.0,350.0
70,111,169.701,52,555.0,350.0
70,114,129.699,49,570.0,350.0
70,118,317.61,5,590.0,350.0
70,119,229.805,16,595.0,350.0
70,120,243.106,5,600.0,350.0
70,122,73.8494,42,610.0,350.0
70,123,77.9994,1,615.0,350.0
71,33,361.113,75,165.0,355.0
71,34,363.213,41,170.0,355.0
71,35,332.011,1,175.0,355.0
71,38,509.222,5,190.0,355.0
71,39,527.018,65,195.0,355.0
71,40,522.719,9,200.0,355.0
71,42,406.516,52,210.0,355.0
71,43,427.717,40,215.0,355.0
71,44,458.669,22,220.0,355.0
71,45,472.82,5,225.0,355.0
71,50,685.78,13,250.0,355.0
71,51,653.6375,34,255.0,355.0
71,52,666.334,90,260.0,355.0
71,53,658.786,73,265.0,355.0
71,54,721.821,32,270.0,355.0
71,55,713.173,1,275.0,355.0
71,59,786.655,34,295.0,355.0
71,61,852.9885,14,305.0,355.0
71,62,879.132,5,310.0,355.0
71,66,620.396,27,330.0,355.0
71,68,1369.81,13,340.0,355.0
71,69,1280.93,55,345.0,355.0
71,70,1287.53,59,350.0,355.0
71,71,1318.03,32,355.0,355.0
71,72,1331.62,7,360.0,355.0
71,73,1130.52,30,365.0,355.0
71,75,1302.43,7,375.0,355.0
71,76,1191.26,17,380.0,355.0
71,77,1169.76,16,385.0,355.0
71,78,1197.055,18,390.0,355.0
71,80,1144.37,13,400.0,355.0
71,82,1349.92,26,410.0,355.0
71,84,1404.9,11,420.0,355.0
71,85,1396.31,5,425.0,355.0
71,87,1399.1550000000002,14,435.0,355.0
71,92,889.63,18,460.0,355.0
71,93,989.0554999999999,82,465.0,355.0
71,94,1044.4450000000002,20,470.0,355.0
71,96,1082.98,36,480.0,355.0
71,99,447.46799999999996,20,495.0,355.0
71,100,443.518,15,500.0,355.0
71,103,252.806,5,515.0,355.0
71,104,254.306,17,520.0,355.0
71,105,238.405,44,525.0,355.0
71,111,193.4025,38,555.0,355.0
71,112,201.253,14,560.0,355.0
71,113,174.901,19,565.0,355.0
71,114,151.9,41,570.0,355.0
71,117,276.608,63,585.0,355.0
71,118,280.20799999999997,92,590.0,355.0
71,119,222.454,100,595.0,355.0
71,120,166.0505,16,600.0,355.0
71,122,81.7993,17,610.0,355.0
72,32,369.813,5,160.0,360.0
72,33,336.111,67,165.0,360.0
72,39,534.716,27,195.0,360.0
72,40,542.265,6,200.0,360.0
72,41,391.915,53,205.0,360.0
72,42,393.715,15,210.0,360.0
72,44,468.469,22,220.0,360.0
72,45,470.0195,22,225.0,360.0
72,46,483.77,38,230.0,360.0
72,47,487.221,19,235.0,360.0
72,48,495.121,35,240.0,360.0
72,49,502.8195,2,245.0,360.0
72,50,673.183,21,250.0,360.0
72,52,686.08,7,260.0,360.0
72,53,687.379,45,265.0,360.0
72,54,728.069,57,270.0,360.0
72,55,737.317,56,275.0,360.0
72,56,742.116,22,280.0,360.0
72,57,733.318,2,285.0,360.0
72,58,772.958,5,290.0,360.0
72,59,776.6075000000001,26,295.0,360.0
72,61,847.69,24,305.0,360.0
72,62,859.4870000000001,12,310.0,360.0
72,63,662.335,4,315.0,360.0
72,66,606.8485000000001,30,330.0,360.0
72,69,1329.22,14,345.0,360.0
72,70,1325.12,38,350.0,360.0
72,71,1282.0349999999999,2,355.0,360.0
72,72,1320.325,2,360.0,360.0
72,73,1131.07,19,365.0,360.0
72,74,1142.67,14,370.0,360.0
72,76,1272.6399999999999,18,380.0,360.0
72,77,1257.44,9,385.0,360.0
72,78,1220.15,40,390.0,360.0
72,79,1220.6,22,395.0,360.0
72,80,1224.15,33,400.0,360.0
72,81,1250.3400000000001,24,405.0,360.0
72,82,1363.3600000000001,40,410.0,360.0
72,83,1396.21,1,415.0,360.0
72,84,1408.6,1,420.0,360.0
72,85,1397.31,6,425.0,360.0
72,87,1403.4,9,435.0,360.0
72,88,1412.1,1,440.0,360.0
72,90,1202.35,14,450.0,360.0
72,91,1154.17,19,455.0,360.0
72,92,881.232,2,460.0,360.0
72,93,897.828,57,465.0,360.0
72,94,966.011,28,470.0,360.0
72,96,1030.7,29,480.0,360.0
72,99,448.368,2,495.0,360.0
72,100,459.31899999999996,36,500.0,360.0
72,102,274.908,12,510.0,360.0
72,103,271.85699999999997,32,515.0,360.0
72,104,267.35699999999997,18,520.0,360.0
72,105,247.406,39,525.0,360.0
72,111,220.35399999999998,26,555.0,360.0
72,112,207.903,59,560.0,360.0
72,113,192.6525,28,565.0,360.0
72,114,165.95100000000002,38,570.0,360.0
72,115,184.502,2,575.0,360.0
72,117,226.105,61,585.0,360.0
72,118,188.452,86,590.0,360.0
72,119,163.151,68,595.0,360.0
72,120,132.999,43,600.0,360.0
72,122,86.0993,17,610.0,360.0
72,123,87.8992,3,615.0,360.0
73,32,326.0105,10,160.0,365.0
73,33,311.91,57,165.0,365.0
73,40,372.2135,36,200.0,365.0
73,41,373.464,14,205.0,365.0
73,42,410.316,15,210.0,365.0
73,48,504.3215,20,240.0,365.0
73,49,660.286,47,245.0,365.0
73,50,672.983,16,250.0,365.0
73,52,658.4365,12,260.0,365.0
73,53,678.481,23,265.0,365.0
73,55,739.1665,24,275.0,365.0
73,56,744.265,61,280.0,365.0
73,57,754.463,25,285.0,365.0
73,58,786.355,23,290.0,365.0
73,59,762.661,5,295.0,365.0
73,61,829.944,39,305.0,365.0
73,62,706.3745,28,310.0,365.0
73,63,671.0835,6,315.0,365.0
73,66,639.091,39,330.0,365.0
73,70,1352.77,54,350.0,365.0
73,71,1359.065,2,355.0,365.0
73,73,1199.45,29,365.0,365.0
73,74,1178.16,29,370.0,365.0
73,75,1238.04,22,375.0,365.0
73,76,1241.84,22,380.0,365.0
73,77,1285.48,34,385.0,365.0
73,78,1228.75,8,390.0,365.0
73,79,1216.5500000000002,2,395.0,365.0
73,80,1229.05,25,400.0,365.0
73,82,1383.3600000000001,28,410.0,365.0
73,83,1373.71,8,415.0,365.0
73,85,1424.5,10,425.0,365.0
73,86,1405.3,12,430.0,365.0
73,87,1410.9,13,435.0,365.0
73,88,1391.86,4,440.0,365.0
73,90,996.204,5,450.0,365.0
73,91,1138.52,48,455.0,365.0
73,93,836.543,65,465.0,365.0
73,94,834.793,60,470.0,365.0
73,95,907.226,17,475.0,365.0
73,96,951.215,23,480.0,365.0
73,98,409.316,5,490.0,365.0
73,99,446.918,50,495.0,365.0
73,100,405.016,45,500.0,365.0
73,102,279.508,3,510.0,365.0
73,103,279.508,7,515.0,365.0
73,105,254.306,17,525.0,365.0
73,111,253.406,7,555.0,365.0
73,112,236.705,27,560.0,365.0
73,114,191.0525,14,570.0,365.0
73,115,183.702,23,575.0,365.0
73,116,277.358,16,580.0,365.0
73,117,223.204,45,585.0,365.0
73,118,135.799,63,590.0,365.0
73,119,114.799,46,595.0,365.0
73,120,104.999,55,600.0,365.0
73,121,97.34909999999999,20,605.0,365.0
73,122,90.0992,20,610.0,365.0
73,123,89.5492,10,615.0,365.0
74,32,295.409,53,160.0,370.0
74,33,267.907,83,165.0,370.0
74,35,289.608,5,175.0,370.0
74,36,298.909,28,180.0,370.0
74,37,310.91,33,185.0,370.0
74,38,325.411,46,190.0,370.0
74,39,340.16200000000003,56,195.0,370.0
74,40,369.463,58,200.0,370.0
74,46,549.813,7,230.0,370.0
74,47,553.612,42,235.0,370.0
74,48,573.207,26,240.0,370.0
74,49,598.601,27,245.0,370.0
74,52,675.382,21,260.0,370.0
74,55,747.315,26,275.0,370.0
74,56,752.363,46,280.0,370.0
74,58,788.754,39,290.0,370.0
74,59,789.1545,2,295.0,370.0
74,61,798.702,36,305.0,370.0
74,62,677.2315,34,310.0,370.0
74,63,683.8805,20,315.0,370.0
74,64,664.7349999999999,38,320.0,370.0
74,65,654.637,36,325.0,370.0
74,66,659.436,60,330.0,370.0
74,67,646.989,23,335.0,370.0
74,68,622.9445000000001,12,340.0,370.0
74,69,654.1375,2,345.0,370.0
74,70,1365.6100000000001,36,350.0,370.0
74,73,1238.845,36,365.0,370.0
74,74,1197.55,1,370.0,370.0
74,80,1265.3899999999999,26,400.0,370.0
74,82,1351.12,7,410.0,370.0
74,83,1376.21,25,415.0,370.0
74,85,1421.6,11,425.0,370.0
74,86,1411.8,2,430.0,370.0
74,87,1403.605,4,435.0,370.0
74,91,1058.09,49,455.0,370.0
74,93,765.6099999999999,64,465.0,370.0
74,94,738.167,59,470.0,370.0
74,100,383.86400000000003,40,500.0,370.0
74,105,271.057,22,525.0,370.0
74,111,245.2055,8,555.0,370.0
74,112,259.907,39,560.0,370.0
74,114,189.602,1,570.0,370.0
74,115,264.807,23,575.0,370.0
74,116,241.006,7,580.0,370.0
74,119,106.999,2,595.0,370.0
75,32,237.85500000000002,80,160.0,375.0
75,33,251.456,102,165.0,375.0
75,34,296.109,33,170.0,375.0
75,35,310.81,28,175.0,375.0
75,36,304.309,9,180.0,375.0
75,39,407.416,26,195.0,375.0
75,40,422.91700000000003,26,200.0,375.0
75,45,514.8715,12,225.0,375.0
75,46,540.515,31,230.0,375.0
75,47,537.966,8,235.0,375.0
75,48,570.308,15,240.0,375.0
75,49,579.805,25,245.0,375.0
75,50,593.802,27,250.0,375.0
75,51,623.295,9,255.0,375.0
75,52,682.7305,24,260.0,375.0
75,55,752.463,30,275.0,375.0
75,56,757.862,36,280.0,375.0
75,57,762.461,54,285.0,375.0
75,58,771.2090000000001,68,290.0,375.0
75,59,768.909,34,295.0,375.0
75,60,775.608,20,300.0,375.0
75,61,789.654,30,305.0,375.0
75,62,808.8995,30,310.0,375.0
75,64,671.983,37,320.0,375.0
75,66,650.788,6,330.0,375.0
75,67,590.403,7,335.0,375.0
75,68,662.1355,12,340.0,375.0
75,69,1287.3850000000002,26,345.0,375.0
75,70,1376.71,21,350.0,375.0
75,73,1279.63,39,365.0,375.0
75,74,1299.13,57,370.0,375.0
75,75,1337.92,19,375.0,375.0
75,76,1334.62,8,380.0,375.0
75,79,1273.84,15,395.0,375.0
75,80,1256.79,50,400.0,375.0
75,81,1268.84,31,405.0,375.0
75,82,1307.48,36,410.0,375.0
75,83,1296.43,53,415.0,375.0
75,84,1273.34,1,420.0,375.0
75,85,1292.88,18,425.0,375.0
75,86,1303.18,18,430.0,375.0
75,91,923.9715,48,455.0,375.0
75,92,692.878,1,460.0,375.0
75,93,735.567,53,465.0,375.0
75,94,705.775,67,470.0,375.0
75,100,364.213,39,500.0,375.0
75,101,340.612,19,505.0,375.0
75,102,333.51099999999997,26,510.0,375.0
75,103,309.11,43,515.0,375.0
75,104,289.408,52,520.0,375.0
75,105,284.808,52,525.0,375.0
75,111,282.308,13,555.0,375.0
75,112,274.108,63,560.0,375.0
75,116,375.114,4,580.0,375.0
75,117,350.162,14,585.0,375.0
75,118,376.214,25,590.0,375.0
76,32,203.503,73,160.0,380.0
76,33,247.406,73,165.0,380.0
76,39,392.415,31,195.0,380.0
76,40,397.115,29,200.0,380.0
76,42,470.119,1,210.0,380.0
76,43,459.319,19,215.0,380.0
76,45,524.519,40,225.0,380.0
76,46,529.2674999999999,4,230.0,380.0
76,51,614.6469999999999,46,255.0,380.0
76,52,639.791,5,260.0,380.0
76,55,758.562,27,275.0,380.0
76,58,776.9069999999999,20,290.0,380.0
76,59,775.9575,18,295.0,380.0
76,60,778.307,36,300.0,380.0
76,61,792.354,79,305.0,380.0
76,62,804.251,49,310.0,380.0
76,64,679.031,28,320.0,380.0
76,68,1382.71,1,340.0,380.0
76,69,1378.51,17,345.0,380.0
76,70,1382.71,17,350.0,380.0
76,73,1301.38,34,365.0,380.0
76,77,1426.1,1,385.0,380.0
76,79,1305.53,17,395.0,380.0
76,80,1285.53,11,400.0,380.0
76,83,1234.05,69,415.0,380.0
76,84,1245.44,26,420.0,380.0
76,85,1303.53,13,425.0,380.0
76,89,1037.045,10,445.0,380.0
76,90,981.0074999999999,20,450.0,380.0
76,91,840.742,41,455.0,380.0
76,92,733.218,44,460.0,380.0
76,93,709.524,50,465.0,380.0
76,94,693.178,76,470.0,380.0
76,95,655.837,6,475.0,380.0
76,100,356.6625,22,500.0,380.0
76,101,356.76250000000005,18,505.0,380.0
76,103,307.61,40,515.0,380.0
76,104,300.509,21,520.0,380.0
76,110,353.012,4,550.0,380.0
76,111,345.462,12,555.0,380.0
76,112,293.209,59,560.0,380.0
76,113,294.35900000000004,30,565.0,380.0
76,114,295.009,22,570.0,380.0
76,115,317.81,33,575.0,380.0
76,116,331.611,51,580.0,380.0
76,117,350.512,23,585.0,380.0
76,118,363.26300000000003,4,590.0,380.0
76,120,903.5765,20,600.0,380.0
76,121,896.128,41,605.0,380.0
76,122,870.335,49,610.0,380.0
76,123,876.933,19,615.0,380.0
76,124,841.542,17,620.0,380.0
77,32,183.05200000000002,76,160.0,385.0
77,33,243.206,85,165.0,385.0
77,34,246.506,13,170.0,385.0
77,35,258.90700000000004,18,175.0,385.0
77,36,301.159,16,180.0,385.0
77,37,326.411,5,185.0,385.0
77,38,326.7605,16,190.0,385.0
77,39,359.213,43,195.0,385.0
77,40,386.164,28,200.0,385.0
77,41,406.816,11,205.0,385.0
77,42,446.318,14,210.0,385.0
77,43,443.218,15,215.0,385.0
77,45,491.571,58,225.0,385.0
77,50,604.599,13,250.0,385.0
77,51,607.399,21,255.0,385.0
77,54,778.457,3,270.0,385.0
77,55,764.86,34,275.0,385.0
77,58,781.756,19,290.0,385.0
77,61,812.0485000000001,36,305.0,385.0
77,62,821.9965,64,310.0,385.0
77,63,847.39,42,315.0,385.0
77,64,680.481,46,320.0,385.0
77,65,685.73,30,325.0,385.0
77,66,703.675,13,330.0,385.0
77,67,708.4739999999999,4,335.0,385.0
77,68,1400.41,5,340.0,385.0
77,69,1384.06,14,345.0,385.0
77,70,1390.91,1,350.0,385.0
77,73,1356.02,35,365.0,385.0
77,74,1370.4099999999999,6,370.0,385.0
77,75,1267.64,1,375.0,385.0
77,76,1399.31,4,380.0,385.0
77,77,1393.005,2,385.0,385.0
77,83,1218.85,25,415.0,385.0
77,84,1224.75,19,420.0,385.0
77,85,1067.1399999999999,4,425.0,385.0
77,86,1136.4699999999998,20,430.0,385.0
77,87,1096.0300000000002,44,435.0,385.0
77,88,1063.6399999999999,54,440.0,385.0
77,89,946.216,55,445.0,385.0
77,91,846.44,5,455.0,385.0
77,92,804.9005,56,460.0,385.0
77,93,692.178,19,465.0,385.0
77,94,673.6324999999999,94,470.0,385.0
77,95,641.6905,26,475.0,385.0
77,97,512.022,7,485.0,385.0
77,100,373.914,3,500.0,385.0
77,101,394.215,25,505.0,385.0
77,103,325.911,13,515.0,385.0
77,104,320.40999999999997,42,520.0,385.0
77,105,465.819,13,525.0,385.0
77,106,457.619,42,530.0,385.0
77,107,433.36699999999996,40,535.0,385.0
77,108,397.865,42,540.0,385.0
77,109,384.86400000000003,40,545.0,385.0
77,110,380.014,43,550.0,385.0
77,111,349.11199999999997,62,555.0,385.0
77,112,328.06100000000004,56,560.0,385.0
77,116,355.01250000000005,10,580.0,385.0
77,117,410.216,26,585.0,385.0
77,118,481.07000000000005,24,590.0,385.0
77,119,447.318,16,595.0,385.0
77,120,828.4945,18,600.0,385.0
77,121,793.453,1,605.0,385.0
77,122,845.4905,40,610.0,385.0
78,25,88.1992,1,125.0,390.0
78,26,99.5991,7,130.0,390.0
78,27,110.099,15,135.0,390.0
78,28,118.899,20,140.0,390.0
78,32,195.053,60,160.0,390.0
78,33,225.005,80,165.0,390.0
78,34,241.1055,14,170.0,390.0
78,35,248.106,17,175.0,390.0
78,36,261.907,31,180.0,390.0
78,37,281.708,29,185.0,390.0
78,38,295.659,62,190.0,390.0
78,39,336.111,39,195.0,390.0
78,40,374.964,64,200.0,390.0
78,41,415.316,29,205.0,390.0
78,42,424.36699999999996,34,210.0,390.0
78,43,450.518,39,215.0,390.0
78,44,461.819,19,220.0,390.0
78,45,472.22,45,225.0,390.0
78,46,495.821,43,230.0,390.0
78,47,527.318,19,235.0,390.0
78,48,565.809,17,240.0,390.0
78,50,604.3495,30,250.0,390.0
78,54,777.4069999999999,50,270.0,390.0
78,55,770.659,16,275.0,390.0
78,56,835.143,17,280.0,390.0
78,57,800.8015,36,285.0,390.0
78,58,787.155,17,290.0,390.0
78,60,847.74,1,300.0,390.0
78,61,874.534,43,305.0,390.0
78,62,833.843,1,310.0,390.0
78,63,865.4359999999999,20,315.0,390.0
78,64,690.0785000000001,16,320.0,390.0
78,65,698.177,35,325.0,390.0
78,66,702.326,40,330.0,390.0
78,67,729.469,15,335.0,390.0
78,68,1396.71,13,340.0,390.0
78,69,1372.21,19,345.0,390.0
78,70,1406.0,13,350.0,390.0
78,71,1373.31,7,355.0,390.0
78,72,1372.21,28,360.0,390.0
78,73,1357.57,44,365.0,390.0
78,74,1362.91,15,370.0,390.0
78,75,1338.77,20,375.0,390.0
78,76,1369.56,22,380.0,390.0
78,77,1374.61,7,385.0,390.0
78,78,1391.105,2,390.0,390.0
78,79,1413.6,1,395.0,390.0
78,83,1184.96,5,415.0,390.0
78,84,1163.86,89,420.0,390.0
78,85,1174.46,75,425.0,390.0
78,86,1153.565,48,430.0,390.0
78,87,1104.88,25,435.0,390.0
78,88,1000.3,11,440.0,390.0
78,89,1053.54,78,445.0,390.0
78,92,869.735,23,460.0,390.0
78,93,679.381,7,465.0,390.0
78,94,655.887,75,470.0,390.0
78,95,601.5,58,475.0,390.0
78,96,563.1095,90,480.0,390.0
78,97,502.621,99,485.0,390.0
78,98,454.919,47,490.0,390.0
78,99,431.317,37,495.0,390.0
78,100,439.818,38,500.0,390.0
78,101,385.814,59,505.0,390.0
78,102,352.612,49,510.0,390.0
78,103,327.111,38,515.0,390.0
78,104,337.811,35,520.0,390.0
78,105,485.37,58,525.0,390.0
78,106,451.6185,16,530.0,390.0
78,107,414.916,5,535.0,390.0
78,112,347.712,28,560.0,390.0
78,113,328.011,7,565.0,390.0
78,116,442.718,9,580.0,390.0
78,117,429.567,36,585.0,390.0
78,118,393.015,2,590.0,390.0
78,120,890.43,21,600.0,390.0
78,122,856.038,37,610.0,390.0
79,18,29.3001,7,90.0,395.0
79,19,42.7999,19,95.0,395.0
79,20,56.3997,29,100.0,395.0
79,21,71.4995,47,105.0,395.0
79,22,84.4993,79,110.0,395.0
79,23,102.799,83,115.0,395.0
79,24,114.34899999999999,84,120.0,395.0
79,25,127.149,92,125.0,395.0
79,26,142.099,79,130.0,395.0
79,27,162.251,72,135.0,395.0
79,28,172.701,98,140.0,395.0
79,29,187.702,84,145.0,395.0
79,30,200.003,80,150.0,395.0
79,31,214.904,69,155.0,395.0
79,32,231.805,87,160.0,395.0
79,33,250.05599999999998,50,165.0,395.0
79,34,243.206,1,170.0,395.0
79,38,341.612,47,190.0,395.0
79,39,349.212,3,195.0,395.0
79,40,395.215,56,200.0,395.0
79,44,553.312,11,220.0,395.0
79,45,511.122,56,225.0,395.0
79,46,484.87,6,230.0,395.0
79,47,532.517,9,235.0,395.0
79,48,552.712,31,240.0,395.0
79,49,575.207,44,245.0,395.0
79,50,589.553,62,250.0,395.0
79,54,780.5564999999999,34,270.0,395.0
79,55,770.359,1,275.0,395.0
79,56,851.939,4,280.0,395.0
79,57,818.847,63,285.0,395.0
79,58,787.955,7,290.0,395.0
79,60,898.1275,20,300.0,395.0
79,61,859.837,39,305.0,395.0
79,62,869.235,7,310.0,395.0
79,66,700.176,43,330.0,395.0
79,70,1396.3600000000001,8,350.0,395.0
79,72,1374.01,11,360.0,395.0
79,73,1379.71,19,365.0,395.0
79,76,1380.91,5,380.0,395.0
79,79,1426.7,1,395.0,395.0
79,84,1255.49,54,420.0,395.0
79,89,1181.26,93,445.0,395.0
79,90,1076.98,15,450.0,395.0
79,94,656.1869999999999,76,470.0,395.0
79,95,616.097,69,475.0,395.0
79,98,472.91999999999996,34,490.0,395.0
79,102,369.363,38,510.0,395.0
79,105,510.872,56,525.0,395.0
79,112,362.413,34,560.0,395.0
79,113,351.262,40,565.0,395.0
79,114,383.714,37,570.0,395.0
79,115,405.216,31,575.0,395.0
79,116,417.116,29,580.0,395.0
79,117,448.7185,2,585.0,395.0
79,120,908.975,2,600.0,395.0
79,121,930.32,1,605.0,395.0
79,122,836.143,58,610.0,395.0
80,11,0.0,12,55.0,400.0
80,12,0.0,85,60.0,400.0
80,13,1.35,74,65.0,400.0
80,14,6.9,69,70.0,400.0
80,15,15.4,81,75.0,400.0
80,16,27.9501,62,80.0,400.0
80,17,39.8,96,85.0,400.0
80,18,53.0998,93,90.0,400.0
80,19,66.14959999999999,94,95.0,400.0
80,20,81.1993,79,100.0,400.0
80,21,95.3991,93,105.0,400.0
80,22,108.499,87,110.0,400.0
80,23,126.599,93,115.0,400.0
80,24,138.699,85,120.0,400.0
80,25,151.5,84,125.0,400.0
80,26,162.801,41,130.0,400.0
80,27,173.151,34,135.0,400.0
80,28,187.552,64,140.0,400.0
80,29,201.503,42,145.0,400.0
80,30,213.154,20,150.0,400.0
80,31,225.705,47,155.0,400.0
80,32,247.70600000000002,64,160.0,400.0
80,33,277.508,105,165.0,400.0
80,34,280.808,69,170.0,400.0
80,35,284.908,96,175.0,400.0
80,36,292.009,50,180.0,400.0
80,37,305.209,41,185.0,400.0
80,38,325.461,70,190.0,400.0
80,39,352.712,65,195.0,400.0
80,40,379.014,65,200.0,400.0
80,41,396.815,19,205.0,400.0
80,42,440.718,3,210.0,400.0
80,45,546.014,40,225.0,400.0
80,46,576.056,6,230.0,400.0
80,49,595.302,19,245.0,400.0
80,50,599.351,48,250.0,400.0
80,53,790.454,26,265.0,400.0
80,54,791.904,38,270.0,400.0
80,55,790.354,22,275.0,400.0
80,56,803.951,20,280.0,400.0
80,57,815.348,25,285.0,400.0
80,61,901.6769999999999,4,305.0,400.0
80,62,896.428,25,310.0,400.0
80,63,886.031,27,315.0,400.0
80,64,906.5260000000001,2,320.0,400.0
80,66,698.1765,40,330.0,400.0
80,67,710.474,9,335.0,400.0
80,69,1366.115,2,345.0,400.0
80,70,1400.805,4,350.0,400.0
80,72,1392.81,1,360.0,400.0
80,73,1379.6599999999999,6,365.0,400.0
80,76,1383.3049999999998,4,380.0,400.0
80,84,1257.34,47,420.0,400.0
80,85,1319.0749999999998,8,425.0,400.0
80,89,1267.74,49,445.0,400.0
80,90,1206.55,34,450.0,400.0
80,94,674.0825,76,470.0,400.0
80,95,642.29,92,475.0,400.0
80,98,509.722,51,490.0,400.0
80,102,384.614,25,510.0,400.0
80,104,577.206,3,520.0,400.0
80,105,524.369,64,525.0,400.0
80,110,490.621,23,550.0,400.0
80,111,456.019,33,555.0,400.0
80,112,413.966,48,560.0,400.0
80,113,400.91499999999996,14,565.0,400.0
80,122,779.057,44,610.0,400.0
81,11,0.0,18,55.0,405.0
81,12,0.0,61,60.0,405.0
81,13,1.9,73,65.0,405.0
81,14,7.2,88,70.0,405.0
81,15,15.6,85,75.0,405.0
81,16,28.0001,70,80.0,405.0
81,17,42.1999,85,85.0,405.0
81,18,53.79975,58,90.0,405.0
81,19,67.4495,60,95.0,405.0
81,20,82.9993,46,100.0,405.0
81,21,97.5991,51,105.0,405.0
81,22,112.399,35,110.0,405.0
81,23,124.999,5,115.0,405.0
81,32,272.107,47,160.0,405.0
81,33,311.01,58,165.0,405.0
81,35,309.81,19,175.0,405.0
81,38,351.962,22,190.0,405.0
81,40,392.415,63,200.0,405.0
81,41,429.017,33,205.0,405.0
81,42,436.817,57,210.0,405.0
81,43,424.11699999999996,46,215.0,405.0
81,44,451.96799999999996,28,220.0,405.0
81,45,561.41,21,225.0,405.0
81,46,581.305,47,230.0,405.0
81,47,589.353,44,235.0,405.0
81,48,598.801,13,240.0,405.0
81,49,601.6500000000001,28,245.0,405.0
81,50,605.799,33,250.0,405.0
81,53,784.156,39,265.0,405.0
81,56,794.453,13,280.0,405.0
81,57,834.343,43,285.0,405.0
81,58,857.338,51,290.0,405.0
81,59,867.235,25,295.0,405.0
81,63,901.027,8,315.0,405.0
81,64,888.73,18,320.0,405.0
81,65,875.233,21,325.0,405.0
81,66,714.373,39,330.0,405.0
81,67,712.273,25,335.0,405.0
81,72,1400.655,6,360.0,405.0
81,73,1392.51,3,365.0,405.0
81,76,1406.75,2,380.0,405.0
81,84,1255.94,20,420.0,405.0
81,85,1283.23,29,425.0,405.0
81,89,1284.03,23,445.0,405.0
81,90,1173.96,60,450.0,405.0
81,94,683.63,64,470.0,405.0
81,95,675.982,87,475.0,405.0
81,98,536.016,55,490.0,405.0
81,100,658.386,39,500.0,405.0
81,101,436.217,1,505.0,405.0
81,102,402.715,41,510.0,405.0
81,103,585.204,23,515.0,405.0
81,104,566.709,47,520.0,405.0
81,105,542.615,38,525.0,405.0
81,109,554.3115,6,545.0,405.0
81,110,537.716,35,550.0,405.0
81,112,470.9695,8,560.0,405.0
81,113,445.718,25,565.0,405.0
81,117,475.52,1,585.0,405.0
81,118,517.4705,24,590.0,405.0
81,119,536.716,26,595.0,405.0
81,120,684.9295,32,600.0,405.0
81,121,776.857,53,605.0,405.0
81,122,814.948,22,610.0,405.0
82,15,9.8,5,75.0,410.0
82,16,30.6001,37,80.0,410.0
82,17,39.5,20,85.0,410.0
82,18,62.4996,10,90.0,410.0
82,19,66.99955,24,95.0,410.0
82,21,110.149,8,105.0,410.0
82,22,117.199,31,110.0,410.0
82,32,313.91,51,160.0,410.0
82,33,333.511,53,165.0,410.0
82,35,314.26,42,175.0,410.0
82,38,355.0625,14,190.0,410.0
82,40,406.916,54,200.0,410.0
82,42,457.219,38,210.0,410.0
82,43,470.5695,10,215.0,410.0
82,49,614.797,33,245.0,410.0
82,50,580.005,3,250.0,410.0
82,52,637.691,3,260.0,410.0
82,53,652.188,45,265.0,410.0
82,54,659.586,35,270.0,410.0
82,55,677.882,13,275.0,410.0
82,56,674.5825,10,280.0,410.0
82,58,864.936,15,290.0,410.0
82,59,873.184,64,295.0,410.0
82,60,870.534,31,300.0,410.0
82,66,725.8199999999999,30,330.0,410.0
82,67,708.474,15,335.0,410.0
82,72,1409.8,7,360.0,410.0
82,73,1402.3,1,365.0,410.0
82,81,1285.63,7,405.0,410.0
82,83,1304.225,4,415.0,410.0
82,84,1336.32,13,420.0,410.0
82,85,1291.83,57,425.0,410.0
82,90,1061.39,59,450.0,410.0
82,94,701.676,57,470.0,410.0
82,95,715.722,116,475.0,410.0
82,96,723.17,1,480.0,410.0
82,97,591.703,1,485.0,410.0
82,98,568.7080000000001,66,490.0,410.0
82,99,597.001,15,495.0,410.0
82,100,627.694,27,500.0,410.0
82,101,410.816,16,505.0,410.0
82,102,410.916,12,510.0,410.0
82,104,571.907,33,520.0,410.0
82,105,521.32,17,525.0,410.0
82,109,523.219,7,545.0,410.0
82,110,534.617,9,550.0,410.0
82,112,448.118,1,560.0,410.0
82,113,488.121,51,565.0,410.0
82,114,501.021,50,570.0,410.0
82,115,520.52,37,575.0,410.0
82,116,530.318,43,580.0,410.0
82,117,547.2635,28,585.0,410.0
82,118,598.351,24,590.0,410.0
82,119,591.603,3,595.0,410.0
82,121,790.354,45,605.0,410.0
83,16,39.4,35,80.0,415.0
83,17,50.6998,47,85.0,415.0
83,19,72.2995,32,95.0,415.0
83,22,124.399,57,110.0,415.0
83,32,347.91200000000003,48,160.0,415.0
83,33,343.16200000000003,48,165.0,415.0
83,35,333.011,27,175.0,415.0
83,38,366.613,12,190.0,415.0
83,39,416.816,1,195.0,415.0
83,40,423.317,41,200.0,415.0
83,42,469.919,19,210.0,415.0
83,43,482.91999999999996,52,215.0,415.0
83,44,558.311,3,220.0,415.0
83,45,560.96,8,225.0,415.0
83,49,619.096,40,245.0,415.0
83,50,619.8455,2,250.0,415.0
83,52,640.491,23,260.0,415.0
83,53,636.7915,16,265.0,415.0
83,54,676.582,2,270.0,415.0
83,55,674.882,31,275.0,415.0
83,59,877.733,31,295.0,415.0
83,61,756.712,18,305.0,415.0
83,62,757.512,2,310.0,415.0
83,66,723.27,39,330.0,415.0
83,67,745.815,2,335.0,415.0
83,70,1420.8,1,350.0,415.0
83,71,1389.71,1,355.0,415.0
83,72,1393.51,5,360.0,415.0
83,80,1345.92,5,400.0,415.0
83,81,1339.12,18,405.0,415.0
83,83,1341.32,31,415.0,415.0
83,84,1313.58,32,420.0,415.0
83,85,1309.93,57,425.0,415.0
83,86,1308.38,26,430.0,415.0
83,90,1049.89,45,450.0,415.0
83,91,949.215,19,455.0,415.0
83,94,720.171,45,470.0,415.0
83,95,803.351,100,475.0,415.0
83,96,784.6055,4,480.0,415.0
83,97,590.1030000000001,6,485.0,415.0
83,98,602.05,48,490.0,415.0
83,99,645.389,5,495.0,415.0
83,100,643.99,35,500.0,415.0
83,101,432.617,23,505.0,415.0
83,104,585.604,45,520.0,415.0
83,107,596.401,9,535.0,415.0
83,109,565.309,24,545.0,415.0
83,110,571.907,5,550.0,415.0
83,111,539.115,45,555.0,415.0
83,112,515.6210000000001,26,560.0,415.0
83,113,497.371,52,565.0,415.0
83,114,467.419,3,570.0,415.0
83,121,751.1134999999999,18,605.0,415.0
83,122,740.866,37,610.0,415.0
84,16,56.0997,38,80.0,420.0
84,17,61.4996,49,85.0,420.0
84,19,79.74940000000001,40,95.0,420.0
84,22,135.299,43,110.0,420.0
84,32,360.913,34,160.0,420.0
84,33,354.012,25,165.0,420.0
84,35,329.411,9,175.0,420.0
84,38,388.46450000000004,6,190.0,420.0
84,39,439.9175,4,195.0,420.0
84,40,447.318,51,200.0,420.0
84,44,554.912,13,220.0,420.0
84,45,556.111,1,225.0,420.0
84,47,580.105,1,235.0,420.0
84,48,620.6455,22,240.0,420.0
84,49,620.096,47,245.0,420.0
84,50,621.995,39,250.0,420.0
84,51,627.444,48,255.0,420.0
84,52,630.693,64,260.0,420.0
84,53,638.691,12,265.0,420.0
84,55,667.084,27,275.0,420.0
84,58,720.221,38,290.0,420.0
84,59,721.7205,40,295.0,420.0
84,60,738.6165,10,300.0,420.0
84,61,745.315,48,305.0,420.0
84,66,721.471,41,330.0,420.0
84,67,715.972,19,335.0,420.0
84,72,1421.3,1,360.0,420.0
84,80,1363.01,9,400.0,420.0
84,81,1355.22,19,405.0,420.0
84,82,1330.42,39,410.0,420.0
84,83,1331.12,39,415.0,420.0
84,85,1341.62,12,425.0,420.0
84,86,1334.82,22,430.0,420.0
84,90,1013.0,17,450.0,420.0
84,91,874.334,69,455.0,420.0
84,92,742.9655,8,460.0,420.0
84,93,761.5115,18,465.0,420.0
84,94,743.665,47,470.0,420.0
84,95,905.026,111,475.0,420.0
84,96,915.523,9,480.0,420.0
84,97,613.297,7,485.0,420.0
84,98,608.299,47,490.0,420.0
84,99,647.539,2,495.0,420.0
84,100,662.1355,12,500.0,420.0
84,101,439.518,25,505.0,420.0
84,104,593.502,44,520.0,420.0
84,107,584.6545,32,535.0,420.0
84,108,575.607,31,540.0,420.0
84,109,589.3035,48,545.0,420.0
84,110,558.9605,30,550.0,420.0
84,111,570.7075,16,555.0,420.0
84,113,488.621,40,565.0,420.0
84,115,518.1205,8,575.0,420.0
84,116,585.254,30,580.0,420.0
84,117,609.7985,24,585.0,420.0
84,122,699.976,48,610.0,420.0
84,123,720.671,6,615.0,420.0
85,16,70.5995,35,80.0,425.0
85,17,70.1995,16,85.0,425.0
85,19,86.9992,35,95.0,425.0
85,22,143.7,49,110.0,425.0
85,23,147.8,1,115.0,425.0
85,28,438.218,9,140.0,425.0
85,29,406.9655,22,145.0,425.0
85,30,389.315,29,150.0,425.0
85,31,371.313,30,155.0,425.0
85,32,375.114,65,160.0,425.0
85,33,367.01300000000003,28,165.0,425.0
85,39,449.818,15,195.0,425.0
85,40,467.319,67,200.0,425.0
85,44,559.011,25,220.0,425.0
85,45,565.409,12,225.0,425.0
85,46,587.2035,28,230.0,425.0
85,47,598.451,48,235.0,425.0
85,48,623.5450000000001,64,240.0,425.0
85,49,626.194,13,245.0,425.0
85,52,630.5935,34,260.0,425.0
85,53,644.39,85,265.0,425.0
85,54,652.6875,56,270.0,425.0
85,55,662.685,27,275.0,425.0
85,56,671.083,21,280.0,425.0
85,57,708.2745,4,285.0,425.0
85,58,693.278,65,290.0,425.0
85,59,735.467,1,295.0,425.0
85,60,733.168,21,300.0,425.0
85,61,736.5174999999999,54,305.0,425.0
85,63,840.542,11,315.0,425.0
85,66,731.268,63,330.0,425.0
85,67,741.2660000000001,38,335.0,425.0
85,68,735.1175000000001,8,340.0,425.0
85,72,1408.1,1,360.0,425.0
85,84,1385.51,1,420.0,425.0
85,85,1346.12,27,425.0,425.0
85,86,1328.22,29,430.0,425.0
85,91,933.219,89,455.0,425.0
85,92,856.8375000000001,102,460.0,425.0
85,93,928.32,73,465.0,425.0
85,94,1017.8,69,470.0,425.0
85,95,1023.7,101,475.0,425.0
85,96,1016.3499999999999,12,480.0,425.0
85,97,523.1189999999999,6,485.0,425.0
85,98,521.22,61,490.0,425.0
85,99,491.921,31,495.0,425.0
85,100,473.72,26,500.0,425.0
85,101,454.869,46,505.0,425.0
85,102,630.093,31,510.0,425.0
85,103,614.697,32,515.0,425.0
85,104,620.695,29,520.0,425.0
85,105,616.497,25,525.0,425.0
85,106,627.494,19,530.0,425.0
85,109,708.774,32,545.0,425.0
85,113,464.519,17,565.0,425.0
85,114,496.121,52,570.0,425.0
85,115,525.019,33,575.0,425.0
85,116,571.7075,10,580.0,425.0
85,122,709.824,20,610.0,425.0
85,123,712.273,19,615.0,425.0
86,16,78.0994,47,80.0,430.0
86,19,93.8991,41,95.0,430.0
86,22,151.4,36,110.0,430.0
86,23,150.1,15,115.0,430.0
86,27,439.6175,4,135.0,430.0
86,32,387.214,71,160.0,430.0
86,33,372.714,17,165.0,430.0
86,39,456.219,5,195.0,430.0
86,40,485.52,42,200.0,430.0
86,41,562.81,7,205.0,430.0
86,42,540.815,22,210.0,430.0
86,43,568.408,35,215.0,430.0
86,44,562.1595,44,220.0,430.0
86,45,599.701,23,225.0,430.0
86,46,618.046,48,230.0,430.0
86,47,645.689,1,235.0,430.0
86,48,640.591,37,240.0,430.0
86,52,656.837,52,260.0,430.0
86,53,660.486,89,265.0,430.0
86,54,680.5809999999999,10,270.0,430.0
86,55,674.782,13,275.0,430.0
86,56,675.982,80,280.0,430.0
86,57,687.879,49,285.0,430.0
86,58,696.077,57,290.0,430.0
86,59,693.678,3,295.0,430.0
86,61,726.7695,18,305.0,430.0
86,63,830.644,21,315.0,430.0
86,65,725.27,1,325.0,430.0
86,66,742.166,87,330.0,430.0
86,67,741.716,6,335.0,430.0
86,68,732.568,8,340.0,430.0
86,84,1384.6599999999999,2,420.0,430.0
86,85,1360.0149999999999,30,425.0,430.0
86,86,1319.025,26,430.0,430.0
86,90,1208.4499999999998,24,450.0,430.0
86,91,1141.17,66,455.0,430.0
86,92,1082.78,91,460.0,430.0
86,93,1050.59,49,465.0,430.0
86,94,1081.58,11,470.0,430.0
86,95,1081.88,83,475.0,430.0
86,96,1060.19,22,480.0,430.0
86,97,541.5645,6,485.0,430.0
86,98,544.914,36,490.0,430.0
86,103,932.119,19,515.0,430.0
86,104,980.0574999999999,2,520.0,430.0
86,105,815.848,5,525.0,430.0
86,106,801.351,15,530.0,430.0
86,109,671.483,27,545.0,430.0
86,114,453.36850000000004,52,570.0,430.0
86,120,583.805,31,600.0,430.0
86,121,632.093,25,605.0,430.0
86,122,672.283,35,610.0,430.0
86,123,683.88,15,615.0,430.0
87,15,82.4993,6,75.0,435.0
87,16,88.14920000000001,60,80.0,435.0
87,17,108.549,20,85.0,435.0
87,18,120.899,4,90.0,435.0
87,19,97.8991,25,95.0,435.0
87,20,100.94900000000001,12,100.0,435.0
87,22,164.501,27,110.0,435.0
87,23,159.901,38,115.0,435.0
87,28,534.2165,2,140.0,435.0
87,29,520.92,13,145.0,435.0
87,30,492.521,17,150.0,435.0
87,31,468.919,34,155.0,435.0
87,32,430.617,51,160.0,435.0
87,33,408.416,71,165.0,435.0
87,34,407.01599999999996,48,170.0,435.0
87,35,408.216,51,175.0,435.0
87,36,432.66700000000003,46,180.0,435.0
87,37,462.719,34,185.0,435.0
87,38,501.221,49,190.0,435.0
87,39,499.721,45,195.0,435.0
87,40,521.9195,58,200.0,435.0
87,41,553.312,43,205.0,435.0
87,42,585.854,72,210.0,435.0
87,47,621.595,7,235.0,435.0
87,48,633.8425,24,240.0,435.0
87,52,668.984,37,260.0,435.0
87,53,669.2835,36,265.0,435.0
87,56,643.39,5,280.0,435.0
87,57,693.478,25,285.0,435.0
87,58,695.9275,14,290.0,435.0
87,59,710.4235,30,295.0,435.0
87,60,712.173,43,300.0,435.0
87,61,726.3195000000001,32,305.0,435.0
87,62,842.241,2,310.0,435.0
87,63,826.545,17,315.0,435.0
87,65,735.7675,4,325.0,435.0
87,66,741.066,83,330.0,435.0
87,82,1383.31,5,410.0,435.0
87,83,1407.5,3,415.0,435.0
87,84,1416.6,1,420.0,435.0
87,85,1328.4699999999998,24,425.0,435.0
87,86,1304.23,37,430.0,435.0
87,87,1288.23,33,435.0,435.0
87,88,1291.88,46,440.0,435.0
87,89,1282.63,83,445.0,435.0
87,90,1266.44,70,450.0,435.0
87,91,1209.15,93,455.0,435.0
87,92,1189.26,84,460.0,435.0
87,93,1138.72,52,465.0,435.0
87,94,1131.17,5,470.0,435.0
87,95,1040.69,80,475.0,435.0
87,96,1035.24,58,480.0,435.0
87,97,1006.7,33,485.0,435.0
87,103,905.126,29,515.0,435.0
87,105,851.039,45,525.0,435.0
87,106,775.158,64,530.0,435.0
87,109,650.788,30,545.0,435.0
87,114,430.917,57,570.0,435.0
87,115,465.419,1,575.0,435.0
87,119,595.002,1,595.0,435.0
87,120,575.207,39,600.0,435.0
88,15,92.8992,11,75.0,440.0
88,16,98.6991,41,80.0,440.0
88,17,112.649,14,85.0,440.0
88,18,109.899,2,90.0,440.0
88,19,104.799,4,95.0,440.0
88,20,107.099,26,100.0,440.0
88,22,175.05149999999998,4,110.0,440.0
88,23,173.901,37,115.0,440.0
88,28,526.219,5,140.0,440.0
88,29,516.521,19,145.0,440.0
88,30,514.3215,24,150.0,440.0
88,31,477.92,9,155.0,440.0
88,32,465.219,49,160.0,440.0
88,33,465.3195,34,165.0,440.0
88,34,449.118,15,170.0,440.0
88,35,445.218,23,175.0,440.0
88,36,464.119,29,180.0,440.0
88,37,496.571,30,185.0,440.0
88,38,532.617,29,190.0,440.0
88,39,591.303,12,195.0,440.0
88,42,593.952,50,210.0,440.0
88,47,665.784,15,235.0,440.0
88,48,635.9415,48,240.0,440.0
88,49,650.088,33,245.0,440.0
88,50,667.684,23,250.0,440.0
88,51,650.038,2,255.0,440.0
88,52,678.0815,20,260.0,440.0
88,57,700.376,39,285.0,440.0
88,61,715.1725,2,305.0,440.0
88,62,816.748,27,310.0,440.0
88,63,827.695,42,315.0,440.0
88,64,837.7425000000001,4,320.0,440.0
88,65,724.9200000000001,6,325.0,440.0
88,66,739.966,53,330.0,440.0
88,67,737.767,63,335.0,440.0
88,81,1442.09,1,405.0,440.0
88,84,1387.91,7,420.0,440.0
88,85,1374.8600000000001,8,425.0,440.0
88,86,1324.52,31,430.0,440.0
88,87,1362.01,25,435.0,440.0
88,88,1350.42,43,440.0,440.0
88,89,1286.88,66,445.0,440.0
88,90,1226.9,46,450.0,440.0
88,91,1233.55,9,455.0,440.0
88,93,1134.27,60,465.0,440.0
88,94,1099.68,21,470.0,440.0
88,95,1060.69,9,475.0,440.0
88,96,1026.345,12,480.0,440.0
88,97,983.507,33,485.0,440.0
88,98,992.9045000000001,52,490.0,440.0
88,99,974.6595,48,495.0,440.0
88,100,978.258,46,500.0,440.0
88,101,919.123,26,505.0,440.0
88,102,893.129,15,510.0,440.0
88,103,918.923,51,515.0,440.0
88,104,937.818,38,520.0,440.0
88,105,848.74,73,525.0,440.0
88,106,757.912,74,530.0,440.0
88,107,689.8285000000001,46,535.0,440.0
88,108,641.3405,34,540.0,440.0
88,109,615.097,65,545.0,440.0
88,114,386.314,29,570.0,440.0
88,115,386.514,24,575.0,440.0
88,116,440.6675,10,580.0,440.0
88,117,437.217,31,585.0,440.0
88,118,504.522,43,590.0,440.0
88,119,551.2625,30,595.0,440.0
88,120,589.303,42,600.0,440.0
88,121,594.202,12,605.0,440.0
88,122,718.2215,32,610.0,440.0
88,123,848.74,5,615.0,440.0
89,15,108.349,16,75.0,445.0
89,16,110.749,40,80.0,445.0
89,19,126.249,60,95.0,445.0
89,20,114.349,58,100.0,445.0
89,23,180.10199999999998,56,115.0,445.0
89,28,354.812,18,140.0,445.0
89,32,503.5715,54,160.0,445.0
89,33,499.321,13,165.0,445.0
89,38,537.816,6,190.0,445.0
89,39,588.7529999999999,12,195.0,445.0
89,42,608.199,49,210.0,445.0
89,43,598.101,1,215.0,445.0
89,47,653.388,39,235.0,445.0
89,48,666.384,23,240.0,445.0
89,57,726.37,71,285.0,445.0
89,58,738.2665,20,290.0,445.0
89,62,802.151,35,310.0,445.0
89,63,823.596,10,315.0,445.0
89,64,845.7405,24,320.0,445.0
89,65,839.192,2,325.0,445.0
89,86,1408.0,3,430.0,445.0
89,87,1280.33,37,435.0,445.0
89,88,1307.825,20,440.0,445.0
89,89,1286.73,9,445.0,445.0
89,93,1159.26,35,465.0,445.0
89,94,1174.76,8,470.0,445.0
89,98,1009.3,35,490.0,445.0
89,100,850.339,1,500.0,445.0
89,101,886.3309999999999,10,505.0,445.0
89,102,939.018,31,510.0,445.0
89,103,922.322,17,515.0,445.0
89,105,899.527,31,525.0,445.0
89,106,851.539,80,530.0,445.0
89,107,776.3075,66,535.0,445.0
89,108,648.989,3,540.0,445.0
89,109,601.5999999999999,34,545.0,445.0
89,113,469.719,7,565.0,445.0
89,114,391.765,28,570.0,445.0
89,115,327.511,61,575.0,445.0
89,116,362.613,31,580.0,445.0
89,117,454.0185,4,585.0,445.0
89,119,655.2875,6,595.0,445.0
89,120,676.582,39,600.0,445.0
89,121,653.3875,74,605.0,445.0
89,122,694.178,21,610.0,445.0
89,123,761.861,3,615.0,445.0
90,15,117.399,5,75.0,450.0
90,16,118.099,3,80.0,450.0
90,18,151.25,2,90.0,450.0
90,19,140.399,18,95.0,450.0
90,20,126.199,39,100.0,450.0
90,23,191.102,55,115.0,450.0
90,24,188.302,27,120.0,450.0
90,25,195.603,25,125.0,450.0
90,26,209.004,29,130.0,450.0
90,28,342.512,43,140.0,450.0
90,32,533.217,53,160.0,450.0
90,33,568.808,1,165.0,450.0
90,40,545.364,2,200.0,450.0
90,41,551.312,7,205.0,450.0
90,42,617.346,50,210.0,450.0
90,43,626.294,3,215.0,450.0
90,46,674.982,21,230.0,450.0
90,47,666.4839999999999,56,235.0,450.0
90,48,685.48,3,240.0,450.0
90,53,761.411,6,265.0,450.0
90,54,779.557,34,270.0,450.0
90,55,773.6585,22,275.0,450.0
90,56,792.054,5,280.0,450.0
90,57,736.667,37,285.0,450.0
90,58,747.964,33,290.0,450.0
90,59,759.562,43,295.0,450.0
90,60,759.362,34,300.0,450.0
90,61,761.111,24,305.0,450.0
90,62,787.005,64,310.0,450.0
90,63,797.752,21,315.0,450.0
90,64,822.796,62,320.0,450.0
90,65,843.941,22,325.0,450.0
90,87,1332.62,24,435.0,450.0
90,92,1202.05,5,460.0,450.0
90,93,1279.93,19,465.0,450.0
90,94,1245.8899999999999,18,470.0,450.0
90,97,1054.69,21,485.0,450.0
90,98,1038.99,50,490.0,450.0
90,99,1016.05,56,495.0,450.0
90,100,978.508,34,500.0,450.0
90,101,978.358,32,505.0,450.0
90,102,917.373,36,510.0,450.0
90,103,938.218,29,515.0,450.0
90,104,1000.601,2,520.0,450.0
90,105,938.068,2,525.0,450.0
90,106,881.432,42,530.0,450.0
90,107,836.943,23,535.0,450.0
90,109,575.8065,66,545.0,450.0
90,110,544.314,53,550.0,450.0
90,111,524.419,56,555.0,450.0
90,112,492.521,61,560.0,450.0
90,113,450.118,54,565.0,450.0
90,114,383.814,16,570.0,450.0
90,115,302.709,48,575.0,450.0
90,116,278.008,2,580.0,450.0
90,119,751.7135000000001,12,595.0,450.0
90,120,717.872,23,600.0,450.0
91,20,131.74900000000002,28,100.0,455.0
91,23,204.253,48,115.0,455.0
91,26,214.404,14,130.0,455.0
91,28,338.26099999999997,44,140.0,455.0
91,30,570.1579999999999,30,150.0,455.0
91,31,569.808,25,155.0,455.0
91,32,558.4110000000001,86,160.0,455.0
91,35,487.57050000000004,10,175.0,455.0
91,37,537.466,36,185.0,455.0
91,38,531.717,41,190.0,455.0
91,39,522.2194999999999,56,195.0,455.0
91,40,520.12,29,200.0,455.0
91,41,535.216,19,205.0,455.0
91,42,629.8430000000001,50,210.0,455.0
91,43,622.495,18,215.0,455.0
91,47,680.581,57,235.0,455.0
91,48,677.9815000000001,2,240.0,455.0
91,50,706.0245,8,250.0,455.0
91,53,767.16,19,265.0,455.0
91,54,782.256,19,270.0,455.0
91,56,767.0095,20,280.0,455.0
91,57,760.1115,28,285.0,455.0
91,61,741.0160000000001,2,305.0,455.0
91,62,790.654,54,310.0,455.0
91,64,826.745,39,320.0,455.0
91,81,1390.41,1,405.0,455.0
91,85,1357.52,1,425.0,455.0
91,86,1367.01,12,430.0,455.0
91,87,1354.52,17,435.0,455.0
91,89,1333.07,4,445.0,455.0
91,90,1365.21,11,450.0,455.0
91,91,1333.62,34,455.0,455.0
91,92,1327.07,30,460.0,455.0
91,93,1332.52,11,465.0,455.0
91,94,1260.84,55,470.0,455.0
91,95,1218.75,41,475.0,455.0
91,96,1159.865,78,480.0,455.0
91,97,1110.28,67,485.0,455.0
91,98,1070.1835,2,490.0,455.0
91,99,1097.68,42,495.0,455.0
91,102,946.216,28,510.0,455.0
91,103,950.015,30,515.0,455.0
91,104,985.206,29,520.0,455.0
91,105,1035.745,42,525.0,455.0
91,107,834.743,1,535.0,455.0
91,108,597.001,2,540.0,455.0
91,109,573.607,48,545.0,455.0
91,110,543.414,7,550.0,455.0
91,112,454.36850000000004,30,560.0,455.0
91,115,298.009,29,575.0,455.0
91,116,278.70799999999997,28,580.0,455.0
91,119,353.112,19,595.0,455.0
91,120,389.1145,26,600.0,455.0
91,121,415.01599999999996,42,605.0,455.0
91,122,452.318,27,610.0,455.0
92,20,138.899,19,100.0,460.0
92,21,135.399,9,105.0,460.0
92,23,215.304,39,115.0,460.0
92,26,230.105,21,130.0,460.0
92,28,332.411,27,140.0,460.0
92,30,572.507,9,150.0,460.0
92,31,561.71,1,155.0,460.0
92,32,464.919,78,160.0,460.0
92,35,495.921,24,175.0,460.0
92,36,466.819,3,180.0,460.0
92,39,504.62199999999996,32,195.0,460.0
92,40,499.2215,8,200.0,460.0
92,42,540.7650000000001,16,210.0,460.0
92,43,628.8435,26,215.0,460.0
92,44,655.337,14,220.0,460.0
92,47,686.18,45,235.0,460.0
92,48,686.579,27,240.0,460.0
92,49,675.782,31,245.0,460.0
92,50,681.031,28,250.0,460.0
92,53,733.568,37,265.0,460.0
92,54,772.658,2,270.0,460.0
92,56,766.31,4,280.0,460.0
92,57,754.163,22,285.0,460.0
92,61,804.051,1,305.0,460.0
92,62,798.152,47,310.0,460.0
92,64,833.144,31,320.0,460.0
92,65,840.392,36,325.0,460.0
92,66,859.587,6,330.0,460.0
92,86,1362.81,5,430.0,460.0
92,87,1310.13,5,435.0,460.0
92,89,1402.0,5,445.0,460.0
92,91,1341.52,1,455.0,460.0
92,92,1377.46,6,460.0,460.0
92,94,1352.02,13,470.0,460.0
92,95,1329.4250000000002,20,475.0,460.0
92,96,1325.12,44,480.0,460.0
92,97,1263.8899999999999,64,485.0,460.0
92,98,1194.76,7,490.0,460.0
92,99,1146.37,23,495.0,460.0
92,102,1005.45,36,510.0,460.0
92,105,1092.33,6,525.0,460.0
92,107,740.7165,22,535.0,460.0
92,108,632.693,17,540.0,460.0
92,109,617.196,25,545.0,460.0
92,112,428.517,39,560.0,460.0
92,115,299.35900000000004,4,575.0,460.0
92,116,259.407,63,580.0,460.0
92,117,280.408,49,585.0,460.0
92,118,320.61,43,590.0,460.0
92,119,330.311,27,595.0,460.0
92,120,369.013,11,600.0,460.0
93,20,133.899,3,100.0,465.0
93,21,144.25,28,105.0,465.0
93,22,246.406,19,110.0,465.0
93,23,223.35399999999998,46,115.0,465.0
93,25,224.505,5,125.0,465.0
93,26,229.905,37,130.0,465.0
93,28,309.71,27,140.0,465.0
93,32,443.518,59,160.0,465.0
93,35,476.32,19,175.0,465.0
93,36,485.87,38,180.0,465.0
93,37,501.9715,2,185.0,465.0
93,39,494.721,25,195.0,465.0
93,40,512.022,13,200.0,465.0
93,42,532.617,31,210.0,465.0
93,43,526.119,15,215.0,465.0
93,46,709.8734999999999,4,230.0,465.0
93,47,672.583,27,235.0,465.0
93,50,710.574,9,250.0,465.0
93,53,737.867,40,265.0,465.0
93,56,783.7055,10,280.0,465.0
93,57,771.059,6,285.0,465.0
93,61,822.246,9,305.0,465.0
93,62,813.898,50,310.0,465.0
93,94,1336.37,2,470.0,465.0
93,95,1353.52,4,475.0,465.0
93,96,1364.11,29,480.0,465.0
93,97,1311.83,44,485.0,465.0
93,98,1311.63,11,490.0,465.0
93,99,1112.58,32,495.0,465.0
93,100,1107.58,11,500.0,465.0
93,107,697.577,25,535.0,465.0
93,108,640.391,33,540.0,465.0
93,109,616.197,12,545.0,465.0
93,112,394.115,29,560.0,465.0
93,113,403.615,11,565.0,465.0
93,116,243.206,53,580.0,465.0
93,117,231.005,33,585.0,465.0
94,16,176.30200000000002,20,80.0,470.0
94,17,165.851,28,85.0,470.0
94,18,169.651,44,90.0,470.0
94,19,156.8,39,95.0,470.0
94,20,150.9,41,100.0,470.0
94,21,147.3,17,105.0,470.0
94,23,249.406,25,115.0,470.0
94,25,251.80599999999998,8,125.0,470.0
94,26,239.205,35,130.0,470.0
94,28,289.9085,34,140.0,470.0
94,31,486.12,1,155.0,470.0
94,32,428.717,53,160.0,470.0
94,35,487.421,5,175.0,470.0
94,36,471.91999999999996,76,180.0,470.0
94,37,488.821,11,185.0,470.0
94,39,480.82,17,195.0,470.0
94,40,483.52,27,200.0,470.0
94,41,511.972,10,205.0,470.0
94,42,520.3199999999999,26,210.0,470.0
94,43,525.419,47,215.0,470.0
94,44,631.9425,32,220.0,470.0
94,45,684.13,4,225.0,470.0
94,46,700.476,19,230.0,470.0
94,47,688.079,41,235.0,470.0
94,48,690.778,27,240.0,470.0
94,49,699.276,29,245.0,470.0
94,50,722.371,57,250.0,470.0
94,51,733.668,21,255.0,470.0
94,52,735.367,23,260.0,470.0
94,53,731.069,47,265.0,470.0
94,54,733.968,23,270.0,470.0
94,55,713.373,5,275.0,470.0
94,56,791.0035,40,280.0,470.0
94,57,796.453,67,285.0,470.0
94,58,760.361,1,290.0,470.0
94,62,829.345,49,310.0,470.0
94,63,830.3445,20,315.0,470.0
94,64,838.042,17,320.0,470.0
94,65,1105.23,22,325.0,470.0
94,66,1164.8600000000001,6,330.0,470.0
94,70,1175.66,49,350.0,470.0
94,71,1201.3000000000002,34,355.0,470.0
94,72,1182.26,13,360.0,470.0
94,96,1328.12,1,480.0,470.0
94,97,1321.82,1,485.0,470.0
94,99,1079.48,11,495.0,470.0
94,100,1151.07,27,500.0,470.0
94,103,1383.41,1,515.0,470.0
94,106,719.771,4,530.0,470.0
94,107,680.8810000000001,50,535.0,470.0
94,108,661.8855,44,540.0,470.0
94,112,364.21299999999997,12,560.0,470.0
94,113,361.513,39,565.0,470.0
94,116,226.105,19,580.0,470.0
94,117,210.85399999999998,60,585.0,470.0
95,18,174.301,19,90.0,475.0
95,19,172.701,12,95.0,475.0
95,23,241.05599999999998,26,115.0,475.0
95,25,259.957,4,125.0,475.0
95,26,256.406,35,130.0,475.0
95,27,259.85699999999997,30,135.0,475.0
95,28,287.808,31,140.0,475.0
95,29,300.409,27,145.0,475.0
95,30,413.316,23,150.0,475.0
95,31,425.017,36,155.0,475.0
95,32,394.315,47,160.0,475.0
95,35,393.915,1,175.0,475.0
95,36,439.618,87,180.0,475.0
95,37,446.568,54,185.0,475.0
95,38,451.318,36,190.0,475.0
95,39,465.919,40,195.0,475.0
95,40,479.57,40,200.0,475.0
95,41,492.27099999999996,40,205.0,475.0
95,42,516.021,35,210.0,475.0
95,43,564.109,89,215.0,475.0
95,44,650.638,96,220.0,475.0
95,45,642.59,18,225.0,475.0
95,46,703.075,19,230.0,475.0
95,47,704.625,8,235.0,475.0
95,50,731.2685,20,250.0,475.0
95,52,727.469,31,260.0,475.0
95,53,755.8125,12,265.0,475.0
95,54,739.966,5,270.0,475.0
95,55,821.0965,24,275.0,475.0
95,56,937.518,32,280.0,475.0
95,57,788.155,15,285.0,475.0
95,60,952.5645,8,300.0,475.0
95,61,948.3655,40,305.0,475.0
95,62,960.2125000000001,44,310.0,475.0
95,63,984.1565,42,315.0,475.0
95,64,1003.7,21,320.0,475.0
95,65,1120.57,23,325.0,475.0
95,66,1159.76,44,330.0,475.0
95,69,1133.0700000000002,4,345.0,475.0
95,70,1192.16,41,350.0,475.0
95,71,1194.3600000000001,18,355.0,475.0
95,72,1209.85,60,360.0,475.0
95,73,1194.46,37,365.0,475.0
95,74,1199.25,23,370.0,475.0
95,95,1296.23,1,475.0,475.0
95,96,1408.0500000000002,2,480.0,475.0
95,99,1197.85,27,495.0,475.0
95,100,1181.36,59,500.0,475.0
95,101,1246.69,56,505.0,475.0
95,102,1315.73,44,510.0,475.0
95,103,1336.32,19,515.0,475.0
95,106,698.9765,20,530.0,475.0
95,107,677.7315000000001,2,535.0,475.0
95,109,430.16700000000003,8,545.0,475.0
95,110,397.66499999999996,16,550.0,475.0
95,111,438.418,27,555.0,475.0
95,112,341.312,33,560.0,475.0
95,113,333.361,42,565.0,475.0
95,114,292.459,16,570.0,475.0
95,115,241.906,37,575.0,475.0
95,116,220.50400000000002,42,580.0,475.0
95,117,197.753,54,585.0,475.0
96,17,187.452,10,85.0,480.0
96,18,179.752,38,90.0,480.0
96,19,183.602,43,95.0,480.0
96,20,195.153,28,100.0,480.0
96,21,196.203,34,105.0,480.0
96,22,267.85699999999997,24,110.0,480.0
96,23,255.706,37,115.0,480.0
96,25,268.557,10,125.0,480.0
96,26,255.30599999999998,16,130.0,480.0
96,31,373.414,25,155.0,480.0
96,32,342.312,60,160.0,480.0
96,33,375.764,54,165.0,480.0
96,34,385.914,42,170.0,480.0
96,35,391.815,29,175.0,480.0
96,36,412.416,45,180.0,480.0
96,37,435.067,4,185.0,480.0
96,39,474.52,35,195.0,480.0
96,42,637.791,11,210.0,480.0
96,43,613.297,67,215.0,480.0
96,44,568.3585,58,220.0,480.0
96,45,618.696,7,225.0,480.0
96,46,711.823,20,230.0,480.0
96,47,705.075,5,235.0,480.0
96,49,720.571,5,245.0,480.0
96,50,735.467,31,250.0,480.0
96,51,728.0195,26,255.0,480.0
96,52,739.367,14,260.0,480.0
96,54,925.321,11,270.0,480.0
96,55,895.7284999999999,22,275.0,480.0
96,56,905.726,18,280.0,480.0
96,61,906.226,21,305.0,480.0
96,62,927.521,75,310.0,480.0
96,63,975.909,87,315.0,480.0
96,64,1007.25,74,320.0,480.0
96,65,1096.0300000000002,56,325.0,480.0
96,66,1146.52,16,330.0,480.0
96,69,1171.66,41,345.0,480.0
96,70,1190.955,14,350.0,480.0
96,72,1208.0500000000002,28,360.0,480.0
96,96,1384.21,1,480.0,480.0
96,97,1343.72,3,485.0,480.0
96,98,1341.92,35,490.0,480.0
96,99,1270.94,28,495.0,480.0
96,100,1264.04,53,500.0,480.0
96,103,1349.2649999999999,4,515.0,480.0
96,106,751.664,19,530.0,480.0
96,108,425.467,10,540.0,480.0
96,109,425.467,32,545.0,480.0
96,110,436.217,29,550.0,480.0
96,111,406.1155,22,555.0,480.0
96,112,353.712,13,560.0,480.0
96,113,330.711,54,565.0,480.0
96,114,264.057,14,570.0,480.0
96,117,187.052,46,585.0,480.0
96,118,176.102,9,590.0,480.0
97,18,182.85199999999998,4,90.0,485.0
97,19,174.30149999999998,4,95.0,485.0
97,21,196.803,1,105.0,485.0
97,22,269.707,3,110.0,485.0
97,23,262.307,25,115.0,485.0
97,25,268.60699999999997,14,125.0,485.0
97,26,283.408,14,130.0,485.0
97,31,354.612,29,155.0,485.0
97,32,329.011,39,160.0,485.0
97,39,488.871,26,195.0,485.0
97,42,595.002,7,210.0,485.0
97,43,611.398,47,215.0,485.0
97,51,745.765,3,255.0,485.0
97,54,908.375,26,270.0,485.0
97,55,877.733,55,275.0,485.0
97,59,882.6315,14,295.0,485.0
97,60,920.422,7,300.0,485.0
97,61,898.128,35,305.0,485.0
97,62,929.42,49,310.0,485.0
97,63,975.5084999999999,78,315.0,485.0
97,64,1030.1,114,320.0,485.0
97,65,1138.52,42,325.0,485.0
97,68,1137.02,18,340.0,485.0
97,69,1156.06,57,345.0,485.0
97,71,1229.895,6,355.0,485.0
97,72,1208.75,57,360.0,485.0
97,73,1222.095,2,365.0,485.0
97,89,924.121,1,445.0,485.0
97,90,934.819,39,450.0,485.0
97,91,936.518,41,455.0,485.0
97,92,927.321,45,460.0,485.0
97,93,927.82,35,465.0,485.0
97,94,951.9145000000001,50,470.0,485.0
97,95,922.122,17,475.0,485.0
97,96,938.118,15,480.0,485.0
97,97,1256.64,3,485.0,485.0
97,98,1373.81,6,490.0,485.0
97,99,1394.71,1,495.0,485.0
97,100,907.126,57,500.0,485.0
97,101,921.172,28,505.0,485.0
97,104,797.2025,16,520.0,485.0
97,105,794.553,49,525.0,485.0
97,106,746.565,33,530.0,485.0
97,113,288.00800000000004,40,565.0,485.0
97,116,185.902,12,580.0,485.0
97,117,169.151,28,585.0,485.0
97,118,170.851,50,590.0,485.0
98,18,339.9115,8,90.0,490.0
98,19,333.911,9,95.0,490.0
98,20,338.111,1,100.0,490.0
98,21,338.011,1,105.0,490.0
98,23,276.058,40,115.0,490.0
98,25,479.07,20,125.0,490.0
98,26,457.4185,58,130.0,490.0
98,27,447.068,42,135.0,490.0
98,28,413.81600000000003,24,140.0,490.0
98,29,401.015,37,145.0,490.0
98,30,358.51300000000003,38,150.0,490.0
98,31,317.36,40,155.0,490.0
98,32,309.61,67,160.0,490.0
98,33,336.76099999999997,42,165.0,490.0
98,34,388.6145,24,170.0,490.0
98,42,516.5005,2,210.0,490.0
98,43,543.2645,74,215.0,490.0
98,44,500.8705,28,220.0,490.0
98,45,575.607,19,225.0,490.0
98,46,574.057,40,230.0,490.0
98,47,526.4685,32,235.0,490.0
98,54,884.231,7,270.0,490.0
98,55,866.236,43,275.0,490.0
98,56,837.143,46,280.0,490.0
98,57,802.151,39,285.0,490.0
98,58,809.6495,6,290.0,490.0
98,59,874.9335000000001,32,295.0,490.0
98,61,895.7785,42,305.0,490.0
98,62,977.4585,34,310.0,490.0
98,63,1003.45,74,315.0,490.0
98,64,1021.85,60,320.0,490.0
98,65,1125.87,47,325.0,490.0
98,68,1138.27,49,340.0,490.0
98,69,1155.315,8,345.0,490.0
98,71,1220.65,21,355.0,490.0
98,72,1224.55,17,360.0,490.0
98,73,1226.55,3,365.0,490.0
98,90,919.822,13,450.0,490.0
98,91,938.818,20,455.0,490.0
98,92,913.1745,68,460.0,490.0
98,93,936.118,59,465.0,490.0
98,94,950.215,61,470.0,490.0
98,95,951.715,81,475.0,490.0
98,96,932.419,39,480.0,490.0
98,97,913.124,8,485.0,490.0
98,99,890.13,21,495.0,490.0
98,100,874.883,48,500.0,490.0
98,105,742.1659999999999,20,525.0,490.0
98,106,778.1569999999999,14,530.0,490.0
98,107,396.715,15,535.0,490.0
98,108,504.322,3,540.0,490.0
98,113,236.305,32,565.0,490.0
98,116,186.402,23,580.0,490.0
98,117,154.2,21,585.0,490.0
98,118,154.3,53,590.0,490.0
99,18,349.312,19,90.0,495.0
99,19,328.861,16,95.0,495.0
99,20,323.711,31,100.0,495.0
99,21,315.51,26,105.0,495.0
99,22,306.91,25,110.0,495.0
99,23,294.009,33,115.0,495.0
99,25,475.02,13,125.0,495.0
99,26,422.16650000000004,32,130.0,495.0
99,27,408.816,1,135.0,495.0
99,28,407.31600000000003,12,140.0,495.0
99,29,382.61400000000003,26,145.0,495.0
99,30,338.211,43,150.0,495.0
99,31,301.359,72,155.0,495.0
99,32,294.909,23,160.0,495.0
99,33,346.86199999999997,8,165.0,495.0
99,34,427.517,54,170.0,495.0
99,39,609.398,13,195.0,495.0
99,40,609.0485,30,200.0,495.0
99,41,599.0509999999999,28,205.0,495.0
99,42,563.809,42,210.0,495.0
99,43,523.019,61,215.0,495.0
99,44,502.921,37,220.0,495.0
99,45,365.113,4,225.0,495.0
99,47,585.304,51,235.0,495.0
99,48,587.9535000000001,36,240.0,495.0
99,49,616.8965000000001,8,245.0,495.0
99,54,901.727,26,270.0,495.0
99,55,899.527,1,275.0,495.0
99,57,786.955,31,285.0,495.0
99,58,817.1975,32,290.0,495.0
99,59,853.439,45,295.0,495.0
99,60,864.436,33,300.0,495.0
99,61,868.635,36,305.0,495.0
99,63,1073.19,1,315.0,495.0
99,64,1078.635,32,320.0,495.0
99,65,1100.73,14,325.0,495.0
99,67,1089.035,6,335.0,495.0
99,68,1140.87,41,340.0,495.0
99,90,936.1185,8,450.0,495.0
99,91,901.627,14,455.0,495.0
99,92,885.9304999999999,42,460.0,495.0
99,93,868.8845,4,465.0,495.0
99,96,927.271,28,480.0,495.0
99,97,913.174,10,485.0,495.0
99,99,842.741,21,495.0,495.0
99,100,837.6424999999999,32,500.0,495.0
99,105,810.949,35,525.0,495.0
99,107,386.614,11,535.0,495.0
99,108,354.912,37,540.0,495.0
99,109,293.309,33,545.0,495.0
99,110,303.609,44,550.0,495.0
99,111,262.107,33,555.0,495.0
99,112,208.95350000000002,42,560.0,495.0
99,113,193.503,17,565.0,495.0
99,118,139.799,43,590.0,495.0
99,119,133.099,21,595.0,495.0
100,23,443.218,36,115.0,500.0
100,25,416.616,25,125.0,500.0
100,26,377.06399999999996,20,130.0,500.0
100,31,281.808,62,155.0,500.0
100,32,286.908,43,160.0,500.0
100,33,316.46,18,165.0,500.0
100,34,359.913,45,170.0,500.0
100,39,639.6410000000001,40,195.0,500.0
100,40,598.101,3,200.0,500.0
100,43,501.071,64,215.0,500.0
100,47,551.112,57,235.0,500.0
100,48,584.3045,14,240.0,500.0
100,49,522.9195,44,245.0,500.0
100,50,602.4,41,250.0,500.0
100,51,607.9985,34,255.0,500.0
100,52,609.2985,22,260.0,500.0
100,53,529.518,1,265.0,500.0
100,57,773.658,31,285.0,500.0
100,60,843.641,9,300.0,500.0
100,61,828.245,54,305.0,500.0
100,62,826.445,31,310.0,500.0
100,63,825.246,11,315.0,500.0
100,64,1107.88,37,320.0,500.0
100,65,1080.68,3,325.0,500.0
100,66,1084.88,5,330.0,500.0
100,67,1104.28,37,335.0,500.0
100,68,1110.925,10,340.0,500.0
100,91,925.621,18,455.0,500.0
100,92,894.229,45,460.0,500.0
100,93,887.03,73,465.0,500.0
100,94,867.585,58,470.0,500.0
100,95,849.3895,54,475.0,500.0
100,96,847.04,73,480.0,500.0
100,97,889.53,65,485.0,500.0
100,98,873.834,81,490.0,500.0
100,99,844.941,81,495.0,500.0
100,100,816.7975,30,500.0,500.0
100,101,804.451,9,505.0,500.0
100,102,770.959,5,510.0,500.0
100,103,818.947,1,515.0,500.0
100,105,804.651,33,525.0,500.0
100,112,220.204,52,560.0,500.0
100,113,183.602,63,565.0,500.0
100,114,159.601,47,570.0,500.0
100,115,135.599,49,575.0,500.0
100,116,118.799,35,580.0,500.0
100,117,120.099,15,585.0,500.0
100,118,124.199,17,590.0,500.0
100,119,123.149,46,595.0,500.0
101,23,442.96799999999996,56,115.0,505.0
101,24,425.117,33,120.0,505.0
101,25,395.66499999999996,40,125.0,505.0
101,26,380.514,17,130.0,505.0
101,27,325.711,1,135.0,505.0
101,30,267.807,1,150.0,505.0
101,31,258.007,83,155.0,505.0
101,32,309.01,11,160.0,505.0
101,33,321.76,20,165.0,505.0
101,34,354.462,4,170.0,505.0
101,39,647.289,35,195.0,505.0
101,41,570.308,1,205.0,505.0
101,43,467.169,40,215.0,505.0
101,46,550.7125,4,230.0,505.0
101,47,480.12,45,235.0,505.0
101,51,511.222,1,255.0,505.0
101,52,557.811,17,260.0,505.0
101,53,629.3934999999999,60,265.0,505.0
101,54,651.038,8,270.0,505.0
101,56,739.7165,8,280.0,505.0
101,57,749.164,17,285.0,505.0
101,60,815.3979999999999,36,300.0,505.0
101,61,807.05,7,305.0,505.0
101,64,1098.08,43,320.0,505.0
101,66,1073.435,38,330.0,505.0
101,67,1085.03,42,335.0,505.0
101,93,630.2435,4,465.0,505.0
101,94,866.535,41,470.0,505.0
101,95,837.842,33,475.0,505.0
101,96,826.045,63,480.0,505.0
101,97,873.9839999999999,6,485.0,505.0
101,98,887.73,27,490.0,505.0
101,99,852.739,25,495.0,505.0
101,100,830.644,72,500.0,505.0
101,101,810.949,57,505.0,505.0
101,102,774.058,66,510.0,505.0
101,103,786.455,41,515.0,505.0
101,104,776.5074999999999,36,520.0,505.0
101,105,774.7080000000001,30,525.0,505.0
101,108,751.963,9,540.0,505.0
101,109,768.9095,4,545.0,505.0
101,112,305.809,59,560.0,505.0
101,116,117.899,16,580.0,505.0
101,117,110.699,22,585.0,505.0
101,118,107.799,29,590.0,505.0
101,119,106.299,38,595.0,505.0
102,23,416.116,1,115.0,510.0
102,24,411.916,5,120.0,510.0
102,25,403.665,62,125.0,510.0
102,26,379.814,45,130.0,510.0
102,27,352.36199999999997,52,135.0,510.0
102,28,340.012,57,140.0,510.0
102,29,329.51099999999997,46,145.0,510.0
102,30,292.3585,52,150.0,510.0
102,31,235.805,71,155.0,510.0
102,32,253.606,31,160.0,510.0
102,33,285.808,48,165.0,510.0
102,34,305.109,3,170.0,510.0
102,35,369.5135,18,175.0,510.0
102,39,668.084,9,195.0,510.0
102,42,479.57000000000005,16,210.0,510.0
102,43,464.519,46,215.0,510.0
102,46,405.0655,20,230.0,510.0
102,47,534.0665,22,235.0,510.0
102,53,590.303,33,265.0,510.0
102,56,727.369,31,280.0,510.0
102,57,841.742,1,285.0,510.0
102,60,787.255,37,300.0,510.0
102,61,789.954,5,305.0,510.0
102,63,1113.58,1,315.0,510.0
102,64,1088.08,42,320.0,510.0
102,66,1070.19,53,330.0,510.0
102,67,1047.29,10,335.0,510.0
102,90,1362.3600000000001,6,450.0,510.0
102,94,886.631,25,470.0,510.0
102,96,818.147,43,480.0,510.0
102,102,743.565,33,510.0,510.0
102,104,793.453,21,520.0,510.0
102,105,773.158,12,525.0,510.0
102,108,752.0135,38,540.0,510.0
102,109,736.167,21,545.0,510.0
102,110,731.4685,2,550.0,510.0
102,111,384.014,7,555.0,510.0
102,112,376.914,37,560.0,510.0
102,119,89.7992,50,595.0,510.0
103,24,406.666,10,120.0,515.0
103,25,382.164,48,125.0,515.0
103,26,361.713,7,130.0,515.0
103,29,296.30899999999997,14,145.0,515.0
103,30,264.807,86,150.0,515.0
103,31,213.904,45,155.0,515.0
103,35,348.812,23,175.0,515.0
103,36,354.412,7,180.0,515.0
103,37,583.3544999999999,6,185.0,515.0
103,38,570.5574999999999,10,190.0,515.0
103,39,532.217,18,195.0,515.0
103,40,522.12,18,200.0,515.0
103,41,487.971,38,205.0,515.0
103,42,452.218,57,210.0,515.0
103,43,448.018,35,215.0,515.0
103,46,479.57,40,230.0,515.0
103,47,442.418,7,235.0,515.0
103,51,661.086,11,255.0,515.0
103,52,660.3354999999999,34,260.0,515.0
103,53,644.99,41,265.0,515.0
103,54,657.586,5,270.0,515.0
103,56,727.669,39,280.0,515.0
103,60,775.858,45,300.0,515.0
103,61,793.753,37,305.0,515.0
103,62,1099.08,47,310.0,515.0
103,63,1078.28,59,315.0,515.0
103,64,1071.585,20,320.0,515.0
103,65,1057.69,19,325.0,515.0
103,66,1074.335,42,330.0,515.0
103,67,1077.08,55,335.0,515.0
103,68,1093.08,41,340.0,515.0
103,69,1137.17,25,345.0,515.0
103,70,1161.91,16,350.0,515.0
103,73,1201.65,30,365.0,515.0
103,74,1223.85,2,370.0,515.0
103,89,1336.27,22,445.0,515.0
103,90,1353.72,6,450.0,515.0
103,94,894.9285,16,470.0,515.0
103,95,801.251,1,475.0,515.0
103,96,808.35,43,480.0,515.0
103,98,798.6025,6,490.0,515.0
103,99,796.852,31,495.0,515.0
103,100,782.906,36,500.0,515.0
103,101,727.07,21,505.0,515.0
103,102,723.27,43,510.0,515.0
103,104,778.1569999999999,28,520.0,515.0
103,108,722.071,20,540.0,515.0
103,109,736.067,25,545.0,515.0
103,110,753.713,14,550.0,515.0
103,117,93.1992,1,585.0,515.0
103,118,89.7992,49,590.0,515.0
103,119,77.1994,45,595.0,515.0
103,120,73.3995,9,600.0,515.0
104,25,376.914,15,125.0,520.0
104,26,344.262,22,130.0,520.0
104,27,338.811,27,135.0,520.0
104,28,303.709,41,140.0,520.0
104,29,268.707,49,145.0,520.0
104,30,211.504,61,150.0,520.0
104,31,220.304,5,155.0,520.0
104,35,332.311,25,175.0,520.0
104,36,592.452,32,180.0,520.0
104,37,581.605,57,185.0,520.0
104,38,564.6089999999999,50,190.0,520.0
104,39,524.519,31,195.0,520.0
104,40,490.1705,20,200.0,520.0
104,41,483.22,7,205.0,520.0
104,42,428.117,28,210.0,520.0
104,43,437.9175,50,215.0,520.0
104,44,436.267,30,220.0,520.0
104,45,431.817,23,225.0,520.0
104,46,451.018,59,230.0,520.0
104,51,662.685,31,255.0,520.0
104,52,670.783,19,260.0,520.0
104,53,658.386,21,265.0,520.0
104,54,674.682,38,270.0,520.0
104,55,672.983,54,275.0,520.0
104,56,706.0245,60,280.0,520.0
104,57,735.767,35,285.0,520.0
104,58,746.265,7,290.0,520.0
104,59,766.3599999999999,10,295.0,520.0
104,60,764.1105,16,300.0,520.0
104,63,1081.4299999999998,66,315.0,520.0
104,64,1045.99,6,320.0,520.0
104,65,1062.59,37,325.0,520.0
104,68,1112.88,45,340.0,520.0
104,69,1117.5749999999998,34,345.0,520.0
104,70,1162.01,20,350.0,520.0
104,71,1178.86,29,355.0,520.0
104,72,1169.26,21,360.0,520.0
104,73,1184.31,90,365.0,520.0
104,74,1199.9,22,370.0,520.0
104,78,753.2135000000001,2,390.0,520.0
104,82,1332.42,4,410.0,520.0
104,83,1335.12,34,415.0,520.0
104,84,1287.78,12,420.0,520.0
104,89,1336.52,23,445.0,520.0
104,95,789.054,7,475.0,520.0
104,96,797.952,32,480.0,520.0
104,100,765.56,2,500.0,520.0
104,101,714.1725,26,505.0,520.0
104,102,695.377,21,510.0,520.0
104,104,763.4604999999999,32,520.0,520.0
104,105,737.767,24,525.0,520.0
104,106,729.669,35,530.0,520.0
104,107,706.6245,16,535.0,520.0
104,108,702.7755,38,540.0,520.0
104,109,706.4245,8,545.0,520.0
104,117,90.9492,44,585.0,520.0
104,118,80.69935,2,590.0,520.0
104,119,63.9996,12,595.0,520.0
104,120,65.64959999999999,28,600.0,520.0
105,24,294.459,6,120.0,525.0
105,25,284.708,29,125.0,525.0
105,26,268.707,24,130.0,525.0
105,27,261.15700000000004,20,135.0,525.0
105,28,257.607,3,140.0,525.0
105,29,242.506,41,145.0,525.0
105,30,202.003,32,150.0,525.0
105,33,269.40700000000004,20,165.0,525.0
105,35,309.15999999999997,28,175.0,525.0
105,42,421.316,39,210.0,525.0
105,43,428.36699999999996,12,215.0,525.0
105,46,420.66650000000004,30,230.0,525.0
105,51,691.3779999999999,42,255.0,525.0
105,52,694.378,1,260.0,525.0
105,55,700.976,31,275.0,525.0
105,57,717.522,14,285.0,525.0
105,58,738.4169999999999,20,290.0,525.0
105,59,760.0115000000001,36,295.0,525.0
105,60,789.254,1,300.0,525.0
105,63,1062.09,53,315.0,525.0
105,64,1058.14,48,320.0,525.0
105,65,1059.29,5,325.0,525.0
105,66,1009.3,11,330.0,525.0
105,67,1005.95,20,335.0,525.0
105,68,995.704,5,340.0,525.0
105,69,969.31,33,345.0,525.0
105,72,1004.9,1,360.0,525.0
105,73,985.8565,36,365.0,525.0
105,74,1000.9,29,370.0,525.0
105,75,982.307,34,375.0,525.0
105,76,928.22,23,380.0,525.0
105,78,760.061,57,390.0,525.0
105,80,788.155,5,400.0,525.0
105,82,1353.02,2,410.0,525.0
105,83,1340.52,69,415.0,525.0
105,84,1320.42,31,420.0,525.0
105,85,1292.83,22,425.0,525.0
105,86,1293.68,42,430.0,525.0
105,87,1321.92,31,435.0,525.0
105,88,1309.73,13,440.0,525.0
105,89,1337.72,44,445.0,525.0
105,95,774.058,31,475.0,525.0
105,96,783.206,18,480.0,525.0
105,101,684.58,42,505.0,525.0
105,102,718.2715000000001,2,510.0,525.0
105,104,737.867,33,520.0,525.0
105,106,737.8665000000001,2,530.0,525.0
105,107,697.6265000000001,20,535.0,525.0
105,108,688.679,47,540.0,525.0
105,109,638.291,33,545.0,525.0
105,110,597.601,25,550.0,525.0
105,111,577.606,27,555.0,525.0
105,112,578.406,27,560.0,525.0
105,113,604.499,27,565.0,525.0
105,117,64.2996,25,585.0,525.0
105,118,63.8996,26,590.0,525.0
105,119,49.8998,33,595.0,525.0
105,120,51.5998,64,600.0,525.0
106,24,311.11,1,120.0,530.0
106,26,265.207,2,130.0,530.0
106,27,247.406,7,135.0,530.0
106,28,242.006,25,140.0,530.0
106,29,229.405,45,145.0,530.0
106,30,177.80200000000002,38,150.0,530.0
106,31,184.252,20,155.0,530.0
106,32,202.353,22,160.0,530.0
106,33,254.606,65,165.0,530.0
106,34,277.708,11,170.0,530.0
106,35,282.908,41,175.0,530.0
106,36,297.009,15,180.0,530.0
106,37,315.31,22,185.0,530.0
106,38,357.713,33,190.0,530.0
106,39,366.113,49,195.0,530.0
106,40,378.514,43,200.0,530.0
106,41,395.615,43,205.0,530.0
106,42,422.767,54,210.0,530.0
106,43,396.815,17,215.0,530.0
106,46,417.4665,52,230.0,530.0
106,51,712.023,40,255.0,530.0
106,55,688.179,27,275.0,530.0
106,63,1058.74,30,315.0,530.0
106,64,1045.99,41,320.0,530.0
106,66,995.1034999999999,6,330.0,530.0
106,67,1000.35,90,335.0,530.0
106,68,983.857,74,340.0,530.0
106,69,947.6659999999999,74,345.0,530.0
106,70,937.068,24,350.0,530.0
106,72,995.204,11,360.0,530.0
106,73,971.51,5,365.0,530.0
106,75,984.6065,20,375.0,530.0
106,76,875.233,34,380.0,530.0
106,77,752.3135,66,385.0,530.0
106,78,753.263,50,390.0,530.0
106,80,759.3115,24,400.0,530.0
106,83,1337.72,11,415.0,530.0
106,85,1268.0900000000001,26,425.0,530.0
106,86,1309.2800000000002,12,430.0,530.0
106,88,1323.72,11,440.0,530.0
106,89,1361.31,9,445.0,530.0
106,95,756.362,45,475.0,530.0
106,101,657.9359999999999,60,505.0,530.0
106,102,733.9175,18,510.0,530.0
106,103,718.7715000000001,24,515.0,530.0
106,104,716.572,48,520.0,530.0
106,105,692.778,13,525.0,530.0
106,111,542.1145,28,555.0,530.0
106,113,644.59,47,565.0,530.0
106,114,656.8865,36,570.0,530.0
106,120,39.2,66,600.0,530.0
107,29,179.80200000000002,54,145.0,535.0
107,30,164.051,24,150.0,535.0
107,31,188.202,67,155.0,535.0
107,32,213.004,63,160.0,535.0
107,33,257.206,59,165.0,535.0
107,34,278.308,41,170.0,535.0
107,35,258.557,70,175.0,535.0
107,36,285.70799999999997,28,180.0,535.0
107,37,314.36,24,185.0,535.0
107,38,341.012,32,190.0,535.0
107,39,363.46299999999997,8,195.0,535.0
107,40,394.015,54,200.0,535.0
107,42,404.215,9,210.0,535.0
107,43,394.215,1,215.0,535.0
107,45,421.2665,12,225.0,535.0
107,46,423.717,25,230.0,535.0
107,49,752.063,7,245.0,535.0
107,50,785.4555,10,250.0,535.0
107,51,730.769,56,255.0,535.0
107,52,714.3225,6,260.0,535.0
107,54,692.778,16,270.0,535.0
107,55,684.93,18,275.0,535.0
107,59,1065.4850000000001,10,295.0,535.0
107,60,1070.89,15,300.0,535.0
107,63,1036.59,39,315.0,535.0
107,64,1028.85,20,320.0,535.0
107,66,990.005,1,330.0,535.0
107,67,983.107,87,335.0,535.0
107,68,955.364,94,340.0,535.0
107,69,909.625,84,345.0,535.0
107,70,920.972,2,350.0,535.0
107,72,975.659,20,360.0,535.0
107,75,920.922,46,375.0,535.0
107,76,883.6815,6,380.0,535.0
107,77,753.163,33,385.0,535.0
107,78,759.212,14,390.0,535.0
107,80,737.467,41,400.0,535.0
107,81,742.6659999999999,28,405.0,535.0
107,85,1267.8400000000001,50,425.0,535.0
107,93,600.1005,10,465.0,535.0
107,94,595.452,18,470.0,535.0
107,95,592.0525,44,475.0,535.0
107,96,729.219,22,480.0,535.0
107,97,715.2725,22,485.0,535.0
107,98,703.775,19,490.0,535.0
107,99,681.481,23,495.0,535.0
107,100,621.1455,2,500.0,535.0
107,101,635.592,45,505.0,535.0
107,105,677.6315,14,525.0,535.0
107,106,677.7315,24,530.0,535.0
107,107,647.489,34,535.0,535.0
107,108,655.987,15,540.0,535.0
107,111,507.822,35,555.0,535.0
107,120,28.4501,70,600.0,535.0
107,121,20.25,24,605.0,535.0
107,122,2.35,4,610.0,535.0
107,123,0.0,30,615.0,535.0
107,124,0.0,34,620.0,535.0
108,29,165.901,56,145.0,540.0
108,31,213.004,37,155.0,540.0
108,32,234.605,13,160.0,540.0
108,35,233.95499999999998,54,175.0,540.0
108,40,396.915,33,200.0,540.0
108,45,581.405,23,225.0,540.0
108,46,443.718,7,230.0,540.0
108,49,751.0635,4,245.0,540.0
108,50,747.065,33,250.0,540.0
108,51,753.263,65,255.0,540.0
108,54,670.583,31,270.0,540.0
108,55,684.88,16,275.0,540.0
108,59,1061.79,32,295.0,540.0
108,60,1057.0900000000001,50,300.0,540.0
108,61,1039.89,33,305.0,540.0
108,62,1010.6,35,310.0,540.0
108,63,985.406,67,315.0,540.0
108,64,1053.29,5,320.0,540.0
108,67,946.5155,24,335.0,540.0
108,68,906.626,31,340.0,540.0
108,69,878.333,71,345.0,540.0
108,70,852.539,12,350.0,540.0
108,72,979.708,33,360.0,540.0
108,75,952.814,33,375.0,540.0
108,77,740.316,40,385.0,540.0
108,79,740.566,23,395.0,540.0
108,80,724.9200000000001,10,400.0,540.0
108,84,1235.595,6,420.0,540.0
108,85,1239.94,30,425.0,540.0
108,93,617.1959999999999,38,465.0,540.0
108,94,586.804,89,470.0,540.0
108,95,559.41,35,475.0,540.0
108,99,673.183,17,495.0,540.0
108,100,642.49,51,500.0,540.0
108,101,617.596,37,505.0,540.0
108,102,617.096,17,510.0,540.0
108,103,614.197,20,515.0,540.0
108,104,618.946,2,520.0,540.0
108,108,599.301,15,540.0,540.0
108,109,601.8,37,545.0,540.0
108,110,517.521,39,550.0,540.0
108,111,453.118,19,555.0,540.0
108,120,18.8,46,600.0,540.0
108,121,11.05,86,605.0,540.0
108,122,5.55,82,610.0,540.0
108,123,0.0,77,615.0,540.0
108,124,0.0,39,620.0,540.0
109,24,175.902,31,120.0,545.0
109,26,229.805,23,130.0,545.0
109,27,217.50400000000002,38,135.0,545.0
109,28,204.253,32,140.0,545.0
109,29,151.7,72,145.0,545.0
109,31,232.405,13,155.0,545.0
109,32,243.756,6,160.0,545.0
109,35,226.805,30,175.0,545.0
109,45,534.966,38,225.0,545.0
109,51,774.258,44,255.0,545.0
109,54,667.684,8,270.0,545.0
109,55,674.682,35,275.0,545.0
109,56,917.7725,18,280.0,545.0
109,57,900.027,45,285.0,545.0
109,58,849.04,47,290.0,545.0
109,59,843.091,28,295.0,545.0
109,60,974.3565,4,300.0,545.0
109,63,947.016,57,315.0,545.0
109,64,983.407,77,320.0,545.0
109,65,1035.99,41,325.0,545.0
109,66,1024.8,17,330.0,545.0
109,69,840.042,33,345.0,545.0
109,71,968.611,77,355.0,545.0
109,72,938.168,46,360.0,545.0
109,75,934.619,51,375.0,545.0
109,77,738.4165,8,385.0,545.0
109,78,749.464,17,390.0,545.0
109,79,729.9190000000001,34,395.0,545.0
109,84,1226.145,2,420.0,545.0
109,85,1225.9499999999998,38,425.0,545.0
109,86,1171.81,24,430.0,545.0
109,87,1171.06,23,435.0,545.0
109,91,1125.47,17,455.0,545.0
109,93,582.405,43,465.0,545.0
109,94,547.613,75,470.0,545.0
109,95,542.115,31,475.0,545.0
109,99,731.9680000000001,36,495.0,545.0
109,100,691.8285000000001,26,500.0,545.0
109,103,599.401,11,515.0,545.0
109,104,587.204,42,520.0,545.0
109,105,569.608,26,525.0,545.0
109,106,571.308,25,530.0,545.0
109,107,588.703,1,535.0,545.0
109,110,481.9705,30,550.0,545.0
109,111,438.618,1,555.0,545.0
109,112,557.511,27,560.0,545.0
109,113,511.722,14,565.0,545.0
109,118,43.5999,5,590.0,545.0
109,119,36.75,6,595.0,545.0
109,120,16.2,21,600.0,545.0
109,121,15.1,77,605.0,545.0
109,122,7.79999,13,610.0,545.0
110,24,176.752,40,120.0,550.0
110,28,198.203,6,140.0,550.0
110,29,142.9,65,145.0,550.0
110,35,217.704,40,175.0,550.0
110,45,491.521,71,225.0,550.0
110,46,489.321,47,230.0,550.0
110,47,503.87149999999997,20,235.0,550.0
110,48,566.809,29,240.0,550.0
110,49,564.2595,20,245.0,550.0
110,50,579.706,7,250.0,550.0
110,54,662.285,19,270.0,550.0
110,55,664.1345,6,275.0,550.0
110,56,976.209,3,280.0,550.0
110,57,877.7825,38,285.0,550.0
110,58,817.347,5,290.0,550.0
110,59,840.292,14,295.0,550.0
110,60,800.352,51,300.0,550.0
110,61,819.747,45,305.0,550.0
110,62,824.9455,40,310.0,550.0
110,63,878.1324999999999,52,315.0,550.0
110,64,963.212,25,320.0,550.0
110,65,1012.1500000000001,22,325.0,550.0
110,66,932.969,38,330.0,550.0
110,69,843.041,27,345.0,550.0
110,71,933.019,84,355.0,550.0
110,72,910.325,37,360.0,550.0
110,74,856.638,3,370.0,550.0
110,75,880.632,49,375.0,550.0
110,76,875.933,9,380.0,550.0
110,78,748.964,5,390.0,550.0
110,79,719.0715,44,395.0,550.0
110,82,1233.45,11,410.0,550.0
110,84,1220.6,20,420.0,550.0
110,85,1223.15,15,425.0,550.0
110,87,1167.81,50,435.0,550.0
110,90,1109.88,11,450.0,550.0
110,91,1128.47,25,455.0,550.0
110,94,520.82,19,470.0,550.0
110,95,531.217,31,475.0,550.0
110,106,554.712,9,530.0,550.0
110,107,536.416,45,535.0,550.0
110,108,509.222,30,540.0,550.0
110,109,481.32,18,545.0,550.0
110,110,430.11699999999996,50,550.0,550.0
110,111,447.3185,4,555.0,550.0
110,112,503.121,51,560.0,550.0
110,113,462.719,9,565.0,550.0
110,118,51.049800000000005,34,590.0,550.0
110,119,46.0499,50,595.0,550.0
110,120,39.4,79,600.0,550.0
110,121,29.1001,71,605.0,550.0
110,122,19.05,6,610.0,550.0
111,23,154.1005,2,115.0,555.0
111,24,169.301,40,120.0,555.0
111,25,201.303,1,125.0,555.0
111,26,203.903,24,130.0,555.0
111,27,182.002,19,135.0,555.0
111,28,164.051,42,140.0,555.0
111,29,122.099,69,145.0,555.0
111,31,164.801,9,155.0,555.0
111,32,149.9,29,160.0,555.0
111,33,165.601,45,165.0,555.0
111,34,181.702,33,170.0,555.0
111,35,201.103,61,175.0,555.0
111,36,219.304,7,180.0,555.0
111,37,228.905,1,185.0,555.0
111,45,455.269,18,225.0,555.0
111,46,453.9185,12,230.0,555.0
111,49,555.3115,10,245.0,555.0
111,50,589.803,34,250.0,555.0
111,51,589.8530000000001,36,255.0,555.0
111,52,638.091,39,260.0,555.0
111,53,660.186,39,265.0,555.0
111,54,667.0840000000001,58,270.0,555.0
111,55,788.904,24,275.0,555.0
111,56,826.845,7,280.0,555.0
111,57,935.7185,22,285.0,555.0
111,60,798.952,35,300.0,555.0
111,62,857.638,7,310.0,555.0
111,63,860.137,37,315.0,555.0
111,64,936.7180000000001,22,320.0,555.0
111,65,961.912,30,325.0,555.0
111,66,791.954,41,330.0,555.0
111,69,821.5965,32,345.0,555.0
111,71,884.931,55,355.0,555.0
111,72,894.529,5,360.0,555.0
111,75,857.638,59,375.0,555.0
111,76,875.933,24,380.0,555.0
111,77,883.5815,22,385.0,555.0
111,78,867.4855,34,390.0,555.0
111,79,713.073,21,395.0,555.0
111,81,1238.99,14,405.0,555.0
111,82,1233.75,20,410.0,555.0
111,84,1200.65,58,420.0,555.0
111,85,1230.85,1,425.0,555.0
111,86,1181.36,1,430.0,555.0
111,87,1157.96,32,435.0,555.0
111,90,1107.48,39,450.0,555.0
111,91,1138.67,13,455.0,555.0
111,94,500.221,11,470.0,555.0
111,95,504.472,52,475.0,555.0
111,102,561.71,1,510.0,555.0
111,103,532.217,32,515.0,555.0
111,104,528.218,17,520.0,555.0
111,105,513.522,7,525.0,555.0
111,109,471.42,15,545.0,555.0
111,110,417.116,41,550.0,555.0
111,111,400.065,32,555.0,555.0
111,112,434.817,22,560.0,555.0
111,120,54.4497,34,600.0,555.0
111,121,41.8999,47,605.0,555.0
112,23,157.8,15,115.0,560.0
112,24,156.2,27,120.0,560.0
112,28,136.099,33,140.0,560.0
112,29,112.399,39,145.0,560.0
112,31,137.149,24,155.0,560.0
112,32,127.599,69,160.0,560.0
112,33,144.1,23,165.0,560.0
112,34,185.602,25,170.0,560.0
112,35,199.703,42,175.0,560.0
112,36,224.1045,40,180.0,560.0
112,37,243.55599999999998,44,185.0,560.0
112,38,278.008,35,190.0,560.0
112,39,302.709,44,195.0,560.0
112,40,309.51,41,200.0,560.0
112,41,206.7035,34,205.0,560.0
112,45,435.117,31,225.0,560.0
112,51,657.686,1,255.0,560.0
112,52,625.3945,16,260.0,560.0
112,54,775.6575,2,270.0,560.0
112,55,750.764,9,275.0,560.0
112,56,782.956,35,280.0,560.0
112,57,754.363,53,285.0,560.0
112,58,735.667,19,290.0,560.0
112,59,760.361,18,295.0,560.0
112,60,796.952,33,300.0,560.0
112,62,923.222,17,310.0,560.0
112,63,917.523,3,315.0,560.0
112,65,768.0095,14,325.0,560.0
112,66,784.356,33,330.0,560.0
112,67,800.752,15,335.0,560.0
112,68,804.5509999999999,14,340.0,560.0
112,69,821.846,43,345.0,560.0
112,70,816.7475,28,350.0,560.0
112,71,831.644,43,355.0,560.0
112,72,852.2384999999999,48,360.0,560.0
112,73,852.539,39,365.0,560.0
112,74,836.393,32,370.0,560.0
112,75,854.538,53,375.0,560.0
112,77,711.8235,6,385.0,560.0
112,78,701.5255,38,390.0,560.0
112,79,1227.55,34,395.0,560.0
112,80,1242.54,45,400.0,560.0
112,81,1221.9,56,405.0,560.0
112,82,1215.45,1,410.0,560.0
112,83,1153.07,13,415.0,560.0
112,84,1180.56,36,420.0,560.0
112,86,1126.17,27,430.0,560.0
112,87,1153.62,16,435.0,560.0
112,90,1089.48,65,450.0,560.0
112,94,482.82000000000005,34,470.0,560.0
112,95,489.921,33,475.0,560.0
112,104,561.76,2,520.0,560.0
112,105,518.221,31,525.0,560.0
112,106,488.221,33,530.0,560.0
112,107,476.62,45,535.0,560.0
112,108,451.9685,16,540.0,560.0
112,109,424.567,30,545.0,560.0
112,110,386.864,22,550.0,560.0
112,120,63.3996,65,600.0,560.0
112,121,53.999750000000006,36,605.0,560.0
113,23,150.2,17,115.0,565.0
113,24,162.50099999999998,60,120.0,565.0
113,25,183.302,27,125.0,565.0
113,26,171.801,28,130.0,565.0
113,27,152.55,36,135.0,565.0
113,28,125.449,56,140.0,565.0
113,29,102.599,40,145.0,565.0
113,32,104.599,51,160.0,565.0
113,37,263.207,26,185.0,565.0
113,41,204.15300000000002,44,205.0,565.0
113,45,427.217,28,225.0,565.0
113,46,415.316,19,230.0,565.0
113,47,452.9185,2,235.0,565.0
113,51,594.6015,28,255.0,565.0
113,52,616.696,35,260.0,565.0
113,53,651.3879999999999,6,265.0,565.0
113,55,759.462,7,275.0,565.0
113,56,742.7655,8,280.0,565.0
113,57,725.72,26,285.0,565.0
113,59,697.027,18,295.0,565.0
113,60,766.3095000000001,20,300.0,565.0
113,62,897.228,21,310.0,565.0
113,65,770.509,22,325.0,565.0
113,66,780.5564999999999,28,330.0,565.0
113,67,795.453,23,335.0,565.0
113,68,809.4495,18,340.0,565.0
113,69,807.25,46,345.0,565.0
113,70,826.545,7,350.0,565.0
113,71,833.044,11,355.0,565.0
113,72,841.6415,2,360.0,565.0
113,75,710.024,70,375.0,565.0
113,76,690.8285000000001,48,380.0,565.0
113,77,698.676,61,385.0,565.0
113,78,701.776,37,390.0,565.0
113,79,739.9665,6,395.0,565.0
113,80,1210.85,54,400.0,565.0
113,81,1185.76,47,405.0,565.0
113,82,1168.06,34,410.0,565.0
113,83,1152.67,53,415.0,565.0
113,84,1178.6100000000001,42,420.0,565.0
113,85,1154.62,46,425.0,565.0
113,86,1133.27,57,430.0,565.0
113,87,1102.58,47,435.0,565.0
113,88,1078.58,49,440.0,565.0
113,89,1071.19,45,445.0,565.0
113,90,1056.99,16,450.0,565.0
113,94,455.919,27,470.0,565.0
113,95,455.969,32,475.0,565.0
113,96,492.021,5,480.0,565.0
113,102,455.0185,40,510.0,565.0
113,103,441.618,37,515.0,565.0
113,104,431.817,8,520.0,565.0
113,108,405.616,15,540.0,565.0
113,109,390.865,64,545.0,565.0
113,110,386.61400000000003,2,550.0,565.0
113,120,73.8994,69,600.0,565.0
113,121,65.8996,29,605.0,565.0
114,23,137.949,38,115.0,570.0
114,24,138.749,18,120.0,570.0
114,28,95.4991,56,140.0,570.0
114,29,75.9994,35,145.0,570.0
114,30,86.59925,32,150.0,570.0
114,31,91.0492,36,155.0,570.0
114,32,89.2992,72,160.0,570.0
114,37,278.808,13,185.0,570.0
114,40,198.103,4,200.0,570.0
114,41,214.054,58,205.0,570.0
114,42,232.255,38,210.0,570.0
114,45,405.716,43,225.0,570.0
114,46,415.716,22,230.0,570.0
114,47,437.617,45,235.0,570.0
114,48,462.919,43,240.0,570.0
114,49,476.42,50,245.0,570.0
114,50,498.321,19,250.0,570.0
114,51,550.413,47,255.0,570.0
114,52,635.442,2,260.0,570.0
114,53,633.592,19,265.0,570.0
114,55,787.055,9,275.0,570.0
114,56,707.4739999999999,48,280.0,570.0
114,57,622.2950000000001,2,285.0,570.0
114,59,623.145,34,295.0,570.0
114,60,608.249,2,300.0,570.0
114,62,906.826,3,310.0,570.0
114,65,758.962,50,325.0,570.0
114,66,786.505,4,330.0,570.0
114,69,807.4,34,345.0,570.0
114,75,687.579,36,375.0,570.0
114,77,712.2235000000001,32,385.0,570.0
114,78,720.371,67,390.0,570.0
114,80,1216.65,19,400.0,570.0
114,81,1257.84,19,405.0,570.0
114,83,1112.58,26,415.0,570.0
114,84,1136.37,15,420.0,570.0
114,86,1139.37,37,430.0,570.0
114,89,1066.79,54,445.0,570.0
114,92,480.22,12,460.0,570.0
114,93,465.419,1,465.0,570.0
114,94,433.617,21,470.0,570.0
114,95,462.519,3,475.0,570.0
114,96,480.72,24,480.0,570.0
114,97,500.621,25,485.0,570.0
114,98,493.721,23,490.0,570.0
114,99,513.7215,14,495.0,570.0
114,103,463.069,4,515.0,570.0
114,104,409.216,22,520.0,570.0
114,105,410.016,29,525.0,570.0
114,106,374.864,24,530.0,570.0
114,107,360.163,12,535.0,570.0
114,109,339.3115,50,545.0,570.0
114,120,86.3493,64,600.0,570.0
114,121,85.8993,24,605.0,570.0
115,23,125.799,46,115.0,575.0
115,24,136.74900000000002,36,120.0,575.0
115,25,121.699,22,125.0,575.0
115,26,111.799,18,130.0,575.0
115,27,99.74905,20,135.0,575.0
115,28,75.79939999999999,58,140.0,575.0
115,29,56.59975,4,145.0,575.0
115,32,76.3494,42,160.0,575.0
115,37,148.55,14,185.0,575.0
115,40,176.852,16,200.0,575.0
115,41,212.904,28,205.0,575.0
115,45,401.715,45,225.0,575.0
115,48,465.2195,2,240.0,575.0
115,49,468.1195,4,245.0,575.0
115,50,513.921,18,250.0,575.0
115,51,534.017,63,255.0,575.0
115,52,609.798,1,260.0,575.0
115,54,735.5675,2,270.0,575.0
115,55,717.272,19,275.0,575.0
115,56,683.03,38,280.0,575.0
115,59,610.698,35,295.0,575.0
115,65,755.9125,42,325.0,575.0
115,69,802.251,37,345.0,575.0
115,75,683.88,41,375.0,575.0
115,77,755.862,1,385.0,575.0
115,78,728.169,35,390.0,575.0
115,79,1281.2849999999999,14,395.0,575.0
115,80,1271.14,45,400.0,575.0
115,81,1256.54,35,405.0,575.0
115,83,1087.08,6,415.0,575.0
115,84,1115.375,30,420.0,575.0
115,86,1180.96,33,430.0,575.0
115,88,1048.19,10,440.0,575.0
115,89,1050.49,32,445.0,575.0
115,92,463.319,48,460.0,575.0
115,93,447.918,80,465.0,575.0
115,94,420.6665,54,470.0,575.0
115,99,510.072,22,495.0,575.0
115,100,523.319,23,500.0,575.0
115,101,532.017,13,505.0,575.0
115,106,329.1605,2,530.0,575.0
115,107,344.412,27,535.0,575.0
115,108,311.81,38,540.0,575.0
115,109,291.309,89,545.0,575.0
115,110,314.96000000000004,60,550.0,575.0
115,111,358.96299999999997,38,555.0,575.0
115,112,393.91499999999996,6,560.0,575.0
115,120,93.04915,96,600.0,575.0
115,121,96.4991,11,605.0,575.0
116,23,119.999,44,115.0,580.0
116,24,101.24905000000001,4,120.0,580.0
116,28,57.7997,67,140.0,580.0
116,32,69.4995,45,160.0,580.0
116,37,141.399,40,185.0,580.0
116,40,183.502,25,200.0,580.0
116,41,205.103,3,205.0,580.0
116,44,381.414,10,220.0,580.0
116,45,393.115,23,225.0,580.0
116,50,544.414,21,250.0,580.0
116,51,583.0545,34,255.0,580.0
116,52,585.754,4,260.0,580.0
116,54,658.7360000000001,12,270.0,580.0
116,55,646.4395,86,275.0,580.0
116,56,640.6405,50,280.0,580.0
116,58,605.399,1,290.0,580.0
116,59,604.299,29,295.0,580.0
116,65,750.1635000000001,52,325.0,580.0
116,69,786.655,50,345.0,580.0
116,75,677.9815,24,375.0,580.0
116,76,672.183,10,380.0,580.0
116,78,736.617,36,390.0,580.0
116,79,1307.83,35,395.0,580.0
116,80,1292.63,34,400.0,580.0
116,81,1268.99,50,405.0,580.0
116,84,1095.73,40,420.0,580.0
116,86,1171.26,7,430.0,580.0
116,88,1055.3400000000001,38,440.0,580.0
116,89,1065.69,3,445.0,580.0
116,94,394.315,47,470.0,580.0
116,95,377.36400000000003,8,475.0,580.0
116,103,374.1635,2,515.0,580.0
116,104,293.909,5,520.0,580.0
116,108,262.10699999999997,4,540.0,580.0
116,109,276.308,31,545.0,580.0
116,112,369.9135,2,560.0,580.0
116,119,102.69905,2,595.0,580.0
116,120,111.299,80,600.0,580.0
116,121,106.399,1,605.0,580.0
117,23,116.599,21,115.0,585.0
117,24,104.999,61,120.0,585.0
117,25,91.4992,77,125.0,585.0
117,26,73.6994,70,130.0,585.0
117,27,56.6997,74,135.0,585.0
117,28,39.4,73,140.0,585.0
117,29,40.8999,16,145.0,585.0
117,30,44.2499,6,150.0,585.0
117,32,60.2997,57,160.0,585.0
117,33,83.8993,1,165.0,585.0
117,34,94.8991,15,170.0,585.0
117,35,102.84899999999999,8,175.0,585.0
117,36,110.69900000000001,8,180.0,585.0
117,37,126.549,44,185.0,585.0
117,38,147.75,12,190.0,585.0
117,39,165.201,49,195.0,585.0
117,40,184.252,64,200.0,585.0
117,44,372.214,31,220.0,585.0
117,45,376.7135,12,225.0,585.0
117,50,605.649,52,250.0,585.0
117,55,622.7950000000001,26,275.0,585.0
117,56,601.0505,34,280.0,585.0
117,58,601.2,14,290.0,585.0
117,59,586.304,21,295.0,585.0
117,64,726.9694999999999,20,320.0,585.0
117,65,735.0174999999999,46,325.0,585.0
117,69,767.56,61,345.0,585.0
117,75,671.483,21,375.0,585.0
117,76,669.584,25,380.0,585.0
117,78,743.915,28,390.0,585.0
117,79,771.259,13,395.0,585.0
117,80,1293.93,24,400.0,585.0
117,81,1290.08,46,405.0,585.0
117,84,1076.03,44,420.0,585.0
117,85,1104.98,1,425.0,585.0
117,88,1032.045,52,440.0,585.0
117,91,673.8824999999999,4,455.0,585.0
117,94,398.96500000000003,42,470.0,585.0
117,95,362.863,44,475.0,585.0
117,96,345.512,50,480.0,585.0
117,97,327.56100000000004,36,485.0,585.0
117,98,320.51,46,490.0,585.0
117,99,303.709,33,495.0,585.0
117,100,302.609,19,500.0,585.0
117,101,333.211,3,505.0,585.0
117,103,276.158,30,515.0,585.0
117,104,263.907,13,520.0,585.0
117,108,253.356,24,540.0,585.0
117,109,266.307,35,545.0,585.0
117,119,92.54915,6,595.0,585.0
117,120,104.199,71,600.0,585.0
118,27,38.7,10,135.0,590.0
118,28,27.0501,78,140.0,590.0
118,29,35.150000000000006,30,145.0,590.0
118,30,43.3999,29,150.0,590.0
118,31,59.5497,36,155.0,590.0
118,32,70.1995,51,160.0,590.0
118,33,79.3994,37,165.0,590.0
118,34,89.3492,44,170.0,590.0
118,35,102.599,51,175.0,590.0
118,36,113.049,40,180.0,590.0
118,37,124.449,52,185.0,590.0
118,38,151.4,21,190.0,590.0
118,39,184.902,53,195.0,590.0
118,40,212.204,43,200.0,590.0
118,44,352.312,51,220.0,590.0
118,45,355.3125,58,225.0,590.0
118,46,335.111,1,230.0,590.0
118,50,609.6479999999999,2,250.0,590.0
118,55,586.504,45,275.0,590.0
118,56,575.6065000000001,14,280.0,590.0
118,58,574.057,36,290.0,590.0
118,59,586.1535,2,295.0,590.0
118,64,719.371,53,320.0,590.0
118,65,729.869,59,325.0,590.0
118,66,754.563,34,330.0,590.0
118,69,752.663,63,345.0,590.0
118,75,668.284,3,375.0,590.0
118,76,664.385,49,380.0,590.0
118,78,751.264,29,390.0,590.0
118,79,756.162,33,395.0,590.0
118,80,1290.4299999999998,14,400.0,590.0
118,81,1298.53,13,405.0,590.0
118,84,1069.49,19,420.0,590.0
118,85,1059.89,35,425.0,590.0
118,86,1035.19,24,430.0,590.0
118,87,1023.0999999999999,80,435.0,590.0
118,88,1023.45,38,440.0,590.0
118,91,627.4935,34,455.0,590.0
118,93,407.866,4,465.0,590.0
118,94,418.06600000000003,38,470.0,590.0
118,98,291.809,1,490.0,590.0
118,99,286.25800000000004,14,495.0,590.0
118,100,276.95799999999997,26,500.0,590.0
118,101,263.757,36,505.0,590.0
118,102,250.506,49,510.0,590.0
118,103,225.005,50,515.0,590.0
118,104,216.404,3,520.0,590.0
118,108,231.505,57,540.0,590.0
118,109,230.805,9,545.0,590.0
118,113,94.9991,3,565.0,590.0
118,114,91.2992,28,570.0,590.0
118,119,69.39949999999999,12,595.0,590.0
118,120,83.9993,72,600.0,590.0
119,27,20.95,10,135.0,595.0
119,28,19.5,65,140.0,595.0
119,31,55.9997,19,155.0,595.0
119,32,62.8996,9,160.0,595.0
119,36,141.4495,8,180.0,595.0
119,37,149.7,41,185.0,595.0
119,44,333.511,49,220.0,595.0
119,45,352.712,14,225.0,595.0
119,54,541.515,5,270.0,595.0
119,55,557.211,79,275.0,595.0
119,58,575.806,37,290.0,595.0
119,64,700.976,49,320.0,595.0
119,65,717.972,39,325.0,595.0
119,66,732.968,25,330.0,595.0
119,68,689.979,9,340.0,595.0
119,69,702.6755,62,345.0,595.0
119,70,719.721,26,350.0,595.0
119,71,742.466,29,355.0,595.0
119,72,750.364,23,360.0,595.0
119,76,665.0844999999999,30,380.0,595.0
119,78,766.76,3,390.0,595.0
119,79,758.062,1,395.0,595.0
119,82,1205.05,10,410.0,595.0
119,84,986.306,1,420.0,595.0
119,85,1033.545,4,425.0,595.0
119,87,991.5550000000001,46,435.0,595.0
119,88,1014.6,31,440.0,595.0
119,90,555.911,13,450.0,595.0
119,91,552.412,69,455.0,595.0
119,92,528.918,60,460.0,595.0
119,93,498.821,70,465.0,595.0
119,94,500.471,10,470.0,595.0
119,102,227.705,3,510.0,595.0
119,103,225.705,53,515.0,595.0
119,104,203.503,14,520.0,595.0
119,105,198.503,36,525.0,595.0
119,106,206.40300000000002,24,530.0,595.0
119,107,224.7045,4,535.0,595.0
119,108,183.902,70,540.0,595.0
119,109,210.304,1,545.0,595.0
119,114,68.4995,39,570.0,595.0
119,115,81.6993,75,575.0,595.0
119,116,87.8992,43,580.0,595.0
119,117,91.0992,4,585.0,595.0
119,119,59.89965,26,595.0,595.0
119,120,58.4997,55,600.0,595.0
120,27,12.35,22,135.0,600.0
120,28,12.0,57,140.0,600.0
120,31,49.3498,44,155.0,600.0
120,36,160.401,5,180.0,600.0
120,37,173.901,41,185.0,600.0
120,38,194.153,32,190.0,600.0
120,42,344.512,13,210.0,600.0
120,43,330.511,25,215.0,600.0
120,44,312.81,58,220.0,600.0
120,47,277.108,10,235.0,600.0
120,54,503.87149999999997,22,270.0,600.0
120,55,531.417,47,275.0,600.0
120,58,552.812,47,290.0,600.0
120,64,703.4749999999999,70,320.0,600.0
120,65,696.977,43,325.0,600.0
120,66,702.4255,38,330.0,600.0
120,67,690.1785,16,335.0,600.0
120,68,701.776,15,340.0,600.0
120,69,698.027,26,345.0,600.0
120,76,656.337,34,380.0,600.0
120,77,655.487,7,385.0,600.0
120,78,678.281,33,390.0,600.0
120,79,1279.83,35,395.0,600.0
120,80,1222.15,26,400.0,600.0
120,81,1169.8600000000001,52,405.0,600.0
120,82,1137.62,58,410.0,600.0
120,86,992.205,7,430.0,600.0
120,87,965.011,32,435.0,600.0
120,90,576.3065,22,450.0,600.0
120,91,579.406,11,455.0,600.0
120,92,478.66999999999996,24,460.0,600.0
120,93,450.168,36,465.0,600.0
120,94,420.216,23,470.0,600.0
120,95,403.765,30,475.0,600.0
120,96,404.4655,10,480.0,600.0
120,97,355.412,5,485.0,600.0
120,98,351.91200000000003,50,490.0,600.0
120,99,327.611,23,495.0,600.0
120,100,307.9595,12,500.0,600.0
120,102,298.80899999999997,6,510.0,600.0
120,103,323.411,57,515.0,600.0
120,106,169.701,5,530.0,600.0
120,107,186.702,35,535.0,600.0
120,108,146.05,76,540.0,600.0
120,115,55.2997,26,575.0,600.0
120,116,52.8998,68,580.0,600.0
120,117,56.1997,86,585.0,600.0
120,118,58.1997,66,590.0,600.0
120,119,45.549899999999994,86,595.0,600.0
120,120,25.3501,46,600.0,600.0
121,27,5.3,31,135.0,605.0
121,28,6.0,47,140.0,605.0
121,31,39.3,48,155.0,605.0
121,43,340.212,4,215.0,605.0
121,44,309.01,23,220.0,605.0
121,45,294.309,49,225.0,605.0
121,46,271.007,60,230.0,605.0
121,47,267.557,44,235.0,605.0
121,49,368.913,25,245.0,605.0
121,54,499.371,44,270.0,605.0
121,55,502.021,24,275.0,605.0
121,57,521.6695,4,285.0,605.0
121,58,537.4159999999999,32,290.0,605.0
121,64,680.381,69,320.0,605.0
121,69,622.195,21,345.0,605.0
121,70,599.5505,6,350.0,605.0
121,73,639.6405,34,365.0,605.0
121,74,649.0385,46,370.0,605.0
121,75,634.5920000000001,56,375.0,605.0
121,76,657.487,39,380.0,605.0
121,77,641.49,13,385.0,605.0
121,78,667.384,3,390.0,605.0
121,79,1292.03,51,395.0,605.0
121,80,1235.1,58,400.0,605.0
121,81,1148.67,5,405.0,605.0
121,82,1094.78,24,410.0,605.0
121,86,937.418,45,430.0,605.0
121,87,934.519,6,435.0,605.0
121,90,601.95,48,450.0,605.0
121,94,432.017,37,470.0,605.0
121,95,402.515,3,475.0,605.0
121,96,388.1645,18,480.0,605.0
121,97,378.814,39,485.0,605.0
121,98,361.613,17,490.0,605.0
121,100,313.71,5,500.0,605.0
121,101,309.8595,10,505.0,605.0
121,102,312.21,21,510.0,605.0
121,103,280.658,60,515.0,605.0
121,104,278.20799999999997,54,520.0,605.0
121,105,262.507,32,525.0,605.0
121,106,242.4555,14,530.0,605.0
121,107,167.251,30,535.0,605.0
121,108,143.6,49,540.0,605.0
121,109,129.449,18,545.0,605.0
121,110,125.749,30,550.0,605.0
121,111,119.849,50,555.0,605.0
121,112,107.399,4,560.0,605.0
121,116,50.9998,3,580.0,605.0
121,117,44.2999,23,585.0,605.0
121,118,36.1,82,590.0,605.0
121,119,24.8001,85,595.0,605.0
121,120,14.9,34,600.0,605.0
122,23,20.5,14,115.0,610.0
122,24,17.0,63,120.0,610.0
122,25,10.8,57,125.0,610.0
122,26,5.1,48,130.0,610.0
122,27,0.0,66,135.0,610.0
122,28,0.0,27,140.0,610.0
122,31,25.0001,49,155.0,610.0
122,41,157.70049999999998,2,205.0,610.0
122,42,176.302,37,210.0,610.0
122,46,245.906,27,230.0,610.0
122,47,221.604,3,235.0,610.0
122,49,350.612,61,245.0,610.0
122,50,375.86400000000003,32,250.0,610.0
122,52,399.515,8,260.0,610.0
122,53,448.568,4,265.0,610.0
122,54,480.62,58,270.0,610.0
122,55,533.417,3,275.0,610.0
122,57,540.415,11,285.0,610.0
122,58,515.1714999999999,14,290.0,610.0
122,63,688.479,3,315.0,610.0
122,64,659.736,62,320.0,610.0
122,69,597.8009999999999,14,345.0,610.0
122,70,619.996,23,350.0,610.0
122,73,637.291,35,365.0,610.0
122,75,605.999,2,375.0,610.0
122,76,662.985,33,380.0,610.0
122,79,1253.94,23,395.0,610.0
122,80,1217.55,73,400.0,610.0
122,81,1112.475,18,405.0,610.0
122,82,1046.74,48,410.0,610.0
122,83,968.409,2,415.0,610.0
122,84,1005.2,13,420.0,610.0
122,85,948.3154999999999,28,425.0,610.0
122,86,908.875,48,430.0,610.0
122,90,609.698,41,450.0,610.0
122,94,455.669,30,470.0,610.0
122,97,389.215,21,485.0,610.0
122,98,402.31550000000004,4,490.0,610.0
122,104,263.607,19,520.0,610.0
122,105,245.706,55,525.0,610.0
122,106,223.60399999999998,84,530.0,610.0
122,107,199.20299999999997,82,535.0,610.0
122,108,159.701,42,540.0,610.0
122,109,126.19900000000001,2,545.0,610.0
122,111,107.44900000000001,44,555.0,610.0
122,112,110.299,1,560.0,610.0
122,117,61.0496,30,585.0,610.0
122,118,44.8999,89,590.0,610.0
122,119,29.5001,80,595.0,610.0
122,120,17.1,61,600.0,610.0
122,121,8.6,91,605.0,610.0
122,122,1.9,69,610.0,610.0
122,123,0.0,74,615.0,610.0
122,124,0.0,31,620.0,610.0
123,27,0.0,68,135.0,615.0
123,28,0.0,92,140.0,615.0
123,29,4.65,74,145.0,615.0
123,30,9.85,66,150.0,615.0
123,31,16.2,74,155.0,615.0
123,32,32.5001,40,160.0,615.0
123,33,47.59985,20,165.0,615.0
123,34,56.8497,6,170.0,615.0
123,41,149.1,27,205.0,615.0
123,42,160.501,24,210.0,615.0
123,46,234.60500000000002,30,230.0,615.0
123,48,265.507,3,240.0,615.0
123,49,314.71,91,245.0,615.0
123,50,333.511,47,250.0,615.0
123,52,402.015,28,260.0,615.0
123,53,427.317,42,265.0,615.0
123,54,458.469,48,270.0,615.0
123,57,506.422,47,285.0,615.0
123,58,524.119,1,290.0,615.0
123,63,643.69,5,315.0,615.0
123,64,633.0425,68,320.0,615.0
123,65,654.4369999999999,28,325.0,615.0
123,70,631.6424999999999,18,350.0,615.0
123,73,645.989,31,365.0,615.0
123,76,655.287,20,380.0,615.0
123,77,1276.9850000000001,14,385.0,615.0
123,78,1272.74,29,390.0,615.0
123,79,1267.09,42,395.0,615.0
123,80,1144.22,52,400.0,615.0
123,81,1086.38,11,405.0,615.0
123,82,1001.6,16,410.0,615.0
123,83,985.406,29,415.0,615.0
123,84,962.6120000000001,8,420.0,615.0
123,85,907.1255,8,425.0,615.0
123,86,888.53,24,430.0,615.0
123,89,662.485,25,445.0,615.0
123,90,648.689,33,450.0,615.0
123,93,494.821,6,465.0,615.0
123,94,496.821,23,470.0,615.0
123,97,409.416,36,485.0,615.0
123,98,442.01800000000003,56,490.0,615.0
123,99,470.16949999999997,24,495.0,615.0
123,100,498.371,10,500.0,615.0
123,105,235.755,36,525.0,615.0
123,106,206.603,27,530.0,615.0
123,107,182.402,23,535.0,615.0
123,108,156.15,34,540.0,615.0
123,109,123.499,70,545.0,615.0
123,110,114.399,37,550.0,615.0
123,111,107.799,50,555.0,615.0
123,112,99.34909999999999,40,560.0,615.0
123,113,92.0992,61,565.0,615.0
123,114,81.6493,66,570.0,615.0
123,115,73.9994,45,575.0,615.0
123,116,65.6996,79,580.0,615.0
123,117,57.249700000000004,82,585.0,615.0
123,118,41.6999,92,590.0,615.0
123,119,26.7001,21,595.0,615.0
123,121,7.3,1,605.0,615.0
123,122,1.4,15,610.0,615.0
123,123,0.0,27,615.0,615.0
123,124,0.0,13,620.0,615.0
124,27,4.25,74,135.0,620.0
124,28,2.6,31,140.0,620.0
124,30,10.4,15,150.0,620.0
124,31,14.75,30,155.0,620.0
124,32,21.0,55,160.0,620.0
124,33,35.3,61,165.0,620.0
124,34,46.4999,90,170.0,620.0
124,35,61.7996,81,175.0,620.0
124,36,74.1994,57,180.0,620.0
124,37,85.0993,63,185.0,620.0
124,38,96.9991,41,190.0,620.0
124,39,102.749,32,195.0,620.0
124,40,112.749,8,200.0,620.0
124,41,136.899,32,205.0,620.0
124,42,148.4,6,210.0,620.0
124,46,219.304,36,230.0,620.0
124,48,262.40700000000004,46,240.0,620.0
124,49,278.608,55,245.0,620.0
124,50,301.609,19,250.0,620.0
124,52,347.66200000000003,20,260.0,620.0
124,57,491.021,47,285.0,620.0
124,60,549.713,9,300.0,620.0
124,61,587.6535,24,305.0,620.0
124,62,608.5985000000001,58,310.0,620.0
124,63,623.495,54,315.0,620.0
124,64,606.9985,12,320.0,620.0
124,65,635.492,39,325.0,620.0
124,67,666.9845,4,335.0,620.0
124,68,677.6315,22,340.0,620.0
124,69,656.1865,22,345.0,620.0
124,70,610.198,45,350.0,620.0
124,73,624.395,39,365.0,620.0
124,77,1288.73,20,385.0,620.0
124,78,1209.255,2,390.0,620.0
124,80,1027.2,19,400.0,620.0
124,82,1020.3,5,410.0,620.0
124,83,1035.69,27,415.0,620.0
124,85,871.634,29,425.0,620.0
124,86,888.83,3,430.0,620.0
124,88,673.083,9,440.0,620.0
124,89,653.2875,38,445.0,620.0
124,90,664.685,21,450.0,620.0
124,93,570.908,1,465.0,620.0
124,94,547.713,3,470.0,620.0
124,97,443.51800000000003,58,485.0,620.0
124,98,490.521,94,490.0,620.0
124,99,584.0540000000001,78,495.0,620.0
124,100,561.66,72,500.0,620.0
124,104,302.8595,16,520.0,620.0
124,105,262.15700000000004,32,525.0,620.0
124,106,225.8545,4,530.0,620.0
124,109,131.699,31,545.0,620.0
124,113,84.7993,3,565.0,620.0
124,114,71.8495,10,570.0,620.0
124,115,70.7995,33,575.0,620.0
124,116,68.09955,14,580.0,620.0
124,117,66.74955,16,585.0,620.0
124,118,55.649699999999996,70,590.0,620.0
124,119,33.9001,7,595.0,620.0
125,27,10.5,77,135.0,625.0
125,28,9.7,33,140.0,625.0
125,32,29.9501,40,160.0,625.0
125,34,49.5998,15,170.0,625.0
125,35,52.049800000000005,30,175.0,625.0
125,36,62.4996,5,180.0,625.0
125,37,65.7996,15,185.0,625.0
125,38,74.5994,33,190.0,625.0
125,39,79.3994,38,195.0,625.0
125,40,91.9992,71,200.0,625.0
125,41,112.999,88,205.0,625.0
125,42,137.54899999999998,60,210.0,625.0
125,43,153.15,66,215.0,625.0
125,44,167.901,71,220.0,625.0
125,45,185.102,46,225.0,625.0
125,46,200.403,57,230.0,625.0
125,47,228.505,13,235.0,625.0
125,48,246.156,42,240.0,625.0
125,52,335.511,23,260.0,625.0
125,57,467.919,39,285.0,625.0
125,60,538.016,53,300.0,625.0
125,61,561.8095000000001,34,305.0,625.0
125,62,603.5,3,310.0,625.0
125,65,655.0375,46,325.0,625.0
125,66,655.587,32,330.0,625.0
125,67,646.189,25,335.0,625.0
125,68,632.393,4,340.0,625.0
125,70,598.801,39,350.0,625.0
125,73,625.9939999999999,48,365.0,625.0
125,74,623.695,7,370.0,625.0
125,76,593.902,1,380.0,625.0
125,78,1038.29,1,390.0,625.0
125,79,1012.6,9,395.0,625.0
125,80,1006.1,47,400.0,625.0
125,83,1065.99,27,415.0,625.0
125,85,841.5415,30,425.0,625.0
125,88,704.7745,12,440.0,625.0
125,89,672.633,40,445.0,625.0
125,90,668.734,2,450.0,625.0
125,97,496.421,64,485.0,625.0
125,98,566.509,85,490.0,625.0
125,99,679.1315,92,495.0,625.0
125,100,653.388,63,500.0,625.0
125,103,315.65999999999997,30,515.0,625.0
125,104,305.459,38,520.0,625.0
125,105,275.308,5,525.0,625.0
125,109,144.4,40,545.0,625.0
125,114,78.39935,4,570.0,625.0
125,115,75.7494,24,575.0,625.0
125,118,73.8494,70,590.0,625.0
126,27,17.35,70,135.0,630.0
126,28,17.7,8,140.0,630.0
126,32,40.5,33,160.0,630.0
126,34,59.149699999999996,26,170.0,630.0
126,35,60.09965,14,175.0,630.0
126,40,85.7493,56,200.0,630.0
126,41,94.29910000000001,4,205.0,630.0
126,42,93.7991,1,210.0,630.0
126,44,138.049,18,220.0,630.0
126,45,150.3,21,225.0,630.0
126,46,171.801,33,230.0,630.0
126,47,190.002,46,235.0,630.0
126,48,206.103,83,240.0,630.0
126,49,224.505,85,245.0,630.0
126,50,244.856,62,250.0,630.0
126,51,271.557,44,255.0,630.0
126,52,310.01,50,260.0,630.0
126,53,344.61199999999997,20,265.0,630.0
126,54,404.8655,10,270.0,630.0
126,55,419.866,4,275.0,630.0
126,56,435.017,11,280.0,630.0
126,57,451.418,43,285.0,630.0
126,58,467.5695,12,290.0,630.0
126,59,456.669,18,295.0,630.0
126,60,496.121,86,300.0,630.0
126,61,546.714,21,305.0,630.0
126,65,495.121,24,325.0,630.0
126,66,523.819,29,330.0,630.0
126,70,581.805,33,350.0,630.0
126,73,631.593,51,365.0,630.0
126,74,595.002,35,370.0,630.0
126,75,630.593,33,375.0,630.0
126,76,645.789,25,380.0,630.0
126,78,568.758,70,390.0,630.0
126,79,564.009,65,395.0,630.0
126,80,932.819,45,400.0,630.0
126,83,1063.49,3,415.0,630.0
126,84,874.134,11,420.0,630.0
126,85,832.844,61,425.0,630.0
126,86,810.999,30,430.0,630.0
126,87,802.4010000000001,2,435.0,630.0
126,96,488.621,5,480.0,630.0
126,97,545.814,73,485.0,630.0
126,98,662.285,93,490.0,630.0
126,99,714.4225,90,495.0,630.0
126,100,669.384,10,500.0,630.0
126,102,349.812,16,510.0,630.0
126,103,324.01099999999997,30,515.0,630.0
126,104,331.06100000000004,22,520.0,630.0
126,105,238.105,25,525.0,630.0
126,106,219.104,25,530.0,630.0
126,107,201.303,27,535.0,630.0
126,108,183.402,29,540.0,630.0
126,109,152.7,37,545.0,630.0
126,114,93.8991,3,570.0,630.0
126,115,82.5493,30,575.0,630.0
126,117,91.64920000000001,12,585.0,630.0
126,118,82.9993,78,590.0,630.0
127,27,24.400100000000002,62,135.0,635.0
127,28,31.600049999999996,4,140.0,635.0
127,32,51.2498,26,160.0,635.0
127,34,60.699650000000005,12,170.0,635.0
127,38,125.299,34,190.0,635.0
127,39,107.399,48,195.0,635.0
127,40,100.499,60,200.0,635.0
127,44,144.5,29,220.0,635.0
127,45,151.1,3,225.0,635.0
127,47,198.003,5,235.0,635.0
127,48,178.702,37,240.0,635.0
127,49,200.903,27,245.0,635.0
127,50,213.304,25,250.0,635.0
127,51,243.30599999999998,82,255.0,635.0
127,52,263.607,51,260.0,635.0
127,53,290.709,67,265.0,635.0
127,54,331.51099999999997,38,270.0,635.0
127,55,382.764,60,275.0,635.0
127,56,418.716,42,280.0,635.0
127,57,422.117,69,285.0,635.0
127,58,440.018,25,290.0,635.0
127,59,453.4185,8,295.0,635.0
127,60,497.971,34,300.0,635.0
127,62,489.121,11,310.0,635.0
127,63,486.42,33,315.0,635.0
127,64,459.219,35,320.0,635.0
127,65,443.918,33,325.0,635.0
127,66,467.419,77,330.0,635.0
127,67,582.205,9,335.0,635.0
127,68,512.8715,18,340.0,635.0
127,69,528.4680000000001,44,345.0,635.0
127,70,552.012,64,350.0,635.0
127,73,605.549,24,365.0,635.0
127,74,595.802,23,370.0,635.0
127,78,556.461,70,390.0,635.0
127,79,553.412,2,395.0,635.0
127,80,516.521,37,400.0,635.0
127,81,979.008,11,405.0,635.0
127,84,897.8275,24,420.0,635.0
127,85,881.3820000000001,24,425.0,635.0
127,86,842.341,9,430.0,635.0
127,87,810.549,35,435.0,635.0
127,88,792.5035,34,440.0,635.0
127,89,796.9025,34,445.0,635.0
127,90,778.9069999999999,22,450.0,635.0
127,91,715.272,3,455.0,635.0
127,92,704.575,21,460.0,635.0
127,96,536.016,13,480.0,635.0
127,97,594.752,90,485.0,635.0
127,98,726.67,109,490.0,635.0
127,99,751.763,75,495.0,635.0
127,102,358.363,52,510.0,635.0
127,108,182.802,35,540.0,635.0
127,109,165.101,42,545.0,635.0
127,114,93.84909999999999,58,570.0,635.0
127,115,86.74925,18,575.0,635.0
127,117,102.199,36,585.0,635.0
127,118,93.5991,55,590.0,635.0
128,27,33.4001,90,135.0,640.0
128,28,39.150000000000006,42,140.0,640.0
128,29,50.2498,44,145.0,640.0
128,30,59.9497,26,150.0,640.0
128,31,64.0496,28,155.0,640.0
128,32,54.94975,20,160.0,640.0
128,38,134.499,25,190.0,640.0
128,39,122.249,82,195.0,640.0
128,40,117.499,11,200.0,640.0
128,42,107.699,1,210.0,640.0
128,44,146.89999999999998,20,220.0,640.0
128,47,192.503,35,235.0,640.0
128,48,183.152,40,240.0,640.0
128,49,212.654,38,245.0,640.0
128,50,256.2065,20,250.0,640.0
128,51,264.807,61,255.0,640.0
128,53,298.109,21,265.0,640.0
128,54,312.41,11,270.0,640.0
128,55,378.614,43,275.0,640.0
128,56,407.9155,4,280.0,640.0
128,57,410.616,35,285.0,640.0
128,60,533.217,51,300.0,640.0
128,61,528.118,3,305.0,640.0
128,62,480.62,7,310.0,640.0
128,63,472.02,21,315.0,640.0
128,65,417.4665,4,325.0,640.0
128,66,435.817,105,330.0,640.0
128,67,525.2185,40,335.0,640.0
128,68,538.815,9,340.0,640.0
128,70,541.915,21,350.0,640.0
128,71,518.0705,10,355.0,640.0
128,72,625.194,19,360.0,640.0
128,73,579.0554999999999,38,365.0,640.0
128,74,581.555,46,370.0,640.0
128,75,582.155,34,375.0,640.0
128,76,599.301,35,380.0,640.0
128,77,597.701,15,385.0,640.0
128,78,542.515,62,390.0,640.0
128,79,517.2205,28,395.0,640.0
128,80,497.321,47,400.0,640.0
128,81,939.9175,38,405.0,640.0
128,82,978.408,29,410.0,640.0
128,83,944.816,39,415.0,640.0
128,84,948.615,51,420.0,640.0
128,85,861.337,3,425.0,640.0
128,87,852.339,45,435.0,640.0
128,88,944.516,1,440.0,640.0
128,90,791.5535,48,450.0,640.0
128,91,764.66,23,455.0,640.0
128,92,732.368,47,460.0,640.0
128,93,675.182,34,465.0,640.0
128,94,598.551,22,470.0,640.0
128,95,597.101,4,475.0,640.0
128,96,482.52,23,480.0,640.0
128,98,634.442,10,490.0,640.0
128,99,747.165,21,495.0,640.0
128,101,402.015,3,505.0,640.0
128,102,368.713,71,510.0,640.0
128,103,357.3125,2,515.0,640.0
128,109,188.602,44,545.0,640.0
128,114,94.7991,5,570.0,640.0
128,115,103.09899999999999,6,575.0,640.0
128,117,107.649,52,585.0,640.0
128,118,108.999,78,590.0,640.0
128,119,137.699,83,595.0,640.0
128,120,162.701,53,600.0,640.0
128,121,199.503,37,605.0,640.0
128,122,215.604,5,610.0,640.0
129,26,34.350049999999996,6,130.0,645.0
129,27,50.9998,89,135.0,645.0
129,28,65.4996,18,140.0,645.0
129,31,78.04939999999999,22,155.0,645.0
129,32,82.5993,27,160.0,645.0
129,38,224.8545,4,190.0,645.0
129,39,308.65999999999997,44,195.0,645.0
129,43,140.7495,2,215.0,645.0
129,44,150.2,51,220.0,645.0
129,45,155.0,15,225.0,645.0
129,46,167.501,1,230.0,645.0
129,47,213.204,13,235.0,645.0
129,48,220.204,25,240.0,645.0
129,49,255.306,33,245.0,645.0
129,50,285.708,37,250.0,645.0
129,51,299.60900000000004,30,255.0,645.0
129,53,327.911,40,265.0,645.0
129,54,345.312,39,270.0,645.0
129,55,392.315,61,275.0,645.0
129,56,430.91700000000003,12,280.0,645.0
129,60,563.31,23,300.0,645.0
129,61,552.412,15,305.0,645.0
129,66,399.065,58,330.0,645.0
129,67,443.018,57,335.0,645.0
129,70,624.5945,2,350.0,645.0
129,71,568.4085,54,355.0,645.0
129,72,586.7035000000001,26,360.0,645.0
129,73,624.295,1,365.0,645.0
129,74,583.1545,58,370.0,645.0
129,76,598.901,1,380.0,645.0
129,77,593.302,9,385.0,645.0
129,78,517.621,19,390.0,645.0
129,79,520.87,16,395.0,645.0
129,81,473.72,38,405.0,645.0
129,84,970.51,32,420.0,645.0
129,87,893.329,49,435.0,645.0
129,88,865.636,9,440.0,645.0
129,90,816.398,42,450.0,645.0
129,92,790.1045,4,460.0,645.0
129,93,713.973,25,465.0,645.0
129,94,607.199,3,470.0,645.0
129,95,510.622,33,475.0,645.0
129,96,483.82,37,480.0,645.0
129,97,466.269,34,485.0,645.0
129,98,446.418,24,490.0,645.0
129,99,434.767,6,495.0,645.0
129,101,389.815,24,505.0,645.0
129,102,384.214,26,510.0,645.0
129,103,371.86350000000004,48,515.0,645.0
129,104,399.315,35,520.0,645.0
129,105,425.517,36,525.0,645.0
129,106,452.418,36,530.0,645.0
129,107,473.02,1,535.0,645.0
129,109,214.504,29,545.0,645.0
129,117,118.899,53,585.0,645.0
129,118,135.699,41,590.0,645.0
129,119,156.25,42,595.0,645.0
129,120,192.203,53,600.0,645.0
129,121,220.00400000000002,56,605.0,645.0
129,122,232.505,21,610.0,645.0
130,26,40.9999,1,130.0,650.0
130,27,67.3995,81,135.0,650.0
130,28,82.7493,56,140.0,650.0
130,29,90.9492,20,145.0,650.0
130,31,85.2993,3,155.0,650.0
130,36,101.299,11,180.0,650.0
130,37,154.7,47,185.0,650.0
130,38,288.658,62,190.0,650.0
130,39,376.114,20,195.0,650.0
130,41,245.806,5,205.0,650.0
130,42,206.203,65,210.0,650.0
130,43,153.8,37,215.0,650.0
130,44,151.9,17,220.0,650.0
130,45,184.502,75,225.0,650.0
130,46,177.902,7,230.0,650.0
130,47,240.105,31,235.0,650.0
130,48,310.31,12,240.0,650.0
130,49,317.66,26,245.0,650.0
130,50,317.11,29,250.0,650.0
130,51,332.51099999999997,20,255.0,650.0
130,54,358.413,23,270.0,650.0
130,55,400.815,66,275.0,650.0
130,56,431.917,13,280.0,650.0
130,60,597.601,21,300.0,650.0
130,61,586.0540000000001,52,305.0,650.0
130,66,383.914,15,330.0,650.0
130,67,406.116,65,335.0,650.0
130,71,576.506,27,355.0,650.0
130,74,564.2594999999999,32,370.0,650.0
130,81,444.118,33,405.0,650.0
130,82,425.967,2,410.0,650.0
130,84,988.0060000000001,24,420.0,650.0
130,86,938.768,2,430.0,650.0
130,87,912.774,26,435.0,650.0
130,89,841.5915,10,445.0,650.0
130,90,818.797,30,450.0,650.0
130,92,774.558,28,460.0,650.0
130,93,746.615,8,465.0,650.0
130,95,560.91,31,475.0,650.0
130,96,552.3125,6,480.0,650.0
130,98,473.52,7,490.0,650.0
130,99,433.467,30,495.0,650.0
130,100,430.36699999999996,10,500.0,650.0
130,101,406.216,39,505.0,650.0
130,102,432.017,39,510.0,650.0
130,103,438.618,31,515.0,650.0
130,104,400.415,11,520.0,650.0
130,106,445.918,3,530.0,650.0
130,108,267.407,59,540.0,650.0
130,109,263.10699999999997,44,545.0,650.0
130,117,130.649,74,585.0,650.0
130,118,149.7,6,590.0,650.0
131,27,72.5495,70,135.0,655.0
131,28,83.6993,87,140.0,655.0
131,29,88.9992,65,145.0,655.0
131,33,76.1994,1,165.0,655.0
131,34,98.6491,18,170.0,655.0
131,35,112.199,59,175.0,655.0
131,36,255.606,75,180.0,655.0
131,37,344.762,74,185.0,655.0
131,38,272.3075,46,190.0,655.0
131,39,97.9491,8,195.0,655.0
131,42,217.204,6,210.0,655.0
131,43,168.051,20,215.0,655.0
131,44,224.8545,2,220.0,655.0
131,45,239.35500000000002,64,225.0,655.0
131,47,262.007,24,235.0,655.0
131,49,309.86,8,245.0,655.0
131,50,334.76099999999997,30,250.0,655.0
131,51,354.462,70,255.0,655.0
131,52,374.664,32,260.0,655.0
131,53,394.315,39,265.0,655.0
131,54,392.96500000000003,36,270.0,655.0
131,55,434.717,42,275.0,655.0
131,56,449.718,5,280.0,655.0
131,60,656.987,1,300.0,655.0
131,61,600.3,35,305.0,655.0
131,67,362.013,83,335.0,655.0
131,68,386.214,21,340.0,655.0
131,71,512.322,27,355.0,655.0
131,74,544.1145,38,370.0,655.0
131,75,503.322,1,375.0,655.0
131,81,424.91700000000003,12,405.0,655.0
131,82,417.516,21,410.0,655.0
131,84,981.507,23,420.0,655.0
131,86,928.62,17,430.0,655.0
131,87,928.1205,12,435.0,655.0
131,89,836.443,35,445.0,655.0
131,90,863.936,10,450.0,655.0
131,92,785.555,27,460.0,655.0
131,95,667.884,49,475.0,655.0
131,101,442.51800000000003,40,505.0,655.0
131,102,447.818,24,510.0,655.0
131,103,454.319,15,515.0,655.0
131,104,388.014,63,520.0,655.0
131,105,367.913,41,525.0,655.0
131,106,364.713,51,530.0,655.0
131,107,339.8615,40,535.0,655.0
131,108,318.71,23,540.0,655.0
131,109,288.408,40,545.0,655.0
131,117,153.3,53,585.0,655.0
132,27,67.4995,39,135.0,660.0
132,28,65.9996,92,140.0,660.0
132,29,76.0994,75,145.0,660.0
132,30,74.74940000000001,16,150.0,660.0
132,31,69.1995,7,155.0,660.0
132,32,73.0995,29,160.0,660.0
132,33,72.7995,17,165.0,660.0
132,34,167.001,13,170.0,660.0
132,35,211.604,17,175.0,660.0
132,36,213.904,13,180.0,660.0
132,37,155.9005,4,185.0,660.0
132,38,92.2992,13,190.0,660.0
132,43,204.153,26,215.0,660.0
132,47,239.405,8,235.0,660.0
132,50,238.905,37,250.0,660.0
132,51,254.80599999999998,56,255.0,660.0
132,52,272.8075,4,260.0,660.0
132,54,448.718,15,270.0,660.0
132,55,454.269,40,275.0,660.0
132,56,450.368,32,280.0,660.0
132,67,339.5615,24,335.0,660.0
132,68,364.713,59,340.0,660.0
132,71,493.421,29,355.0,660.0
132,72,479.62,8,360.0,660.0
132,74,534.3165,16,370.0,660.0
132,75,531.917,19,375.0,660.0
132,79,484.92,9,395.0,660.0
132,80,453.21799999999996,40,400.0,660.0
132,81,415.116,31,405.0,660.0
132,82,415.866,32,410.0,660.0
132,84,1010.95,36,420.0,660.0
132,86,967.9110000000001,36,430.0,660.0
132,89,854.1885,38,445.0,660.0
132,92,788.9045,38,460.0,660.0
132,95,696.977,50,475.0,660.0
132,96,608.598,39,480.0,660.0
132,97,573.007,43,485.0,660.0
132,98,565.9590000000001,30,490.0,660.0
132,99,542.9645,32,495.0,660.0
132,100,517.721,17,500.0,660.0
132,101,477.91999999999996,52,505.0,660.0
132,102,473.12,11,510.0,660.0
132,104,394.065,26,520.0,660.0
132,107,329.211,6,535.0,660.0
132,108,319.71000000000004,50,540.0,660.0
132,109,266.607,49,545.0,660.0
132,110,218.50400000000002,24,550.0,660.0
132,111,196.903,19,555.0,660.0
132,112,198.103,21,560.0,660.0
132,113,175.2515,16,565.0,660.0
132,114,161.851,30,570.0,660.0
132,115,149.64999999999998,40,575.0,660.0
132,116,148.0,33,580.0,660.0
132,117,172.601,67,585.0,660.0
133,28,49.7498,64,140.0,665.0
133,29,56.249700000000004,100,145.0,665.0
133,30,58.899699999999996,46,150.0,665.0
133,31,64.84960000000001,18,155.0,665.0
133,32,68.2995,2,160.0,665.0
133,38,86.5993,21,190.0,665.0
133,40,105.799,13,200.0,665.0
133,41,109.549,14,205.0,665.0
133,43,222.8545,26,215.0,665.0
133,47,216.654,60,235.0,665.0
133,48,235.45499999999998,22,240.0,665.0
133,49,229.605,23,245.0,665.0
133,50,228.805,13,250.0,665.0
133,51,259.707,24,255.0,665.0
133,52,265.307,41,260.0,665.0
133,53,275.608,43,265.0,665.0
133,54,290.509,35,270.0,665.0
133,56,482.07,48,280.0,665.0
133,60,350.012,17,300.0,665.0
133,61,312.56,6,305.0,665.0
133,67,330.51099999999997,6,335.0,665.0
133,68,335.711,98,340.0,665.0
133,69,397.415,1,345.0,665.0
133,71,450.318,13,355.0,665.0
133,72,410.716,25,360.0,665.0
133,74,506.622,1,370.0,665.0
133,75,488.321,62,375.0,665.0
133,76,536.316,35,380.0,665.0
133,77,549.813,37,385.0,665.0
133,79,474.32,11,395.0,665.0
133,80,505.672,18,400.0,665.0
133,82,400.715,25,410.0,665.0
133,84,1013.7,24,420.0,665.0
133,86,967.761,4,430.0,665.0
133,89,871.434,45,445.0,665.0
133,91,823.396,6,455.0,665.0
133,92,793.2035000000001,44,460.0,665.0
133,94,716.1225,2,470.0,665.0
133,95,745.215,48,475.0,665.0
133,96,619.196,3,480.0,665.0
133,97,615.197,13,485.0,665.0
133,99,693.8775,2,495.0,665.0
133,100,519.9205,18,500.0,665.0
133,101,522.32,61,505.0,665.0
133,102,469.319,31,510.0,665.0
133,103,390.215,26,515.0,665.0
133,104,384.514,56,520.0,665.0
133,105,382.864,52,525.0,665.0
133,106,360.113,72,530.0,665.0
133,107,335.711,62,535.0,665.0
133,108,303.209,71,540.0,665.0
133,109,252.45600000000002,58,545.0,665.0
133,110,245.306,45,550.0,665.0
133,111,233.805,20,555.0,665.0
133,112,190.202,25,560.0,665.0
133,113,186.002,18,565.0,665.0
133,114,188.402,12,570.0,665.0
133,115,214.204,3,575.0,665.0
133,116,174.9515,6,580.0,665.0
133,117,216.004,101,585.0,665.0
133,118,232.005,4,590.0,665.0
134,28,38.1,10,140.0,670.0
134,29,44.7999,91,145.0,670.0
134,30,42.549899999999994,48,150.0,670.0
134,32,36.0,23,160.0,670.0
134,33,38.95,40,165.0,670.0
134,34,43.6999,39,170.0,670.0
134,35,52.949799999999996,54,175.0,670.0
134,36,60.7496,48,180.0,670.0
134,37,66.59960000000001,44,185.0,670.0
134,38,77.7994,53,190.0,670.0
134,39,88.0492,54,195.0,670.0
134,40,101.049,52,200.0,670.0
134,41,106.59899999999999,18,205.0,670.0
134,43,227.205,1,215.0,670.0
134,46,174.801,1,230.0,670.0
134,47,189.60199999999998,54,235.0,670.0
134,48,223.704,11,240.0,670.0
134,49,219.25400000000002,26,245.0,670.0
134,51,267.307,39,255.0,670.0
134,52,271.007,17,260.0,670.0
134,53,289.808,7,265.0,670.0
134,54,308.51,41,270.0,670.0
134,55,338.411,13,275.0,670.0
134,56,494.521,42,280.0,670.0
134,57,493.521,3,285.0,670.0
134,60,349.462,34,300.0,670.0
134,61,321.61,58,305.0,670.0
134,62,296.709,7,310.0,670.0
134,68,316.51,49,340.0,670.0
134,69,332.411,22,345.0,670.0
134,72,407.016,31,360.0,670.0
134,73,381.414,11,365.0,670.0
134,74,413.56600000000003,26,370.0,670.0
134,75,423.41700000000003,42,375.0,670.0
134,77,330.31100000000004,36,385.0,670.0
134,80,509.8695,2,400.0,670.0
134,82,394.265,32,410.0,670.0
134,83,403.715,5,415.0,670.0
134,84,1006.45,12,420.0,670.0
134,85,1036.09,1,425.0,670.0
134,88,883.631,13,440.0,670.0
134,89,891.529,33,445.0,670.0
134,91,805.3005,14,455.0,670.0
134,92,822.0464999999999,12,460.0,670.0
134,94,785.755,13,470.0,670.0
134,95,738.7170000000001,24,475.0,670.0
134,96,634.2425000000001,8,480.0,670.0
134,97,645.389,7,485.0,670.0
134,101,552.712,39,505.0,670.0
134,104,365.613,38,520.0,670.0
134,105,367.613,36,525.0,670.0
134,106,349.762,38,530.0,670.0
134,107,351.712,17,535.0,670.0
134,108,331.911,52,540.0,670.0
134,110,250.306,14,550.0,670.0
134,111,262.6065,12,555.0,670.0
134,113,265.307,17,565.0,670.0
134,114,255.206,31,570.0,670.0
134,115,248.606,31,575.0,670.0
134,116,221.804,31,580.0,670.0
134,117,253.756,100,585.0,670.0
134,118,249.556,6,590.0,670.0
135,29,31.1001,53,145.0,675.0
135,30,27.6001,77,150.0,675.0
135,31,22.2,29,155.0,675.0
135,32,28.6001,23,160.0,675.0
135,33,34.0001,5,165.0,675.0
135,34,41.7999,1,170.0,675.0
135,35,47.9998,9,175.0,675.0
135,36,57.7997,9,180.0,675.0
135,37,66.3996,7,185.0,675.0
135,38,78.6494,58,190.0,675.0
135,39,82.7993,5,195.0,675.0
135,40,105.949,4,200.0,675.0
135,41,108.549,26,205.0,675.0
135,42,115.399,84,210.0,675.0
135,43,121.549,70,215.0,675.0
135,44,126.849,34,220.0,675.0
135,45,131.099,10,225.0,675.0
135,46,154.5,24,230.0,675.0
135,47,171.101,25,235.0,675.0
135,48,196.303,1,240.0,675.0
135,49,210.604,31,245.0,675.0
135,51,249.05599999999998,44,255.0,675.0
135,52,281.358,8,260.0,675.0
135,53,284.75800000000004,34,265.0,675.0
135,54,304.05899999999997,48,270.0,675.0
135,55,328.411,52,275.0,675.0
135,56,354.012,7,280.0,675.0
135,57,476.52,1,285.0,675.0
135,58,376.814,5,290.0,675.0
135,59,381.764,16,295.0,675.0
135,61,298.30899999999997,12,305.0,675.0
135,62,282.008,19,310.0,675.0
135,68,300.709,24,340.0,675.0
135,69,299.259,68,345.0,675.0
135,70,283.708,35,350.0,675.0
135,71,301.209,40,355.0,675.0
135,72,338.411,47,360.0,675.0
135,73,346.912,39,365.0,675.0
135,74,379.414,1,370.0,675.0
135,75,445.918,41,375.0,675.0
135,77,323.01,33,385.0,675.0
135,82,395.815,17,410.0,675.0
135,83,392.715,25,415.0,675.0
135,86,431.017,28,430.0,675.0
135,87,460.419,27,435.0,675.0
135,88,892.129,45,440.0,675.0
135,89,883.0815,52,445.0,675.0
135,90,839.042,7,450.0,675.0
135,91,823.396,58,455.0,675.0
135,96,666.384,19,480.0,675.0
135,97,695.927,6,485.0,675.0
135,98,690.5285,60,490.0,675.0
135,99,648.389,41,495.0,675.0
135,100,628.194,38,500.0,675.0
135,101,577.556,48,505.0,675.0
135,102,476.92,3,510.0,675.0
135,106,332.611,1,530.0,675.0
135,107,307.86,8,535.0,675.0
135,108,316.61,37,540.0,675.0
135,109,306.7095,44,545.0,675.0
135,110,297.609,31,550.0,675.0
135,111,287.808,33,555.0,675.0
135,112,273.707,27,560.0,675.0
135,113,279.508,21,565.0,675.0
135,114,267.207,2,570.0,675.0
135,116,292.109,7,580.0,675.0
135,117,283.808,88,585.0,675.0
135,118,327.861,26,590.0,675.0
135,119,384.514,26,595.0,675.0
135,120,423.4665,24,600.0,675.0
135,121,446.118,27,605.0,675.0
135,122,462.269,14,610.0,675.0
136,29,18.299999999999997,60,145.0,680.0
136,30,15.5,86,150.0,680.0
136,38,97.1991,69,190.0,680.0
136,42,132.699,41,210.0,680.0
136,43,143.0,3,215.0,680.0
136,44,134.199,20,220.0,680.0
136,45,137.799,61,225.0,680.0
136,46,145.1,61,230.0,680.0
136,47,158.3,70,235.0,680.0
136,48,184.852,40,240.0,680.0
136,49,196.003,18,245.0,680.0
136,50,205.0035,2,250.0,680.0
136,51,233.805,48,255.0,680.0
136,54,346.7115,20,270.0,680.0
136,55,331.511,33,275.0,680.0
136,57,365.813,15,285.0,680.0
136,58,365.813,15,290.0,680.0
136,59,375.014,51,295.0,680.0
136,60,359.813,47,300.0,680.0
136,61,316.31,33,305.0,680.0
136,62,280.408,50,310.0,680.0
136,63,265.707,2,315.0,680.0
136,69,279.658,82,345.0,680.0
136,70,274.808,19,350.0,680.0
136,71,299.109,1,355.0,680.0
136,73,404.7655,32,365.0,680.0
136,75,454.118,29,375.0,680.0
136,76,515.621,13,380.0,680.0
136,77,306.509,29,385.0,680.0
136,78,307.61,6,390.0,680.0
136,82,373.414,19,410.0,680.0
136,83,384.714,63,415.0,680.0
136,84,409.516,45,420.0,680.0
136,85,425.317,54,425.0,680.0
136,86,435.717,45,430.0,680.0
136,87,484.02,7,435.0,680.0
136,89,845.6405,2,445.0,680.0
136,90,849.1895,22,450.0,680.0
136,91,846.34,83,455.0,680.0
136,92,851.239,17,460.0,680.0
136,96,706.774,19,480.0,680.0
136,98,721.171,49,490.0,680.0
136,99,709.174,5,495.0,680.0
136,101,616.197,29,505.0,680.0
136,102,480.12,19,510.0,680.0
136,104,332.111,17,520.0,680.0
136,105,326.911,26,525.0,680.0
136,106,322.7105,30,530.0,680.0
136,107,318.51,23,535.0,680.0
136,108,316.3105,6,540.0,680.0
136,111,384.264,10,555.0,680.0
136,112,346.012,35,560.0,680.0
136,113,334.31100000000004,34,565.0,680.0
136,114,323.911,25,570.0,680.0
136,115,310.86,24,575.0,680.0
136,116,294.55899999999997,24,580.0,680.0
136,117,268.407,77,585.0,680.0
136,118,321.3605,52,590.0,680.0
136,119,372.414,43,595.0,680.0
136,120,419.716,69,600.0,680.0
136,121,458.21900000000005,32,605.0,680.0
136,122,486.9205,4,610.0,680.0
137,29,7.99999,47,145.0,685.0
137,30,8.5,58,150.0,685.0
137,37,88.5992,13,185.0,685.0
137,38,92.44919999999999,44,190.0,685.0
137,41,158.0,7,205.0,685.0
137,42,161.301,31,210.0,685.0
137,45,150.1,25,225.0,685.0
137,47,144.8,1,235.0,685.0
137,48,170.551,18,240.0,685.0
137,49,181.902,29,245.0,685.0
137,50,193.403,34,250.0,685.0
137,51,205.803,17,255.0,685.0
137,54,343.612,39,270.0,685.0
137,55,343.812,31,275.0,685.0
137,56,344.312,9,280.0,685.0
137,57,360.213,61,285.0,685.0
137,58,371.71299999999997,46,290.0,685.0
137,59,383.714,3,295.0,685.0
137,61,331.461,2,305.0,685.0
137,62,283.158,48,310.0,685.0
137,63,254.006,35,315.0,685.0
137,69,260.757,98,345.0,685.0
137,70,242.55599999999998,20,350.0,685.0
137,73,396.265,4,365.0,685.0
137,75,482.9705,2,375.0,685.0
137,76,483.12,31,380.0,685.0
137,77,290.809,7,385.0,685.0
137,78,300.409,27,390.0,685.0
137,81,362.413,51,405.0,685.0
137,82,374.514,27,410.0,685.0
137,83,401.66499999999996,28,415.0,685.0
137,84,399.21500000000003,8,420.0,685.0
137,85,493.021,1,425.0,685.0
137,86,468.769,24,430.0,685.0
137,90,861.137,15,450.0,685.0
137,91,885.731,83,455.0,685.0
137,92,908.825,68,460.0,685.0
137,93,945.416,23,465.0,685.0
137,96,727.919,32,480.0,685.0
137,98,728.919,26,490.0,685.0
137,101,636.592,49,505.0,685.0
137,102,475.62,36,510.0,685.0
137,103,511.922,1,515.0,685.0
137,106,417.116,7,530.0,685.0
137,107,420.8665,24,535.0,685.0
137,108,400.765,24,540.0,685.0
137,109,393.66499999999996,28,545.0,685.0
137,110,366.813,30,550.0,685.0
137,111,361.713,27,555.0,685.0
137,112,347.712,13,560.0,685.0
137,117,239.405,43,585.0,685.0
137,118,281.408,78,590.0,685.0
137,119,333.361,80,595.0,685.0
137,120,388.5145,60,600.0,685.0
138,29,2.1,45,145.0,690.0
138,30,2.7,71,150.0,690.0
138,37,74.6494,32,185.0,690.0
138,38,80.4993,63,190.0,690.0
138,39,99.2991,31,195.0,690.0
138,40,109.999,25,200.0,690.0
138,41,125.999,27,205.0,690.0
138,42,144.14999999999998,16,210.0,690.0
138,45,159.251,38,225.0,690.0
138,48,218.704,5,240.0,690.0
138,50,212.904,52,250.0,690.0
138,51,239.405,32,255.0,690.0
138,52,262.007,18,260.0,690.0
138,53,269.607,1,265.0,690.0
138,54,323.01,59,270.0,690.0
138,55,334.611,9,275.0,690.0
138,56,356.913,45,280.0,690.0
138,57,359.9125,12,285.0,690.0
138,61,301.459,36,305.0,690.0
138,62,267.257,108,310.0,690.0
138,63,235.505,55,315.0,690.0
138,67,172.2015,2,335.0,690.0
138,68,192.20299999999997,30,340.0,690.0
138,69,240.605,85,345.0,690.0
138,70,230.905,33,350.0,690.0
138,71,232.805,1,355.0,690.0
138,76,511.8215,24,380.0,690.0
138,78,296.109,31,390.0,690.0
138,81,368.813,27,405.0,690.0
138,83,420.76599999999996,10,415.0,690.0
138,84,418.616,9,420.0,690.0
138,86,488.021,24,430.0,690.0
138,88,950.315,27,440.0,690.0
138,89,932.519,41,445.0,690.0
138,90,894.129,55,450.0,690.0
138,91,949.1655000000001,26,455.0,690.0
138,92,960.513,17,460.0,690.0
138,93,968.211,37,465.0,690.0
138,96,513.922,18,480.0,690.0
138,101,495.071,70,505.0,690.0
138,102,470.119,31,510.0,690.0
138,103,481.02,52,515.0,690.0
138,104,455.719,47,520.0,690.0
138,105,448.918,34,525.0,690.0
138,106,433.117,19,530.0,690.0
138,107,412.51599999999996,6,535.0,690.0
138,113,297.05899999999997,2,565.0,690.0
138,114,288.058,18,570.0,690.0
138,115,261.707,37,575.0,690.0
138,116,243.506,37,580.0,690.0
138,117,207.803,53,585.0,690.0
138,118,233.505,93,590.0,690.0
138,119,271.807,30,595.0,690.0
138,120,419.016,21,600.0,690.0
138,121,425.017,9,605.0,690.0
139,29,0.0,59,145.0,695.0
139,30,0.0,38,150.0,695.0
139,37,64.2996,35,185.0,695.0
139,38,67.9495,6,190.0,695.0
139,40,111.499,33,200.0,695.0
139,41,116.899,32,205.0,695.0
139,42,138.49900000000002,44,210.0,695.0
139,43,150.4,29,215.0,695.0
139,45,168.401,35,225.0,695.0
139,47,212.404,9,235.0,695.0
139,48,219.504,23,240.0,695.0
139,50,246.70600000000002,44,250.0,695.0
139,51,263.607,1,255.0,695.0
139,52,266.007,15,260.0,695.0
139,53,288.808,30,265.0,695.0
139,54,303.709,72,270.0,695.0
139,55,317.01,18,275.0,695.0
139,56,588.403,35,280.0,695.0
139,57,620.096,49,285.0,695.0
139,58,637.1915,46,290.0,695.0
139,59,611.4475,44,295.0,695.0
139,60,343.41200000000003,76,300.0,695.0
139,61,304.059,86,305.0,695.0
139,62,244.006,75,310.0,695.0
139,63,230.105,61,315.0,695.0
139,64,222.104,43,320.0,695.0
139,65,198.353,42,325.0,695.0
139,66,173.20100000000002,36,330.0,695.0
139,67,159.901,56,335.0,695.0
139,68,168.901,37,340.0,695.0
139,69,229.305,30,345.0,695.0
139,70,211.75400000000002,74,350.0,695.0
139,76,553.262,18,380.0,695.0
139,78,279.308,53,390.0,695.0
139,81,355.9625,52,405.0,695.0
139,83,470.81850000000003,2,415.0,695.0
139,84,438.0175,24,420.0,695.0
139,86,486.12,19,430.0,695.0
139,89,904.6759999999999,2,445.0,695.0
139,90,935.9185,64,450.0,695.0
139,91,983.4065,10,455.0,695.0
139,92,975.209,1,460.0,695.0
139,93,974.809,23,465.0,695.0
139,96,515.421,30,480.0,695.0
139,97,520.92,23,485.0,695.0
139,100,442.818,5,500.0,695.0
139,101,468.2695,46,505.0,695.0
139,102,450.618,3,510.0,695.0
139,103,472.12,11,515.0,695.0
139,108,373.714,3,540.0,695.0
139,109,363.46299999999997,24,545.0,695.0
139,110,343.512,44,550.0,695.0
139,111,333.81100000000004,40,555.0,695.0
139,112,313.61,42,560.0,695.0
139,113,294.609,34,565.0,695.0
139,114,280.058,22,570.0,695.0
139,115,251.706,5,575.0,695.0
139,117,181.052,30,585.0,695.0
139,118,189.85199999999998,80,590.0,695.0
139,119,249.506,63,595.0,695.0
139,120,423.717,15,600.0,695.0
139,121,445.618,30,605.0,695.0
140,29,0.0,55,145.0,700.0
140,30,1.75,78,150.0,700.0
140,31,6.5,59,155.0,700.0
140,32,10.2,21,160.0,700.0
140,33,14.4,1,165.0,700.0
140,37,55.9997,49,185.0,700.0
140,40,132.849,46,200.0,700.0
140,41,132.349,8,205.0,700.0
140,45,175.101,33,225.0,700.0
140,47,206.253,32,235.0,700.0
140,48,215.60399999999998,4,240.0,700.0
140,50,240.205,25,250.0,700.0
140,54,331.711,42,270.0,700.0
140,55,323.4605,12,275.0,700.0
140,56,606.549,36,280.0,700.0
140,59,637.691,33,295.0,700.0
140,60,314.41,5,300.0,700.0
140,61,287.95799999999997,86,305.0,700.0
140,62,253.606,19,310.0,700.0
140,67,147.0,29,335.0,700.0
140,69,173.00150000000002,2,345.0,700.0
140,70,193.20299999999997,80,350.0,700.0
140,71,194.10250000000002,8,355.0,700.0
140,76,488.82050000000004,8,380.0,700.0
140,77,378.164,2,385.0,700.0
140,78,267.007,43,390.0,700.0
140,81,338.511,29,405.0,700.0
140,82,313.01,5,410.0,700.0
140,84,453.9185,34,420.0,700.0
140,86,499.171,34,430.0,700.0
140,90,956.114,15,450.0,700.0
140,91,978.7080000000001,20,455.0,700.0
140,92,942.817,2,460.0,700.0
140,96,467.6195,16,480.0,700.0
140,101,469.769,40,505.0,700.0
140,102,477.02,45,510.0,700.0
140,103,490.721,37,515.0,700.0
140,104,496.421,1,520.0,700.0
140,106,426.817,10,530.0,700.0
140,107,401.66499999999996,40,535.0,700.0
140,108,383.714,52,540.0,700.0
140,109,368.313,25,545.0,700.0
140,110,356.7125,4,550.0,700.0
140,116,198.603,8,580.0,700.0
140,117,160.301,41,585.0,700.0
140,118,160.051,96,590.0,700.0
140,119,214.35399999999998,72,595.0,700.0
140,121,477.82,50,605.0,700.0
141,29,7.2,27,145.0,705.0
141,30,6.6,58,150.0,705.0
141,32,11.3,21,160.0,705.0
141,33,15.1,56,165.0,705.0
141,34,19.4,43,170.0,705.0
141,35,21.4,10,175.0,705.0
141,36,35.4,1,180.0,705.0
141,37,42.2999,55,185.0,705.0
141,44,181.952,16,220.0,705.0
141,45,187.30200000000002,18,225.0,705.0
141,47,200.703,29,235.0,705.0
141,49,229.95499999999998,6,245.0,705.0
141,50,233.905,33,250.0,705.0
141,53,244.506,11,265.0,705.0
141,54,234.405,33,270.0,705.0
141,56,608.1985,30,280.0,705.0
141,59,643.69,43,295.0,705.0
141,61,334.26099999999997,34,305.0,705.0
141,62,288.408,25,310.0,705.0
141,67,146.8,21,335.0,705.0
141,69,158.6,17,345.0,705.0
141,70,176.652,82,350.0,705.0
141,71,186.702,25,355.0,705.0
141,73,215.304,6,365.0,705.0
141,74,225.605,33,370.0,705.0
141,75,228.405,61,375.0,705.0
141,76,237.805,67,380.0,705.0
141,77,241.806,53,385.0,705.0
141,78,251.706,83,390.0,705.0
141,79,262.007,53,395.0,705.0
141,80,280.658,48,400.0,705.0
141,81,311.21000000000004,56,405.0,705.0
141,82,320.71,7,410.0,705.0
141,84,485.82,21,420.0,705.0
141,86,497.421,15,430.0,705.0
141,87,503.3215,18,435.0,705.0
141,88,495.921,9,440.0,705.0
141,95,438.368,4,475.0,705.0
141,96,513.9715,24,480.0,705.0
141,98,456.019,1,490.0,705.0
141,99,371.0635,6,495.0,705.0
141,101,419.31600000000003,48,505.0,705.0
141,102,447.118,1,510.0,705.0
141,104,430.767,38,520.0,705.0
141,105,434.9675,36,525.0,705.0
141,106,421.917,29,530.0,705.0
141,107,410.06600000000003,14,535.0,705.0
141,111,293.609,5,555.0,705.0
141,112,272.307,22,560.0,705.0
141,113,253.906,34,565.0,705.0
141,114,236.105,25,570.0,705.0
141,115,222.304,27,575.0,705.0
141,116,200.003,26,580.0,705.0
141,117,168.401,5,585.0,705.0
141,118,137.099,87,590.0,705.0
141,119,184.752,84,595.0,705.0
141,121,485.57000000000005,44,605.0,705.0
142,29,14.6,37,145.0,710.0
142,30,13.75,58,150.0,710.0
142,34,20.8,9,170.0,710.0
142,35,24.5001,49,175.0,710.0
142,36,28.4001,54,180.0,710.0
142,37,32.8001,39,185.0,710.0
142,38,39.3,3,190.0,710.0
142,44,195.303,28,220.0,710.0
142,47,191.002,36,235.0,710.0
142,49,212.654,12,245.0,710.0
142,50,216.75400000000002,10,250.0,710.0
142,53,236.255,36,265.0,710.0
142,54,229.205,7,270.0,710.0
142,56,612.8975,26,280.0,710.0
142,58,648.4885,4,290.0,710.0
142,59,644.3399999999999,18,295.0,710.0
142,61,356.613,29,305.0,710.0
142,62,339.5115,42,310.0,710.0
142,63,356.013,15,315.0,710.0
142,64,220.004,35,320.0,710.0
142,65,208.25349999999997,14,325.0,710.0
142,67,139.249,28,335.0,710.0
142,69,144.2,25,345.0,710.0
142,70,158.55,84,350.0,710.0
142,71,190.602,80,355.0,710.0
142,72,202.703,61,360.0,710.0
142,73,211.00400000000002,44,365.0,710.0
142,74,211.504,23,370.0,710.0
142,75,210.1035,2,375.0,710.0
142,78,264.65700000000004,6,390.0,710.0
142,79,272.7075,10,395.0,710.0
142,80,285.50800000000004,14,400.0,710.0
142,81,303.659,32,405.0,710.0
142,82,323.411,27,410.0,710.0
142,83,342.762,26,415.0,710.0
142,84,356.213,31,420.0,710.0
142,85,360.063,34,425.0,710.0
142,86,373.714,34,430.0,710.0
142,87,382.514,22,435.0,710.0
142,88,462.219,29,440.0,710.0
142,89,484.32,21,445.0,710.0
142,90,458.119,17,450.0,710.0
142,91,468.019,10,455.0,710.0
142,95,477.82000000000005,18,475.0,710.0
142,96,494.721,7,480.0,710.0
142,98,451.168,14,490.0,710.0
142,99,451.7185,6,495.0,710.0
142,101,410.316,23,505.0,710.0
142,102,410.916,9,510.0,710.0
142,105,371.6135,2,525.0,710.0
142,106,346.412,21,530.0,710.0
142,107,338.8615,36,535.0,710.0
142,108,325.461,36,540.0,710.0
142,109,308.21,41,545.0,710.0
142,110,297.85900000000004,44,550.0,710.0
142,111,279.70799999999997,26,555.0,710.0
142,112,265.40700000000004,8,560.0,710.0
142,116,159.401,7,580.0,710.0
142,117,139.649,20,585.0,710.0
142,118,121.099,66,590.0,710.0
142,119,150.5,94,595.0,710.0
142,120,177.3515,6,600.0,710.0
142,121,501.621,45,605.0,710.0
143,36,31.3001,1,180.0,715.0
143,37,33.8001,19,185.0,715.0
143,38,39.9,55,190.0,715.0
143,39,48.799800000000005,66,195.0,715.0
143,40,61.099599999999995,40,200.0,715.0
143,41,75.5994,25,205.0,715.0
143,42,110.799,9,210.0,715.0
143,43,107.199,1,215.0,715.0
143,46,184.202,11,230.0,715.0
143,47,186.80200000000002,22,235.0,715.0
143,49,216.204,23,245.0,715.0
143,53,225.805,45,265.0,715.0
143,55,604.2495,14,275.0,715.0
143,56,611.798,21,280.0,715.0
143,58,640.491,13,290.0,715.0
143,59,634.592,23,295.0,715.0
143,61,373.814,45,305.0,715.0
143,62,371.1135,8,310.0,715.0
143,64,215.954,20,320.0,715.0
143,65,205.203,24,325.0,715.0
143,67,139.899,31,335.0,715.0
143,69,138.499,17,345.0,715.0
143,70,150.2,81,350.0,715.0
143,71,165.201,39,355.0,715.0
143,72,182.402,3,360.0,715.0
143,89,452.71799999999996,2,445.0,715.0
143,90,445.618,9,450.0,715.0
143,91,465.519,19,455.0,715.0
143,92,486.9205,22,460.0,715.0
143,93,470.5695,34,465.0,715.0
143,94,429.267,40,470.0,715.0
143,95,446.318,27,475.0,715.0
143,96,417.416,34,480.0,715.0
143,97,378.164,42,485.0,715.0
143,98,393.1145,44,490.0,715.0
143,99,357.913,17,495.0,715.0
143,100,350.762,26,500.0,715.0
143,101,329.661,18,505.0,715.0
143,102,352.312,47,510.0,715.0
143,103,386.014,30,515.0,715.0
143,104,372.414,43,520.0,715.0
143,105,363.013,43,525.0,715.0
143,106,337.511,17,530.0,715.0
143,107,349.86199999999997,4,535.0,715.0
143,109,256.206,1,545.0,715.0
143,110,252.006,13,550.0,715.0
143,111,249.806,25,555.0,715.0
143,112,238.105,45,560.0,715.0
143,113,213.604,40,565.0,715.0
143,114,185.702,27,570.0,715.0
143,115,172.501,25,575.0,715.0
143,116,161.25099999999998,18,580.0,715.0
143,117,153.7,3,585.0,715.0
143,118,111.199,44,590.0,715.0
143,119,120.899,67,595.0,715.0
143,120,145.2,27,600.0,715.0
143,121,502.921,35,605.0,715.0
143,122,489.121,3,610.0,715.0
144,39,46.8999,15,195.0,720.0
144,40,56.0997,58,200.0,720.0
144,41,69.0995,87,205.0,720.0
144,42,84.5993,92,210.0,720.0
144,43,106.799,74,215.0,720.0
144,44,127.549,30,220.0,720.0
144,45,137.899,3,225.0,720.0
144,46,176.502,38,230.0,720.0
144,47,185.102,5,235.0,720.0
144,48,167.101,1,240.0,720.0
144,49,197.003,53,245.0,720.0
144,50,219.60399999999998,26,250.0,720.0
144,51,240.305,15,255.0,720.0
144,52,258.507,1,260.0,720.0
144,53,218.404,25,265.0,720.0
144,55,605.199,27,275.0,720.0
144,56,654.487,3,280.0,720.0
144,58,644.3895,30,290.0,720.0
144,59,645.389,7,295.0,720.0
144,61,375.214,21,305.0,720.0
144,62,378.664,10,310.0,720.0
144,64,207.003,19,320.0,720.0
144,65,194.353,84,325.0,720.0
144,66,175.201,71,330.0,720.0
144,67,132.599,44,335.0,720.0
144,68,119.999,33,340.0,720.0
144,69,125.299,65,345.0,720.0
144,70,133.799,49,350.0,720.0
144,100,384.714,2,500.0,720.0
144,101,354.26250000000005,12,505.0,720.0
144,102,331.711,44,510.0,720.0
144,104,320.01,2,520.0,720.0
144,105,287.858,24,525.0,720.0
144,106,255.806,22,530.0,720.0
144,107,258.407,33,535.0,720.0
144,108,274.608,37,540.0,720.0
144,109,258.107,31,545.0,720.0
144,110,252.006,19,550.0,720.0
144,111,242.106,9,555.0,720.0
144,112,277.408,1,560.0,720.0
144,117,125.999,6,585.0,720.0
144,118,108.399,43,590.0,720.0
144,119,100.299,87,595.0,720.0
144,120,122.099,41,600.0,720.0
144,121,522.619,23,605.0,720.0
144,122,507.122,13,610.0,720.0
145,41,68.1995,5,205.0,725.0
145,42,81.89930000000001,36,210.0,725.0
145,43,95.7991,43,215.0,725.0
145,44,112.09899999999999,62,220.0,725.0
145,45,139.99900000000002,48,225.0,725.0
145,46,156.8,47,230.0,725.0
145,47,151.3,35,235.0,725.0
145,48,170.151,36,240.0,725.0
145,49,184.202,13,245.0,725.0
145,52,235.005,25,260.0,725.0
145,53,233.95499999999998,4,265.0,725.0
145,55,582.9045,26,275.0,725.0
145,57,245.856,20,285.0,725.0
145,58,624.3945,4,290.0,725.0
145,59,249.30599999999998,30,295.0,725.0
145,61,381.714,3,305.0,725.0
145,62,380.11400000000003,2,310.0,725.0
145,64,194.303,3,320.0,725.0
145,65,191.202,13,325.0,725.0
145,66,161.951,46,330.0,725.0
145,67,119.099,75,335.0,725.0
145,68,106.399,87,340.0,725.0
145,69,115.999,20,345.0,725.0
145,102,302.459,70,510.0,725.0
145,103,291.2085,30,515.0,725.0
145,104,281.308,30,520.0,725.0
145,105,249.106,19,525.0,725.0
145,106,228.305,3,530.0,725.0
145,112,179.902,5,560.0,725.0
145,113,197.203,21,565.0,725.0
145,114,176.0015,28,570.0,725.0
145,115,162.001,29,575.0,725.0
145,116,148.5,32,580.0,725.0
145,117,134.699,28,585.0,725.0
145,118,115.599,23,590.0,725.0
145,119,85.7993,70,595.0,725.0
145,120,85.0993,62,600.0,725.0
145,121,524.419,9,605.0,725.0
145,122,508.27200000000005,52,610.0,725.0
146,42,113.34899999999999,6,210.0,730.0
146,43,115.349,56,215.0,730.0
146,44,140.599,71,220.0,730.0
146,45,129.499,9,225.0,730.0
146,47,138.699,1,235.0,730.0
146,48,149.60000000000002,50,240.0,730.0
146,49,167.001,28,245.0,730.0
146,50,172.901,43,250.0,730.0
146,51,187.952,42,255.0,730.0
146,52,221.25400000000002,66,260.0,730.0
146,53,215.404,18,265.0,730.0
146,54,588.103,1,270.0,730.0
146,55,562.46,34,275.0,730.0
146,57,258.00649999999996,46,285.0,730.0
146,58,552.0625,20,290.0,730.0
146,59,504.7715,48,295.0,730.0
146,66,134.099,52,330.0,730.0
146,67,105.499,91,335.0,730.0
146,68,92.7992,30,340.0,730.0
146,102,268.207,55,510.0,730.0
146,104,271.407,9,520.0,730.0
146,105,277.308,38,525.0,730.0
146,106,281.658,42,530.0,730.0
146,107,232.605,3,535.0,730.0
146,108,237.905,24,540.0,730.0
146,109,232.805,27,545.0,730.0
146,110,224.104,33,550.0,730.0
146,111,211.4535,26,555.0,730.0
146,112,209.704,29,560.0,730.0
146,113,220.404,1,565.0,730.0
146,116,134.699,3,580.0,730.0
146,117,126.099,24,585.0,730.0
146,118,109.399,31,590.0,730.0
146,119,85.1993,89,595.0,730.0
146,120,64.5996,71,600.0,730.0
146,122,516.171,48,610.0,730.0
147,42,131.399,19,210.0,735.0
147,43,144.0,20,215.0,735.0
147,44,161.801,41,220.0,735.0
147,45,176.802,14,225.0,735.0
147,46,184.502,17,230.0,735.0
147,47,217.954,8,235.0,735.0
147,48,170.301,35,240.0,735.0
147,50,173.801,21,250.0,735.0
147,51,172.701,1,255.0,735.0
147,52,194.403,55,260.0,735.0
147,53,206.453,22,265.0,735.0
147,54,594.202,55,270.0,735.0
147,55,565.509,78,275.0,735.0
147,56,555.411,51,280.0,735.0
147,57,544.714,79,285.0,735.0
147,58,562.81,67,290.0,735.0
147,59,512.322,43,295.0,735.0
147,60,513.3720000000001,40,300.0,735.0
147,61,493.221,45,305.0,735.0
147,62,205.003,30,310.0,735.0
147,63,154.1,15,315.0,735.0
147,64,153.6,1,320.0,735.0
147,66,121.099,47,330.0,735.0
147,67,87.39920000000001,76,335.0,735.0
147,68,90.3492,4,340.0,735.0
147,102,254.506,17,510.0,735.0
147,103,257.957,56,515.0,735.0
147,104,268.957,56,520.0,735.0
147,105,280.008,41,525.0,735.0
147,106,282.908,26,530.0,735.0
147,107,211.604,3,535.0,735.0
147,108,243.406,3,540.0,735.0
147,110,208.204,1,550.0,735.0
147,111,204.603,17,555.0,735.0
147,112,192.203,31,560.0,735.0
147,113,177.3515,28,565.0,735.0
147,114,172.301,37,570.0,735.0
147,115,169.101,21,575.0,735.0
147,116,151.7,40,580.0,735.0
147,117,134.699,8,585.0,735.0
147,118,89.2992,1,590.0,735.0
147,119,74.0994,78,595.0,735.0
147,120,51.4998,81,600.0,735.0
147,121,37.95,14,605.0,735.0
147,122,513.822,21,610.0,735.0
148,42,557.711,1,210.0,740.0
148,44,190.702,37,220.0,740.0
148,46,191.602,13,230.0,740.0
148,47,207.853,52,235.0,740.0
148,48,232.005,32,240.0,740.0
148,49,254.206,39,245.0,740.0
148,50,254.05650000000003,14,250.0,740.0
148,51,515.921,32,255.0,740.0
148,52,204.703,19,260.0,740.0
148,54,485.77049999999997,24,270.0,740.0
148,57,480.62,39,285.0,740.0
148,58,558.0609999999999,10,290.0,740.0
148,60,445.918,2,300.0,740.0
148,61,424.417,63,305.0,740.0
148,62,189.802,55,310.0,740.0
148,63,166.401,76,315.0,740.0
148,64,145.35,70,320.0,740.0
148,65,130.79899999999998,38,325.0,740.0
148,66,99.0991,87,330.0,740.0
148,67,76.1994,28,335.0,740.0
148,102,231.505,1,510.0,740.0
148,103,249.106,39,515.0,740.0
148,108,206.903,20,540.0,740.0
148,109,190.602,39,545.0,740.0
148,110,177.652,34,550.0,740.0
148,111,176.902,28,555.0,740.0
148,112,160.6005,6,560.0,740.0
148,116,77.4494,16,580.0,740.0
148,117,59.8997,37,585.0,740.0
148,118,52.8998,45,590.0,740.0
148,119,44.6999,63,595.0,740.0
148,120,43.049899999999994,74,600.0,740.0
148,121,24.5501,40,605.0,740.0
148,122,29.0001,11,610.0,740.0
149,44,199.803,19,220.0,745.0
149,46,314.01,1,230.0,745.0
149,47,246.156,50,235.0,745.0
149,51,517.821,47,255.0,745.0
149,53,437.7675,14,265.0,745.0
149,54,449.46799999999996,30,270.0,745.0
149,57,492.821,39,285.0,745.0
149,60,447.718,25,300.0,745.0
149,61,405.5155,28,305.0,745.0
149,63,160.201,21,315.0,745.0
149,64,132.749,12,320.0,745.0
149,65,113.399,31,325.0,745.0
149,66,83.2993,71,330.0,745.0
149,103,243.306,35,515.0,745.0
149,107,197.003,53,535.0,745.0
149,108,177.602,7,540.0,745.0
149,109,108.299,29,545.0,745.0
149,110,119.399,19,550.0,745.0
149,111,112.149,24,555.0,745.0
149,112,96.8991,24,560.0,745.0
149,113,85.9493,28,565.0,745.0
149,114,78.7994,27,570.0,745.0
149,115,64.3996,31,575.0,745.0
149,116,54.3997,11,580.0,745.0
149,119,23.400100000000002,48,595.0,745.0
149,120,20.75,92,600.0,745.0
149,121,13.0,74,605.0,745.0
149,122,6.6,1,610.0,745.0
150,43,201.703,1,215.0,750.0
150,44,236.905,61,220.0,750.0
150,45,274.008,39,225.0,750.0
150,46,260.907,23,230.0,750.0
150,47,258.107,29,235.0,750.0
150,50,491.521,1,250.0,750.0
150,51,488.371,66,255.0,750.0
150,52,440.76800000000003,30,260.0,750.0
150,53,409.51599999999996,36,265.0,750.0
150,57,429.717,40,285.0,750.0
150,60,388.514,47,300.0,750.0
150,61,342.112,1,305.0,750.0
150,63,139.199,44,315.0,750.0
150,65,95.6491,52,325.0,750.0
150,66,67.9495,42,330.0,750.0
150,103,239.205,27,515.0,750.0
150,104,234.35500000000002,18,520.0,750.0
150,105,225.70499999999998,22,525.0,750.0
150,106,211.554,32,530.0,750.0
150,107,182.602,77,535.0,750.0
150,108,154.4,17,540.0,750.0
150,109,124.699,9,545.0,750.0
150,110,107.899,37,550.0,750.0
150,111,80.9993,12,555.0,750.0
150,114,59.7497,6,570.0,750.0
150,115,53.39975,18,575.0,750.0
150,116,59.1997,3,580.0,750.0
150,117,36.8,12,585.0,750.0
150,118,35.3,25,590.0,750.0
150,119,27.6001,60,595.0,750.0
150,120,14.2,83,600.0,750.0
150,121,6.55,90,605.0,750.0
150,122,0.0,52,610.0,750.0
150,123,0.0,60,615.0,750.0
151,42,493.721,2,210.0,755.0
151,44,230.905,49,220.0,755.0
151,45,255.506,7,225.0,755.0
151,46,262.007,29,230.0,755.0
151,47,291.009,67,235.0,755.0
151,48,468.4195,30,240.0,755.0
151,49,507.622,7,245.0,755.0
151,50,448.918,28,250.0,755.0
151,51,417.56600000000003,12,255.0,755.0
151,52,402.315,11,260.0,755.0
151,53,380.514,40,265.0,755.0
151,56,417.016,9,280.0,755.0
151,57,423.0165,22,285.0,755.0
151,59,464.919,1,295.0,755.0
151,60,362.913,65,300.0,755.0
151,61,225.65449999999998,22,305.0,755.0
151,62,145.8,1,310.0,755.0
151,63,131.699,49,315.0,755.0
151,65,79.79935,64,325.0,755.0
151,66,61.9996,23,330.0,755.0
151,103,226.805,32,515.0,755.0
151,104,230.205,17,520.0,755.0
151,105,236.405,12,525.0,755.0
151,106,226.805,1,530.0,755.0
151,107,153.85000000000002,4,535.0,755.0
151,108,146.3,26,540.0,755.0
151,110,95.8991,57,550.0,755.0
151,111,85.1493,20,555.0,755.0
151,112,77.1494,44,560.0,755.0
151,113,69.8995,33,565.0,755.0
151,114,62.1996,31,570.0,755.0
151,115,51.6998,19,575.0,755.0
151,116,47.5998,63,580.0,755.0
151,117,39.3,27,585.0,755.0
151,118,35.350049999999996,8,590.0,755.0
151,119,26.5001,23,595.0,755.0
151,120,17.35,78,600.0,755.0
151,121,6.1,51,605.0,755.0
151,122,0.0,77,610.0,755.0
151,123,0.0,73,615.0,755.0
152,43,245.256,10,215.0,760.0
152,44,250.45600000000002,44,220.0,760.0
152,47,327.961,54,235.0,760.0
152,48,545.914,1,240.0,760.0
152,49,447.318,36,245.0,760.0
152,50,421.66650000000004,52,250.0,760.0
152,52,315.01,11,260.0,760.0
152,53,342.512,19,265.0,760.0
152,54,167.001,1,270.0,760.0
152,56,399.115,25,280.0,760.0
152,57,382.114,5,285.0,760.0
152,59,442.418,15,295.0,760.0
152,60,351.062,104,300.0,760.0
152,61,262.207,100,305.0,760.0
152,62,176.502,83,310.0,760.0
152,63,106.199,32,315.0,760.0
152,64,86.4993,21,320.0,760.0
152,65,67.5995,75,325.0,760.0
152,103,218.804,21,515.0,760.0
152,104,224.805,39,520.0,760.0
152,105,239.15550000000002,10,525.0,760.0
152,106,139.849,6,530.0,760.0
152,107,139.899,22,535.0,760.0
152,108,127.799,53,540.0,760.0
152,109,115.249,22,545.0,760.0
152,110,114.099,47,550.0,760.0
152,112,88.94919999999999,42,560.0,760.0
152,116,62.699600000000004,36,580.0,760.0
152,119,32.9001,3,595.0,760.0
152,120,27.3001,49,600.0,760.0
153,43,253.006,5,215.0,765.0
153,44,261.60699999999997,12,220.0,765.0
153,46,386.8145,14,230.0,765.0
153,47,358.513,48,235.0,765.0
153,49,399.015,19,245.0,765.0
153,50,376.214,25,250.0,765.0
153,52,307.71,23,260.0,765.0
153,54,198.65300000000002,36,270.0,765.0
153,55,204.553,26,275.0,765.0
153,56,221.804,61,280.0,765.0
153,57,355.012,69,285.0,765.0
153,58,323.911,39,290.0,765.0
153,59,335.211,61,295.0,765.0
153,60,301.009,88,300.0,765.0
153,61,219.804,94,305.0,765.0
153,62,188.652,72,310.0,765.0
153,63,102.399,3,315.0,765.0
153,64,78.9994,30,320.0,765.0
153,65,53.7998,31,325.0,765.0
153,103,221.104,15,515.0,765.0
153,104,192.3025,68,520.0,765.0
153,105,166.001,54,525.0,765.0
153,106,150.2,36,530.0,765.0
153,107,138.599,18,535.0,765.0
153,108,132.999,2,540.0,765.0
153,110,122.999,26,550.0,765.0
153,112,101.999,18,560.0,765.0
153,114,142.299,3,570.0,765.0
153,115,126.649,24,575.0,765.0
153,116,101.649,66,580.0,765.0
153,117,83.3993,49,585.0,765.0
153,118,69.4995,37,590.0,765.0
153,119,50.7998,73,595.0,765.0
153,120,40.3,55,600.0,765.0
154,46,414.116,44,230.0,770.0
154,47,369.71349999999995,6,235.0,770.0
154,49,353.712,39,245.0,770.0
154,52,295.5085,14,260.0,770.0
154,53,262.207,1,265.0,770.0
154,54,204.95350000000002,4,270.0,770.0
154,56,181.702,37,280.0,770.0
154,58,265.707,3,290.0,770.0
154,59,245.906,23,295.0,770.0
154,60,216.104,47,300.0,770.0
154,61,172.701,63,305.0,770.0
154,62,130.649,66,310.0,770.0
154,63,77.5994,4,315.0,770.0
154,64,67.09955,62,320.0,770.0
154,65,46.7999,15,325.0,770.0
154,103,194.4525,8,515.0,770.0
154,104,181.102,63,520.0,770.0
154,110,173.6515,6,550.0,770.0
154,111,161.601,25,555.0,770.0
154,112,166.651,28,560.0,770.0
154,113,151.1,35,565.0,770.0
154,114,140.199,45,570.0,770.0
154,115,125.799,37,575.0,770.0
154,116,109.149,6,580.0,770.0
154,119,66.64959999999999,36,595.0,770.0
154,120,60.5996,27,600.0,770.0
155,46,397.415,39,230.0,775.0
155,48,358.113,1,240.0,775.0
155,49,314.90999999999997,60,245.0,775.0
155,50,305.2595,2,250.0,775.0
155,51,305.509,29,255.0,775.0
155,52,301.8595,8,260.0,775.0
155,53,268.607,27,265.0,775.0
155,54,247.306,47,270.0,775.0
155,55,234.35500000000002,42,275.0,775.0
155,56,176.60199999999998,46,280.0,775.0
155,61,148.0,12,305.0,775.0
155,62,118.749,44,310.0,775.0
155,63,68.1995,36,315.0,775.0
155,64,56.1997,87,320.0,775.0
155,104,222.654,52,520.0,775.0
155,105,225.305,21,525.0,775.0
155,106,229.605,33,530.0,775.0
155,107,217.054,52,535.0,775.0
155,108,198.40300000000002,70,540.0,775.0
155,109,185.402,34,545.0,775.0
155,110,182.202,26,550.0,775.0
155,111,187.202,7,555.0,775.0
155,114,154.9,7,570.0,775.0
155,115,149.4,33,575.0,775.0
155,116,119.199,21,580.0,775.0
155,117,111.699,29,585.0,775.0
155,118,102.199,19,590.0,775.0
155,119,86.8992,73,595.0,775.0
155,120,69.0995,11,600.0,775.0
156,45,432.917,5,225.0,780.0
156,46,405.416,35,230.0,780.0
156,48,361.413,27,240.0,780.0
156,49,322.6605,28,245.0,780.0
156,50,284.208,32,250.0,780.0
156,51,255.406,62,255.0,780.0
156,52,232.405,40,260.0,780.0
156,53,210.954,6,265.0,780.0
156,54,277.50750000000005,6,270.0,780.0
156,55,171.101,13,275.0,780.0
156,56,168.351,20,280.0,780.0
156,61,124.599,38,305.0,780.0
156,62,110.399,7,310.0,780.0
156,63,53.8997,35,315.0,780.0
156,64,44.8499,56,320.0,780.0
156,104,221.00400000000002,16,520.0,780.0
156,105,216.304,21,525.0,780.0
156,106,217.204,9,530.0,780.0
156,108,205.903,29,540.0,780.0
156,109,204.153,34,545.0,780.0
156,110,181.652,22,550.0,780.0
156,111,171.251,16,555.0,780.0
156,112,175.301,31,560.0,780.0
156,113,157.2,23,565.0,780.0
156,114,161.301,27,570.0,780.0
156,115,142.399,52,575.0,780.0
156,116,117.649,16,580.0,780.0
156,119,118.499,43,595.0,780.0
156,120,108.899,15,600.0,780.0
157,45,431.917,1,225.0,785.0
157,46,399.565,2,230.0,785.0
157,48,442.118,46,240.0,785.0
157,49,396.215,9,245.0,785.0
157,50,351.412,1,250.0,785.0
157,51,284.658,32,255.0,785.0
157,52,205.903,13,260.0,785.0
157,53,193.003,31,265.0,785.0
157,54,159.701,39,270.0,785.0
157,55,126.099,44,275.0,785.0
157,56,115.599,57,280.0,785.0
157,57,131.199,29,285.0,785.0
157,58,153.85,2,290.0,785.0
157,59,151.2,29,295.0,785.0
157,60,117.249,28,300.0,785.0
157,61,91.7492,46,305.0,785.0
157,63,46.7499,50,315.0,785.0
157,64,35.9,43,320.0,785.0
157,108,220.004,1,540.0,785.0
157,109,190.55200000000002,56,545.0,785.0
157,110,138.799,1,550.0,785.0
157,112,173.251,2,560.0,785.0
157,113,173.6015,24,565.0,785.0
157,114,157.7,37,570.0,785.0
157,115,147.0,65,575.0,785.0
157,116,131.79899999999998,30,580.0,785.0
157,117,123.699,37,585.0,785.0
157,118,107.599,41,590.0,785.0
157,119,84.3993,61,595.0,785.0
157,120,78.8994,7,600.0,785.0
158,48,517.4705,38,240.0,790.0
158,49,450.118,19,245.0,790.0
158,50,365.513,47,250.0,790.0
158,51,370.413,59,255.0,790.0
158,52,456.019,22,260.0,790.0
158,55,100.149,28,275.0,790.0
158,56,92.99915,22,280.0,790.0
158,57,141.299,23,285.0,790.0
158,59,183.202,10,295.0,790.0
158,60,126.299,30,300.0,790.0
158,61,66.64959999999999,44,305.0,790.0
158,63,39.5,79,315.0,790.0
158,64,26.5001,27,320.0,790.0
158,109,187.802,71,545.0,790.0
158,110,181.352,26,550.0,790.0
158,111,180.202,29,555.0,790.0
158,112,163.401,30,560.0,790.0
158,113,166.701,31,565.0,790.0
158,114,150.1,20,570.0,790.0
158,115,139.999,11,575.0,790.0
158,116,122.899,3,580.0,790.0
158,117,79.29935,20,585.0,790.0
158,118,58.9997,27,590.0,790.0
158,119,51.549800000000005,78,595.0,790.0
158,120,57.249700000000004,10,600.0,790.0
159,47,523.319,11,235.0,795.0
159,48,519.2705000000001,8,240.0,795.0
159,49,540.915,1,245.0,795.0
159,50,430.36699999999996,42,250.0,795.0
159,51,448.718,5,255.0,795.0
159,52,533.517,7,260.0,795.0
159,55,87.3492,52,275.0,795.0
159,56,85.5993,16,280.0,795.0
159,58,106.199,29,290.0,795.0
159,59,79.29939999999999,36,295.0,795.0
159,60,55.7997,33,300.0,795.0
159,61,49.6998,17,305.0,795.0
159,62,32.9001,8,310.0,795.0
159,63,31.400100000000002,66,315.0,795.0
159,64,21.5,25,320.0,795.0
159,109,160.701,57,545.0,795.0
159,112,169.601,9,560.0,795.0
159,113,161.001,25,565.0,795.0
159,114,139.74900000000002,36,570.0,795.0
159,115,113.399,49,575.0,795.0
159,116,94.9491,36,580.0,795.0
159,117,71.2995,22,585.0,795.0
159,118,55.5997,10,590.0,795.0
159,119,30.2001,63,595.0,795.0
159,120,29.84995,2,600.0,795.0
160,49,554.412,2,245.0,800.0
160,50,502.621,9,250.0,800.0
160,55,73.9994,21,275.0,800.0
160,56,76.6994,5,280.0,800.0
160,59,67.7995,7,295.0,800.0
160,60,37.849999999999994,34,300.0,800.0
160,62,27.0001,25,310.0,800.0
160,63,22.5,75,315.0,800.0
160,64,17.5,17,320.0,800.0
160,109,124.049,32,545.0,800.0
160,110,126.049,14,550.0,800.0
160,112,173.901,7,560.0,800.0
160,113,160.3505,4,565.0,800.0
160,114,97.3991,5,570.0,800.0
160,115,91.69919999999999,24,575.0,800.0
160,116,72.8995,42,580.0,800.0
160,117,49.6498,64,585.0,800.0
160,118,32.1001,53,590.0,800.0
160,119,17.9,75,595.0,800.0
160,120,12.9,2,600.0,800.0
161,55,65.4996,41,275.0,805.0
161,56,55.4997,21,280.0,805.0
161,57,44.3999,11,285.0,805.0
161,60,27.4001,35,300.0,805.0
161,62,18.5,51,310.0,805.0
161,63,14.2,97,315.0,805.0
161,64,13.3,1,320.0,805.0
161,109,119.149,16,545.0,805.0
161,110,120.199,39,550.0,805.0
161,112,145.85000000000002,26,560.0,805.0
161,113,122.999,61,565.0,805.0
161,114,101.349,40,570.0,805.0
161,115,89.3992,39,575.0,805.0
161,116,58.999700000000004,20,580.0,805.0
161,119,11.0,31,595.0,805.0
161,120,6.95,62,600.0,805.0
161,121,1.4,39,605.0,805.0
161,122,0.0,34,610.0,805.0
161,123,2.5,8,615.0,805.0
162,55,63.7996,1,275.0,810.0
162,56,57.1997,15,280.0,810.0
162,57,44.849900000000005,36,285.0,810.0
162,58,34.7,43,290.0,810.0
162,59,25.2501,48,295.0,810.0
162,60,16.4,67,300.0,810.0
162,61,9.55,24,305.0,810.0
162,62,9.6,79,310.0,810.0
162,63,8.6,70,315.0,810.0
162,109,115.049,6,545.0,810.0
162,110,114.049,42,550.0,810.0
162,119,10.5,13,595.0,810.0
162,120,5.6,73,600.0,810.0
162,121,0.0,75,605.0,810.0
162,122,0.0,99,610.0,810.0
162,123,1.4,27,615.0,810.0
163,60,12.9,5,300.0,815.0
163,61,5.3,30,305.0,815.0
163,62,2.3,87,310.0,815.0
163,63,3.7,44,315.0,815.0
163,110,107.999,47,550.0,815.0
163,111,99.69905,10,555.0,815.0
163,112,97.5991,21,560.0,815.0
163,113,91.9992,20,565.0,815.0
163,114,83.3493,40,570.0,815.0
163,115,77.5994,60,575.0,815.0
163,116,60.49965,4,580.0,815.0
163,117,86.29925,8,585.0,815.0
163,118,99.799,23,590.0,815.0
163,120,7.05,62,600.0,815.0
163,121,2.5,67,605.0,815.0
163,122,0.0,69,610.0,815.0
163,123,2.8,17,615.0,815.0
164,61,0.0,29,305.0,820.0
164,62,0.0,82,310.0,820.0
164,63,0.0,27,315.0,820.0
164,110,110.59899999999999,48,550.0,820.0
164,111,98.0991,16,555.0,820.0
164,112,93.7991,10,560.0,820.0
164,113,80.7993,1,565.0,820.0
164,114,72.94945,8,570.0,820.0
164,115,61.1996,67,575.0,820.0
164,116,59.9997,33,580.0,820.0
164,117,78.9994,24,585.0,820.0
164,118,93.14915,4,590.0,820.0
165,62,0.0,3,310.0,825.0
165,63,0.0,7,315.0,825.0
165,110,105.94900000000001,32,550.0,825.0
165,111,105.049,20,555.0,825.0
165,112,83.8993,4,560.0,825.0
165,113,82.6993,1,565.0,825.0
165,115,49.9998,47,575.0,825.0
165,116,40.0,6,580.0,825.0
165,120,0.7,3,600.0,825.0
166,110,98.6991,13,550.0,830.0
166,111,95.3991,72,555.0,830.0
166,112,84.6993,88,560.0,830.0
166,113,73.3995,57,565.0,830.0
166,114,62.5996,47,570.0,830.0
166,115,51.7998,59,575.0,830.0
166,116,37.8,94,580.0,830.0
166,117,28.2001,77,585.0,830.0
166,118,17.5,102,590.0,830.0
166,119,8.149995,92,595.0,830.0
166,120,1.4,94,600.0,830.0
166,121,0.0,83,605.0,830.0
166,122,0.0,21,610.0,830.0
167,111,83.7993,14,555.0,835.0
167,112,75.8994,13,560.0,835.0
167,113,65.59960000000001,24,565.0,835.0
167,114,54.7997,23,570.0,835.0
167,115,43.9999,25,575.0,835.0
167,116,34.0001,20,580.0,835.0
167,117,24.8001,27,585.0,835.0
167,118,15.9,27,590.0,835.0
167,119,8.75,24,595.0,835.0
167,120,1.9,25,600.0,835.0
167,121,0.0,26,605.0,835.0
167,122,0.0,7,610.0,835.0
